Timestamp,Title,Date,Time,City,Venue,Category,Cost,TicketUrl,Email,SubmitterName,Notes,Status
2026-08-12 12:00:00,Fireside Thursdays w/ DJ JoJo,2019-11-14,10p-2:10a,Anchorage,Koot’s,music,,,system@akconcerts.com,AK Concerts Auto Import,Master Event Database,Approved
2026-08-12 12:00:00,Music at One: Fall 2019,2019-11-14,1p-2p,Anchorage,UAF Charles Davis Concert Hall (Fairbanks),music,,,system@akconcerts.com,AK Concerts Auto Import,Master Event Database,Approved
2026-08-12 12:00:00,Under 21 Open Mic -West,2019-11-14,5:30p-7:30p,Anchorage,Middle Way Café,music,,,system@akconcerts.com,AK Concerts Auto Import,Master Event Database,Approved
2026-08-12 12:00:00,Thursdays with Will H. Johnson,2019-11-14,6p-9p,Anchorage,Tequila 61˚,music,,,system@akconcerts.com,AK Concerts Auto Import,Master Event Database,Approved
2026-08-12 12:00:00,Live Jazz,2019-11-14,7:30p-10:30p,Anchorage,The Narrows Bar (Juneau),music,,,system@akconcerts.com,AK Concerts Auto Import,Master Event Database,Approved
2026-08-12 12:00:00,Open Mic Night,2019-11-14,7p-10p,Anchorage,Alleyway Grille,music,,,system@akconcerts.com,AK Concerts Auto Import,Master Event Database,Approved
2026-08-12 12:00:00,Cousin Curtiss & Harrison B,2019-11-14,7p-10p,Anchorage,The Creek Street Cabaret (Ketchikan),music,,,system@akconcerts.com,AK Concerts Auto Import,Master Event Database,Approved
2026-08-12 12:00:00,Holiday Karaoke Competition,2019-11-14,7p-10p,Anchorage,Koot's,music,,,system@akconcerts.com,AK Concerts Auto Import,Master Event Database,Approved
2026-08-12 12:00:00,AK Acoustic Projekt,2019-11-14,7p-10p,Anchorage,Tailgaters Sports Bar & Grill (Wasilla),music,,,system@akconcerts.com,AK Concerts Auto Import,Master Event Database,Approved
2026-08-12 12:00:00,Holiday Karaoke Competition,2019-11-14,7p-10p,Anchorage,Koots,music,,,system@akconcerts.com,AK Concerts Auto Import,Master Event Database,Approved
2026-08-12 12:00:00,Open Mic Night w/ TLoop,2019-11-14,7p-11p,Anchorage,Aviator Hotel,music,,,system@akconcerts.com,AK Concerts Auto Import,Master Event Database,Approved
2026-08-12 12:00:00,Ruploops: The Human Radio,2019-11-14,7p-9:30p,Anchorage,Gerald C. Wilson Auditorium (Kodiak),music,,,system@akconcerts.com,AK Concerts Auto Import,Master Event Database,Approved
2026-08-12 12:00:00,The Rocky Horror Show,2019-11-14,7p-9p,Anchorage,Mad Myrna’s,music,,,system@akconcerts.com,AK Concerts Auto Import,Master Event Database,Approved
2026-08-12 12:00:00,Cosplay Dance,2019-11-14,7p-9p,Anchorage,UAA Student Union Den,dance,,,system@akconcerts.com,AK Concerts Auto Import,Master Event Database,Approved
2026-08-12 12:00:00,The Block Mic Drop,2019-11-14,7p-9p,Anchorage,The Writer’s Block Bookstore & Café,music,,,system@akconcerts.com,AK Concerts Auto Import,Master Event Database,Approved
2026-08-12 12:00:00,Joe Ransdell-Green,2019-11-14,8p-10p,Anchorage,UAF Pub,music,,,system@akconcerts.com,AK Concerts Auto Import,Master Event Database,Approved
2026-08-12 12:00:00,Superfrequency,2019-11-14,8p-12a,Anchorage,Humpy’s,music,,,system@akconcerts.com,AK Concerts Auto Import,Master Event Database,Approved
2026-08-12 12:00:00,UAA Dance Performance,2019-11-14,8p-9:30p,Anchorage,UAA Fine Arts Building,dance,,,system@akconcerts.com,AK Concerts Auto Import,Master Event Database,Approved
2026-08-12 12:00:00,DJ Covy,2019-11-14,9p-12a,Anchorage,Mad Myrna’s,music,,,system@akconcerts.com,AK Concerts Auto Import,Master Event Database,Approved
2026-08-12 12:00:00,Foot & Friends,2019-11-14,9p-12a,Anchorage,Van’s Dive Bar,music,,,system@akconcerts.com,AK Concerts Auto Import,Master Event Database,Approved
2026-08-12 12:00:00,Becky Kotter,2019-11-14,9p-1a,Anchorage,Long Branch Saloon,music,,,system@akconcerts.com,AK Concerts Auto Import,Master Event Database,Approved
2026-08-12 12:00:00,DJ BeeOne,2019-11-15,10:30p-2:30a,Anchorage,Koot’s,music,,,system@akconcerts.com,AK Concerts Auto Import,Master Event Database,Approved
2026-08-12 12:00:00,Past Our Prime7p,2019-11-15,10p,Anchorage,Matanuska Brewing Company Eagle River,music,,,system@akconcerts.com,AK Concerts Auto Import,Master Event Database,Approved
2026-08-12 12:00:00,DJ Covy,2019-11-15,10p-2:30a,Anchorage,The Avenue Bar,music,,,system@akconcerts.com,AK Concerts Auto Import,Master Event Database,Approved
2026-08-12 12:00:00,Hwy9,2019-11-15,10p-2a,Anchorage,The Carousel Lounge,music,,,system@akconcerts.com,AK Concerts Auto Import,Master Event Database,Approved
2026-08-12 12:00:00,Onsie Party with DJ Fan Service,2019-11-15,10p-2a,Anchorage,Williwaw Social,music,,,system@akconcerts.com,AK Concerts Auto Import,Master Event Database,Approved
2026-08-12 12:00:00,Onsie Party with DJ Fan Service,2019-11-15,10p-2a,Anchorage,Williwaw,music,,,system@akconcerts.com,AK Concerts Auto Import,Master Event Database,Approved
2026-08-12 12:00:00,Salsa w/ Back 2 Basics Dance Company6p,2019-11-15,11p,Anchorage,Best Western Golden Lion Hotel,dance,,,system@akconcerts.com,AK Concerts Auto Import,Master Event Database,Approved
2026-08-12 12:00:00,Kimball Theater Pipe Organ Concert w/ Jonas Nordwall,2019-11-15,12p-1p,Anchorage,Alaska State Office Building (Juneau),theatre,,,system@akconcerts.com,AK Concerts Auto Import,Master Event Database,Approved
2026-08-12 12:00:00,Athabascan Fiddle Festival,2019-11-15,12p-6p,Anchorage,Chief David Salmon Tribal Hall (Fairbanks),festival,,,system@akconcerts.com,AK Concerts Auto Import,Master Event Database,Approved
2026-08-12 12:00:00,Polar Nights: Friday After Hours w/ Kat Moore7:,2019-11-15,30p-8:30p,Anchorage,Anchorage Museum,music,,,system@akconcerts.com,AK Concerts Auto Import,Master Event Database,Approved
2026-08-12 12:00:00,Okaidja Afronso Live in concert6:,2019-11-15,30p-9p,Anchorage,Zudy’s Café (Seward),music,,,system@akconcerts.com,AK Concerts Auto Import,Master Event Database,Approved
2026-08-12 12:00:00,John Shewfelt10p,2019-11-15,3a,Anchorage,Arctic Fox (Fairbanks),music,,,system@akconcerts.com,AK Concerts Auto Import,Master Event Database,Approved
2026-08-12 12:00:00,UAA Student Recitals,2019-11-15,3p-4p,Anchorage,UAA Fine Arts Building,music,,,system@akconcerts.com,AK Concerts Auto Import,Master Event Database,Approved
2026-08-12 12:00:00,Jack and Jill Competition and Social Dance,2019-11-15,6p-10p,Anchorage,Ballroom Dance Club of Fairbanks,dance,,,system@akconcerts.com,AK Concerts Auto Import,Master Event Database,Approved
2026-08-12 12:00:00,BBQ Scholarship Fundraiser with Blackwater Railroad Company,2019-11-15,6p-11p,Anchorage,Viking Hall,music,,,system@akconcerts.com,AK Concerts Auto Import,Master Event Database,Approved
2026-08-12 12:00:00,"Acoustic Steak Night w/ Uncle Jim, The East-Side Balladeer",2019-11-15,6p-9p,Anchorage,American Legion Spenard Post 28,music,,,system@akconcerts.com,AK Concerts Auto Import,Master Event Database,Approved
2026-08-12 12:00:00,FCA presents: Whose Live Anyway?,2019-11-15,7:30p-10:30p,Anchorage,Hering Auditorium (Fairbanks),music,,,system@akconcerts.com,AK Concerts Auto Import,Master Event Database,Approved
2026-08-12 12:00:00,Danger Money Band,2019-11-15,7:30p-11:30p,Anchorage,VFW Post 9785 (Eagle River),music,,,system@akconcerts.com,AK Concerts Auto Import,Master Event Database,Approved
2026-08-12 12:00:00,Organ Concert with Jonas Nordwall,2019-11-15,7:30p-8:30p,Anchorage,Holy Trinity Episcopal Church (Juneau),music,,,system@akconcerts.com,AK Concerts Auto Import,Master Event Database,Approved
2026-08-12 12:00:00,Cousin Curtiss & Harrison B,2019-11-15,7p-10p,Anchorage,Williwaw Social,music,,,system@akconcerts.com,AK Concerts Auto Import,Master Event Database,Approved
2026-08-12 12:00:00,Cousin Curtiss & Harrison B,2019-11-15,7p-10p,Anchorage,Williwaw,music,,,system@akconcerts.com,AK Concerts Auto Import,Master Event Database,Approved
2026-08-12 12:00:00,Marlowe,2019-11-15,7p-8p,Anchorage,Matanuska Brewing Downtown,music,,,system@akconcerts.com,AK Concerts Auto Import,Master Event Database,Approved
2026-08-12 12:00:00,Warren Miller’s ‘Timeless’,2019-11-15,7p-9p,Anchorage,Creekbend Company (Hope),music,,,system@akconcerts.com,AK Concerts Auto Import,Master Event Database,Approved
2026-08-12 12:00:00,MatSu OnStage presents Pamyua,2019-11-15,7p-9p,Anchorage,Glenn Massay Theater (Palmer),music,,,system@akconcerts.com,AK Concerts Auto Import,Master Event Database,Approved
2026-08-12 12:00:00,The Rocky Horror Show,2019-11-15,7p-9p,Anchorage,Mad Myrna’s,music,,,system@akconcerts.com,AK Concerts Auto Import,Master Event Database,Approved
2026-08-12 12:00:00,Denali,2019-11-15,7p-9p,Anchorage,Whale’s Tail,music,,,system@akconcerts.com,AK Concerts Auto Import,Master Event Database,Approved
2026-08-12 12:00:00,Kyle Harrington Live,2019-11-15,7p-9p,Anchorage,Zip Kombucha,music,,,system@akconcerts.com,AK Concerts Auto Import,Master Event Database,Approved
2026-08-12 12:00:00,Viva Las Anchorage: Pulse Dance Co's Burlesque Extravaganza,2019-11-15,8:30p-10:30p,Anchorage,Koot’s,dance,,,system@akconcerts.com,AK Concerts Auto Import,Master Event Database,Approved
2026-08-12 12:00:00,Open Mic Night6p,2019-11-15,8p,Anchorage,Veronica’s Café (Kenai),music,,,system@akconcerts.com,AK Concerts Auto Import,Master Event Database,Approved
2026-08-12 12:00:00,Friday Night Dance Lounge,2019-11-15,8p-1:30a,Anchorage,Alaska Dance Promotions,dance,,,system@akconcerts.com,AK Concerts Auto Import,Master Event Database,Approved
2026-08-12 12:00:00,Medium Build Album Release Show,2019-11-15,8p-11:30p,Anchorage,Heart of the City,music,,,system@akconcerts.com,AK Concerts Auto Import,Master Event Database,Approved
2026-08-12 12:00:00,R&B Live Anchorage!,2019-11-15,8p-11p,Anchorage,Hard Rock Café,music,,,system@akconcerts.com,AK Concerts Auto Import,Master Event Database,Approved
2026-08-12 12:00:00,The Eternal Cowboys,2019-11-15,8p-11p,Anchorage,"Matanuska Brewing Company, Anchorage",music,,,system@akconcerts.com,AK Concerts Auto Import,Master Event Database,Approved
2026-08-12 12:00:00,Wreck In The Roundabout,2019-11-15,8p-12a,Anchorage,907 Alehouse,music,,,system@akconcerts.com,AK Concerts Auto Import,Master Event Database,Approved
2026-08-12 12:00:00,DJ Rico,2019-11-15,8p-12a,Anchorage,Anchorage Moose Lodge,music,,,system@akconcerts.com,AK Concerts Auto Import,Master Event Database,Approved
2026-08-12 12:00:00,Elvis Monroe w/ DJ Soulman,2019-11-15,8p-2:30a,Anchorage,Koot’s,music,,,system@akconcerts.com,AK Concerts Auto Import,Master Event Database,Approved
2026-08-12 12:00:00,UAA Dance Performance,2019-11-15,8p-9:30p,Anchorage,UAA Fine Arts Building,dance,,,system@akconcerts.com,AK Concerts Auto Import,Master Event Database,Approved
2026-08-12 12:00:00,Rebeckah Hastings,2019-11-15,9p-12a,Anchorage,SubZero Microlounge,music,,,system@akconcerts.com,AK Concerts Auto Import,Master Event Database,Approved
2026-08-12 12:00:00,Unknowns,2019-11-15,9p-12a,Anchorage,Van’s Dive Bar,music,,,system@akconcerts.com,AK Concerts Auto Import,Master Event Database,Approved
2026-08-12 12:00:00,Marc Brown & the Blues Crew,2019-11-15,9p-1a,Anchorage,Humpy’s,music,,,system@akconcerts.com,AK Concerts Auto Import,Master Event Database,Approved
2026-08-12 12:00:00,Becky Kotter,2019-11-15,9p-1a,Anchorage,Long Branch Saloon,music,,,system@akconcerts.com,AK Concerts Auto Import,Master Event Database,Approved
2026-08-12 12:00:00,Fridays with DJ 3rd George,2019-11-15,9p-2a,Anchorage,Whale’s Tail,music,,,system@akconcerts.com,AK Concerts Auto Import,Master Event Database,Approved
2026-08-12 12:00:00,Superfrequency,2019-11-16,10p-2:30a,Anchorage,Koot’s,music,,,system@akconcerts.com,AK Concerts Auto Import,Master Event Database,Approved
2026-08-12 12:00:00,"Nrrth, Fat Trophy Wife, Ga$H Money Dance Party",2019-11-16,10p-2:30a,Anchorage,The Marlin (Fairbanks),dance,,,system@akconcerts.com,AK Concerts Auto Import,Master Event Database,Approved
2026-08-12 12:00:00,Past Our Prime,2019-11-16,10p-2a,Anchorage,The Carousel Lounge,music,,,system@akconcerts.com,AK Concerts Auto Import,Master Event Database,Approved
2026-08-12 12:00:00,Keys to Life: Lullaby Concert,2019-11-16,12p-3p,Anchorage,Highland Mountain Correctional Facility,music,,,system@akconcerts.com,AK Concerts Auto Import,Master Event Database,Approved
2026-08-12 12:00:00,Gypsy Jazz Jam,2019-11-16,2p-5p,Anchorage,The Writer’s Block Bookstore & Café,music,,,system@akconcerts.com,AK Concerts Auto Import,Master Event Database,Approved
2026-08-12 12:00:00,Ukulele Jam Session,2019-11-16,3:30p-5:30p,Anchorage,Mountain View Library,music,,,system@akconcerts.com,AK Concerts Auto Import,Master Event Database,Approved
2026-08-12 12:00:00,Sweet Cheeks Cabaret: Forbidden Desires6:,2019-11-16,30p-8p & 9:30p-11p,Anchorage,49thState Brewing,music,,,system@akconcerts.com,AK Concerts Auto Import,Master Event Database,Approved
2026-08-12 12:00:00,Cousin Curtiss & Harrison B10p,2019-11-16,3a,Anchorage,Arctic Fox (Fairbanks),music,,,system@akconcerts.com,AK Concerts Auto Import,Master Event Database,Approved
2026-08-12 12:00:00,Ghanaian Dance Class with Okaidja Afroso,2019-11-16,3p-4:30p,Anchorage,Momentum Dance Collective,dance,,,system@akconcerts.com,AK Concerts Auto Import,Master Event Database,Approved
2026-08-12 12:00:00,November Open Mic,2019-11-16,6:30p-9:30p,Anchorage,The Rookery (Juneau),music,,,system@akconcerts.com,AK Concerts Auto Import,Master Event Database,Approved
2026-08-12 12:00:00,Date Night at Roma Bistro w/ Rob Cohen,2019-11-16,6:30p-9p,Anchorage,Roma Bistro on the Wharf (Juneau),music,,,system@akconcerts.com,AK Concerts Auto Import,Master Event Database,Approved
2026-08-12 12:00:00,Shred the Cabbage with Braided River,2019-11-16,6p-9a,Anchorage,Klondike Mike’s (Palmer),music,,,system@akconcerts.com,AK Concerts Auto Import,Master Event Database,Approved
2026-08-12 12:00:00,Whose Live Anyway?,2019-11-16,7:30p-9:30p,Anchorage,Alaska Center for the Performing Arts,music,,,system@akconcerts.com,AK Concerts Auto Import,Master Event Database,Approved
2026-08-12 12:00:00,Celebrate the Music 2019 with the Alaska Sound Celebration,2019-11-16,7:30p-9p,Anchorage,Alaska Center for the Performing Arts,music,,,system@akconcerts.com,AK Concerts Auto Import,Master Event Database,Approved
2026-08-12 12:00:00,The Portly Presleys,2019-11-16,7:30p-9p,Anchorage,Unitarian Universalist Fellowship of Fairbanks,music,,,system@akconcerts.com,AK Concerts Auto Import,Master Event Database,Approved
2026-08-12 12:00:00,November Wild Heart Dance,2019-11-16,7:30p-9p,Anchorage,The Yoga Path (Juneau),dance,,,system@akconcerts.com,AK Concerts Auto Import,Master Event Database,Approved
2026-08-12 12:00:00,Schaefer Mueller,2019-11-16,7p-10p,Anchorage,Matanuska Brewing Company Eagle River,music,,,system@akconcerts.com,AK Concerts Auto Import,Master Event Database,Approved
2026-08-12 12:00:00,The Forest That Never Sleeps,2019-11-16,7p-10p,Anchorage,"Matanuska Brewing Company, Anchorage",music,,,system@akconcerts.com,AK Concerts Auto Import,Master Event Database,Approved
2026-08-12 12:00:00,Irish Seisiun,2019-11-16,7p-10p,Anchorage,Pizza Hut (Fairbanks),music,,,system@akconcerts.com,AK Concerts Auto Import,Master Event Database,Approved
2026-08-12 12:00:00,Dance Lesson and Dinner Dance Party,2019-11-16,7p-11p,Anchorage,35+ Singles Dance Club,dance,,,system@akconcerts.com,AK Concerts Auto Import,Master Event Database,Approved
2026-08-12 12:00:00,Juneau String Ensembles Concert,2019-11-16,7p-8:30p,Anchorage,Northern Light United Church (Juneau),music,,,system@akconcerts.com,AK Concerts Auto Import,Master Event Database,Approved
2026-08-12 12:00:00,The Nuther Brothers,2019-11-16,7p-9p,Anchorage,Whale’s Tail,music,,,system@akconcerts.com,AK Concerts Auto Import,Master Event Database,Approved
2026-08-12 12:00:00,Kizomba Dance Workshop at Zip Kombucha,2019-11-16,7p-9p,Anchorage,Zip Kombucha,dance,,,system@akconcerts.com,AK Concerts Auto Import,Master Event Database,Approved
2026-08-12 12:00:00,The Rocky Horror Show,2019-11-16,7p-9p & 10p-12a,Anchorage,Mad Myrna’s,music,,,system@akconcerts.com,AK Concerts Auto Import,Master Event Database,Approved
2026-08-12 12:00:00,Bag Lady Sue,2019-11-16,8:30p-11:30p,Anchorage,Ivory Jacks (Fairbanks),music,,,system@akconcerts.com,AK Concerts Auto Import,Master Event Database,Approved
2026-08-12 12:00:00,Larry Zarella,2019-11-16,8p-11p,Anchorage,Matanuska Brewing Downtown,music,,,system@akconcerts.com,AK Concerts Auto Import,Master Event Database,Approved
2026-08-12 12:00:00,Danger Money Band,2019-11-16,8p-12a,Anchorage,907 Alehouse,music,,,system@akconcerts.com,AK Concerts Auto Import,Master Event Database,Approved
2026-08-12 12:00:00,Dos Palmerainians,2019-11-16,8p-12a,Anchorage,The Schwabenhof (Wasilla),music,,,system@akconcerts.com,AK Concerts Auto Import,Master Event Database,Approved
2026-08-12 12:00:00,Organ Workshop w/ Jonas Nordwall,2019-11-16,9:30a-11a,Anchorage,Holy Trinity Episcopal Church (Juneau),music,,,system@akconcerts.com,AK Concerts Auto Import,Master Event Database,Approved
2026-08-12 12:00:00,Latin Night with Anaya Latin Dance,2019-11-16,9p-12a,Anchorage,Charlou,dance,,,system@akconcerts.com,AK Concerts Auto Import,Master Event Database,Approved
2026-08-12 12:00:00,The Stack,2019-11-16,9p-12a,Anchorage,Hard Rock Café,music,,,system@akconcerts.com,AK Concerts Auto Import,Master Event Database,Approved
2026-08-12 12:00:00,Denali,2019-11-16,9p-12a,Anchorage,SubZero Microlounge,music,,,system@akconcerts.com,AK Concerts Auto Import,Master Event Database,Approved
2026-08-12 12:00:00,The Jangle Bees,2019-11-16,9p-1a,Anchorage,Humpy’s,music,,,system@akconcerts.com,AK Concerts Auto Import,Master Event Database,Approved
2026-08-12 12:00:00,Alt Pop Party w/ Lloyds Noize & DJ GRE,2019-11-16,9p-2:30a,Anchorage,Van’s Dive Bar,music,,,system@akconcerts.com,AK Concerts Auto Import,Master Event Database,Approved
2026-08-12 12:00:00,Saturdays with DJ 3rd George,2019-11-16,9p-2a,Anchorage,Whale’s Tail,music,,,system@akconcerts.com,AK Concerts Auto Import,Master Event Database,Approved
2026-08-12 12:00:00,2010-2019 Video Dance Partyw/ DJ Spencer Lee,2019-11-16,9p-2a,Anchorage,Williwaw Social,dance,,,system@akconcerts.com,AK Concerts Auto Import,Master Event Database,Approved
2026-08-12 12:00:00,2010-2019 Video Dance Partyw/ DJ Spencer Lee,2019-11-16,9p-2a,Anchorage,Williwaw,dance,,,system@akconcerts.com,AK Concerts Auto Import,Master Event Database,Approved
2026-08-12 12:00:00,Anchorage Civic Orchestra 7:30p-pp,2019-11-16,TBD,Anchorage,Alaska Center for the Performing Arts,music,,,system@akconcerts.com,AK Concerts Auto Import,Master Event Database,Approved
2026-08-12 12:00:00,2019 Gatsby Charity Ball 7p-11-,2019-11-16,TBD,Anchorage,Viking Hall,music,,,system@akconcerts.com,AK Concerts Auto Import,Master Event Database,Approved
2026-08-12 12:00:00,VivaVoom Brr-Lesque Presents: 2019 Prep Academy,2019-11-17,12p-2p,Anchorage,Koot’s,music,,,system@akconcerts.com,AK Concerts Auto Import,Master Event Database,Approved
2026-08-12 12:00:00,Snow Drifters12p,2019-11-17,2p,Anchorage,The Writer’s Block Bookstore & Café,music,,,system@akconcerts.com,AK Concerts Auto Import,Master Event Database,Approved
2026-08-12 12:00:00,"Lauren Somers Heyano, ""Emerging""",2019-11-17,3p-4:30p,Anchorage,The Writer’s Block Bookstore & Café,music,,,system@akconcerts.com,AK Concerts Auto Import,Master Event Database,Approved
2026-08-12 12:00:00,"Lauren Somers Heyano, Emerging",2019-11-17,3p-4:30p,Anchorage,The Writer’s Block Bookstore & Café,music,,,system@akconcerts.com,AK Concerts Auto Import,Master Event Database,Approved
2026-08-12 12:00:00,Jenna Dreydoppel: Junior Voice Recital,2019-11-17,4p-5p,Anchorage,UAF Charles Davis Hall (Fairbanks),music,,,system@akconcerts.com,AK Concerts Auto Import,Master Event Database,Approved
2026-08-12 12:00:00,Family-Friendly House Concert with Emily Kurn,2019-11-17,4p-6p,Anchorage,House Concert,music,,,system@akconcerts.com,AK Concerts Auto Import,Master Event Database,Approved
2026-08-12 12:00:00,UAA Dance Performance,2019-11-17,5p-7:30p,Anchorage,UAA Fine Arts Building,dance,,,system@akconcerts.com,AK Concerts Auto Import,Master Event Database,Approved
2026-08-12 12:00:00,Swing Dance Sundays,2019-11-17,6p-8p,Anchorage,Zip Kombucha,dance,,,system@akconcerts.com,AK Concerts Auto Import,Master Event Database,Approved
2026-08-12 12:00:00,Open Mic Comedy,2019-11-17,8:30p-10p,Anchorage,Koot’s,comedy,,,system@akconcerts.com,AK Concerts Auto Import,Master Event Database,Approved
2026-08-12 12:00:00,Open Mic,2019-11-17,8p-11p,Anchorage,Humpy’s,music,,,system@akconcerts.com,AK Concerts Auto Import,Master Event Database,Approved
2026-08-12 12:00:00,Open Mic Night,2019-11-17,9p-12a,Anchorage,Van’s Dive Bar,music,,,system@akconcerts.com,AK Concerts Auto Import,Master Event Database,Approved
2026-08-12 12:00:00,KSC Christmas Choir,2019-11-18,1p-2p,Anchorage,Kenai Senior Center,music,,,system@akconcerts.com,AK Concerts Auto Import,Master Event Database,Approved
2026-08-12 12:00:00,Open Mic8p,2019-11-18,2a,Anchorage,Koot’s,music,,,system@akconcerts.com,AK Concerts Auto Import,Master Event Database,Approved
2026-08-12 12:00:00,Open Mic Night w/ TLooP Music,2019-11-18,6p-8p,Anchorage,Zip Kombucha,music,,,system@akconcerts.com,AK Concerts Auto Import,Master Event Database,Approved
2026-08-12 12:00:00,Comedy Open Mic Night,2019-11-18,8p-10:30p,Anchorage,Van’s Dive Bar,comedy,,,system@akconcerts.com,AK Concerts Auto Import,Master Event Database,Approved
2026-08-12 12:00:00,Eternal Cowboys,2019-11-19,10p-2a,Anchorage,Koot’s,music,,,system@akconcerts.com,AK Concerts Auto Import,Master Event Database,Approved
2026-08-12 12:00:00,Open Mic Comedy8p,2019-11-19,11p,Anchorage,The Marlin (Fairbanks),comedy,,,system@akconcerts.com,AK Concerts Auto Import,Master Event Database,Approved
2026-08-12 12:00:00,Tyson Tuesdays9p,2019-11-19,12a,Anchorage,Seward Alehouse,music,,,system@akconcerts.com,AK Concerts Auto Import,Master Event Database,Approved
2026-08-12 12:00:00,Under 21 Open Mic -East,2019-11-19,5:30p-7:30p,Anchorage,Hula Hands,music,,,system@akconcerts.com,AK Concerts Auto Import,Master Event Database,Approved
2026-08-12 12:00:00,Tahitian Dance,2019-11-19,6:30p-7:30p,Anchorage,Arctic Rec Center,dance,,,system@akconcerts.com,AK Concerts Auto Import,Master Event Database,Approved
2026-08-12 12:00:00,Tuesday Open Mic at Post 28,2019-11-19,6:30p-9:30p,Anchorage,American Legion Spenard Post 28,music,,,system@akconcerts.com,AK Concerts Auto Import,Master Event Database,Approved
2026-08-12 12:00:00,Cousin Curtiss,2019-11-19,7p-10p,Anchorage,Brown Bear Saloon (Indian),music,,,system@akconcerts.com,AK Concerts Auto Import,Master Event Database,Approved
2026-08-12 12:00:00,Mike Gorder,2019-11-19,7p-9p,Anchorage,The Pioneer Bar,music,,,system@akconcerts.com,AK Concerts Auto Import,Master Event Database,Approved
2026-08-12 12:00:00,Open Decks,2019-11-20,10p-1:30a,Anchorage,Koot’s,music,,,system@akconcerts.com,AK Concerts Auto Import,Master Event Database,Approved
2026-08-12 12:00:00,The Eternal Cowboys,2019-11-20,10p-1a,Anchorage,The Pioneer Bar,music,,,system@akconcerts.com,AK Concerts Auto Import,Master Event Database,Approved
2026-08-12 12:00:00,Charles Woodward: Junior Tuba Recital,2019-11-20,7:30p-8:30p,Anchorage,UAA Department of Music,music,,,system@akconcerts.com,AK Concerts Auto Import,Master Event Database,Approved
2026-08-12 12:00:00,Anchorage Bowl Chamber Orchestra: ABCO Winter Concert,2019-11-20,7:30p-9p,Anchorage,Loussac Library,music,,,system@akconcerts.com,AK Concerts Auto Import,Master Event Database,Approved
2026-08-12 12:00:00,Todd Long,2019-11-20,7p-10p,Anchorage,"Matanuska Brewing Company, Anchorage",music,,,system@akconcerts.com,AK Concerts Auto Import,Master Event Database,Approved
2026-08-12 12:00:00,Lisa Lisa,2019-11-20,7p-10p,Anchorage,Matanuska Brewing Company Eagle River,music,,,system@akconcerts.com,AK Concerts Auto Import,Master Event Database,Approved
2026-08-12 12:00:00,GRLZ: Female Open Mic,2019-11-20,7p-10p,Anchorage,The Rendezvous (Juneau),music,,,system@akconcerts.com,AK Concerts Auto Import,Master Event Database,Approved
2026-08-12 12:00:00,Open Mic,2019-11-20,7p-10p,Anchorage,The Schwabenhof (Wasilla),music,,,system@akconcerts.com,AK Concerts Auto Import,Master Event Database,Approved
2026-08-12 12:00:00,Mountainside Open Mic & Art Night,2019-11-20,7p-9p,Anchorage,The Rookery (Juneau),music,,,system@akconcerts.com,AK Concerts Auto Import,Master Event Database,Approved
2026-08-12 12:00:00,Comedy Open Mic,2019-11-20,8:30p-10p,Anchorage,Koot’s,comedy,,,system@akconcerts.com,AK Concerts Auto Import,Master Event Database,Approved
2026-08-12 12:00:00,Becky Kotter,2019-11-20,8p-12a,Anchorage,Humpy’s,music,,,system@akconcerts.com,AK Concerts Auto Import,Master Event Database,Approved
2026-08-12 12:00:00,Open Mic Night,2019-11-20,9p-2a,Anchorage,The Marlin (Fairbanks),music,,,system@akconcerts.com,AK Concerts Auto Import,Master Event Database,Approved
2026-08-12 12:00:00,Unplugged Wednesday w/ Kat Moore 5:30p-8:30pc,2019-11-20,TBD,Anchorage,Charlou,music,,,system@akconcerts.com,AK Concerts Auto Import,Master Event Database,Approved
2026-08-12 12:00:00,DJ LT,2020-06-26,10:30p-2:30a,Anchorage,Koot’s,music,,,system@akconcerts.com,AK Concerts Auto Import,Master Event Database,Approved
2026-08-12 12:00:00,The Stack Alaska,2020-06-26,10p-2a,Anchorage,Koot’s,music,,,system@akconcerts.com,AK Concerts Auto Import,Master Event Database,Approved
2026-08-12 12:00:00,Marc Brown,2020-06-26,10p-3a,Anchorage,Arctic Fox (Fairbanks),music,,,system@akconcerts.com,AK Concerts Auto Import,Master Event Database,Approved
2026-08-12 12:00:00,"Whitney Youngman, Wash Your Hands, & Garrett Hermansen6:",2020-06-26,30p-8p,Anchorage,TLoop Music,music,,,system@akconcerts.com,AK Concerts Auto Import,Master Event Database,Approved
2026-08-12 12:00:00,John Damberg Solo Jazz Piano,2020-06-26,5:30p-7:30p,Anchorage,Organic Oasis,music,,,system@akconcerts.com,AK Concerts Auto Import,Master Event Database,Approved
2026-08-12 12:00:00,Under The Sea Virtual Dance,2020-06-26,5p-7p,Anchorage,The Arc of Anchorage,dance,,,system@akconcerts.com,AK Concerts Auto Import,Master Event Database,Approved
2026-08-12 12:00:00,Jared Woods,2020-06-26,6p-10p,Anchorage,Dirty Skillet,music,,,system@akconcerts.com,AK Concerts Auto Import,Master Event Database,Approved
2026-08-12 12:00:00,Acoustic Steak Night w/ Jason Ott,2020-06-26,6p-8p,Anchorage,American Legion Spenard Post 28,music,,,system@akconcerts.com,AK Concerts Auto Import,Master Event Database,Approved
2026-08-12 12:00:00,Hwy9,2020-06-26,6p-8p,Anchorage,Driveway Concert (South Anchorage),music,,,system@akconcerts.com,AK Concerts Auto Import,Master Event Database,Approved
2026-08-12 12:00:00,Ken Peltier Backyard Summer Concert,2020-06-26,7p-10p,Anchorage,Matanuska Brewing (Eagle River),music,,,system@akconcerts.com,AK Concerts Auto Import,Master Event Database,Approved
2026-08-12 12:00:00,I Like Robots,2020-06-26,7p-10p,Anchorage,Palmer Alehouse (Palmer),music,,,system@akconcerts.com,AK Concerts Auto Import,Master Event Database,Approved
2026-08-12 12:00:00,The Jangle Bees,2020-06-26,7p-10p,Anchorage,Settlers Bay Golf Course (Wasilla),music,,,system@akconcerts.com,AK Concerts Auto Import,Master Event Database,Approved
2026-08-12 12:00:00,Unknowns,2020-06-26,8p-12a,Anchorage,Humpys,music,,,system@akconcerts.com,AK Concerts Auto Import,Master Event Database,Approved
2026-08-12 12:00:00,Dance Party with DJ Fan Service,2020-06-26,9:30p-1:30a,Anchorage,Williwaw Social,dance,,,system@akconcerts.com,AK Concerts Auto Import,Master Event Database,Approved
2026-08-12 12:00:00,Dance Party with DJ Fan Service,2020-06-26,9:30p-1:30a,Anchorage,Williwaw,dance,,,system@akconcerts.com,AK Concerts Auto Import,Master Event Database,Approved
2026-08-12 12:00:00,The Stack Alaska,2020-06-26,9p-12a,Anchorage,Garcia’s Cantina & Café (Eagle River),music,,,system@akconcerts.com,AK Concerts Auto Import,Master Event Database,Approved
2026-08-12 12:00:00,Roof Jamz,2020-06-26,9p-12a,Anchorage,Williwaw Social,music,,,system@akconcerts.com,AK Concerts Auto Import,Master Event Database,Approved
2026-08-12 12:00:00,Roof Jamz,2020-06-26,9p-12a,Anchorage,Williwaw,music,,,system@akconcerts.com,AK Concerts Auto Import,Master Event Database,Approved
2026-08-12 12:00:00,Friday Night Dance Lounge,2020-06-26,9p-1a,Anchorage,Alaska Dance Promotions,dance,,,system@akconcerts.com,AK Concerts Auto Import,Master Event Database,Approved
2026-08-12 12:00:00,Superfrequency,2020-06-26,9p-1a,Anchorage,The Boatel (Fairbanks),music,,,system@akconcerts.com,AK Concerts Auto Import,Master Event Database,Approved
2026-08-12 12:00:00,Ben Balivet,2020-06-26,9p-1a,Anchorage,The Catch Restaurant and Bar,music,,,system@akconcerts.com,AK Concerts Auto Import,Master Event Database,Approved
2026-08-12 12:00:00,Summer Song Battles: Leaps and Bounds Music & John Shewfelt Jr 7p,2020-06-26,9p-1a,Anchorage,International Hotel and Bar (Fairbanks),music,,,system@akconcerts.com,AK Concerts Auto Import,Master Event Database,Approved
2026-08-12 12:00:00,Ukulele Russ & His One Man Frontier Band,2020-06-26,9p-1a,Anchorage,Yukon Bar (Seward),music,,,system@akconcerts.com,AK Concerts Auto Import,Master Event Database,Approved
2026-08-12 12:00:00,Tony Taylor the Artist,2020-06-26,9p-2a,Anchorage,International Hotel and Bar (Fairbanks),music,,,system@akconcerts.com,AK Concerts Auto Import,Master Event Database,Approved
2026-08-12 12:00:00,Love Bizzare Block Party 2020,2020-06-27,4p-10p,Anchorage,The Writer’s Block Bookstore & Café,music,,,system@akconcerts.com,AK Concerts Auto Import,Master Event Database,Approved
2026-08-12 12:00:00,Daughters Of The New Moon Summer Pop Up!,2020-06-27,5p-5:30p,Anchorage,Marine Park (Juneau),music,,,system@akconcerts.com,AK Concerts Auto Import,Master Event Database,Approved
2026-08-12 12:00:00,Todd Grebe,2020-06-27,6p-10p,Anchorage,Dirty Skillet,music,,,system@akconcerts.com,AK Concerts Auto Import,Master Event Database,Approved
2026-08-12 12:00:00,Denali Cooks Backyard Summer Concert,2020-06-27,7p-10p,Anchorage,Matanuska Brewing (Eagle River),music,,,system@akconcerts.com,AK Concerts Auto Import,Master Event Database,Approved
2026-08-12 12:00:00,The Jangle Bees Live,2020-06-27,7p-10p,Anchorage,Palmer Alehouse,music,,,system@akconcerts.com,AK Concerts Auto Import,Master Event Database,Approved
2026-08-12 12:00:00,Danger & Diva,2020-06-27,8p-12a,Anchorage,Floater’s (Big Lake),music,,,system@akconcerts.com,AK Concerts Auto Import,Master Event Database,Approved
2026-08-12 12:00:00,Nervis Rex,2020-06-27,9:30p-1a,Anchorage,Williwaw Social,music,,,system@akconcerts.com,AK Concerts Auto Import,Master Event Database,Approved
2026-08-12 12:00:00,Nervis Rex,2020-06-27,9:30p-1a,Anchorage,Williwaw,music,,,system@akconcerts.com,AK Concerts Auto Import,Master Event Database,Approved
2026-08-12 12:00:00,Roof Jamz,2020-06-27,9p-12a,Anchorage,Williwaw Social,music,,,system@akconcerts.com,AK Concerts Auto Import,Master Event Database,Approved
2026-08-12 12:00:00,Roof Jamz,2020-06-27,9p-12a,Anchorage,Williwaw,music,,,system@akconcerts.com,AK Concerts Auto Import,Master Event Database,Approved
2026-08-12 12:00:00,Benefield Blues Band,2020-06-27,9p-1a,Anchorage,International Hotel and Bar (Fairbanks),music,,,system@akconcerts.com,AK Concerts Auto Import,Master Event Database,Approved
2026-08-12 12:00:00,Salsa in the Park,2020-06-28,1p-3p,Anchorage,Anchorage Downtown Partnership,dance,,,system@akconcerts.com,AK Concerts Auto Import,Master Event Database,Approved
2026-08-12 12:00:00,Beat Roots Alaska: w/ BeeOne,2020-06-28,3p-5p,Anchorage,106.1 FM Out North Radio,music,,,system@akconcerts.com,AK Concerts Auto Import,Master Event Database,Approved
2026-08-12 12:00:00,Hwy9,2020-06-28,6p-8p,Anchorage,Driveway Concert (Eagle River),music,,,system@akconcerts.com,AK Concerts Auto Import,Master Event Database,Approved
2026-08-12 12:00:00,Doses & Mimosas on the Roof w/ DJ GRE and DJ Lloyds Noize,2020-06-28,6p-9p,Anchorage,Williwaw Social,music,,,system@akconcerts.com,AK Concerts Auto Import,Master Event Database,Approved
2026-08-12 12:00:00,Doses & Mimosas on the Roof w/ DJ GRE and DJ Lloyds Noize,2020-06-28,6p-9p,Anchorage,Williwaw,music,,,system@akconcerts.com,AK Concerts Auto Import,Master Event Database,Approved
2026-08-12 12:00:00,Black Sheep Comedy: Laugh 4 Hope in HOPE,2020-06-28,7p-10p,Anchorage,Dirty Skillet,comedy,,,system@akconcerts.com,AK Concerts Auto Import,Master Event Database,Approved
2026-08-12 12:00:00,Dance Party,2020-06-28,7p-8p,Anchorage,Special Olympics Alaska,dance,,,system@akconcerts.com,AK Concerts Auto Import,Master Event Database,Approved
2026-08-12 12:00:00,Comedy Open Mic Night at Koot's,2020-06-28,8:30p-10p,Anchorage,Koot’s,comedy,,,system@akconcerts.com,AK Concerts Auto Import,Master Event Database,Approved
2026-08-12 12:00:00,Open Mic Night,2020-06-28,9p-1a,Anchorage,Van’s Dive Bar,music,,,system@akconcerts.com,AK Concerts Auto Import,Master Event Database,Approved
2026-08-12 12:00:00,Open Jam with Ben Sayers,2020-06-28,9p-1a,Anchorage,Yukon Bar (Seward),music,,,system@akconcerts.com,AK Concerts Auto Import,Master Event Database,Approved
2026-08-12 12:00:00,Virtual Music for Little Ones,2020-06-29,12p-1p,Anchorage,Anchorage Downtown Partnership,music,,,system@akconcerts.com,AK Concerts Auto Import,Master Event Database,Approved
2026-08-12 12:00:00,Industry Night w/ Lloyds Noize,2020-06-29,6p-9p,Anchorage,Williwaw Social,music,,,system@akconcerts.com,AK Concerts Auto Import,Master Event Database,Approved
2026-08-12 12:00:00,Industry Night w/ Lloyds Noize,2020-06-29,6p-9p,Anchorage,Williwaw,music,,,system@akconcerts.com,AK Concerts Auto Import,Master Event Database,Approved
2026-08-12 12:00:00,Open Mic with The Eternal Cowboys,2020-06-29,9p-1:30a,Anchorage,Koot’s,music,,,system@akconcerts.com,AK Concerts Auto Import,Master Event Database,Approved
2026-08-12 12:00:00,Mondrews w/ Drew Erickson,2020-06-29,9p-12a,Anchorage,Van’s Dive Bar,music,,,system@akconcerts.com,AK Concerts Auto Import,Master Event Database,Approved
2026-08-12 12:00:00,Hobo Jim,2020-06-30,6:30p-8p & 8:30p-9:30p,Anchorage,AJ’s OldTown Steakhouse & Tavern,music,,,system@akconcerts.com,AK Concerts Auto Import,Master Event Database,Approved
2026-08-12 12:00:00,Bonus Jam Night at Post 28!,2020-06-30,6p-8p,Anchorage,American Legion Spenard Post 28,music,,,system@akconcerts.com,AK Concerts Auto Import,Master Event Database,Approved
2026-08-12 12:00:00,The Eternal Cowboys,2020-06-30,9p-1:30a,Anchorage,Koot’s,music,,,system@akconcerts.com,AK Concerts Auto Import,Master Event Database,Approved
2026-08-12 12:00:00,Tyson Tuesdays,2020-06-30,9p-12a,Anchorage,Seward Alehouse (Seward),music,,,system@akconcerts.com,AK Concerts Auto Import,Master Event Database,Approved
2026-08-12 12:00:00,Garrett Plays With Himself,2020-06-30,9p-12a,Anchorage,Van’s Dive Bar,theatre,,,system@akconcerts.com,AK Concerts Auto Import,Master Event Database,Approved
2026-08-12 12:00:00,Virtual Music in the Park w/ KonneXion,2020-07-01,12p-1p,Anchorage,Anchorage Downtown Partnership,music,,,system@akconcerts.com,AK Concerts Auto Import,Master Event Database,Approved
2026-08-12 12:00:00,Sounds of Summer w/ DJ GRE,2020-07-01,6p-9p,Anchorage,Williwaw Social,music,,,system@akconcerts.com,AK Concerts Auto Import,Master Event Database,Approved
2026-08-12 12:00:00,Sounds of Summer w/ DJ GRE,2020-07-01,6p-9p,Anchorage,Williwaw,music,,,system@akconcerts.com,AK Concerts Auto Import,Master Event Database,Approved
2026-08-12 12:00:00,Open Mic Night,2020-07-01,7:30p-11:30p,Anchorage,The Schwabenhof (Wasilla),music,,,system@akconcerts.com,AK Concerts Auto Import,Master Event Database,Approved
2026-08-12 12:00:00,Open Mic at The Big I,2020-07-01,7:30p-1a,Anchorage,International Hotel and Bar (Fairbanks),music,,,system@akconcerts.com,AK Concerts Auto Import,Master Event Database,Approved
2026-08-12 12:00:00,Arly Jylz,2020-08-07,10p-3a,Anchorage,Arctic Fox (Fairbanks),music,,,system@akconcerts.com,AK Concerts Auto Import,Master Event Database,Approved
2026-08-12 12:00:00,UDC Fitness Shuffle In the Park!,2020-08-07,12p-1a,Anchorage,Anchorage Downtown Partnership,music,,,system@akconcerts.com,AK Concerts Auto Import,Master Event Database,Approved
2026-08-12 12:00:00,Matt Hopper,2020-08-07,6p-10p,Anchorage,Dirty Skillet (Hope),music,,,system@akconcerts.com,AK Concerts Auto Import,Master Event Database,Approved
2026-08-12 12:00:00,Spenard Bike Rally w/ Danger Money,2020-08-07,6p-10p,Anchorage,House of Harley Davidson,music,,,system@akconcerts.com,AK Concerts Auto Import,Master Event Database,Approved
2026-08-12 12:00:00,Tripwire,2020-08-07,7:30p-11:30p,Anchorage,Floaters,music,,,system@akconcerts.com,AK Concerts Auto Import,Master Event Database,Approved
2026-08-12 12:00:00,Ken Peltier,2020-08-07,7p-10p,Anchorage,Matanuska Brewing Eagle River,music,,,system@akconcerts.com,AK Concerts Auto Import,Master Event Database,Approved
2026-08-12 12:00:00,Nothin But Trouble,2020-08-07,7p-10p,Anchorage,Palmer Alehouse (Palmer),music,,,system@akconcerts.com,AK Concerts Auto Import,Master Event Database,Approved
2026-08-12 12:00:00,Alaska Jumping Flea Society,2020-08-07,7p-9p,Anchorage,Eagle River Town Square Park,music,,,system@akconcerts.com,AK Concerts Auto Import,Master Event Database,Approved
2026-08-12 12:00:00,The Eternal Cowboys,2020-08-07,8:30p-10p,Anchorage,Flattop & Williwaw F Street Patio,music,,,system@akconcerts.com,AK Concerts Auto Import,Master Event Database,Approved
2026-08-12 12:00:00,Live 𝚂𝚝𝚛𝚎𝚊𝚖𝚒𝚗𝚐 Zero Miles to Empty,2020-08-07,8p-11p,Anchorage,Koot's,music,,,system@akconcerts.com,AK Concerts Auto Import,Master Event Database,Approved
2026-08-12 12:00:00,Live 𝚂𝚝𝚛𝚎𝚊𝚖𝚒𝚗𝚐 Zero Miles to Empty,2020-08-07,8p-11p,Anchorage,Koots,music,,,system@akconcerts.com,AK Concerts Auto Import,Master Event Database,Approved
2026-08-12 12:00:00,Music And Instrument Fair,2020-08-08,11a-5p,Anchorage,Wood & Wire Guitars & Music,festival,,,system@akconcerts.com,AK Concerts Auto Import,Master Event Database,Approved
2026-08-12 12:00:00,Lunch Music with Lizzie Angaiak,2020-08-08,12p-2p,Anchorage,Sofia’s Café (Palmer),music,,,system@akconcerts.com,AK Concerts Auto Import,Master Event Database,Approved
2026-08-12 12:00:00,Hobo Jim,2020-08-08,7p-10p,Anchorage,Matanuska Brewing Eagle River,music,,,system@akconcerts.com,AK Concerts Auto Import,Master Event Database,Approved
2026-08-12 12:00:00,Nervis Rex,2020-08-08,7p-10p,Anchorage,Palmer Alehouse,music,,,system@akconcerts.com,AK Concerts Auto Import,Master Event Database,Approved
2026-08-12 12:00:00,Beat Roots Alaska: Summer w/ Gekkota,2020-08-09,3p-5p,Anchorage,106.1 FM Out North Radio,music,,,system@akconcerts.com,AK Concerts Auto Import,Master Event Database,Approved
2026-08-12 12:00:00,Virtual Music for Little Ones,2020-08-10,12p-1p,Anchorage,Anchorage Downtown Partnership,music,,,system@akconcerts.com,AK Concerts Auto Import,Master Event Database,Approved
2026-08-12 12:00:00,Zumba in Town Square w/ Anchorage Downtown partnership,2020-08-11,12p-1a,Anchorage,Anchorage Downtown Partnership,music,,,system@akconcerts.com,AK Concerts Auto Import,Master Event Database,Approved
2026-08-12 12:00:00,Free Live Music,2020-08-11,6p-9p,Anchorage,Pubhouse,music,,,system@akconcerts.com,AK Concerts Auto Import,Master Event Database,Approved
2026-08-12 12:00:00,"The Eternal Cowboys: Live, Laugh, Livestream",2020-08-11,7p-10p,Anchorage,Boobs’ Living Room in Spenard,music,,,system@akconcerts.com,AK Concerts Auto Import,Master Event Database,Approved
2026-08-12 12:00:00,Virtual Music in the Park,2020-08-12,12p-1p,Anchorage,Anchorage Downtown Partnership,music,,,system@akconcerts.com,AK Concerts Auto Import,Master Event Database,Approved
2026-08-12 12:00:00,"Open Mic, Every Wednesday!",2020-08-12,7:30p-11:30p,Anchorage,The Schwabenhof (Wasilla),music,,,system@akconcerts.com,AK Concerts Auto Import,Master Event Database,Approved
2026-08-12 12:00:00,Open Mic at The Big I,2020-08-12,7:30p-1a,Anchorage,International Hotel and Bar (Fairbanks),music,,,system@akconcerts.com,AK Concerts Auto Import,Master Event Database,Approved
2026-08-12 12:00:00,Tim Easton Live,2020-08-12,7p-9p,Anchorage,The Writer’s Block Bookstore & Café,music,,,system@akconcerts.com,AK Concerts Auto Import,Master Event Database,Approved
2026-08-12 12:00:00,JD Cox Live,2020-10-22,6:30p-9:30p,Anchorage,Palmer Alehouse,music,,,system@akconcerts.com,AK Concerts Auto Import,Master Event Database,Approved
2026-08-12 12:00:00,Throwback Thursdays w/ Joe Brady,2020-10-22,8p-11p,Anchorage,Williwaw Social,music,,,system@akconcerts.com,AK Concerts Auto Import,Master Event Database,Approved
2026-08-12 12:00:00,Throwback Thursdays w/ Joe Brady,2020-10-22,8p-11p,Anchorage,Williwaw,music,,,system@akconcerts.com,AK Concerts Auto Import,Master Event Database,Approved
2026-08-12 12:00:00,Stranger Things Upside Down 80s Night with DJ Joe Brady,2020-10-23,10:30p-1:30a,Anchorage,Williwaw Social,music,,,system@akconcerts.com,AK Concerts Auto Import,Master Event Database,Approved
2026-08-12 12:00:00,Stranger Things Upside Down 80s Night with DJ Joe Brady,2020-10-23,10:30p-1:30a,Anchorage,Williwaw,music,,,system@akconcerts.com,AK Concerts Auto Import,Master Event Database,Approved
2026-08-12 12:00:00,Cole Hard Country Band,2020-10-23,10p-2a,Anchorage,Four Corners Lounge (Palmer),music,,,system@akconcerts.com,AK Concerts Auto Import,Master Event Database,Approved
2026-08-12 12:00:00,Danger Money Live,2020-10-23,10p-2a,Anchorage,Klondike Mike’s and the Main Street Grill (Palmer),music,,,system@akconcerts.com,AK Concerts Auto Import,Master Event Database,Approved
2026-08-12 12:00:00,Halloween Fun w/ Marc Brown and the Blues Crew,2020-10-23,10p-3a,Anchorage,Arctic Fox (Fairbanks),music,,,system@akconcerts.com,AK Concerts Auto Import,Master Event Database,Approved
2026-08-12 12:00:00,DJ Manny’s LOVE BITES || Ladies Night,2020-10-23,10p-3a,Anchorage,Tony’s Sports Bar (Fairbanks),music,,,system@akconcerts.com,AK Concerts Auto Import,Master Event Database,Approved
2026-08-12 12:00:00,Playhouse Live Comedy & Music 7:,2020-10-23,30p,Anchorage,The Schwabenhof (Wasilla),comedy,,,system@akconcerts.com,AK Concerts Auto Import,Master Event Database,Approved
2026-08-12 12:00:00,Virtual Dance - Disney's Descendants,2020-10-23,5p-7p,Anchorage,The Arc of Anchorage,dance,,,system@akconcerts.com,AK Concerts Auto Import,Master Event Database,Approved
2026-08-12 12:00:00,October Live Music w/ JD Cox and Tim Hall,2020-10-23,6:30p-9:30p,Anchorage,Everett’s (Wasilla),music,,,system@akconcerts.com,AK Concerts Auto Import,Master Event Database,Approved
2026-08-12 12:00:00,Facebook Live: Friday Night Free Play V9.0,2020-10-23,6p-9p,Anchorage,DJ KDean,theatre,,,system@akconcerts.com,AK Concerts Auto Import,Master Event Database,Approved
2026-08-12 12:00:00,Arctic Entries at the Zoo (Drive-In),2020-10-23,7p-9p,Anchorage,The Alaska Zoo,music,,,system@akconcerts.com,AK Concerts Auto Import,Master Event Database,Approved
2026-08-12 12:00:00,"Sinister Suites 6p-6:30p, 6:45p-7:17p, 7:30p-8p",2020-10-23,8:15p-8:45p,Anchorage,The Drift Gallery Dance Studio,music,,,system@akconcerts.com,AK Concerts Auto Import,Master Event Database,Approved
2026-08-12 12:00:00,Disney's Descendants,2020-10-23,TBD,Anchorage,Virtual Dance,music,,,system@akconcerts.com,AK Concerts Auto Import,Master Event Database,Approved
2026-08-12 12:00:00,DJ MANNY: I Want To Play A Game. . .,2020-10-24,10p-3a,Anchorage,Tony’s Sports Bar (Fairbanks),theatre,,,system@akconcerts.com,AK Concerts Auto Import,Master Event Database,Approved
2026-08-12 12:00:00,"""Bar-B-Que's in the Views"" Free Food & Rides to the Polls",2020-10-24,12p-4p,Anchorage,William B Lions Park,music,,,system@akconcerts.com,AK Concerts Auto Import,Master Event Database,Approved
2026-08-12 12:00:00,Bar-B-Que's in the Views Free Food & Rides to the Polls,2020-10-24,12p-4p,Anchorage,William B Lions Park,music,,,system@akconcerts.com,AK Concerts Auto Import,Master Event Database,Approved
2026-08-12 12:00:00,October Live Music w/ Tyson Cole,2020-10-24,6:30p-9:30p,Anchorage,Everett’s (Wasilla),music,,,system@akconcerts.com,AK Concerts Auto Import,Master Event Database,Approved
2026-08-12 12:00:00,Avoiding Reality Band,2020-10-24,7:30p-12a,Anchorage,Floaters (Big Lake),music,,,system@akconcerts.com,AK Concerts Auto Import,Master Event Database,Approved
2026-08-12 12:00:00,Best of Lame Ducks and Dark Horses Retrospective,2020-10-24,7p-8p,Anchorage,Triumvirate Theatre (Facebook Live),music,,,system@akconcerts.com,AK Concerts Auto Import,Master Event Database,Approved
2026-08-12 12:00:00,Huycke Entertainment presents Viva Spenard v2,2020-10-24,8p-11p,Anchorage,Koot’s,music,,,system@akconcerts.com,AK Concerts Auto Import,Master Event Database,Approved
2026-08-12 12:00:00,Fall Fun Fest w/ The Eternal Cowboys & DJ Fan Service,2020-10-24,8p-2a,Anchorage,Williwaw Social,festival,,,system@akconcerts.com,AK Concerts Auto Import,Master Event Database,Approved
2026-08-12 12:00:00,Fall Fun Fest w/ The Eternal Cowboys & DJ Fan Service,2020-10-24,8p-2a,Anchorage,Williwaw,festival,,,system@akconcerts.com,AK Concerts Auto Import,Master Event Database,Approved
2026-08-12 12:00:00,Beats Roots: Hallow Beat Treat w/ Glen Ghoul,2020-10-25,3p-5p,Anchorage,KONR 106.1FM Out North Radio,music,,,system@akconcerts.com,AK Concerts Auto Import,Master Event Database,Approved
2026-08-12 12:00:00,October Live Music w/ Diana Z,2020-10-25,6:30p-9:30p,Anchorage,Everett’s (Wasilla),music,,,system@akconcerts.com,AK Concerts Auto Import,Master Event Database,Approved
2026-08-12 12:00:00,"Sinister Suites 5p-5:30p, 5:45p-6:15p. 6:30p-7p",2020-10-25,7:15p-7:45p,Anchorage,The Drift Gallery Dance Studio,music,,,system@akconcerts.com,AK Concerts Auto Import,Master Event Database,Approved
2026-08-12 12:00:00,Mother Moose Storytime,2020-10-26,10:30a-11a,Anchorage,Fairbanks North Star Borough Public Libraries,community,,,system@akconcerts.com,AK Concerts Auto Import,Master Event Database,Approved
2026-08-12 12:00:00,NMM Episode 12 feat Cliff & Ivy,2020-10-26,6p-8:30p,Anchorage,New Music Mondays with Davey Bones,music,,,system@akconcerts.com,AK Concerts Auto Import,Master Event Database,Approved
2026-08-12 12:00:00,DJ Chester Chomp’s Zoom Room Dance Party!,2020-10-26,7p-7:40p,Anchorage,Red Carpet Entertainment,dance,,,system@akconcerts.com,AK Concerts Auto Import,Master Event Database,Approved
2026-08-12 12:00:00,Mundane Mondays* w/Daysha *Unplugged,2020-10-26,9p-12a,Anchorage,Van’s Dive Bar,music,,,system@akconcerts.com,AK Concerts Auto Import,Master Event Database,Approved
2026-08-12 12:00:00,Zumba with Anchorage Downtown Partnership,2020-10-27,12p-1p,Anchorage,Anchorage Town Square,music,,,system@akconcerts.com,AK Concerts Auto Import,Master Event Database,Approved
2026-08-12 12:00:00,Acoustic Song Circle and Open non-Mic 6:30p–9:,2020-10-27,30p,Anchorage,American Legion Spenard Post 28,music,,,system@akconcerts.com,AK Concerts Auto Import,Master Event Database,Approved
2026-08-12 12:00:00,Puppy Yoga to Benefit Breast Cancer Awareness,2020-10-27,6p-7p,Anchorage,Pubhouse,music,,,system@akconcerts.com,AK Concerts Auto Import,Master Event Database,Approved
2026-08-12 12:00:00,"The Eternal Cowboys: Live, Laugh, Livestream",2020-10-27,7p-10p,Anchorage,Boobs’ Living Room in Spenard,music,,,system@akconcerts.com,AK Concerts Auto Import,Master Event Database,Approved
2026-08-12 12:00:00,Parents and Twos Storytime,2020-10-28,10:30a-11a,Anchorage,Fairbanks North Star Borough Public Libraries,community,,,system@akconcerts.com,AK Concerts Auto Import,Master Event Database,Approved
2026-08-12 12:00:00,"Open Mic, Every Wednesday! 7:",2020-10-28,30p,Anchorage,The Schwabenhof (Wasilla),music,,,system@akconcerts.com,AK Concerts Auto Import,Master Event Database,Approved
2026-08-12 12:00:00,Halloween Hop,2020-10-28,6:30p-8p,Anchorage,Kangoo Club Alaska,music,,,system@akconcerts.com,AK Concerts Auto Import,Master Event Database,Approved
2026-08-12 12:00:00,Open Mic,2020-10-28,6p-9p,Anchorage,Casccadelic,music,,,system@akconcerts.com,AK Concerts Auto Import,Master Event Database,Approved
2026-08-12 12:00:00,Hot Mess,2020-10-28,7p-10p,Anchorage,The Duck Inn (Soldotna),music,,,system@akconcerts.com,AK Concerts Auto Import,Master Event Database,Approved
2026-08-12 12:00:00,Comedy Open Mic at Koot's,2020-10-28,8:30p-10p,Anchorage,Koot’s,comedy,,,system@akconcerts.com,AK Concerts Auto Import,Master Event Database,Approved
2026-08-12 12:00:00,Parents and Twos Storytime,2020-11-25,10:30a-11a,Anchorage,Fairbanks North Star Borough Public Libraries,community,,,system@akconcerts.com,AK Concerts Auto Import,Master Event Database,Approved
2026-08-12 12:00:00,Open Decks,2020-11-25,10p-2a,Anchorage,Koot’s,music,,,system@akconcerts.com,AK Concerts Auto Import,Master Event Database,Approved
2026-08-12 12:00:00,"Open Mic, Every Wednesday! 7:",2020-11-25,30p,Anchorage,The Schwabenhof (Wasilla),music,,,system@akconcerts.com,AK Concerts Auto Import,Master Event Database,Approved
2026-08-12 12:00:00,Open Mic,2020-11-25,6p-9p,Anchorage,Cascadelic,music,,,system@akconcerts.com,AK Concerts Auto Import,Master Event Database,Approved
2026-08-12 12:00:00,Friendsgiving with Lloyds Noize,2020-11-25,7p-12a,Anchorage,Williwaw Social,music,,,system@akconcerts.com,AK Concerts Auto Import,Master Event Database,Approved
2026-08-12 12:00:00,Friendsgiving with Lloyds Noize,2020-11-25,7p-12a,Anchorage,Williwaw,music,,,system@akconcerts.com,AK Concerts Auto Import,Master Event Database,Approved
2026-08-12 12:00:00,Music at One Thanksgiving!,2020-11-26,1p-3p,Anchorage,UAF Department of Music (Online Event),music,,,system@akconcerts.com,AK Concerts Auto Import,Master Event Database,Approved
2026-08-12 12:00:00,Arcade Night with DJ Joe Brady,2020-11-26,7p-11p,Anchorage,Williwaw Social,music,,,system@akconcerts.com,AK Concerts Auto Import,Master Event Database,Approved
2026-08-12 12:00:00,Arcade Night with DJ Joe Brady,2020-11-26,7p-11p,Anchorage,Williwaw,music,,,system@akconcerts.com,AK Concerts Auto Import,Master Event Database,Approved
2026-08-12 12:00:00,Those Guys AK Are Back In Town,2020-11-27,10p-2:30a,Anchorage,Mugshot Saloon (Wasilla),music,,,system@akconcerts.com,AK Concerts Auto Import,Master Event Database,Approved
2026-08-12 12:00:00,Danger Money Live,2020-11-27,10p-2a,Anchorage,Klondike Mike’s and the Main Street Grill (Palmer),music,,,system@akconcerts.com,AK Concerts Auto Import,Master Event Database,Approved
2026-08-12 12:00:00,DJ Manny’s Annual Black Friday Purge,2020-11-27,10p-3a,Anchorage,Tony’s Sports Bar (Fairbanks),music,,,system@akconcerts.com,AK Concerts Auto Import,Master Event Database,Approved
2026-08-12 12:00:00,Friday Night After Dark on Twitch,2020-11-27,5p-9p,Anchorage,DJ KDean,music,,,system@akconcerts.com,AK Concerts Auto Import,Master Event Database,Approved
2026-08-12 12:00:00,November Events w/ Tyson Cole,2020-11-27,6:30p-9:30p,Anchorage,Everett’s (Wasilla),music,,,system@akconcerts.com,AK Concerts Auto Import,Master Event Database,Approved
2026-08-12 12:00:00,Open Mic Night,2020-11-27,7-11p,Anchorage,Floaters (Big Lake),music,,,system@akconcerts.com,AK Concerts Auto Import,Master Event Database,Approved
2026-08-12 12:00:00,Reggaeton Workshop,2020-11-27,7p-10p,Anchorage,Anaya Latin Dance,music,,,system@akconcerts.com,AK Concerts Auto Import,Master Event Database,Approved
2026-08-12 12:00:00,Alaska Comedy Drive-in Comedy Show,2020-11-27,7p-9p,Anchorage,Good Titrations (Fairbanks),comedy,,,system@akconcerts.com,AK Concerts Auto Import,Master Event Database,Approved
2026-08-12 12:00:00,The Eternal Cowboys,2020-11-27,8p-10:30p,Anchorage,Williwaw Social,music,,,system@akconcerts.com,AK Concerts Auto Import,Master Event Database,Approved
2026-08-12 12:00:00,The Eternal Cowboys,2020-11-27,8p-10:30p,Anchorage,Williwaw,music,,,system@akconcerts.com,AK Concerts Auto Import,Master Event Database,Approved
2026-08-12 12:00:00,The Jammin Band’s Debut,2020-11-27,9p-12a,Anchorage,Kenai Joe’s Taphouse,music,,,system@akconcerts.com,AK Concerts Auto Import,Master Event Database,Approved
2026-08-12 12:00:00,Be Thankful For Bass: A Thanksgiving Throwdown,2020-11-28,10p-2a,Anchorage,Avenue Bar,music,,,system@akconcerts.com,AK Concerts Auto Import,Master Event Database,Approved
2026-08-12 12:00:00,DJ Manny Helps Support Local,2020-11-28,10p-3a,Anchorage,Tony’s Sports Bar (Fairbanks),music,,,system@akconcerts.com,AK Concerts Auto Import,Master Event Database,Approved
2026-08-12 12:00:00,Hannah Corral - Happy Hour,2020-11-28,4:30p-5:30p,Anchorage,Fairbanks Folk Fest,music,,,system@akconcerts.com,AK Concerts Auto Import,Master Event Database,Approved
2026-08-12 12:00:00,Tony Johnson Live inside,2020-11-28,5p-7p,Anchorage,Bar Harbor Ale House (Ketchikan),music,,,system@akconcerts.com,AK Concerts Auto Import,Master Event Database,Approved
2026-08-12 12:00:00,November Events w/ JD Cox and Tim Hall,2020-11-28,6:30p-9:30p,Anchorage,Everett’s (Wasilla),music,,,system@akconcerts.com,AK Concerts Auto Import,Master Event Database,Approved
2026-08-12 12:00:00,Chachachá Workshop,2020-11-28,7p-9p,Anchorage,Anaya Latin Dance,music,,,system@akconcerts.com,AK Concerts Auto Import,Master Event Database,Approved
2026-08-12 12:00:00,Unplugged: The Eternal Cowboys,2020-11-28,8p-10:30p,Anchorage,Williwaw Social,music,,,system@akconcerts.com,AK Concerts Auto Import,Master Event Database,Approved
2026-08-12 12:00:00,Unplugged: The Eternal Cowboys,2020-11-28,8p-10:30p,Anchorage,Williwaw,music,,,system@akconcerts.com,AK Concerts Auto Import,Master Event Database,Approved
2026-08-12 12:00:00,Happy Hour,2020-11-28,TBD,Anchorage,Hannah Corral,music,,,system@akconcerts.com,AK Concerts Auto Import,Master Event Database,Approved
2026-08-12 12:00:00,November Events w/ Kayti and Ben Heller,2020-11-29,5:30p-8:30p,Anchorage,Everett’s (Wasilla),music,,,system@akconcerts.com,AK Concerts Auto Import,Master Event Database,Approved
2026-08-12 12:00:00,Tony Johnson Live inside,2020-11-29,5p-7p,Anchorage,Bar Harbor Ale House (Ketchikan),music,,,system@akconcerts.com,AK Concerts Auto Import,Master Event Database,Approved
2026-08-12 12:00:00,Swing Dance - Thanksgiving Potluck!,2020-11-29,5p-8p,Anchorage,AK East Coast Swing (Palmer),dance,,,system@akconcerts.com,AK Concerts Auto Import,Master Event Database,Approved
2026-08-12 12:00:00,Thanksgiving Potluck!,2020-11-29,TBD,Anchorage,Swing Dance,music,,,system@akconcerts.com,AK Concerts Auto Import,Master Event Database,Approved
2026-08-12 12:00:00,Mother Moose Storytime,2020-11-30,10:30a-11a,Anchorage,Fairbanks North Star Borough Public Libraries,community,,,system@akconcerts.com,AK Concerts Auto Import,Master Event Database,Approved
2026-08-12 12:00:00,DJ Chester Chomp’s Zoom Room Dance Party!,2020-11-30,7p-7:40p,Anchorage,Red Carpet Entertainment,dance,,,system@akconcerts.com,AK Concerts Auto Import,Master Event Database,Approved
2026-08-12 12:00:00,The Eternal Cowboys,2020-12-01,10p-1:30a,Anchorage,Koot’s,music,,,system@akconcerts.com,AK Concerts Auto Import,Master Event Database,Approved
2026-08-12 12:00:00,Open Decks,2020-12-02,10p-2a,Anchorage,Koot’s,music,,,system@akconcerts.com,AK Concerts Auto Import,Master Event Database,Approved
2026-08-12 12:00:00,"Open Mic, Every Wednesday! 7:",2020-12-02,30p,Anchorage,The Schwabenhof (Wasilla),music,,,system@akconcerts.com,AK Concerts Auto Import,Master Event Database,Approved
2026-08-12 12:00:00,Open Mic,2020-12-02,6p-9p,Anchorage,Cascadelic,music,,,system@akconcerts.com,AK Concerts Auto Import,Master Event Database,Approved
2026-08-12 12:00:00,Steve in the Box Karaoke,2020-12-24,7:30p-11:30p,Anchorage,Floaters (Big Lake),music,,,system@akconcerts.com,AK Concerts Auto Import,Master Event Database,Approved
2026-08-12 12:00:00,Those Guy AK,2020-12-25,10p-2:30a,Anchorage,The Mug Shot Saloon (Wasilla),music,,,system@akconcerts.com,AK Concerts Auto Import,Master Event Database,Approved
2026-08-12 12:00:00,Open Mic Night,2020-12-25,7-11p,Anchorage,Floaters (Big Lake),music,,,system@akconcerts.com,AK Concerts Auto Import,Master Event Database,Approved
2026-08-12 12:00:00,Those Guy AK 10p-2:30a Tony’s Sports Bar (Fairbanks) - DJ Manny's 2021 Countdown KICKOFF PARTY,2020-12-26,10p-3a,Anchorage,The Mug Shot Saloon (Wasilla),festival,,,system@akconcerts.com,AK Concerts Auto Import,Master Event Database,Approved
2026-08-12 12:00:00,Free Skating on Boxing Day,2020-12-26,12p-5p,Anchorage,Dimond Center Mall,music,,,system@akconcerts.com,AK Concerts Auto Import,Master Event Database,Approved
2026-08-12 12:00:00,Beat Roots w/ Dat Kid Shawn,2020-12-27,3p-5p,Anchorage,KONR 106.1FM Out North Radio,music,,,system@akconcerts.com,AK Concerts Auto Import,Master Event Database,Approved
2026-08-12 12:00:00,Tony Johnson Live inside,2020-12-27,5p-7p,Anchorage,Bar Harbor Ale House (Ketchikan),music,,,system@akconcerts.com,AK Concerts Auto Import,Master Event Database,Approved
2026-08-12 12:00:00,Christmas Potluck & Swing Dancing,2020-12-27,5p-9p,Anchorage,AK East Coast Swing (Palmer),dance,,,system@akconcerts.com,AK Concerts Auto Import,Master Event Database,Approved
2026-08-12 12:00:00,Mother Moose Storytime,2020-12-28,10:30a-11a,Anchorage,Fairbanks North Star Borough Public Libraries,community,,,system@akconcerts.com,AK Concerts Auto Import,Master Event Database,Approved
2026-08-12 12:00:00,DJ Chester Chomp’s Zoom Room Dance Party!,2020-12-28,7p-7:40p,Anchorage,Red Carpet Entertainment,dance,,,system@akconcerts.com,AK Concerts Auto Import,Master Event Database,Approved
2026-08-12 12:00:00,Kizomba Workshop,2020-12-29,7:30p-8:30p,Anchorage,Alaska Dance Promotions,music,,,system@akconcerts.com,AK Concerts Auto Import,Master Event Database,Approved
2026-08-12 12:00:00,Parents and Twos Storytime,2020-12-30,10:30a-11a,Anchorage,Fairbanks North Star Borough Public Libraries,community,,,system@akconcerts.com,AK Concerts Auto Import,Master Event Database,Approved
2026-08-12 12:00:00,"Open Mic, Every Wednesday!",2020-12-30,7:30p-11:30p,Anchorage,The Schwabenhof (Wasilla),music,,,system@akconcerts.com,AK Concerts Auto Import,Master Event Database,Approved
2026-08-12 12:00:00,Duane & Tyrone live,2021-01-28,5:30p-8:30p,Anchorage,Palmer Alehouse,music,,,system@akconcerts.com,AK Concerts Auto Import,Master Event Database,Approved
2026-08-12 12:00:00,Beginner Salsa Suelta: Free Zoom Class,2021-01-28,6p-7p,Anchorage,Anaya Latin Dance,dance,,,system@akconcerts.com,AK Concerts Auto Import,Master Event Database,Approved
2026-08-12 12:00:00,Drive-In Comedy @ Koot’s,2021-01-28,7p-9p,Anchorage,Koot's,comedy,,,system@akconcerts.com,AK Concerts Auto Import,Master Event Database,Approved
2026-08-12 12:00:00,Drive-In Comedy @ Koot’s,2021-01-28,7p-9p,Anchorage,Koots,comedy,,,system@akconcerts.com,AK Concerts Auto Import,Master Event Database,Approved
2026-08-12 12:00:00,Thirsty Thursday Karaoke,2021-01-28,9:30p-1:30a,Anchorage,Mug-Shot Saloon (Wasilla),music,,,system@akconcerts.com,AK Concerts Auto Import,Master Event Database,Approved
2026-08-12 12:00:00,Virtual New Year’s Dance,2021-01-29,5p-7p,Anchorage,The Arc of Anchorage,dance,,,system@akconcerts.com,AK Concerts Auto Import,Master Event Database,Approved
2026-08-12 12:00:00,"Justice Jams, a Virtual Live Stream Concert",2021-01-29,5p-8p,Anchorage,Alaska Native Justice Center,music,,,system@akconcerts.com,AK Concerts Auto Import,Master Event Database,Approved
2026-08-12 12:00:00,Open Mic Night,2021-01-29,7-11p,Anchorage,Floaters (Big Lake),music,,,system@akconcerts.com,AK Concerts Auto Import,Master Event Database,Approved
2026-08-12 12:00:00,100 Proof Karaoke,2021-01-29,7p-10p,Anchorage,American Legion Post 15 (Palmer),music,,,system@akconcerts.com,AK Concerts Auto Import,Master Event Database,Approved
2026-08-12 12:00:00,Karaoke Friday at the Eagles!,2021-01-29,7p-11p,Anchorage,The Fraternal Order of Eagles Aerie 4207,music,,,system@akconcerts.com,AK Concerts Auto Import,Master Event Database,Approved
2026-08-12 12:00:00,DJ Chester Chomp’s Zoom Room Dance Party!,2021-01-29,7p-7:40p,Anchorage,Red Carpet Entertainment,dance,,,system@akconcerts.com,AK Concerts Auto Import,Master Event Database,Approved
2026-08-12 12:00:00,Blues & Jazz method for the Bass,2021-01-29,7p-8p,Anchorage,Anchorage Folk Festival Workshops,music,,,system@akconcerts.com,AK Concerts Auto Import,Master Event Database,Approved
2026-08-12 12:00:00,Understanding Music w/ Joe Craig,2021-01-29,7p-8p,Anchorage,Anchorage Folk Festival Workshops,music,,,system@akconcerts.com,AK Concerts Auto Import,Master Event Database,Approved
2026-08-12 12:00:00,"Ava Earl, The AllGood Family Band, Jamie Whiteman and Harrison Jennings, Denise Martin, Jim Kerr, and Friends",2021-01-29,7p-9p,Anchorage,Anchorage Folk Festival Performances,music,,,system@akconcerts.com,AK Concerts Auto Import,Master Event Database,Approved
2026-08-12 12:00:00,The Eternal Cowboys,2021-01-29,8p-11:30p,Anchorage,Williwaw Social,music,,,system@akconcerts.com,AK Concerts Auto Import,Master Event Database,Approved
2026-08-12 12:00:00,Friday Night Karaoke,2021-01-29,8p-11p,Anchorage,American Legion Spenard Post 28,music,,,system@akconcerts.com,AK Concerts Auto Import,Master Event Database,Approved
2026-08-12 12:00:00,Facebook Live with Scared Scriptless,2021-01-29,8p-9p,Anchorage,Scared Scriptless,comedy,,,system@akconcerts.com,AK Concerts Auto Import,Master Event Database,Approved
2026-08-12 12:00:00,Those Guys AK,2021-01-30,10p-2a,Anchorage,Klondike Mikes and the Main Street Grill (Palmer),music,,,system@akconcerts.com,AK Concerts Auto Import,Master Event Database,Approved
2026-08-12 12:00:00,Tony Taylor’s Tik Tok & Throwback Party,2021-01-30,10p-3a,Anchorage,International Hotel and Bar (Fairbanks),music,,,system@akconcerts.com,AK Concerts Auto Import,Master Event Database,Approved
2026-08-12 12:00:00,Beginning Ukelele with Kiel Schweizer,2021-01-30,11:15a-12:30p,Anchorage,Anchorage Folk Festival Workshops,music,,,system@akconcerts.com,AK Concerts Auto Import,Master Event Database,Approved
2026-08-12 12:00:00,Song Writing with Laura Chartier,2021-01-30,12:45p-2p,Anchorage,Anchorage Folk Festival Workshops,music,,,system@akconcerts.com,AK Concerts Auto Import,Master Event Database,Approved
2026-08-12 12:00:00,Dancing with the Spirit Living Room Jam,2021-01-30,2:15p-3:30p,Anchorage,Anchorage Folk Festival Workshops,music,,,system@akconcerts.com,AK Concerts Auto Import,Master Event Database,Approved
2026-08-12 12:00:00,Feldenkrais for Musicians w/ Kevin Cassity,2021-01-30,3:45p-5p,Anchorage,Anchorage Folk Festival Workshops,music,,,system@akconcerts.com,AK Concerts Auto Import,Master Event Database,Approved
2026-08-12 12:00:00,Let's Sing Nature Songs! w/ Dan Pascucci,2021-01-30,4p-5p,Anchorage,Anchorage Folk Festival Workshops,music,,,system@akconcerts.com,AK Concerts Auto Import,Master Event Database,Approved
2026-08-12 12:00:00,Annual AFF Board Meeting,2021-01-30,5p-6p,Anchorage,Anchorage Folk Festival Workshops,music,,,system@akconcerts.com,AK Concerts Auto Import,Master Event Database,Approved
2026-08-12 12:00:00,Rhythm Heals Song Circle (Livestream),2021-01-30,6:30p-9p,Anchorage,Let Every Woman Know,music,,,system@akconcerts.com,AK Concerts Auto Import,Master Event Database,Approved
2026-08-12 12:00:00,"Robin Hopper, Tania Opland and Mike Freeman, Lucky Spider, The Forest That Never Sleeps, & The Booth Family Band",2021-01-30,7p-9p,Anchorage,Anchorage Folk Festival Performances,music,,,system@akconcerts.com,AK Concerts Auto Import,Master Event Database,Approved
2026-08-12 12:00:00,Saturday Night Karaoke,2021-01-30,8p-11p,Anchorage,American Legion Spenard Post 28,music,,,system@akconcerts.com,AK Concerts Auto Import,Master Event Database,Approved
2026-08-12 12:00:00,Jukebox Karaoke Roadshow,2021-01-30,8p-11p,Anchorage,Don Jose’s Mexican Restaurant,music,,,system@akconcerts.com,AK Concerts Auto Import,Master Event Database,Approved
2026-08-12 12:00:00,Celtic Fiddle with Shonti Elder,2021-01-30,9:45a-11a,Anchorage,Anchorage Folk Festival Workshops,music,,,system@akconcerts.com,AK Concerts Auto Import,Master Event Database,Approved
2026-08-12 12:00:00,Intermediate Ukelele with Kiel Schweizer,2021-01-31,11:15a-12:30p,Anchorage,Anchorage Folk Festival Workshops,music,,,system@akconcerts.com,AK Concerts Auto Import,Master Event Database,Approved
2026-08-12 12:00:00,Advanced guitar techniques w/ Armin Abdihodzic,2021-01-31,12:45p-2p,Anchorage,Anchorage Folk Festival Workshops,music,,,system@akconcerts.com,AK Concerts Auto Import,Master Event Database,Approved
2026-08-12 12:00:00,Mandolin w/ Wolfgang Q. Olsson,2021-01-31,3:45p-5p,Anchorage,Anchorage Folk Festival Workshops,music,,,system@akconcerts.com,AK Concerts Auto Import,Master Event Database,Approved
2026-08-12 12:00:00,How to Access the Rich Environment of the Performing Arts Sector Locally & Nationwide w/Jason Hodges,2021-01-31,3:45p-5p,Anchorage,Anchorage Folk Festival Workshops,music,,,system@akconcerts.com,AK Concerts Auto Import,Master Event Database,Approved
2026-08-12 12:00:00,Honing your Guitar & Playing the 5-Note Scale w/ Mike Simpson,2021-01-31,5:15p-6:30p,Anchorage,Anchorage Folk Festival Workshops,theatre,,,system@akconcerts.com,AK Concerts Auto Import,Master Event Database,Approved
2026-08-12 12:00:00,Swing Dancing!,2021-01-31,5p-8p,Anchorage,AK East Coast Swing (Palmer),dance,,,system@akconcerts.com,AK Concerts Auto Import,Master Event Database,Approved
2026-08-12 12:00:00,AK Rockstar Karaoke,2021-01-31,7p-11p,Anchorage,The Carousel Lounge,music,,,system@akconcerts.com,AK Concerts Auto Import,Master Event Database,Approved
2026-08-12 12:00:00,Open Mic Night,2021-01-31,7p-11p,Anchorage,Vans Dive Bar,music,,,system@akconcerts.com,AK Concerts Auto Import,Master Event Database,Approved
2026-08-12 12:00:00,Sing Around Song Circle w/ Dawn Berg,2021-01-31,9:45a-11a,Anchorage,Anchorage Folk Festival Workshops,music,,,system@akconcerts.com,AK Concerts Auto Import,Master Event Database,Approved
2026-08-12 12:00:00,Mother Moose Storytime,2021-02-01,10:30a-11a,Anchorage,Fairbanks North Star Borough Public Libraries,community,,,system@akconcerts.com,AK Concerts Auto Import,Master Event Database,Approved
2026-08-12 12:00:00,MonDayshas Unplugged,2021-02-01,7p-11p,Anchorage,Vans Dive Bar,music,,,system@akconcerts.com,AK Concerts Auto Import,Master Event Database,Approved
2026-08-12 12:00:00,Monday Night Karaoke,2021-02-01,8p-10p,Anchorage,American Legion Spenard Post 28,music,,,system@akconcerts.com,AK Concerts Auto Import,Master Event Database,Approved
2026-08-12 12:00:00,Open Mic w/ MoonDog Media,2021-02-02,6p-12a,Anchorage,Klondike Mikes (Palmer),music,,,system@akconcerts.com,AK Concerts Auto Import,Master Event Database,Approved
2026-08-12 12:00:00,AK Rockstar Karaoke,2021-02-02,7p-11p,Anchorage,Flight Deck Bar and Lounge,music,,,system@akconcerts.com,AK Concerts Auto Import,Master Event Database,Approved
2026-08-12 12:00:00,Open Jam Night,2021-02-02,7p-11p,Anchorage,Vans Dive Bar,music,,,system@akconcerts.com,AK Concerts Auto Import,Master Event Database,Approved
2026-08-12 12:00:00,Jukebox Karaoke Roadshow,2021-02-02,8p-12a,Anchorage,Trophy Lounge,music,,,system@akconcerts.com,AK Concerts Auto Import,Master Event Database,Approved
2026-08-12 12:00:00,Passport Series Volume XI (Online),2021-02-03,6p-10p,Anchorage,Trapper Creek Bluegrass Campout Festivals,music,,,system@akconcerts.com,AK Concerts Auto Import,Master Event Database,Approved
2026-08-12 12:00:00,Open Mic at the Schwabenhof,2021-02-03,7:30p-11:30p,Anchorage,The Schwabenhof (Wasilla),music,,,system@akconcerts.com,AK Concerts Auto Import,Master Event Database,Approved
2026-08-12 12:00:00,Preschool Storytime (virtual),2021-02-25,10:30a-11a,Anchorage,Fairbanks North Star Borough Public Libraries,community,,,system@akconcerts.com,AK Concerts Auto Import,Master Event Database,Approved
2026-08-12 12:00:00,Drive-In Comedy,2021-02-25,3p-4p,Anchorage,Koot's,comedy,,,system@akconcerts.com,AK Concerts Auto Import,Master Event Database,Approved
2026-08-12 12:00:00,Drive-In Comedy,2021-02-25,3p-4p,Anchorage,Koots,comedy,,,system@akconcerts.com,AK Concerts Auto Import,Master Event Database,Approved
2026-08-12 12:00:00,The Stack Acoustic Duo,2021-02-25,5:30p-8:30p,Anchorage,Palmer Alehouse,music,,,system@akconcerts.com,AK Concerts Auto Import,Master Event Database,Approved
2026-08-12 12:00:00,Folk Unlocked,2021-02-25,6p-7p,Anchorage,Emma Hill & Bryan Daste (Online),music,,,system@akconcerts.com,AK Concerts Auto Import,Master Event Database,Approved
2026-08-12 12:00:00,Live Jazz with Luke Weld,2021-02-25,7p-11p,Anchorage,The Narrows Bar (Juneau),music,,,system@akconcerts.com,AK Concerts Auto Import,Master Event Database,Approved
2026-08-12 12:00:00,Friday Night Feast w/ 100 Proof Karaoke,2021-02-26,5:30p-7p,Anchorage,American Legion Post 15 (Palmer),music,,,system@akconcerts.com,AK Concerts Auto Import,Master Event Database,Approved
2026-08-12 12:00:00,Sock Hop,2021-02-26,6:30p-9:30p,Anchorage,Breakout Dance Studio (Fairbanks),music,,,system@akconcerts.com,AK Concerts Auto Import,Master Event Database,Approved
2026-08-12 12:00:00,Hobo Jim at the Upstairs Lounge,2021-02-26,6p-9p,Anchorage,Palmer Alehouse,music,,,system@akconcerts.com,AK Concerts Auto Import,Master Event Database,Approved
2026-08-12 12:00:00,Open Mic Night,2021-02-26,7-11p,Anchorage,Floaters (Big Lake),music,,,system@akconcerts.com,AK Concerts Auto Import,Master Event Database,Approved
2026-08-12 12:00:00,Cirque De Cabaret,2021-02-26,7:30p-10p,Anchorage,Sweet Cheeks Cabaret (Online),music,,,system@akconcerts.com,AK Concerts Auto Import,Master Event Database,Approved
2026-08-12 12:00:00,Perseverance People Power Concert,2021-02-26,7:30p-9:30p,Anchorage,Perseverance Theatre (Online),music,,,system@akconcerts.com,AK Concerts Auto Import,Master Event Database,Approved
2026-08-12 12:00:00,Karaoke Friday at the Eagles!,2021-02-26,7p-11p,Anchorage,The Fraternal Order of Eagles Aerie 4207,music,,,system@akconcerts.com,AK Concerts Auto Import,Master Event Database,Approved
2026-08-12 12:00:00,DJ Chester Chomp’s Zoom Room Dance Party!,2021-02-26,7p-7:40p,Anchorage,Red Carpet Entertainment,dance,,,system@akconcerts.com,AK Concerts Auto Import,Master Event Database,Approved
2026-08-12 12:00:00,For Colored Ladies Who Have Considered Pull-Tabs With Their Last Two Dollars,2021-02-26,7p-8:30p,Anchorage,Anchorage Concert Association (Online),music,,,system@akconcerts.com,AK Concerts Auto Import,Master Event Database,Approved
2026-08-12 12:00:00,The Eternal Cowboys,2021-02-26,8p-11:30p,Anchorage,Williwaw Social,music,,,system@akconcerts.com,AK Concerts Auto Import,Master Event Database,Approved
2026-08-12 12:00:00,Friday Night Karaoke,2021-02-26,8p-11p,Anchorage,American Legion Spenard Post 28,music,,,system@akconcerts.com,AK Concerts Auto Import,Master Event Database,Approved
2026-08-12 12:00:00,The Acou-Stack Live,2021-02-26,9p-12a,Anchorage,Corks and Hops (Eagle River),music,,,system@akconcerts.com,AK Concerts Auto Import,Master Event Database,Approved
2026-08-12 12:00:00,DJ Lloyds Noize in the Speakeasy,2021-02-26,9p-12a,Anchorage,Williwaw Social,music,,,system@akconcerts.com,AK Concerts Auto Import,Master Event Database,Approved
2026-08-12 12:00:00,Anchorage Auditions,2021-02-27,1:30p-3p,Anchorage,Alaska Dance Theatre,music,,,system@akconcerts.com,AK Concerts Auto Import,Master Event Database,Approved
2026-08-12 12:00:00,DJ Manny,2021-02-27,10p-3a,Anchorage,International Hotel and Bar (Fairbanks),music,,,system@akconcerts.com,AK Concerts Auto Import,Master Event Database,Approved
2026-08-12 12:00:00,Fun and Food w/ 100 Proof Karaoke,2021-02-27,7p-10p,Anchorage,American Legion Post 15 (Palmer),music,,,system@akconcerts.com,AK Concerts Auto Import,Master Event Database,Approved
2026-08-12 12:00:00,Bird Creek Barbarians Rugby Postseason Drinkup!,2021-02-27,7p-11p,Anchorage,The Carousel Lounge,music,,,system@akconcerts.com,AK Concerts Auto Import,Master Event Database,Approved
2026-08-12 12:00:00,"Movies Out, Drive-in Film: “I Am Not Your Negro”",2021-02-27,7p-9p,Anchorage,Out North,music,,,system@akconcerts.com,AK Concerts Auto Import,Master Event Database,Approved
2026-08-12 12:00:00,Saturday Night Karaoke,2021-02-27,8p-11p,Anchorage,American Legion Spenard Post 28,music,,,system@akconcerts.com,AK Concerts Auto Import,Master Event Database,Approved
2026-08-12 12:00:00,Jukebox Karaoke Roadshow,2021-02-27,8p-11p,Anchorage,Don Jose’s Mexican Restaurant,music,,,system@akconcerts.com,AK Concerts Auto Import,Master Event Database,Approved
2026-08-12 12:00:00,Hwy9 Duo,2021-02-27,9p-11p,Anchorage,Vans Dive Bar,music,,,system@akconcerts.com,AK Concerts Auto Import,Master Event Database,Approved
2026-08-12 12:00:00,Taking Back Saturday with DJ GRE,2021-02-27,9p-12a,Anchorage,Williwaw Social,music,,,system@akconcerts.com,AK Concerts Auto Import,Master Event Database,Approved
2026-08-12 12:00:00,For Colored Ladies Who Have Considered Pull-Tabs With Their Last Two Dollars,2021-02-28,2p-3:30p,Anchorage,Anchorage Concert Association (Online),music,,,system@akconcerts.com,AK Concerts Auto Import,Master Event Database,Approved
2026-08-12 12:00:00,Karaoke Sunday,2021-02-28,7p-11p,Anchorage,The Carousel Lounge,music,,,system@akconcerts.com,AK Concerts Auto Import,Master Event Database,Approved
2026-08-12 12:00:00,Open Mic Night,2021-02-28,8p-12a,Anchorage,Vans Dive Bar,music,,,system@akconcerts.com,AK Concerts Auto Import,Master Event Database,Approved
2026-08-12 12:00:00,Monday Night Karaoke,2021-03-01,8p-10p,Anchorage,American Legion Spenard Post 28,music,,,system@akconcerts.com,AK Concerts Auto Import,Master Event Database,Approved
2026-08-12 12:00:00,Mon-Dayshas,2021-03-01,8p-12a,Anchorage,Vans Dive Bar,music,,,system@akconcerts.com,AK Concerts Auto Import,Master Event Database,Approved
2026-08-12 12:00:00,MoonDog Media Open Mic,2021-03-02,6p-12a,Anchorage,Klondike Mikes (Palmer),music,,,system@akconcerts.com,AK Concerts Auto Import,Master Event Database,Approved
2026-08-12 12:00:00,AK Rockstar Karaoke Tuesday,2021-03-02,7p-11p,Anchorage,Flight Deck Bar and Lounge,music,,,system@akconcerts.com,AK Concerts Auto Import,Master Event Database,Approved
2026-08-12 12:00:00,Jukebox Karaoke Roadshow,2021-03-02,8p-12a,Anchorage,Trophy Lounge,music,,,system@akconcerts.com,AK Concerts Auto Import,Master Event Database,Approved
2026-08-12 12:00:00,Open Jam Night,2021-03-02,8p-12a,Anchorage,Vans Dive Bar,music,,,system@akconcerts.com,AK Concerts Auto Import,Master Event Database,Approved
2026-08-12 12:00:00,Maddie + Tae Virtual Tour,2021-03-03,5p-7p,Anchorage,UAS Student Activities Board (Online),music,,,system@akconcerts.com,AK Concerts Auto Import,Master Event Database,Approved
2026-08-12 12:00:00,Open Mic at the Schwabenhof,2021-03-03,7:30p-11:30p,Anchorage,The Schwabenhof (Wasilla),music,,,system@akconcerts.com,AK Concerts Auto Import,Master Event Database,Approved
2026-08-12 12:00:00,AK Rockstar Karaoke Wednesday,2021-03-03,7p-11p,Anchorage,The Carousel Lounge,music,,,system@akconcerts.com,AK Concerts Auto Import,Master Event Database,Approved
2026-08-12 12:00:00,Acoustic Song Circle with WAH Music,2021-04-13,6:30p-9p,Anchorage,American Legion Spenard Post 28,music,,,system@akconcerts.com,AK Concerts Auto Import,Master Event Database,Approved
2026-08-12 12:00:00,Robbie Carlson,2021-04-13,6p-10p,Anchorage,Main Street Tap & Grill (Kenai),music,,,system@akconcerts.com,AK Concerts Auto Import,Master Event Database,Approved
2026-08-12 12:00:00,AK Rockstar Karaoke Tuesday,2021-04-13,7p-11p,Anchorage,Flight Deck Bar and Lounge,music,,,system@akconcerts.com,AK Concerts Auto Import,Master Event Database,Approved
2026-08-12 12:00:00,Jukebox Karaoke Roadshow,2021-04-13,8p-12a,Anchorage,Trophy Lounge,music,,,system@akconcerts.com,AK Concerts Auto Import,Master Event Database,Approved
2026-08-12 12:00:00,Garret's Toast With Jam Jams,2021-04-13,8p-12a,Anchorage,Van’s Dive Bar,music,,,system@akconcerts.com,AK Concerts Auto Import,Master Event Database,Approved
2026-08-12 12:00:00,The Eternal Cowboys,2021-04-13,9p-1a,Anchorage,Koot’s,music,,,system@akconcerts.com,AK Concerts Auto Import,Master Event Database,Approved
2026-08-12 12:00:00,Koots Karaoke,2021-04-14,10p-2a,Anchorage,Koot’s,music,,,system@akconcerts.com,AK Concerts Auto Import,Master Event Database,Approved
2026-08-12 12:00:00,Open Mic at Schwabenhof,2021-04-14,7:30p-11:30p,Anchorage,The Schwabenhof (Wasilla),music,,,system@akconcerts.com,AK Concerts Auto Import,Master Event Database,Approved
2026-08-12 12:00:00,AK Rockstar Karaoke Wednesday,2021-04-14,7p-11p,Anchorage,The Carousel Lounge,music,,,system@akconcerts.com,AK Concerts Auto Import,Master Event Database,Approved
2026-08-12 12:00:00,Mad Myrna's Karaoke!,2021-04-14,9p-12a,Anchorage,Mad Myrna’s,music,,,system@akconcerts.com,AK Concerts Auto Import,Master Event Database,Approved
2026-08-12 12:00:00,Nothin’ But Trouble,2021-05-07,10:30p-2:30a,Anchorage,Humpy’s,music,,,system@akconcerts.com,AK Concerts Auto Import,Master Event Database,Approved
2026-08-12 12:00:00,Vibes in the Speakeasy with DJ Joe Brady,2021-05-07,10:30p-2a,Anchorage,Williwaw Social,music,,,system@akconcerts.com,AK Concerts Auto Import,Master Event Database,Approved
2026-08-12 12:00:00,Footloose Dance Party with DJ Fan Service,2021-05-07,10:30p-2a,Anchorage,Williwaw Social,dance,,,system@akconcerts.com,AK Concerts Auto Import,Master Event Database,Approved
2026-08-12 12:00:00,First Fridays Feat. Nick Carpenter & Bethlehem Shalom,2021-05-07,10p-2a,Anchorage,Van’s Dive Bar,music,,,system@akconcerts.com,AK Concerts Auto Import,Master Event Database,Approved
2026-08-12 12:00:00,Danger Money Live,2021-05-07,10p-2a,Anchorage,Willow Trading Post,music,,,system@akconcerts.com,AK Concerts Auto Import,Master Event Database,Approved
2026-08-12 12:00:00,John Shewfelt Jr & Shot Time,2021-05-07,11p-2a,Anchorage,International Hotel and Bar (Fairbanks),music,,,system@akconcerts.com,AK Concerts Auto Import,Master Event Database,Approved
2026-08-12 12:00:00,John Damberg AJW Jazz Fridays,2021-05-07,5:30p-7:30p,Anchorage,Organic Oasis,music,,,system@akconcerts.com,AK Concerts Auto Import,Master Event Database,Approved
2026-08-12 12:00:00,The Eternal Cowboys LIVE,2021-05-07,7p-10p,Anchorage,Palmer Alehouse,music,,,system@akconcerts.com,AK Concerts Auto Import,Master Event Database,Approved
2026-08-12 12:00:00,Friday Night Feast w/ 100 Proof Karaoke,2021-05-07,7p-11p,Anchorage,American Legion Post 15 (Palmer),music,,,system@akconcerts.com,AK Concerts Auto Import,Master Event Database,Approved
2026-08-12 12:00:00,Hooked Entertainment Comedy: Barry Brewer,2021-05-07,7p-11p,Anchorage,Everett’s (Wasilla),comedy,,,system@akconcerts.com,AK Concerts Auto Import,Master Event Database,Approved
2026-08-12 12:00:00,Karaoke Friday at the Eagles!,2021-05-07,7p-11p,Anchorage,The Fraternal Order of Eagles Aerie 4207,music,,,system@akconcerts.com,AK Concerts Auto Import,Master Event Database,Approved
2026-08-12 12:00:00,DJ Chester Chomp’s Zoom Room Dance Party!,2021-05-07,7p-7:40p,Anchorage,Red Carpet Entertainment LLC,dance,,,system@akconcerts.com,AK Concerts Auto Import,Master Event Database,Approved
2026-08-12 12:00:00,Tim Hall,2021-05-07,7p-9p,Anchorage,Everett’s (Wasilla),music,,,system@akconcerts.com,AK Concerts Auto Import,Master Event Database,Approved
2026-08-12 12:00:00,Mad Myrna's Diva Variety Show,2021-05-07,9p-11p,Anchorage,Mad Myrna’s,music,,,system@akconcerts.com,AK Concerts Auto Import,Master Event Database,Approved
2026-08-12 12:00:00,Friday Night Karaoke!,2021-05-07,9p-1a,Anchorage,American Legion Spenard Post 28,music,,,system@akconcerts.com,AK Concerts Auto Import,Master Event Database,Approved
2026-08-12 12:00:00,ACOUSTIC SHOWCASE,2021-05-07,TBD,Anchorage,LIVE AT JHS,music,,,system@akconcerts.com,AK Concerts Auto Import,Master Event Database,Approved
2026-08-12 12:00:00,Taking Back Saturday with DJ GRE,2021-05-08,10:30p-2:30a,Anchorage,Williwaw Social,music,,,system@akconcerts.com,AK Concerts Auto Import,Master Event Database,Approved
2026-08-12 12:00:00,DJ Joe Brady: Britney vs the World Dance Party,2021-05-08,10:30p-2:30a,Anchorage,Williwaw Social,dance,,,system@akconcerts.com,AK Concerts Auto Import,Master Event Database,Approved
2026-08-12 12:00:00,Saturday Night Karaoke!,2021-05-08,10p-12a,Anchorage,American Legion Spenard Post 28,music,,,system@akconcerts.com,AK Concerts Auto Import,Master Event Database,Approved
2026-08-12 12:00:00,DJ Manny's 2021 Cinco de Mayo Celebración,2021-05-08,10p-2a,Anchorage,International Hotel and Bar (Fairbanks),music,,,system@akconcerts.com,AK Concerts Auto Import,Master Event Database,Approved
2026-08-12 12:00:00,Jerry Wessling & Plan B,2021-05-08,10p-2a,Anchorage,Klondike Mike’s (Palmer),music,,,system@akconcerts.com,AK Concerts Auto Import,Master Event Database,Approved
2026-08-12 12:00:00,Fun and Food w/ 100 Proof Karaoke,2021-05-08,6p-11p,Anchorage,American Legion Post 15 (Palmer),music,,,system@akconcerts.com,AK Concerts Auto Import,Master Event Database,Approved
2026-08-12 12:00:00,Woodrow LIVE,2021-05-08,7p-10p,Anchorage,Palmer Alehouse,music,,,system@akconcerts.com,AK Concerts Auto Import,Master Event Database,Approved
2026-08-12 12:00:00,Larry Zarella,2021-05-08,7p-9p,Anchorage,Everett’s (Wasilla),music,,,system@akconcerts.com,AK Concerts Auto Import,Master Event Database,Approved
2026-08-12 12:00:00,Sassy Saturdays with Sweet Cheeks Cabaret,2021-05-08,8p-10p,Anchorage,The Broken Blender,music,,,system@akconcerts.com,AK Concerts Auto Import,Master Event Database,Approved
2026-08-12 12:00:00,Comedian Barry Brewer,2021-05-08,8p-11p,Anchorage,Koot’s,music,,,system@akconcerts.com,AK Concerts Auto Import,Master Event Database,Approved
2026-08-12 12:00:00,Live Music with “Cancel Culture”,2021-05-08,8p-3a,Anchorage,The Carousel Lounge,music,,,system@akconcerts.com,AK Concerts Auto Import,Master Event Database,Approved
2026-08-12 12:00:00,Schwabenhof Sunday Blues Jam,2021-05-09,4p-8p,Anchorage,The Schwabenhof (Wasilla),music,,,system@akconcerts.com,AK Concerts Auto Import,Master Event Database,Approved
2026-08-12 12:00:00,AK Rockstar Karaoke Sunday,2021-05-09,7p-11p,Anchorage,The Carousel Lounge,music,,,system@akconcerts.com,AK Concerts Auto Import,Master Event Database,Approved
2026-08-12 12:00:00,JD Cox,2021-05-09,7p-9p,Anchorage,Everett’s (Wasilla),music,,,system@akconcerts.com,AK Concerts Auto Import,Master Event Database,Approved
2026-08-12 12:00:00,Open Mic Night,2021-05-09,8p-12a,Anchorage,Van’s Dive Bar,music,,,system@akconcerts.com,AK Concerts Auto Import,Master Event Database,Approved
2026-08-12 12:00:00,Taking Back Mondays,2021-05-10,10p-1a,Anchorage,Van’s Dive Bar,music,,,system@akconcerts.com,AK Concerts Auto Import,Master Event Database,Approved
2026-08-12 12:00:00,Monday Night Karaoke,2021-05-10,8p-10p,Anchorage,American Legion Spenard Post 28,music,,,system@akconcerts.com,AK Concerts Auto Import,Master Event Database,Approved
2026-08-12 12:00:00,The Monday Music Mic with Boobs,2021-05-10,9p-12a,Anchorage,Koot’s,music,,,system@akconcerts.com,AK Concerts Auto Import,Master Event Database,Approved
2026-08-12 12:00:00,Taco Tuesday Open Mic with WAH Music,2021-05-11,6:30p-9p,Anchorage,American Legion Spenard Post 28,music,,,system@akconcerts.com,AK Concerts Auto Import,Master Event Database,Approved
2026-08-12 12:00:00,AK Rockstar Karaoke Tuesday,2021-05-11,7p-11p,Anchorage,Flight Deck Bar and Lounge,music,,,system@akconcerts.com,AK Concerts Auto Import,Master Event Database,Approved
2026-08-12 12:00:00,Jukebox Karaoke Roadshow,2021-05-11,8p-12a,Anchorage,Trophy Lounge,music,,,system@akconcerts.com,AK Concerts Auto Import,Master Event Database,Approved
2026-08-12 12:00:00,Garret's Toasts to Jams,2021-05-11,8p-12a,Anchorage,Van’s Dive Bar,music,,,system@akconcerts.com,AK Concerts Auto Import,Master Event Database,Approved
2026-08-12 12:00:00,The Eternal Cowboys,2021-05-11,9p-1a,Anchorage,Koot’s,music,,,system@akconcerts.com,AK Concerts Auto Import,Master Event Database,Approved
2026-08-12 12:00:00,Koots Karaoke,2021-05-12,10p-2a,Anchorage,Koot’s,music,,,system@akconcerts.com,AK Concerts Auto Import,Master Event Database,Approved
2026-08-12 12:00:00,Open Mic at Schwabenhof,2021-05-12,7:30p-11:30p,Anchorage,The Schwabenhof (Wasilla),music,,,system@akconcerts.com,AK Concerts Auto Import,Master Event Database,Approved
2026-08-12 12:00:00,AK Rockstar Karaoke Wednesday,2021-05-12,7p-11p,Anchorage,The Carousel Lounge,music,,,system@akconcerts.com,AK Concerts Auto Import,Master Event Database,Approved
2026-08-12 12:00:00,Comedy Open Mic,2021-05-12,8:30p-10p,Anchorage,Koot’s,comedy,,,system@akconcerts.com,AK Concerts Auto Import,Master Event Database,Approved
2026-08-12 12:00:00,Mad Myrna's Karaoke!,2021-05-12,9p-12a,Anchorage,Mad Myrna’s,music,,,system@akconcerts.com,AK Concerts Auto Import,Master Event Database,Approved
2026-08-12 12:00:00,Storytime in the Park,2021-06-18,10:30a-11a,Anchorage,Eagle River Commons Park,community,,,system@akconcerts.com,AK Concerts Auto Import,Master Event Database,Approved
2026-08-12 12:00:00,Velvet La La,2021-06-18,10p-2:30a,Anchorage,Koot’s,music,,,system@akconcerts.com,AK Concerts Auto Import,Master Event Database,Approved
2026-08-12 12:00:00,Those Guys AK,2021-06-18,10p-2:30a,Anchorage,The Mug-Shot Saloon (Wasilla),music,,,system@akconcerts.com,AK Concerts Auto Import,Master Event Database,Approved
2026-08-12 12:00:00,Marc Brown & The Blues Crew,2021-06-18,10p-2a,Anchorage,International Hotel and Bar (Fairbanks),music,,,system@akconcerts.com,AK Concerts Auto Import,Master Event Database,Approved
2026-08-12 12:00:00,Friday Fling Live Music w/ Antigen,2021-06-18,11:30a-1p & 4:30p-6p,Anchorage,Palmer Downtown Pavilion,music,,,system@akconcerts.com,AK Concerts Auto Import,Master Event Database,Approved
2026-08-12 12:00:00,The Box Tops Concert,2021-06-18,5:30p-10p,Anchorage,Curtis Menard Sports Center (Wasilla),music,,,system@akconcerts.com,AK Concerts Auto Import,Master Event Database,Approved
2026-08-12 12:00:00,Friday Night Feast w/ 100 Proof Karaoke,2021-06-18,5:30p-7p,Anchorage,American Legion Post 15 (Palmer),music,,,system@akconcerts.com,AK Concerts Auto Import,Master Event Database,Approved
2026-08-12 12:00:00,Talkeetna Live at 5 with Larry Sandy,2021-06-18,5p-7p,Anchorage,Talkeetna Village Park,music,,,system@akconcerts.com,AK Concerts Auto Import,Master Event Database,Approved
2026-08-12 12:00:00,Green Light Circus,2021-06-18,6:30p-9p,Anchorage,Sheldon Community Arts Council (Talkeetna),music,,,system@akconcerts.com,AK Concerts Auto Import,Master Event Database,Approved
2026-08-12 12:00:00,Flannels & Skanks,2021-06-18,6p-10p,Anchorage,Dirty Skillet (Hope),music,,,system@akconcerts.com,AK Concerts Auto Import,Master Event Database,Approved
2026-08-12 12:00:00,Jared Woods,2021-06-18,6p-10p,Anchorage,Seaview Café (Hope),music,,,system@akconcerts.com,AK Concerts Auto Import,Master Event Database,Approved
2026-08-12 12:00:00,Witty Youngman,2021-06-18,6p-9p,Anchorage,Seldovia Boardwalk Hotel (Seldovia),music,,,system@akconcerts.com,AK Concerts Auto Import,Master Event Database,Approved
2026-08-12 12:00:00,Music In The Park: Roland Roberts Band,2021-06-18,6p-9p,Anchorage,Wonderland Park (Wasilla),music,,,system@akconcerts.com,AK Concerts Auto Import,Master Event Database,Approved
2026-08-12 12:00:00,Solstice Shrimp Boil with Braided River and Deadphish Orchestra,2021-06-18,7p-10:30p,Anchorage,Creekbend Company (Hope),music,,,system@akconcerts.com,AK Concerts Auto Import,Master Event Database,Approved
2026-08-12 12:00:00,I Like Robots,2021-06-18,7p-10p,Anchorage,Matanuska Brewing Eagle River,music,,,system@akconcerts.com,AK Concerts Auto Import,Master Event Database,Approved
2026-08-12 12:00:00,Silver Train,2021-06-18,7p-10p,Anchorage,O’Malleys on the Green,music,,,system@akconcerts.com,AK Concerts Auto Import,Master Event Database,Approved
2026-08-12 12:00:00,The Ken Peltier Band,2021-06-18,7p-10p,Anchorage,Palmer Alehouse,music,,,system@akconcerts.com,AK Concerts Auto Import,Master Event Database,Approved
2026-08-12 12:00:00,Hooked Entertainment Comedy: Sam Talent,2021-06-18,7p-11p,Anchorage,Everett’s (Wasilla),comedy,,,system@akconcerts.com,AK Concerts Auto Import,Master Event Database,Approved
2026-08-12 12:00:00,Open Mic Night,2021-06-18,7p-12a,Anchorage,Floaters (Big Lake),music,,,system@akconcerts.com,AK Concerts Auto Import,Master Event Database,Approved
2026-08-12 12:00:00,Karaoke Friday at the Eagles!,2021-06-18,7p-12a,Anchorage,The Fraternal Order of Eagles Aerie 4207,music,,,system@akconcerts.com,AK Concerts Auto Import,Master Event Database,Approved
2026-08-12 12:00:00,"Playhouse LIVE w/ John Budnik, Long Nights Moon, Andy Mullen, Jared Hazen, & Sabrina Speers",2021-06-18,8p-11p,Anchorage,The Schwabenhof (Wasilla),theatre,,,system@akconcerts.com,AK Concerts Auto Import,Master Event Database,Approved
2026-08-12 12:00:00,Hot Mess,2021-06-18,8p-12a,Anchorage,The Vagabond Inn (Kenai),music,,,system@akconcerts.com,AK Concerts Auto Import,Master Event Database,Approved
2026-08-12 12:00:00,Ukulele Russ & His One Man Frontier Band,2021-06-18,8p-1a,Anchorage,Golden Saloon (McCarthy),music,,,system@akconcerts.com,AK Concerts Auto Import,Master Event Database,Approved
2026-08-12 12:00:00,Adam Patterson and the Heavy Hearts,2021-06-18,9p-1:30a,Anchorage,The Yukon Bar (Seward),music,,,system@akconcerts.com,AK Concerts Auto Import,Master Event Database,Approved
2026-08-12 12:00:00,Friday Night Karaoke!,2021-06-18,9p-1a,Anchorage,American Legion Spenard Post 28,music,,,system@akconcerts.com,AK Concerts Auto Import,Master Event Database,Approved
2026-08-12 12:00:00,Cami from Miami,2021-06-18,9p-1a,Anchorage,Fairview Inn (Talkeetna),music,,,system@akconcerts.com,AK Concerts Auto Import,Master Event Database,Approved
2026-08-12 12:00:00,"Local Roots is BACK with ATF, Saucy Yoda, & Evil Ted and the Thick Pink Antiseptic",2021-06-18,9p-1a,Anchorage,Koot’s,music,,,system@akconcerts.com,AK Concerts Auto Import,Master Event Database,Approved
2026-08-12 12:00:00,Photonak & Concrete To Clouds,2021-06-18,9p-1a,Anchorage,Van’s Dive Bar,music,,,system@akconcerts.com,AK Concerts Auto Import,Master Event Database,Approved
2026-08-12 12:00:00,Vibes in the Speakeasy w/ DJ Third George,2021-06-18,9p-2a,Anchorage,Williwaw Social,music,,,system@akconcerts.com,AK Concerts Auto Import,Master Event Database,Approved
2026-08-12 12:00:00,Summer Solstice party with The Jammin Band,2021-06-19,10p-2a,Anchorage,Duck Inn Café (Soldotna),music,,,system@akconcerts.com,AK Concerts Auto Import,Master Event Database,Approved
2026-08-12 12:00:00,Downtown Partnership Re-Imagined Solstice Festival 2021 with Tons of Music!,2021-06-19,12p-9p,Anchorage,Anchorage Downtown,festival,,,system@akconcerts.com,AK Concerts Auto Import,Master Event Database,Approved
2026-08-12 12:00:00,Grand Opening & solstice Party w/ Nothin But Karma,2021-06-19,1p-10p,Anchorage,The Broken Blender,music,,,system@akconcerts.com,AK Concerts Auto Import,Master Event Database,Approved
2026-08-12 12:00:00,Salsa in the Park with Anaya Latin Dance,2021-06-19,1p-4p,Anchorage,Anchorage Town Square Park,dance,,,system@akconcerts.com,AK Concerts Auto Import,Master Event Database,Approved
2026-08-12 12:00:00,Alaska 4x4 Meet & Greet w/ The Hand Me Downs,2021-06-19,4p-7p,Anchorage,Museum of Transportation & Industry (Wasilla),music,,,system@akconcerts.com,AK Concerts Auto Import,Master Event Database,Approved
2026-08-12 12:00:00,Mat-Su Valley Rock Fest: Bad Flower w/ Millennial Falcons and Matt Hopper & the Roman Candles,2021-06-19,5:30p-10p,Anchorage,Curtis Menard Sports Center (Wasilla),festival,,,system@akconcerts.com,AK Concerts Auto Import,Master Event Database,Approved
2026-08-12 12:00:00,Daddy’s Issue,2021-06-19,5p-6p,Anchorage,Denali Harley Davidson (Wasilla),music,,,system@akconcerts.com,AK Concerts Auto Import,Master Event Database,Approved
2026-08-12 12:00:00,Big Head Todd and the Monsters with SunDog & Alaska Thunder Funk,2021-06-19,6p-10:30p,Anchorage,Williwaw Social,music,,,system@akconcerts.com,AK Concerts Auto Import,Master Event Database,Approved
2026-08-12 12:00:00,Fun and Food w/ 100 Proof Karaoke,2021-06-19,6p-11p,Anchorage,American Legion Post 15 (Palmer),music,,,system@akconcerts.com,AK Concerts Auto Import,Master Event Database,Approved
2026-08-12 12:00:00,Stone Atlas on the Roof,2021-06-19,7p-10p,Anchorage,Jack Sprat (Girdwood),music,,,system@akconcerts.com,AK Concerts Auto Import,Master Event Database,Approved
2026-08-12 12:00:00,Love & Theft,2021-06-19,7p-10p,Anchorage,Kodiak Island Borough Fairgrounds,music,,,system@akconcerts.com,AK Concerts Auto Import,Master Event Database,Approved
2026-08-12 12:00:00,Ken Peltier,2021-06-19,7p-10p,Anchorage,Matanuska Brewing Eagle River,music,,,system@akconcerts.com,AK Concerts Auto Import,Master Event Database,Approved
2026-08-12 12:00:00,H3 LIVE,2021-06-19,7p-10p,Anchorage,Palmer Alehouse,music,,,system@akconcerts.com,AK Concerts Auto Import,Master Event Database,Approved
2026-08-12 12:00:00,Juneteenth Festival featuring The Wailers,2021-06-19,7p-1a,Anchorage,International Hotel and Bar (Fairbanks),festival,,,system@akconcerts.com,AK Concerts Auto Import,Master Event Database,Approved
2026-08-12 12:00:00,Comedian Sam Tallent,2021-06-19,7p-9p & 9:10p-11:30p,Anchorage,Koot’s,music,,,system@akconcerts.com,AK Concerts Auto Import,Master Event Database,Approved
2026-08-12 12:00:00,Sassy Saturdays with Sweet Cheeks Cabaret,2021-06-19,8p-10p,Anchorage,The Broken Blender,music,,,system@akconcerts.com,AK Concerts Auto Import,Master Event Database,Approved
2026-08-12 12:00:00,Jerry Wessling Band Live,2021-06-19,8p-12a,Anchorage,Floater's (Big Lake),music,,,system@akconcerts.com,AK Concerts Auto Import,Master Event Database,Approved
2026-08-12 12:00:00,Summer Solstice Dance Party with DJ Joe Brady,2021-06-19,9:30p-2a,Anchorage,Williwaw Social,dance,,,system@akconcerts.com,AK Concerts Auto Import,Master Event Database,Approved
2026-08-12 12:00:00,Soiree in the Speakeasy,2021-06-19,9p-1:30a,Anchorage,Williwaw Social,music,,,system@akconcerts.com,AK Concerts Auto Import,Master Event Database,Approved
2026-08-12 12:00:00,Mad Myrna's 2021 PRIDE PAGEANT,2021-06-19,9p-11p,Anchorage,Mad Myrna’s,music,,,system@akconcerts.com,AK Concerts Auto Import,Master Event Database,Approved
2026-08-12 12:00:00,Saturday Night Karaoke!,2021-06-19,9p-12a,Anchorage,American Legion Spenard Post 28,music,,,system@akconcerts.com,AK Concerts Auto Import,Master Event Database,Approved
2026-08-12 12:00:00,Triple Black Diamond,2021-06-19,9p-1a,Anchorage,Fairview Inn (Talkeetna),music,,,system@akconcerts.com,AK Concerts Auto Import,Master Event Database,Approved
2026-08-12 12:00:00,DJ Joe Goodnov,2021-06-19,9p-1a,Anchorage,Koot’s,music,,,system@akconcerts.com,AK Concerts Auto Import,Master Event Database,Approved
2026-08-12 12:00:00,Daddy's Issue,2021-06-19,9p-1a,Anchorage,Van’s Dive Bar,music,,,system@akconcerts.com,AK Concerts Auto Import,Master Event Database,Approved
2026-08-12 12:00:00,Beats Roots Alaska Annual Pride Show w/ DJ Covy & Jen Theulen,2021-06-20,3p-5p,Anchorage,KONR 106.1 FM,music,,,system@akconcerts.com,AK Concerts Auto Import,Master Event Database,Approved
2026-08-12 12:00:00,Father's Day/Summer Solstice Block Party w/ Eternal Cowboys & B4UDie,2021-06-20,4:30p-9,Anchorage,Pubhouse,music,,,system@akconcerts.com,AK Concerts Auto Import,Master Event Database,Approved
2026-08-12 12:00:00,Schwabenhof Sunday Blues Jam,2021-06-20,4p-8p,Anchorage,The Schwabenhof (Wasilla),music,,,system@akconcerts.com,AK Concerts Auto Import,Master Event Database,Approved
2026-08-12 12:00:00,Sean Tracey,2021-06-20,5p-8:30p,Anchorage,Seaview Café (Hope),music,,,system@akconcerts.com,AK Concerts Auto Import,Master Event Database,Approved
2026-08-12 12:00:00,Father’s Day Solstice Party with The Hand Me Downs,2021-06-20,6p-10p,Anchorage,Willow Trading Post,music,,,system@akconcerts.com,AK Concerts Auto Import,Master Event Database,Approved
2026-08-12 12:00:00,All Ages Open Mic w/ Tyson Davis,2021-06-20,6p-8p,Anchorage,Temple Studios Community Center (Seward),music,,,system@akconcerts.com,AK Concerts Auto Import,Master Event Database,Approved
2026-08-12 12:00:00,Those Guys AK Open Mic Night,2021-06-20,8p-11p,Anchorage,Humpys,music,,,system@akconcerts.com,AK Concerts Auto Import,Master Event Database,Approved
2026-08-12 12:00:00,Mad Myrna's Karaoke!,2021-06-20,8p-12a,Anchorage,Mad Myrna’s,music,,,system@akconcerts.com,AK Concerts Auto Import,Master Event Database,Approved
2026-08-12 12:00:00,Open Mic Night w/ Wash Your Hands,2021-06-20,8p-1a,Anchorage,Van’s Dive Bar,music,,,system@akconcerts.com,AK Concerts Auto Import,Master Event Database,Approved
2026-08-12 12:00:00,AK Rockstar Karaoke Sunday,2021-06-20,8p-2a,Anchorage,The Carousel Lounge,music,,,system@akconcerts.com,AK Concerts Auto Import,Master Event Database,Approved
2026-08-12 12:00:00,Open Jam w/ Ben Sayers,2021-06-20,9p-12a,Anchorage,Yukon Bar (Seward),music,,,system@akconcerts.com,AK Concerts Auto Import,Master Event Database,Approved
2026-08-12 12:00:00,Jimmy Sandy,2021-06-20,9p-1a,Anchorage,Fairview Inn (Talkeetna),music,,,system@akconcerts.com,AK Concerts Auto Import,Master Event Database,Approved
2026-08-12 12:00:00,LGBTQ Movie Night,2021-06-21,6:30p-11p,Anchorage,Mad Myrna’s,music,,,system@akconcerts.com,AK Concerts Auto Import,Master Event Database,Approved
2026-08-12 12:00:00,Monday Night Karaoke,2021-06-21,7p-10p,Anchorage,American Legion Spenard Post 28,music,,,system@akconcerts.com,AK Concerts Auto Import,Master Event Database,Approved
2026-08-12 12:00:00,The Monday Music Mic with Boobs,2021-06-21,9p-12a,Anchorage,Koot’s,music,,,system@akconcerts.com,AK Concerts Auto Import,Master Event Database,Approved
2026-08-12 12:00:00,Taking Back Mondays,2021-06-21,9p-12a,Anchorage,Van’s Dive Bar,music,,,system@akconcerts.com,AK Concerts Auto Import,Master Event Database,Approved
2026-08-12 12:00:00,"Larry, Jimm, & Kayti from the Denali Cooks",2021-06-21,9p-1a,Anchorage,Fairview Inn (Talkeetna),music,,,system@akconcerts.com,AK Concerts Auto Import,Master Event Database,Approved
2026-08-12 12:00:00,Karaoke,2021-06-21,9p-2a,Anchorage,Yukon Bar (Seward),music,,,system@akconcerts.com,AK Concerts Auto Import,Master Event Database,Approved
2026-08-12 12:00:00,Taco Tuesdays on the Roof with DJ Joe Brady,2021-06-22,4p-10p,Anchorage,Williwaw Social,music,,,system@akconcerts.com,AK Concerts Auto Import,Master Event Database,Approved
2026-08-12 12:00:00,Vintage Soul,2021-06-22,5:30p-7:30p,Anchorage,Organic Oasis,music,,,system@akconcerts.com,AK Concerts Auto Import,Master Event Database,Approved
2026-08-12 12:00:00,The Eternal Cowboys,2021-06-22,5p-8p,Anchorage,Koot’s,music,,,system@akconcerts.com,AK Concerts Auto Import,Master Event Database,Approved
2026-08-12 12:00:00,Taco Tuesday Open Mic,2021-06-22,6:30p-9:30p,Anchorage,American Legion Spenard Post 28,music,,,system@akconcerts.com,AK Concerts Auto Import,Master Event Database,Approved
2026-08-12 12:00:00,Moondog Media Open Mic Night,2021-06-22,7p-12a,Anchorage,Klondike Mike’s (Palmer),music,,,system@akconcerts.com,AK Concerts Auto Import,Master Event Database,Approved
2026-08-12 12:00:00,Open Jam with the Van's Fam,2021-06-22,8:30p-1a,Anchorage,Van’s Dive Bar,music,,,system@akconcerts.com,AK Concerts Auto Import,Master Event Database,Approved
2026-08-12 12:00:00,Amateur Drag Show,2021-06-22,8p-12a,Anchorage,Mad Myrna’s,comedy,,,system@akconcerts.com,AK Concerts Auto Import,Master Event Database,Approved
2026-08-12 12:00:00,AK Rockstar Karaoke Tuesday,2021-06-22,8p-3a,Anchorage,Flight Deck Bar and Lounge,music,,,system@akconcerts.com,AK Concerts Auto Import,Master Event Database,Approved
2026-08-12 12:00:00,Jukebox Karaoke Roadshow,2021-06-22,9p-1a,Anchorage,Trophy Lounge,music,,,system@akconcerts.com,AK Concerts Auto Import,Master Event Database,Approved
2026-08-12 12:00:00,The Eternal Cowboys,2021-06-23,10p-12a,Anchorage,Pioneer Bar,music,,,system@akconcerts.com,AK Concerts Auto Import,Master Event Database,Approved
2026-08-12 12:00:00,Koots Karaoke,2021-06-23,10p-2a,Anchorage,Koot’s,music,,,system@akconcerts.com,AK Concerts Auto Import,Master Event Database,Approved
2026-08-12 12:00:00,Open Decks,2021-06-23,10p-3a,Anchorage,Koot’s,music,,,system@akconcerts.com,AK Concerts Auto Import,Master Event Database,Approved
2026-08-12 12:00:00,Rosie Rush,2021-06-23,12p-1p,Anchorage,Peratrovich Park,music,,,system@akconcerts.com,AK Concerts Auto Import,Master Event Database,Approved
2026-08-12 12:00:00,Hott Mess with Ukulele Russ opening!,2021-06-23,6p-10p,Anchorage,Soldotna Creek Park,music,,,system@akconcerts.com,AK Concerts Auto Import,Master Event Database,Approved
2026-08-12 12:00:00,Tones of Summer feat. DJ GRE,2021-06-23,6p-11p,Anchorage,Williwaw Social,music,,,system@akconcerts.com,AK Concerts Auto Import,Master Event Database,Approved
2026-08-12 12:00:00,Open Mic at Schwabenhof,2021-06-23,7:30p-11:30p,Anchorage,The Schwabenhof (Wasilla),music,,,system@akconcerts.com,AK Concerts Auto Import,Master Event Database,Approved
2026-08-12 12:00:00,Comedy Open Mic,2021-06-23,8:30p-10p,Anchorage,Koot’s,comedy,,,system@akconcerts.com,AK Concerts Auto Import,Master Event Database,Approved
2026-08-12 12:00:00,Open Mic,2021-06-23,8p-12a,Anchorage,International Hotel and Bar (Fairbanks),music,,,system@akconcerts.com,AK Concerts Auto Import,Master Event Database,Approved
2026-08-12 12:00:00,AK Rockstar Karaoke Wednesday,2021-06-23,8p-2a,Anchorage,The Carousel Lounge,music,,,system@akconcerts.com,AK Concerts Auto Import,Master Event Database,Approved
2026-08-12 12:00:00,Mad Myrna's Karaoke!,2021-06-23,9p-12a,Anchorage,Mad Myrna’s,music,,,system@akconcerts.com,AK Concerts Auto Import,Master Event Database,Approved
2026-08-12 12:00:00,Karaoke Night With Courtney,2021-06-23,9p-12a,Anchorage,Van’s Dive Bar,music,,,system@akconcerts.com,AK Concerts Auto Import,Master Event Database,Approved
2026-08-12 12:00:00,Vintage Soul,2021-07-27,5:30p-7:30p,Anchorage,Organic Oasis,music,,,system@akconcerts.com,AK Concerts Auto Import,Master Event Database,Approved
2026-08-12 12:00:00,The Eternal Cowboys,2021-07-27,5p-8p,Anchorage,Koot’s,music,,,system@akconcerts.com,AK Concerts Auto Import,Master Event Database,Approved
2026-08-12 12:00:00,Moondog Media Open Mic Night w/ Sabrina Speers,2021-07-27,7p-12a,Anchorage,Klondike Mike’s (Palmer),music,,,system@akconcerts.com,AK Concerts Auto Import,Master Event Database,Approved
2026-08-12 12:00:00,Open Jam with the Van's Fam,2021-07-27,8:30p-1a,Anchorage,Van’s Dive Bar,music,,,system@akconcerts.com,AK Concerts Auto Import,Master Event Database,Approved
2026-08-12 12:00:00,AK Rockstar Karaoke Tuesday,2021-07-27,8p-2a,Anchorage,Flight Deck Bar and Lounge,music,,,system@akconcerts.com,AK Concerts Auto Import,Master Event Database,Approved
2026-08-12 12:00:00,Jukebox Karaoke Roadshow,2021-07-27,9p-1a,Anchorage,Trophy Lounge,music,,,system@akconcerts.com,AK Concerts Auto Import,Master Event Database,Approved
2026-08-12 12:00:00,The Eternal Cowboys,2021-07-28,10p-12a,Anchorage,Pioneer Bar,music,,,system@akconcerts.com,AK Concerts Auto Import,Master Event Database,Approved
2026-08-12 12:00:00,Koots Karaoke,2021-07-28,10p-2a,Anchorage,Koot’s,music,,,system@akconcerts.com,AK Concerts Auto Import,Master Event Database,Approved
2026-08-12 12:00:00,Open Decks,2021-07-28,10p-3a,Anchorage,Koot’s,music,,,system@akconcerts.com,AK Concerts Auto Import,Master Event Database,Approved
2026-08-12 12:00:00,Music in the Park with The Forest that Never Sleeps,2021-07-28,12p-1p,Anchorage,Peratrovich Park,music,,,system@akconcerts.com,AK Concerts Auto Import,Master Event Database,Approved
2026-08-12 12:00:00,Anchorage Concert Association: Super Saturated Sugar Strings,2021-07-28,6:30p-9p,Anchorage,Eastchester Park,music,,,system@akconcerts.com,AK Concerts Auto Import,Master Event Database,Approved
2026-08-12 12:00:00,Robb Justice with Duncan Brewer opening,2021-07-28,6p-10p,Anchorage,Soldotna Creek Park,music,,,system@akconcerts.com,AK Concerts Auto Import,Master Event Database,Approved
2026-08-12 12:00:00,Roof Top City Pop ft. DJ GRE & Lloyds Noize,2021-07-28,6p-10p,Anchorage,Williwaw Social,music,,,system@akconcerts.com,AK Concerts Auto Import,Master Event Database,Approved
2026-08-12 12:00:00,Open Mic at Schwabenhof,2021-07-28,7:30p-11:30p,Anchorage,The Schwabenhof (Wasilla),music,,,system@akconcerts.com,AK Concerts Auto Import,Master Event Database,Approved
2026-08-12 12:00:00,Arctic Jungle Band,2021-07-28,7p-10p,Anchorage,907 Alehouse,music,,,system@akconcerts.com,AK Concerts Auto Import,Master Event Database,Approved
2026-08-12 12:00:00,Comedy Open Mic,2021-07-28,8:30p-10p,Anchorage,Koot’s,comedy,,,system@akconcerts.com,AK Concerts Auto Import,Master Event Database,Approved
2026-08-12 12:00:00,Moby Wang & Supergirl,2021-07-28,8p-11:30p,Anchorage,Humpy’s,music,,,system@akconcerts.com,AK Concerts Auto Import,Master Event Database,Approved
2026-08-12 12:00:00,Open Mic,2021-07-28,8p-12a,Anchorage,International Hotel and Bar (Fairbanks),music,,,system@akconcerts.com,AK Concerts Auto Import,Master Event Database,Approved
2026-08-12 12:00:00,AK Rockstar Karaoke Wednesday,2021-07-28,8p-2a,Anchorage,The Carousel Lounge,music,,,system@akconcerts.com,AK Concerts Auto Import,Master Event Database,Approved
2026-08-12 12:00:00,Mad Myrna's Karaoke!,2021-07-28,9p-12a,Anchorage,Mad Myrna’s,music,,,system@akconcerts.com,AK Concerts Auto Import,Master Event Database,Approved
2026-08-12 12:00:00,Karaoke Night With Skylar,2021-07-28,9p-12a,Anchorage,Van’s Dive Bar,music,,,system@akconcerts.com,AK Concerts Auto Import,Master Event Database,Approved
2026-08-12 12:00:00,Karaoke,2021-07-28,9p-2a,Anchorage,Yukon Bar (Seward),music,,,system@akconcerts.com,AK Concerts Auto Import,Master Event Database,Approved
2026-08-12 12:00:00,The MOBY WANG & SUPERGIRL Show,2021-10-14,10p-1:30a,Anchorage,Koot’s,music,,,system@akconcerts.com,AK Concerts Auto Import,Master Event Database,Approved
2026-08-12 12:00:00,Thursdays with DJ Covy,2021-10-14,10p-2a,Anchorage,Mad Myrna’s,music,,,system@akconcerts.com,AK Concerts Auto Import,Master Event Database,Approved
2026-08-12 12:00:00,Songwriting Workshop with Rosie Rush,2021-10-14,4:30p-5:30p,Anchorage,The Nave Spenard,music,,,system@akconcerts.com,AK Concerts Auto Import,Master Event Database,Approved
2026-08-12 12:00:00,Lisa Lisa & That Guy live,2021-10-14,6:30p-9:30p,Anchorage,Palmer Alehouse,music,,,system@akconcerts.com,AK Concerts Auto Import,Master Event Database,Approved
2026-08-12 12:00:00,Karaoke with Steve,2021-10-14,7:30p-11:30p,Anchorage,Floaters (Big Lake),music,,,system@akconcerts.com,AK Concerts Auto Import,Master Event Database,Approved
2026-08-12 12:00:00,Danger & Diva,2021-10-14,7p-10p,Anchorage,Pubhouse,music,,,system@akconcerts.com,AK Concerts Auto Import,Master Event Database,Approved
2026-08-12 12:00:00,Throwback Thursday with DJ Joe Brady,2021-10-14,7p-11p,Anchorage,Williwaw Social,music,,,system@akconcerts.com,AK Concerts Auto Import,Master Event Database,Approved
2026-08-12 12:00:00,BCDW Twerk Cardio,2021-10-14,7p-8p,Anchorage,Underground Dance Company,music,,,system@akconcerts.com,AK Concerts Auto Import,Master Event Database,Approved
2026-08-12 12:00:00,The Eternal Cowboys,2021-10-14,8p-11:30p,Anchorage,Humpys,music,,,system@akconcerts.com,AK Concerts Auto Import,Master Event Database,Approved
2026-08-12 12:00:00,KBEAR Country Night with DJ Steve Franklin,2021-10-14,8p-12a,Anchorage,Eddies Sport’s Bar,music,,,system@akconcerts.com,AK Concerts Auto Import,Master Event Database,Approved
2026-08-12 12:00:00,Live music w/Matt & Co.,2021-10-14,8p-2a,Anchorage,The Carousel Lounge,music,,,system@akconcerts.com,AK Concerts Auto Import,Master Event Database,Approved
2026-08-12 12:00:00,Jukebox Karaoke Roadshow,2021-10-14,9p-12a,Anchorage,Flattop Pizza & Pool,music,,,system@akconcerts.com,AK Concerts Auto Import,Master Event Database,Approved
2026-08-12 12:00:00,Those Guys AK,2021-10-15,10p-2:30a,Anchorage,The Mug-Shot Saloon (Wasilla),music,,,system@akconcerts.com,AK Concerts Auto Import,Master Event Database,Approved
2026-08-12 12:00:00,The Stack Live,2021-10-15,10p-2:45a,Anchorage,Koot's,music,,,system@akconcerts.com,AK Concerts Auto Import,Master Event Database,Approved
2026-08-12 12:00:00,The Stack Live,2021-10-15,10p-2:45a,Anchorage,Koots,music,,,system@akconcerts.com,AK Concerts Auto Import,Master Event Database,Approved
2026-08-12 12:00:00,Jerry Wessling Band,2021-10-15,10p-2a,Anchorage,Klondike Mike’s (Palmer),music,,,system@akconcerts.com,AK Concerts Auto Import,Master Event Database,Approved
2026-08-12 12:00:00,Caribbean Night w/ DJ Militant & DJ Caribbean Queen,2021-10-15,11p-2a,Anchorage,Lil Babes Cocktail Lounge,music,,,system@akconcerts.com,AK Concerts Auto Import,Master Event Database,Approved
2026-08-12 12:00:00,John Damberg Jazz Piano Fridays,2021-10-15,5:30p-7:30p,Anchorage,Organic Oasis,music,,,system@akconcerts.com,AK Concerts Auto Import,Master Event Database,Approved
2026-08-12 12:00:00,Friday Night Feast w/ 100 Proof Karaoke,2021-10-15,5:30p-7p,Anchorage,American Legion Post 15 (Palmer),music,,,system@akconcerts.com,AK Concerts Auto Import,Master Event Database,Approved
2026-08-12 12:00:00,Nightmare on Cheek Street,2021-10-15,7:30p-10p,Anchorage,Broken Blender,music,,,system@akconcerts.com,AK Concerts Auto Import,Master Event Database,Approved
2026-08-12 12:00:00,AK Beer Awards Night,2021-10-15,7p-10p,Anchorage,Broken Blender,music,,,system@akconcerts.com,AK Concerts Auto Import,Master Event Database,Approved
2026-08-12 12:00:00,Open Mic Night,2021-10-15,7p-12a,Anchorage,Floaters (Big Lake),music,,,system@akconcerts.com,AK Concerts Auto Import,Master Event Database,Approved
2026-08-12 12:00:00,Karaoke Friday at the Eagles!,2021-10-15,7p-12a,Anchorage,The Fraternal Order of Eagles Aerie 4207,music,,,system@akconcerts.com,AK Concerts Auto Import,Master Event Database,Approved
2026-08-12 12:00:00,DJ Chester Chomp’s Zoom Room Dance Party!,2021-10-15,7p-7:40p,Anchorage,Red Carpet Entertainment,dance,,,system@akconcerts.com,AK Concerts Auto Import,Master Event Database,Approved
2026-08-12 12:00:00,The Rocky Horror Show,2021-10-15,7p-9p,Anchorage,Mad Myrna’s,music,,,system@akconcerts.com,AK Concerts Auto Import,Master Event Database,Approved
2026-08-12 12:00:00,Showdown Productions: IDK - Live in Alaska,2021-10-15,8p-1a,Anchorage,Williwaw Social,music,,,system@akconcerts.com,AK Concerts Auto Import,Master Event Database,Approved
2026-08-12 12:00:00,Roland Roberts Band,2021-10-15,9:30p-1a,Anchorage,Humpys,music,,,system@akconcerts.com,AK Concerts Auto Import,Master Event Database,Approved
2026-08-12 12:00:00,Friday Night Vibes in the Speakeasy,2021-10-15,9p-1:30a,Anchorage,Williwaw Social,music,,,system@akconcerts.com,AK Concerts Auto Import,Master Event Database,Approved
2026-08-12 12:00:00,Friday Night Karaoke!,2021-10-15,9p-12a,Anchorage,American Legion Spenard Post 28,music,,,system@akconcerts.com,AK Concerts Auto Import,Master Event Database,Approved
2026-08-12 12:00:00,Friday Night Dance Lounge,2021-10-15,9p-1a,Anchorage,Alaska Dance Promotions,dance,,,system@akconcerts.com,AK Concerts Auto Import,Master Event Database,Approved
2026-08-12 12:00:00,Live in Alaska,2021-10-15,TBD,Anchorage,Showdown Productions: IDK,music,,,system@akconcerts.com,AK Concerts Auto Import,Master Event Database,Approved
2026-08-12 12:00:00,The Stack Live,2021-10-16,10p-2:45a,Anchorage,Koot’s,music,,,system@akconcerts.com,AK Concerts Auto Import,Master Event Database,Approved
2026-08-12 12:00:00,The Tyson James Trio,2021-10-16,4p-7p,Anchorage,Hatcher’s Pass Lodge (Hatcher’s Pass),music,,,system@akconcerts.com,AK Concerts Auto Import,Master Event Database,Approved
2026-08-12 12:00:00,Tim Hall,2021-10-16,6:30p-9:30p,Anchorage,Everett’s (Wasilla),music,,,system@akconcerts.com,AK Concerts Auto Import,Master Event Database,Approved
2026-08-12 12:00:00,Fun and Food w/ 100 Proof Karaoke,2021-10-16,6p-11p,Anchorage,American Legion Post 15 (Palmer),music,,,system@akconcerts.com,AK Concerts Auto Import,Master Event Database,Approved
2026-08-12 12:00:00,Costume Party & Dance,2021-10-16,7p-9p,Anchorage,Tree of Life Church (Palmer),dance,,,system@akconcerts.com,AK Concerts Auto Import,Master Event Database,Approved
2026-08-12 12:00:00,The Comedy Show,2021-10-16,7p-9p,Anchorage,Willow Trading Post,comedy,,,system@akconcerts.com,AK Concerts Auto Import,Master Event Database,Approved
2026-08-12 12:00:00,Jukebox Karaoke Roadshow,2021-10-16,8p-11p,Anchorage,Don Jose’s,music,,,system@akconcerts.com,AK Concerts Auto Import,Master Event Database,Approved
2026-08-12 12:00:00,Danger Money Live at The Moose Lodge!,2021-10-16,8p-12a,Anchorage,Anchorage Moose Lodge,music,,,system@akconcerts.com,AK Concerts Auto Import,Master Event Database,Approved
2026-08-12 12:00:00,Pirate Costume Party w/ Benjammin & the Jammin Band,2021-10-16,8p-12a,Anchorage,Kenai Joe’s Taphouse,music,,,system@akconcerts.com,AK Concerts Auto Import,Master Event Database,Approved
2026-08-12 12:00:00,Club Y2K : A 2000's Party w/ DJ Joe Brady,2021-10-16,8p-2a,Anchorage,Williwaw Social,music,,,system@akconcerts.com,AK Concerts Auto Import,Master Event Database,Approved
2026-08-12 12:00:00,Jerry's Situation,2021-10-16,9:30p-1a,Anchorage,Humpys,music,,,system@akconcerts.com,AK Concerts Auto Import,Master Event Database,Approved
2026-08-12 12:00:00,Hot Mess 80’s Hair Band Night,2021-10-16,9a-2a,Anchorage,The Duck Inn (Kalifornsky),music,,,system@akconcerts.com,AK Concerts Auto Import,Master Event Database,Approved
2026-08-12 12:00:00,Saturday Night Soiree in the Speakeasy,2021-10-16,9p-1:30a,Anchorage,Williwaw Social,music,,,system@akconcerts.com,AK Concerts Auto Import,Master Event Database,Approved
2026-08-12 12:00:00,Saturday Night Karaoke!,2021-10-16,9p-12a,Anchorage,American Legion Spenard Post 28,music,,,system@akconcerts.com,AK Concerts Auto Import,Master Event Database,Approved
2026-08-12 12:00:00,"Local Roots ft Mindful Khaos, Part Time Super Heroes, &Sideways.",2021-10-16,9p-2:45a,Anchorage,Koot’s,music,,,system@akconcerts.com,AK Concerts Auto Import,Master Event Database,Approved
2026-08-12 12:00:00,Schwabenhof's Sunday Live Music,2021-10-17,4p-7p,Anchorage,The Schwabenhof (Wasilla),music,,,system@akconcerts.com,AK Concerts Auto Import,Master Event Database,Approved
2026-08-12 12:00:00,JD Cox,2021-10-17,6:30p-9:30p,Anchorage,Everett’s (Wasilla),music,,,system@akconcerts.com,AK Concerts Auto Import,Master Event Database,Approved
2026-08-12 12:00:00,All Ages Open Mic w/ Tyson Davis,2021-10-17,6p-8p,Anchorage,Temple Studios Community Center (Seward),music,,,system@akconcerts.com,AK Concerts Auto Import,Master Event Database,Approved
2026-08-12 12:00:00,Open Mic Jam,2021-10-17,8p-11p,Anchorage,Humpys,music,,,system@akconcerts.com,AK Concerts Auto Import,Master Event Database,Approved
2026-08-12 12:00:00,Mad Myrna's Karaoke!,2021-10-17,8p-12a,Anchorage,Mad Myrna’s,music,,,system@akconcerts.com,AK Concerts Auto Import,Master Event Database,Approved
2026-08-12 12:00:00,Open Mic With Sara Wash Your Hands,2021-10-17,8p-12a,Anchorage,Van’s Dive Bar,music,,,system@akconcerts.com,AK Concerts Auto Import,Master Event Database,Approved
2026-08-12 12:00:00,AK Rockstar Karaoke Sunday,2021-10-17,8p-2a,Anchorage,The Carousel Lounge,music,,,system@akconcerts.com,AK Concerts Auto Import,Master Event Database,Approved
2026-08-12 12:00:00,Open Jam w/ Ben Sayers,2021-10-17,9p-1a,Anchorage,The Yukon Bar (Seward),music,,,system@akconcerts.com,AK Concerts Auto Import,Master Event Database,Approved
2026-08-12 12:00:00,Monday Night Karaoke,2021-10-18,8p-11p,Anchorage,American Legion Spenard Post 28,music,,,system@akconcerts.com,AK Concerts Auto Import,Master Event Database,Approved
2026-08-12 12:00:00,Taking Back Mondays,2021-10-18,9:30p-12a,Anchorage,Van’s Dive Bar,music,,,system@akconcerts.com,AK Concerts Auto Import,Master Event Database,Approved
2026-08-12 12:00:00,The Monday Music Mic with Boobs,2021-10-18,9p-12a,Anchorage,Koot’s,music,,,system@akconcerts.com,AK Concerts Auto Import,Master Event Database,Approved
2026-08-12 12:00:00,Karaoke,2021-10-18,9p-2a,Anchorage,Yukon Bar (Seward),music,,,system@akconcerts.com,AK Concerts Auto Import,Master Event Database,Approved
2026-08-12 12:00:00,Vintage Soul,2021-10-19,5:30p-7:30p,Anchorage,Organic Oasis,music,,,system@akconcerts.com,AK Concerts Auto Import,Master Event Database,Approved
2026-08-12 12:00:00,Open Mic at Post 28!,2021-10-19,6:30p-9:30p,Anchorage,American Legion Spenard Post 28,music,,,system@akconcerts.com,AK Concerts Auto Import,Master Event Database,Approved
2026-08-12 12:00:00,Moondog Media Open Stage Night w/ Sabrina Speers,2021-10-19,7p-12a,Anchorage,Klondike Mike’s (Palmer),music,,,system@akconcerts.com,AK Concerts Auto Import,Master Event Database,Approved
2026-08-12 12:00:00,Midnight Sons Chorus Rehearsal,2021-10-19,7p-9:30p,Anchorage,First Christian Church,music,,,system@akconcerts.com,AK Concerts Auto Import,Master Event Database,Approved
2026-08-12 12:00:00,Open Jam with the Van's Fam,2021-10-19,8:30p-1a,Anchorage,Van’s Dive Bar,music,,,system@akconcerts.com,AK Concerts Auto Import,Master Event Database,Approved
2026-08-12 12:00:00,AK Rockstar Karaoke Tuesday,2021-10-19,8p-2a,Anchorage,The Carousel Lounge,music,,,system@akconcerts.com,AK Concerts Auto Import,Master Event Database,Approved
2026-08-12 12:00:00,The Eternal Cowboys,2021-10-19,8p-2a,Anchorage,Koot’s,music,,,system@akconcerts.com,AK Concerts Auto Import,Master Event Database,Approved
2026-08-12 12:00:00,Jukebox Karaoke Roadshow,2021-10-19,9p-1a,Anchorage,Trophy Lounge,music,,,system@akconcerts.com,AK Concerts Auto Import,Master Event Database,Approved
2026-08-12 12:00:00,The Eternal Cowboys,2021-10-20,10p-12a,Anchorage,Pioneer Bar,music,,,system@akconcerts.com,AK Concerts Auto Import,Master Event Database,Approved
2026-08-12 12:00:00,Koots Karaoke,2021-10-20,10p-2a,Anchorage,Koot’s,music,,,system@akconcerts.com,AK Concerts Auto Import,Master Event Database,Approved
2026-08-12 12:00:00,Open Decks,2021-10-20,10p-3a,Anchorage,Koot’s,music,,,system@akconcerts.com,AK Concerts Auto Import,Master Event Database,Approved
2026-08-12 12:00:00,Open Mic at Schwabenhof,2021-10-20,7:30p-11:30p,Anchorage,The Schwabenhof (Wasilla),music,,,system@akconcerts.com,AK Concerts Auto Import,Master Event Database,Approved
2026-08-12 12:00:00,Arctic Jungle Band,2021-10-20,7p-10p,Anchorage,907 Alehouse,music,,,system@akconcerts.com,AK Concerts Auto Import,Master Event Database,Approved
2026-08-12 12:00:00,(Open) Mic Check,2021-10-20,7p-10p,Anchorage,Goldies AK (Fairbanks),music,,,system@akconcerts.com,AK Concerts Auto Import,Master Event Database,Approved
2026-08-12 12:00:00,Witty Youngman,2021-10-20,7p-10p,Anchorage,PubHouse,music,,,system@akconcerts.com,AK Concerts Auto Import,Master Event Database,Approved
2026-08-12 12:00:00,Peanut Butter and Jamz w/ DJ GRE & Lloydz Noize,2021-10-20,7p-10p,Anchorage,Williwaw Social,music,,,system@akconcerts.com,AK Concerts Auto Import,Master Event Database,Approved
2026-08-12 12:00:00,Comedy Open Mic,2021-10-20,8:30p-10p,Anchorage,Koot’s,comedy,,,system@akconcerts.com,AK Concerts Auto Import,Master Event Database,Approved
2026-08-12 12:00:00,Karaoke Hosted by Spenard Husband,2021-10-20,8:30p-12a,Anchorage,Van’s Dive Bar,music,,,system@akconcerts.com,AK Concerts Auto Import,Master Event Database,Approved
2026-08-12 12:00:00,Jared Woods,2021-10-20,8p-11:30p,Anchorage,Humpys,music,,,system@akconcerts.com,AK Concerts Auto Import,Master Event Database,Approved
2026-08-12 12:00:00,AK Rockstar Karaoke Wednesday,2021-10-20,8p-11p,Anchorage,The Carousel Lounge,music,,,system@akconcerts.com,AK Concerts Auto Import,Master Event Database,Approved
2026-08-12 12:00:00,KASH Country Night at Koot's w/ Ken Peltier,2021-10-20,8p-12:30a,Anchorage,Koot’s,music,,,system@akconcerts.com,AK Concerts Auto Import,Master Event Database,Approved
2026-08-12 12:00:00,Mad Myrna's Karaoke!,2021-10-20,9p-12a,Anchorage,Mad Myrna’s,music,,,system@akconcerts.com,AK Concerts Auto Import,Master Event Database,Approved
2026-08-12 12:00:00,The Jephries w/ Chelsea's Biscuit & Fungus,2021-11-26,10p-2:30a,Anchorage,Koot’s,music,,,system@akconcerts.com,AK Concerts Auto Import,Master Event Database,Approved
2026-08-12 12:00:00,Those Guys AK,2021-11-26,10p-2a,Anchorage,Klondike Mike’s & the Main Street Grill (Palmer),music,,,system@akconcerts.com,AK Concerts Auto Import,Master Event Database,Approved
2026-08-12 12:00:00,Caribbean Night w/ DJ Militant & DJ Caribbean Queen,2021-11-26,11p-2a,Anchorage,Lil Babes Cocktail Lounge,music,,,system@akconcerts.com,AK Concerts Auto Import,Master Event Database,Approved
2026-08-12 12:00:00,John Damberg Jazz Piano Fridays,2021-11-26,5:30p-7:30p,Anchorage,Organic Oasis,music,,,system@akconcerts.com,AK Concerts Auto Import,Master Event Database,Approved
2026-08-12 12:00:00,Friday Night Feast w/ 100 Proof Karaoke,2021-11-26,5:30p-7p,Anchorage,American Legion Post 15 (Palmer),music,,,system@akconcerts.com,AK Concerts Auto Import,Master Event Database,Approved
2026-08-12 12:00:00,Open Mic Night,2021-11-26,5p-7p,Anchorage,Black Birch Books (Wasilla),music,,,system@akconcerts.com,AK Concerts Auto Import,Master Event Database,Approved
2026-08-12 12:00:00,Acoustic Steak Night with MusiCal,2021-11-26,6p-8p,Anchorage,American Legion Spenard Post 28,theatre,,,system@akconcerts.com,AK Concerts Auto Import,Master Event Database,Approved
2026-08-12 12:00:00,Date Night - Latin Dancing,2021-11-26,7p-10p,Anchorage,Mermaid Grotto Café & Boutique (Seward),music,,,system@akconcerts.com,AK Concerts Auto Import,Master Event Database,Approved
2026-08-12 12:00:00,Witty Youngman,2021-11-26,7p-10p,Anchorage,PubHouse,music,,,system@akconcerts.com,AK Concerts Auto Import,Master Event Database,Approved
2026-08-12 12:00:00,Open Mic Night,2021-11-26,7p-12a,Anchorage,Floaters (Big Lake),music,,,system@akconcerts.com,AK Concerts Auto Import,Master Event Database,Approved
2026-08-12 12:00:00,Karaoke Friday at the Eagles!,2021-11-26,7p-12a,Anchorage,The Fraternal Order of Eagles Aerie 4207,music,,,system@akconcerts.com,AK Concerts Auto Import,Master Event Database,Approved
2026-08-12 12:00:00,DJ Chester Chomp’s Zoom Room Dance Party,2021-11-26,7p-7:40p,Anchorage,Red Carpet Entertainment,dance,,,system@akconcerts.com,AK Concerts Auto Import,Master Event Database,Approved
2026-08-12 12:00:00,VPA’s The Best Christmas Pageant Ever,2021-11-26,7p-9:30p,Anchorage,Valley Performing Arts (Wasilla),music,,,system@akconcerts.com,AK Concerts Auto Import,Master Event Database,Approved
2026-08-12 12:00:00,90s Video Dance Party: In Living Color,2021-11-26,8p-2a,Anchorage,Williwaw Social,dance,,,system@akconcerts.com,AK Concerts Auto Import,Master Event Database,Approved
2026-08-12 12:00:00,Woodrow,2021-11-26,9:30p-1a,Anchorage,Humpys,music,,,system@akconcerts.com,AK Concerts Auto Import,Master Event Database,Approved
2026-08-12 12:00:00,Karaoke Weekends,2021-11-26,9:30p-3a,Anchorage,Roundup Steakhouse & Saloon (Fairbanks),music,,,system@akconcerts.com,AK Concerts Auto Import,Master Event Database,Approved
2026-08-12 12:00:00,Friday Night Vibes in the Speakeasy,2021-11-26,9p-1:30a,Anchorage,Williwaw Social,music,,,system@akconcerts.com,AK Concerts Auto Import,Master Event Database,Approved
2026-08-12 12:00:00,Friday Night Karaoke!,2021-11-26,9p-12a,Anchorage,American Legion Spenard Post 28,music,,,system@akconcerts.com,AK Concerts Auto Import,Master Event Database,Approved
2026-08-12 12:00:00,Friday Night Dance Lounge,2021-11-26,9p-1a,Anchorage,Alaska Dance Promotions,dance,,,system@akconcerts.com,AK Concerts Auto Import,Master Event Database,Approved
2026-08-12 12:00:00,Latin Dancing,2021-11-26,TBD,Anchorage,Date Night,music,,,system@akconcerts.com,AK Concerts Auto Import,Master Event Database,Approved
2026-08-12 12:00:00,"Thanksgiving Metal Massacre w/ Decepticide, Mindful Khaos, Gloom Wagon, & Part Time Super Heroes",2021-11-27,10p-2:30a,Anchorage,Koot’s,music,,,system@akconcerts.com,AK Concerts Auto Import,Master Event Database,Approved
2026-08-12 12:00:00,Those Guys AK,2021-11-27,10p-2a,Anchorage,Klondike Mike’s & the Main Street Grill (Palmer),music,,,system@akconcerts.com,AK Concerts Auto Import,Master Event Database,Approved
2026-08-12 12:00:00,Tim Hall,2021-11-27,6:30p-9:30p,Anchorage,Everett’s (Wasilla),music,,,system@akconcerts.com,AK Concerts Auto Import,Master Event Database,Approved
2026-08-12 12:00:00,Fun and Food w/ 100 Proof Karaoke,2021-11-27,6p-11p,Anchorage,American Legion Post 15 (Palmer),music,,,system@akconcerts.com,AK Concerts Auto Import,Master Event Database,Approved
2026-08-12 12:00:00,Karaoke Saturday at the Eagles!,2021-11-27,7p-12a,Anchorage,The Fraternal Order of Eagles Aerie 4207,music,,,system@akconcerts.com,AK Concerts Auto Import,Master Event Database,Approved
2026-08-12 12:00:00,VPA’s The Best Christmas Pageant Ever,2021-11-27,7p-9:30p,Anchorage,Valley Performing Arts (Wasilla),music,,,system@akconcerts.com,AK Concerts Auto Import,Master Event Database,Approved
2026-08-12 12:00:00,Jukebox Karaoke Roadshow,2021-11-27,8p-11p,Anchorage,Don Jose’s,music,,,system@akconcerts.com,AK Concerts Auto Import,Master Event Database,Approved
2026-08-12 12:00:00,Velvet La La Live,2021-11-27,8p-12a,Anchorage,Anchorage Moose Lodge,music,,,system@akconcerts.com,AK Concerts Auto Import,Master Event Database,Approved
2026-08-12 12:00:00,Tripwire Band the Legend,2021-11-27,8p-12a,Anchorage,Floaters (Big Lake),music,,,system@akconcerts.com,AK Concerts Auto Import,Master Event Database,Approved
2026-08-12 12:00:00,EAT YOUR HEART OUT - Sassy Saturdays Cabaret,2021-11-27,8p-9:30p,Anchorage,Broken Blender,music,,,system@akconcerts.com,AK Concerts Auto Import,Master Event Database,Approved
2026-08-12 12:00:00,Nothin But Trouble,2021-11-27,9:30p-1a,Anchorage,Humpys,music,,,system@akconcerts.com,AK Concerts Auto Import,Master Event Database,Approved
2026-08-12 12:00:00,Saturday Night Soiree in the Speakeasy,2021-11-27,9p-1:30a,Anchorage,Williwaw Social,music,,,system@akconcerts.com,AK Concerts Auto Import,Master Event Database,Approved
2026-08-12 12:00:00,Last Cha Cha Lesson and Dance,2021-11-27,9p-11p,Anchorage,35+ Singles Dance Club,dance,,,system@akconcerts.com,AK Concerts Auto Import,Master Event Database,Approved
2026-08-12 12:00:00,Saturday Night Karaoke!,2021-11-27,9p-12a,Anchorage,American Legion Spenard Post 28,music,,,system@akconcerts.com,AK Concerts Auto Import,Master Event Database,Approved
2026-08-12 12:00:00,Vik and Co. 3 bands!! Live Music in the heart of Spenard,2021-11-27,9p-2a,Anchorage,The Carousel Lounge,music,,,system@akconcerts.com,AK Concerts Auto Import,Master Event Database,Approved
2026-08-12 12:00:00,The 49th Supply Co. 8 Year Anniversary Party,2021-11-27,9p-2a,Anchorage,Williwaw Social,music,,,system@akconcerts.com,AK Concerts Auto Import,Master Event Database,Approved
2026-08-12 12:00:00,Sassy Saturdays Cabaret,2021-11-27,TBD,Anchorage,EAT YOUR HEART OUT,music,,,system@akconcerts.com,AK Concerts Auto Import,Master Event Database,Approved
2026-08-12 12:00:00,SIN w/ The Millennial Falcons (Service Industry Night),2021-11-28,10p-2a,Anchorage,Koot’s,music,,,system@akconcerts.com,AK Concerts Auto Import,Master Event Database,Approved
2026-08-12 12:00:00,Pies & Thighs Burlesque Brunch,2021-11-28,11:30a-1p,Anchorage,Broken Blender,community,,,system@akconcerts.com,AK Concerts Auto Import,Master Event Database,Approved
2026-08-12 12:00:00,VPA’s The Best Christmas Pageant Ever,2021-11-28,2p-5:30p,Anchorage,Valley Performing Arts (Wasilla),music,,,system@akconcerts.com,AK Concerts Auto Import,Master Event Database,Approved
2026-08-12 12:00:00,Schwabenhof's Sunday Live Music,2021-11-28,4p-7p,Anchorage,The Schwabenhof (Wasilla),music,,,system@akconcerts.com,AK Concerts Auto Import,Master Event Database,Approved
2026-08-12 12:00:00,All Ages Open Mic w/ Tyson Davis,2021-11-28,6p-8p,Anchorage,Temple Studios Community Center (Seward),music,,,system@akconcerts.com,AK Concerts Auto Import,Master Event Database,Approved
2026-08-12 12:00:00,Jukebox Karaoke Roadshow,2021-11-28,8p-11p,Anchorage,Broken Blender,music,,,system@akconcerts.com,AK Concerts Auto Import,Master Event Database,Approved
2026-08-12 12:00:00,Open Mic Jam,2021-11-28,8p-11p,Anchorage,Humpys,music,,,system@akconcerts.com,AK Concerts Auto Import,Master Event Database,Approved
2026-08-12 12:00:00,Mad Myrna's Karaoke!,2021-11-28,8p-12a,Anchorage,Mad Myrna’s,music,,,system@akconcerts.com,AK Concerts Auto Import,Master Event Database,Approved
2026-08-12 12:00:00,Open Mic With Sara Wash Your Hands,2021-11-28,8p-12a,Anchorage,Van’s Dive Bar,music,,,system@akconcerts.com,AK Concerts Auto Import,Master Event Database,Approved
2026-08-12 12:00:00,AK Rockstar Karaoke Sunday,2021-11-28,8p-2a,Anchorage,The Carousel Lounge,music,,,system@akconcerts.com,AK Concerts Auto Import,Master Event Database,Approved
2026-08-12 12:00:00,Monday Night Karaoke,2021-11-29,8p-11p,Anchorage,American Legion Spenard Post 28,music,,,system@akconcerts.com,AK Concerts Auto Import,Master Event Database,Approved
2026-08-12 12:00:00,Ellie Kenealy's Monday Melodies,2021-11-29,9:30p-12a,Anchorage,Van’s Dive Bar,music,,,system@akconcerts.com,AK Concerts Auto Import,Master Event Database,Approved
2026-08-12 12:00:00,The Monday Mic at Koots,2021-11-29,9p-12a,Anchorage,Koot’s,music,,,system@akconcerts.com,AK Concerts Auto Import,Master Event Database,Approved
2026-08-12 12:00:00,Vintage Soul,2021-11-30,5:30p-7:30p,Anchorage,Organic Oasis,music,,,system@akconcerts.com,AK Concerts Auto Import,Master Event Database,Approved
2026-08-12 12:00:00,Acoustic Song Circle,2021-11-30,6:30p-9:30p,Anchorage,American Legion Spenard Post 28,music,,,system@akconcerts.com,AK Concerts Auto Import,Master Event Database,Approved
2026-08-12 12:00:00,9th Army Band Playing Christmas Music,2021-11-30,6p-6:30p,Anchorage,Alaska Aviation Museum,theatre,,,system@akconcerts.com,AK Concerts Auto Import,Master Event Database,Approved
2026-08-12 12:00:00,Moondog Media Open Stage Night w/ Sabrina Speers,2021-11-30,7p-12a,Anchorage,Klondike Mike’s (Palmer),music,,,system@akconcerts.com,AK Concerts Auto Import,Master Event Database,Approved
2026-08-12 12:00:00,Midnight Sons Chorus Rehearsal,2021-11-30,7p-9:30p,Anchorage,First Christian Church,music,,,system@akconcerts.com,AK Concerts Auto Import,Master Event Database,Approved
2026-08-12 12:00:00,Tuesday Night Open Jam Hosted by Spenard Husband,2021-11-30,8:30p-1a,Anchorage,Van’s Dive Bar,music,,,system@akconcerts.com,AK Concerts Auto Import,Master Event Database,Approved
2026-08-12 12:00:00,Tyson Davis Tuesdays,2021-11-30,8p-11p,Anchorage,Seward Alehouse,music,,,system@akconcerts.com,AK Concerts Auto Import,Master Event Database,Approved
2026-08-12 12:00:00,AK Rockstar Karaoke Tuesday,2021-11-30,8p-2a,Anchorage,The Carousel Lounge,music,,,system@akconcerts.com,AK Concerts Auto Import,Master Event Database,Approved
2026-08-12 12:00:00,Jukebox Karaoke Roadshow at Flight Deck,2021-11-30,8p-2a,Anchorage,The Flight Deck Bar & Lounge,music,,,system@akconcerts.com,AK Concerts Auto Import,Master Event Database,Approved
2026-08-12 12:00:00,Jukebox Karaoke Roadshow,2021-11-30,9p-1a,Anchorage,Trophy Lounge,music,,,system@akconcerts.com,AK Concerts Auto Import,Master Event Database,Approved
2026-08-12 12:00:00,The Eternal Cowboys,2021-11-30,9p-2a,Anchorage,Koot’s,music,,,system@akconcerts.com,AK Concerts Auto Import,Master Event Database,Approved
2026-08-12 12:00:00,The Eternal Cowboys,2021-12-01,10p-12a,Anchorage,Pioneer Bar,music,,,system@akconcerts.com,AK Concerts Auto Import,Master Event Database,Approved
2026-08-12 12:00:00,Koots Karaoke,2021-12-01,10p-2a,Anchorage,Koot’s,music,,,system@akconcerts.com,AK Concerts Auto Import,Master Event Database,Approved
2026-08-12 12:00:00,Open Mic at Schwabenhof,2021-12-01,7:30p-11:30p,Anchorage,The Schwabenhof (Wasilla),music,,,system@akconcerts.com,AK Concerts Auto Import,Master Event Database,Approved
2026-08-12 12:00:00,Tyrone Palmer & Friends,2021-12-01,7p-10p,Anchorage,907 Alehouse,music,,,system@akconcerts.com,AK Concerts Auto Import,Master Event Database,Approved
2026-08-12 12:00:00,Comedy Open Mic,2021-12-01,8:30p-10p,Anchorage,Koot’s,comedy,,,system@akconcerts.com,AK Concerts Auto Import,Master Event Database,Approved
2026-08-12 12:00:00,Josh and Christine Host Karaoke,2021-12-01,8:30p-1a,Anchorage,Van’s Dive Bar,music,,,system@akconcerts.com,AK Concerts Auto Import,Master Event Database,Approved
2026-08-12 12:00:00,The Vanpierres,2021-12-01,8p-11:30p,Anchorage,Humpys,music,,,system@akconcerts.com,AK Concerts Auto Import,Master Event Database,Approved
2026-08-12 12:00:00,AK Rockstar Karaoke Wednesday,2021-12-01,8p-11p,Anchorage,The Carousel Lounge,music,,,system@akconcerts.com,AK Concerts Auto Import,Master Event Database,Approved
2026-08-12 12:00:00,KASH Country Night at Koot's w/ Ken Peltier,2021-12-01,8p-12:30a,Anchorage,Koot’s,music,,,system@akconcerts.com,AK Concerts Auto Import,Master Event Database,Approved
2026-08-12 12:00:00,Mad Myrna's Karaoke!,2021-12-01,9p-12a,Anchorage,Mad Myrna’s,music,,,system@akconcerts.com,AK Concerts Auto Import,Master Event Database,Approved
2026-08-12 12:00:00,Karaoke,2021-12-01,9p-2a,Anchorage,Yukon Bar (Seward),music,,,system@akconcerts.com,AK Concerts Auto Import,Master Event Database,Approved
2026-08-12 12:00:00,Those Guys AK,2021-12-04,10p-2a,Anchorage,Klondike Mike’s & the Main Street Grill (Palmer),music,,,system@akconcerts.com,AK Concerts Auto Import,Master Event Database,Approved
2026-08-12 12:00:00,ONYX Live In Alaska,2021-12-04,10p-2a,Anchorage,Koot’s,music,,,system@akconcerts.com,AK Concerts Auto Import,Master Event Database,Approved
2026-08-12 12:00:00,House Party @ the Ave w/ The Guestlist,2021-12-04,10p-3a,Anchorage,The Avenue Bar,music,,,system@akconcerts.com,AK Concerts Auto Import,Master Event Database,Approved
2026-08-12 12:00:00,The Nutcracker 2021,2021-12-04,2p-3:30p & 7p-8:30p,Anchorage,Juneau-Douglas High School (Juneau),music,,,system@akconcerts.com,AK Concerts Auto Import,Master Event Database,Approved
2026-08-12 12:00:00,The Nutcracker by North Star Ballet,2021-12-04,2p-4p & 8p-10p,Anchorage,Hering Auditorium (Fairbanks),music,,,system@akconcerts.com,AK Concerts Auto Import,Master Event Database,Approved
2026-08-12 12:00:00,Killoran Productions Holiday Extravaganza,2021-12-04,3p-5p,Anchorage,Cyrano’s Playhouse,music,,,system@akconcerts.com,AK Concerts Auto Import,Master Event Database,Approved
2026-08-12 12:00:00,Fun and Food w/ 100 Proof Karaoke,2021-12-04,6p-11p,Anchorage,American Legion Post 15 (Palmer),music,,,system@akconcerts.com,AK Concerts Auto Import,Master Event Database,Approved
2026-08-12 12:00:00,Winter Wonderland Drag Show,2021-12-04,7p-11:30p,Anchorage,Basement Boudoir (Fairbanks),comedy,,,system@akconcerts.com,AK Concerts Auto Import,Master Event Database,Approved
2026-08-12 12:00:00,December Line Dance Lessons and Social Dances,2021-12-04,7p-11p,Anchorage,35+ Singles Dance Club,dance,,,system@akconcerts.com,AK Concerts Auto Import,Master Event Database,Approved
2026-08-12 12:00:00,Karaoke Saturday at the Eagles!,2021-12-04,7p-12a,Anchorage,The Fraternal Order of Eagles Aerie 4207,music,,,system@akconcerts.com,AK Concerts Auto Import,Master Event Database,Approved
2026-08-12 12:00:00,11th Annual Twelve Days of Christmas Pub Crawl,2021-12-04,7p-1a,Anchorage,Downtown Anchorage,music,,,system@akconcerts.com,AK Concerts Auto Import,Master Event Database,Approved
2026-08-12 12:00:00,"Drew Erickson, Bicycle Baron, & The Millennial Falcons",2021-12-04,7p-1a,Anchorage,Moose A’la Mode,music,,,system@akconcerts.com,AK Concerts Auto Import,Master Event Database,Approved
2026-08-12 12:00:00,VPA’s The Best Christmas Pageant Ever,2021-12-04,7p-9:30p,Anchorage,Valley Performing Arts (Wasilla),music,,,system@akconcerts.com,AK Concerts Auto Import,Master Event Database,Approved
2026-08-12 12:00:00,Jukebox Karaoke Roadshow,2021-12-04,8p-11p,Anchorage,Don Jose’s,music,,,system@akconcerts.com,AK Concerts Auto Import,Master Event Database,Approved
2026-08-12 12:00:00,Danger Money Live,2021-12-04,8p-12a,Anchorage,Anchorage Moose Lodge,music,,,system@akconcerts.com,AK Concerts Auto Import,Master Event Database,Approved
2026-08-12 12:00:00,Bachelor Ball w/ Plan B,2021-12-04,8p-12a,Anchorage,Fairview Inn (Talkeetna),music,,,system@akconcerts.com,AK Concerts Auto Import,Master Event Database,Approved
2026-08-12 12:00:00,The Prohibition Party 1933: A Repeal Day Soiree,2021-12-04,8p-2a,Anchorage,Williwaw Social,music,,,system@akconcerts.com,AK Concerts Auto Import,Master Event Database,Approved
2026-08-12 12:00:00,Unwrapped - A Tinsel & Tassel Cabaret,2021-12-04,8p-9:30p,Anchorage,Broken Blender,music,,,system@akconcerts.com,AK Concerts Auto Import,Master Event Database,Approved
2026-08-12 12:00:00,The Vintage Retro,2021-12-04,9:30p-1a,Anchorage,Humpys,music,,,system@akconcerts.com,AK Concerts Auto Import,Master Event Database,Approved
2026-08-12 12:00:00,Karaoke Weekends,2021-12-04,9:30p-3a,Anchorage,Roundup Steakhouse & Saloon (Fairbanks),music,,,system@akconcerts.com,AK Concerts Auto Import,Master Event Database,Approved
2026-08-12 12:00:00,Ugly Sweater Party w/ Joe Brady,2021-12-04,9p-1:30a,Anchorage,Williwaw Social,music,,,system@akconcerts.com,AK Concerts Auto Import,Master Event Database,Approved
2026-08-12 12:00:00,#WhereJDiggsAt,2021-12-04,9p-12a,Anchorage,Al’s Alaskan Inn,music,,,system@akconcerts.com,AK Concerts Auto Import,Master Event Database,Approved
2026-08-12 12:00:00,Saturday Night Karaoke!,2021-12-04,9p-12a,Anchorage,American Legion Spenard Post 28,music,,,system@akconcerts.com,AK Concerts Auto Import,Master Event Database,Approved
2026-08-12 12:00:00,"Zen Trembles, Neil Robertson, and The Sunday Nights",2021-12-04,9p-1a,Anchorage,Van’s Dive Bar,music,,,system@akconcerts.com,AK Concerts Auto Import,Master Event Database,Approved
2026-08-12 12:00:00,Local Roots in the Ice Bar,2021-12-04,9p-2:30a,Anchorage,Koot’s,music,,,system@akconcerts.com,AK Concerts Auto Import,Master Event Database,Approved
2026-08-12 12:00:00,A Tinsel & Tassel Cabaret,2021-12-04,TBD,Anchorage,Unwrapped,music,,,system@akconcerts.com,AK Concerts Auto Import,Master Event Database,Approved
2026-08-12 12:00:00,The Nutcracker by North Star Ballet,2021-12-05,2p-4p,Anchorage,Hering Auditorium (Fairbanks),music,,,system@akconcerts.com,AK Concerts Auto Import,Master Event Database,Approved
2026-08-12 12:00:00,VPA’s The Best Christmas Pageant Ever,2021-12-05,2p-5:30p,Anchorage,Valley Performing Arts (Wasilla),music,,,system@akconcerts.com,AK Concerts Auto Import,Master Event Database,Approved
2026-08-12 12:00:00,Schwabenhof's Sunday Live Music,2021-12-05,4p-7p,Anchorage,The Schwabenhof (Wasilla),music,,,system@akconcerts.com,AK Concerts Auto Import,Master Event Database,Approved
2026-08-12 12:00:00,All Ages Open Mic w/ Tyson Davis,2021-12-05,6p-8p,Anchorage,Temple Studios Community Center (Seward),music,,,system@akconcerts.com,AK Concerts Auto Import,Master Event Database,Approved
2026-08-12 12:00:00,Jukebox Karaoke Roadshow,2021-12-05,8p-11p,Anchorage,Broken Blender,music,,,system@akconcerts.com,AK Concerts Auto Import,Master Event Database,Approved
2026-08-12 12:00:00,Open Mic Jam,2021-12-05,8p-11p,Anchorage,Humpys,music,,,system@akconcerts.com,AK Concerts Auto Import,Master Event Database,Approved
2026-08-12 12:00:00,Ukulele Russ & His One Man Frontier Band,2021-12-05,8p-12a,Anchorage,Fairview Inn (Talkeetna),music,,,system@akconcerts.com,AK Concerts Auto Import,Master Event Database,Approved
2026-08-12 12:00:00,Mad Myrna's Karaoke!,2021-12-05,8p-12a,Anchorage,Mad Myrna’s,music,,,system@akconcerts.com,AK Concerts Auto Import,Master Event Database,Approved
2026-08-12 12:00:00,Open Mic With Sara Wash Your Hands,2021-12-05,8p-12a,Anchorage,Van’s Dive Bar,music,,,system@akconcerts.com,AK Concerts Auto Import,Master Event Database,Approved
2026-08-12 12:00:00,AK Rockstar Karaoke Sunday,2021-12-05,8p-2a,Anchorage,The Carousel Lounge,music,,,system@akconcerts.com,AK Concerts Auto Import,Master Event Database,Approved
2026-08-12 12:00:00,Date Night Latin Dancing,2021-12-06,5:30p-7:30p,Anchorage,Mermaid Grotto Café & Boutique (Seward),music,,,system@akconcerts.com,AK Concerts Auto Import,Master Event Database,Approved
2026-08-12 12:00:00,Monday Night Karaoke,2021-12-06,8p-11p,Anchorage,American Legion Spenard Post 28,music,,,system@akconcerts.com,AK Concerts Auto Import,Master Event Database,Approved
2026-08-12 12:00:00,Ellie Kenealy's Monday Melodies,2021-12-06,9:30p-12a,Anchorage,Van’s Dive Bar,music,,,system@akconcerts.com,AK Concerts Auto Import,Master Event Database,Approved
2026-08-12 12:00:00,The Monday Mic at Koots,2021-12-06,9p-12a,Anchorage,Koot’s,music,,,system@akconcerts.com,AK Concerts Auto Import,Master Event Database,Approved
2026-08-12 12:00:00,Vintage Soul,2021-12-07,5:30p-7:30p,Anchorage,Organic Oasis,music,,,system@akconcerts.com,AK Concerts Auto Import,Master Event Database,Approved
2026-08-12 12:00:00,Tuesday Open Mic at Post 28!,2021-12-07,6:30p-9:30p,Anchorage,American Legion Spenard Post 28,music,,,system@akconcerts.com,AK Concerts Auto Import,Master Event Database,Approved
2026-08-12 12:00:00,Tuesday Night Open Jam Hosted by Spenard Husband,2021-12-07,8:30p-1a,Anchorage,Van’s Dive Bar,music,,,system@akconcerts.com,AK Concerts Auto Import,Master Event Database,Approved
2026-08-12 12:00:00,Tyson Davis Tuesdays,2021-12-07,8p-11p,Anchorage,Seward Alehouse,music,,,system@akconcerts.com,AK Concerts Auto Import,Master Event Database,Approved
2026-08-12 12:00:00,AK Rockstar Karaoke Tuesday,2021-12-07,8p-2a,Anchorage,The Carousel Lounge,music,,,system@akconcerts.com,AK Concerts Auto Import,Master Event Database,Approved
2026-08-12 12:00:00,Jukebox Karaoke Roadshow at Flight Deck,2021-12-07,8p-2a,Anchorage,The Flight Deck Bar & Lounge,music,,,system@akconcerts.com,AK Concerts Auto Import,Master Event Database,Approved
2026-08-12 12:00:00,Jukebox Karaoke Roadshow,2021-12-07,9p-1a,Anchorage,Trophy Lounge,music,,,system@akconcerts.com,AK Concerts Auto Import,Master Event Database,Approved
2026-08-12 12:00:00,The Eternal Cowboys,2021-12-07,9p-2a,Anchorage,Koot’s,music,,,system@akconcerts.com,AK Concerts Auto Import,Master Event Database,Approved
2026-08-12 12:00:00,The Eternal Cowboys,2021-12-08,10p-12a,Anchorage,Pioneer Bar,music,,,system@akconcerts.com,AK Concerts Auto Import,Master Event Database,Approved
2026-08-12 12:00:00,Koots Karaoke,2021-12-08,10p-2a,Anchorage,Koot’s,music,,,system@akconcerts.com,AK Concerts Auto Import,Master Event Database,Approved
2026-08-12 12:00:00,Distinguished Citizens Banquet: Jerry Evans & Glenner Anderson,2021-12-08,6p-9p,Anchorage,Westmark Hotel (Fairbanks),music,,,system@akconcerts.com,AK Concerts Auto Import,Master Event Database,Approved
2026-08-12 12:00:00,Open Mic at Schwabenhof,2021-12-08,7:30p-11:30p,Anchorage,The Schwabenhof (Wasilla),music,,,system@akconcerts.com,AK Concerts Auto Import,Master Event Database,Approved
2026-08-12 12:00:00,Tyrone Palmer & Friends,2021-12-08,7p-10p,Anchorage,907 Alehouse,music,,,system@akconcerts.com,AK Concerts Auto Import,Master Event Database,Approved
2026-08-12 12:00:00,Peanut Butter and Jamz w/ DJ GRE & Lloydz Noize,2021-12-08,7p-10p,Anchorage,Williwaw Social,music,,,system@akconcerts.com,AK Concerts Auto Import,Master Event Database,Approved
2026-08-12 12:00:00,Comedy Open Mic,2021-12-08,8:30p-10p,Anchorage,Koot’s,comedy,,,system@akconcerts.com,AK Concerts Auto Import,Master Event Database,Approved
2026-08-12 12:00:00,Josh and Christine Host Karaoke,2021-12-08,8:30p-1a,Anchorage,Van’s Dive Bar,music,,,system@akconcerts.com,AK Concerts Auto Import,Master Event Database,Approved
2026-08-12 12:00:00,Ukulele Russ,2021-12-08,8p-11:30p,Anchorage,Humpys,music,,,system@akconcerts.com,AK Concerts Auto Import,Master Event Database,Approved
2026-08-12 12:00:00,AK Rockstar Karaoke Wednesday,2021-12-08,8p-11p,Anchorage,The Carousel Lounge,music,,,system@akconcerts.com,AK Concerts Auto Import,Master Event Database,Approved
2026-08-12 12:00:00,KASH Country Night at Koot's w/ Ken Peltier,2021-12-08,8p-12:30a,Anchorage,Koot’s,music,,,system@akconcerts.com,AK Concerts Auto Import,Master Event Database,Approved
2026-08-12 12:00:00,Mad Myrna's Karaoke!,2021-12-08,9p-12a,Anchorage,Mad Myrna’s,music,,,system@akconcerts.com,AK Concerts Auto Import,Master Event Database,Approved
2026-08-12 12:00:00,Karaoke,2021-12-08,9p-2a,Anchorage,Yukon Bar (Seward),music,,,system@akconcerts.com,AK Concerts Auto Import,Master Event Database,Approved
2026-08-12 12:00:00,The Eternal Cowboys,2022-05-25,10p-12a,Anchorage,Pioneer Bar,music,,,system@akconcerts.com,AK Concerts Auto Import,Master Event Database,Approved
2026-08-12 12:00:00,Dancing with My Dollie: Passport to Paris,2022-05-25,4p-6p,Anchorage,Anchorage Classical Ballet Academy,music,,,system@akconcerts.com,AK Concerts Auto Import,Master Event Database,Approved
2026-08-12 12:00:00,Tyrone Palmer & Friends,2022-05-25,7p-10p,Anchorage,907 Alehouse,music,,,system@akconcerts.com,AK Concerts Auto Import,Master Event Database,Approved
2026-08-12 12:00:00,Witty Youngman,2022-05-25,7p-10p,Anchorage,PubHouse,music,,,system@akconcerts.com,AK Concerts Auto Import,Master Event Database,Approved
2026-08-12 12:00:00,Open Mic,2022-05-25,7p-12a,Anchorage,Schwabenhof (Wasilla),music,,,system@akconcerts.com,AK Concerts Auto Import,Master Event Database,Approved
2026-08-12 12:00:00,The Wax Poetic w/ Nikki Now!,2022-05-25,7p-9p,Anchorage,Van’s Dive Bar,music,,,system@akconcerts.com,AK Concerts Auto Import,Master Event Database,Approved
2026-08-12 12:00:00,Comedy Open Mic,2022-05-25,8:30p-10p,Anchorage,Koot’s,comedy,,,system@akconcerts.com,AK Concerts Auto Import,Master Event Database,Approved
2026-08-12 12:00:00,AK Rockstar Karaoke,2022-05-25,8p-11p,Anchorage,The Carousel Lounge,music,,,system@akconcerts.com,AK Concerts Auto Import,Master Event Database,Approved
2026-08-12 12:00:00,KASH Country Night at Koot's,2022-05-25,8p-12:30a,Anchorage,Koot’s,music,,,system@akconcerts.com,AK Concerts Auto Import,Master Event Database,Approved
2026-08-12 12:00:00,Karaoke Wednesdays,2022-05-25,8p-12a,Anchorage,Alaskan Hotel and Bar (Juneau),music,,,system@akconcerts.com,AK Concerts Auto Import,Master Event Database,Approved
2026-08-12 12:00:00,Open Mic at The Marlin!,2022-05-25,8p-2a,Anchorage,The Marlin (Fairbanks),music,,,system@akconcerts.com,AK Concerts Auto Import,Master Event Database,Approved
2026-08-12 12:00:00,Karaoke w/ The Milkman and/or The Dairy Queen!,2022-05-25,9p-12a,Anchorage,Van’s Dive Bar,music,,,system@akconcerts.com,AK Concerts Auto Import,Master Event Database,Approved
2026-08-12 12:00:00,Karaoke,2022-05-25,9p-2a,Anchorage,Yukon Bar (Seward),music,,,system@akconcerts.com,AK Concerts Auto Import,Master Event Database,Approved
2026-08-12 12:00:00,Thursday Vibe DJ Covy,2022-05-26,10p-2a,Anchorage,Mad Myrna’s,music,,,system@akconcerts.com,AK Concerts Auto Import,Master Event Database,Approved
2026-08-12 12:00:00,Karaoke with Kellie B.!,2022-05-26,10p-2a,Anchorage,The Marlin (Fairbanks),music,,,system@akconcerts.com,AK Concerts Auto Import,Master Event Database,Approved
2026-08-12 12:00:00,"El Escapado, Lone Wolves, & Sideways",2022-05-26,10p-3a,Anchorage,Koot’s,music,,,system@akconcerts.com,AK Concerts Auto Import,Master Event Database,Approved
2026-08-12 12:00:00,Dancing with My Dollie: Passport to Paris,2022-05-26,4p-6p,Anchorage,Anchorage Classical Ballet Academy,music,,,system@akconcerts.com,AK Concerts Auto Import,Master Event Database,Approved
2026-08-12 12:00:00,#TurnUpForJesus Thursday,2022-05-26,5p-9p,Anchorage,House of Transformation,music,,,system@akconcerts.com,AK Concerts Auto Import,Master Event Database,Approved
2026-08-12 12:00:00,Front to Franklin Open Mic Night,2022-05-26,7:30p-11p,Anchorage,The Crystal Saloon (Juneau),music,,,system@akconcerts.com,AK Concerts Auto Import,Master Event Database,Approved
2026-08-12 12:00:00,(Open) Mic Check,2022-05-26,7p-10p,Anchorage,Goldie’s AK (Fairbanks),music,,,system@akconcerts.com,AK Concerts Auto Import,Master Event Database,Approved
2026-08-12 12:00:00,The MUCKERS,2022-05-26,7p-10p,Anchorage,The Marlin Bar (Fairbanks),music,,,system@akconcerts.com,AK Concerts Auto Import,Master Event Database,Approved
2026-08-12 12:00:00,The AKoustic Project,2022-05-26,7p-10p,Anchorage,Tailgater’s Sport’s Bar & Grill (Wasilla),music,,,system@akconcerts.com,AK Concerts Auto Import,Master Event Database,Approved
2026-08-12 12:00:00,Kayti & Cami,2022-05-26,7p-1a,Anchorage,Fairview Inn (Talkeetna),music,,,system@akconcerts.com,AK Concerts Auto Import,Master Event Database,Approved
2026-08-12 12:00:00,Music in the Garden,2022-05-26,7p-8p,Anchorage,Georgeson Botanical Garden (Fairbanks),music,,,system@akconcerts.com,AK Concerts Auto Import,Master Event Database,Approved
2026-08-12 12:00:00,The Mommy Dance,2022-05-26,7p-9p,Anchorage,Cyrano’s Theatre,dance,,,system@akconcerts.com,AK Concerts Auto Import,Master Event Database,Approved
2026-08-12 12:00:00,Appalaskan Jess “Rare Bird” Single Release Party,2022-05-26,7p-9p,Anchorage,Spoonline (Girdwood),music,,,system@akconcerts.com,AK Concerts Auto Import,Master Event Database,Approved
2026-08-12 12:00:00,Dead Night @ Van's w/The Lightning Will,2022-05-26,8:45p-12a,Anchorage,Van’s Dive Bar,music,,,system@akconcerts.com,AK Concerts Auto Import,Master Event Database,Approved
2026-08-12 12:00:00,"Parlor in the Round w/ Jamie Whiteman, Candice Ivory, & Mikey Kehr",2022-05-26,8p-10p,Anchorage,Bear Tooth Theatrepub & Grill,music,,,system@akconcerts.com,AK Concerts Auto Import,Master Event Database,Approved
2026-08-12 12:00:00,The Jukebox Karaoke Roadshow Pop-up,2022-05-26,8p-11p,Anchorage,Bear Paw Bar & Grill,music,,,system@akconcerts.com,AK Concerts Auto Import,Master Event Database,Approved
2026-08-12 12:00:00,Jukebox Karaoke Roadshow,2022-05-26,8p-11p,Anchorage,Flattop Pizza & Pool,music,,,system@akconcerts.com,AK Concerts Auto Import,Master Event Database,Approved
2026-08-12 12:00:00,Glacier Hoppers,2022-05-26,8p-11p,Anchorage,Garcia’s Cantina & Café (Eagle River),music,,,system@akconcerts.com,AK Concerts Auto Import,Master Event Database,Approved
2026-08-12 12:00:00,The Eternal Cowboys Rock the Roof,2022-05-26,8p-11p,Anchorage,Williwaw Social,music,,,system@akconcerts.com,AK Concerts Auto Import,Master Event Database,Approved
2026-08-12 12:00:00,Open Mic Night,2022-05-26,8p-12a,Anchorage,Klondike Mike’s & the Main Street Grill (Palmer),music,,,system@akconcerts.com,AK Concerts Auto Import,Master Event Database,Approved
2026-08-12 12:00:00,Mad Myrna's Comedy Showcase,2022-05-26,9p-11p,Anchorage,Mad Myrna’s,comedy,,,system@akconcerts.com,AK Concerts Auto Import,Master Event Database,Approved
2026-08-12 12:00:00,Front to Franklin Open Mic Night,2022-05-26,9p-1a,Anchorage,The Alaskan Hotel & Bar (Juneau),music,,,system@akconcerts.com,AK Concerts Auto Import,Master Event Database,Approved
2026-08-12 12:00:00,Glacier Hoppers 80's Birthday Bash,2022-05-27,10p-2:30a,Anchorage,Mug-Shot Saloon (Wasilla),music,,,system@akconcerts.com,AK Concerts Auto Import,Master Event Database,Approved
2026-08-12 12:00:00,The Knight Show Dance Party,2022-05-27,10p-2a,Anchorage,The Crystal Saloon (Juneau),dance,,,system@akconcerts.com,AK Concerts Auto Import,Master Event Database,Approved
2026-08-12 12:00:00,DJ Manny’s Memorial Weekend: NIGHTLIFE EDITION,2022-05-27,10p-3a,Anchorage,2712 Drafthouse (Fairbanks),music,,,system@akconcerts.com,AK Concerts Auto Import,Master Event Database,Approved
2026-08-12 12:00:00,Trapper Creek Bluegrass Festival,2022-05-27,12p-12a,Anchorage,Boots Bison Ranch (Trapper Creek),festival,,,system@akconcerts.com,AK Concerts Auto Import,Master Event Database,Approved
2026-08-12 12:00:00,John Damberg Jazz Piano Fridays,2022-05-27,5:30p-7:30p,Anchorage,Organic Oasis,music,,,system@akconcerts.com,AK Concerts Auto Import,Master Event Database,Approved
2026-08-12 12:00:00,Friday Night Feast w/ 100 Proof Karaoke,2022-05-27,5:30p-9p,Anchorage,American Legion Post 15 (Palmer),music,,,system@akconcerts.com,AK Concerts Auto Import,Master Event Database,Approved
2026-08-12 12:00:00,Open Mic Night,2022-05-27,5p-7p,Anchorage,Birch Books (Wasilla),music,,,system@akconcerts.com,AK Concerts Auto Import,Master Event Database,Approved
2026-08-12 12:00:00,"Spenard Song Circle w/ Emma Hill, Nelson Kempf, & Thomas Moore",2022-05-27,6:30p-9p,Anchorage,The Nave Spenard,music,,,system@akconcerts.com,AK Concerts Auto Import,Master Event Database,Approved
2026-08-12 12:00:00,"Acoustic Steak Night with Uncle Jim, the EastSide Balladeer!",2022-05-27,6p-8p,Anchorage,American Legion Spenard Post 28,music,,,system@akconcerts.com,AK Concerts Auto Import,Master Event Database,Approved
2026-08-12 12:00:00,Zero Miles to Empty live,2022-05-27,7p-10p,Anchorage,Palmer Alehouse (Palmer),music,,,system@akconcerts.com,AK Concerts Auto Import,Master Event Database,Approved
2026-08-12 12:00:00,Witty Youngman,2022-05-27,7p-10p,Anchorage,PubHouse,music,,,system@akconcerts.com,AK Concerts Auto Import,Master Event Database,Approved
2026-08-12 12:00:00,The Jangle Bees,2022-05-27,7p-11p,Anchorage,Creekbend Company (Hope),music,,,system@akconcerts.com,AK Concerts Auto Import,Master Event Database,Approved
2026-08-12 12:00:00,Open Mic Night,2022-05-27,7p-12a,Anchorage,Floaters (Big Lake),music,,,system@akconcerts.com,AK Concerts Auto Import,Master Event Database,Approved
2026-08-12 12:00:00,Karaoke Friday at the Eagles!,2022-05-27,7p-12a,Anchorage,The Fraternal Order of Eagles Aerie 4207,music,,,system@akconcerts.com,AK Concerts Auto Import,Master Event Database,Approved
2026-08-12 12:00:00,Ukulele Russ,2022-05-27,7p-1a,Anchorage,Fairview Inn (Talkeetna),music,,,system@akconcerts.com,AK Concerts Auto Import,Master Event Database,Approved
2026-08-12 12:00:00,The Mommy Dance,2022-05-27,7p-9p,Anchorage,Cyrano’s Theatre,dance,,,system@akconcerts.com,AK Concerts Auto Import,Master Event Database,Approved
2026-08-12 12:00:00,Jukebox Karaoke Roadshow,2022-05-27,8p-11p,Anchorage,The Gaslight Bar,music,,,system@akconcerts.com,AK Concerts Auto Import,Master Event Database,Approved
2026-08-12 12:00:00,TGIF: Piss Denim,2022-05-27,8p-11p,Anchorage,Goldie’s AK (Fairbanks),music,,,system@akconcerts.com,AK Concerts Auto Import,Master Event Database,Approved
2026-08-12 12:00:00,DJ The Guestlist,2022-05-27,8p-11p,Anchorage,Serrano’s Mexican Grill,music,,,system@akconcerts.com,AK Concerts Auto Import,Master Event Database,Approved
2026-08-12 12:00:00,Pop vs House Dance Party w/ Fan Service,2022-05-27,9:30p-2a,Anchorage,Williwaw Social,dance,,,system@akconcerts.com,AK Concerts Auto Import,Master Event Database,Approved
2026-08-12 12:00:00,Matt Hopper and the Roman Candles,2022-05-27,9p-1:30a,Anchorage,Yukon Bar (Seward),music,,,system@akconcerts.com,AK Concerts Auto Import,Master Event Database,Approved
2026-08-12 12:00:00,Jukebox Karaoke Roadshow,2022-05-27,9p-12a,Anchorage,Dave & Busters,music,,,system@akconcerts.com,AK Concerts Auto Import,Master Event Database,Approved
2026-08-12 12:00:00,The MUCKERS,2022-05-27,9p-12a,Anchorage,The Marlin Bar (Fairbanks),music,,,system@akconcerts.com,AK Concerts Auto Import,Master Event Database,Approved
2026-08-12 12:00:00,Casey Smith Project LIVE,2022-05-27,9p-1a,Anchorage,Van’s Dive Bar,music,,,system@akconcerts.com,AK Concerts Auto Import,Master Event Database,Approved
2026-08-12 12:00:00,Glacier Hoppers,2022-05-28,10p-2:30a,Anchorage,Mug-Shot Saloon (Wasilla),music,,,system@akconcerts.com,AK Concerts Auto Import,Master Event Database,Approved
2026-08-12 12:00:00,Sunrise Music Festival,2022-05-28,12p-10p,Anchorage,Sunrise Inn (Cooper Landing),festival,,,system@akconcerts.com,AK Concerts Auto Import,Master Event Database,Approved
2026-08-12 12:00:00,Trapper Creek Bluegrass Festival,2022-05-28,12p-12a,Anchorage,Boots Bison Ranch (Trapper Creek),festival,,,system@akconcerts.com,AK Concerts Auto Import,Master Event Database,Approved
2026-08-12 12:00:00,Matanuska Beat and Palmer Percussion Trio,2022-05-28,3p-4p,Anchorage,203 Kombucha (Palmer),music,,,system@akconcerts.com,AK Concerts Auto Import,Master Event Database,Approved
2026-08-12 12:00:00,Downtown Jazz in the Park,2022-05-28,4p-6p,Anchorage,Peratrovich Park (Anchorage),music,,,system@akconcerts.com,AK Concerts Auto Import,Master Event Database,Approved
2026-08-12 12:00:00,Zero Miles to Empty,2022-05-28,4p-7p,Anchorage,Hatcher Pass Lodge,music,,,system@akconcerts.com,AK Concerts Auto Import,Master Event Database,Approved
2026-08-12 12:00:00,Three Men and A Sword,2022-05-28,7:30p-9p,Anchorage,Thunder Mountain High School,music,,,system@akconcerts.com,AK Concerts Auto Import,Master Event Database,Approved
2026-08-12 12:00:00,Nervis Rex LIVE,2022-05-28,7p-10p,Anchorage,Palmer Alehouse (Palmer),music,,,system@akconcerts.com,AK Concerts Auto Import,Master Event Database,Approved
2026-08-12 12:00:00,Saturday Night Social Dance,2022-05-28,7p-11p,Anchorage,Carpenter’s Hall,dance,,,system@akconcerts.com,AK Concerts Auto Import,Master Event Database,Approved
2026-08-12 12:00:00,The Jangle Bees,2022-05-28,7p-11p,Anchorage,Creekbend Company (Hope),music,,,system@akconcerts.com,AK Concerts Auto Import,Master Event Database,Approved
2026-08-12 12:00:00,Karaoke,2022-05-28,7p-11p,Anchorage,The Fraternal Order of Eagles # 4174 Chugiak),music,,,system@akconcerts.com,AK Concerts Auto Import,Master Event Database,Approved
2026-08-12 12:00:00,Emily Anderson Album Release Show,2022-05-28,7p-11p,Anchorage,Goldie’s AK (Fairbanks),music,,,system@akconcerts.com,AK Concerts Auto Import,Master Event Database,Approved
2026-08-12 12:00:00,Braided River Live,2022-05-28,7p-11p,Anchorage,Schwabenhof (Wasilla),music,,,system@akconcerts.com,AK Concerts Auto Import,Master Event Database,Approved
2026-08-12 12:00:00,HarpDaddy,2022-05-28,7p-1a,Anchorage,Fairview Inn (Talkeetna),music,,,system@akconcerts.com,AK Concerts Auto Import,Master Event Database,Approved
2026-08-12 12:00:00,Ted Vigil Tribute to John Denver,2022-05-28,7p-9p,Anchorage,Sitka Performing Arts Center (Sitka),music,,,system@akconcerts.com,AK Concerts Auto Import,Master Event Database,Approved
2026-08-12 12:00:00,Jukebox Karaoke Roadshow,2022-05-28,8p-11p,Anchorage,The Gaslight Bar,music,,,system@akconcerts.com,AK Concerts Auto Import,Master Event Database,Approved
2026-08-12 12:00:00,Regina & Will,2022-05-28,8p-11p,Anchorage,Serrano’s Mexican Grill,music,,,system@akconcerts.com,AK Concerts Auto Import,Master Event Database,Approved
2026-08-12 12:00:00,Tony Gebhard live,2022-05-28,8p-12a,Anchorage,Broken Blender,music,,,system@akconcerts.com,AK Concerts Auto Import,Master Event Database,Approved
2026-08-12 12:00:00,Travis Thompson Concert,2022-05-28,8p-12a,Anchorage,Williwaw Social,music,,,system@akconcerts.com,AK Concerts Auto Import,Master Event Database,Approved
2026-08-12 12:00:00,Sassy Saturdays Live Cabaret,2022-05-28,8p-9:30p,Anchorage,Broken Blender,music,,,system@akconcerts.com,AK Concerts Auto Import,Master Event Database,Approved
2026-08-12 12:00:00,Matt Hopper and the Roman Candles,2022-05-28,9p-1:30a,Anchorage,Yukon Bar (Seward),music,,,system@akconcerts.com,AK Concerts Auto Import,Master Event Database,Approved
2026-08-12 12:00:00,"Night of 1,000 Gowns",2022-05-28,9p-11:30p,Anchorage,Mad Myrna’s,music,,,system@akconcerts.com,AK Concerts Auto Import,Master Event Database,Approved
2026-08-12 12:00:00,Hot Mess,2022-05-28,9p-12a,Anchorage,Kenai Joe’s Taphouse (Kenai),music,,,system@akconcerts.com,AK Concerts Auto Import,Master Event Database,Approved
2026-08-12 12:00:00,Lions From Lambs Album Release Party,2022-05-28,9p-1a,Anchorage,Koot’s,music,,,system@akconcerts.com,AK Concerts Auto Import,Master Event Database,Approved
2026-08-12 12:00:00,"Sideways, Lilac, & Lizzie Guillot",2022-05-28,9p-1a,Anchorage,Van’s Dive Bar,music,,,system@akconcerts.com,AK Concerts Auto Import,Master Event Database,Approved
2026-08-12 12:00:00,Sunrise Music Festival,2022-05-29,12p-10p,Anchorage,Sunrise Inn (Cooper Landing),festival,,,system@akconcerts.com,AK Concerts Auto Import,Master Event Database,Approved
2026-08-12 12:00:00,Trapper Creek Bluegrass Festival,2022-05-29,12p-12a,Anchorage,Boots Bison Ranch (Trapper Creek),festival,,,system@akconcerts.com,AK Concerts Auto Import,Master Event Database,Approved
2026-08-12 12:00:00,Juneau Piano Series w/ Anson Sin,2022-05-29,3p-4:30p,Anchorage,Juneau Arts & Culture Center,music,,,system@akconcerts.com,AK Concerts Auto Import,Master Event Database,Approved
2026-08-12 12:00:00,The Mommy Dance,2022-05-29,3p-5p,Anchorage,Cyrano’s Theatre,dance,,,system@akconcerts.com,AK Concerts Auto Import,Master Event Database,Approved
2026-08-12 12:00:00,Beat Roots Alaska Summer '22 w/ Myndgruv,2022-05-29,3p-5p,Anchorage,KONR 106.1 FM,music,,,system@akconcerts.com,AK Concerts Auto Import,Master Event Database,Approved
2026-08-12 12:00:00,Lauren Crosby,2022-05-29,4p-6p,Anchorage,Fairview Inn (Talkeetna),music,,,system@akconcerts.com,AK Concerts Auto Import,Master Event Database,Approved
2026-08-12 12:00:00,Sunday Night Karaoke!,2022-05-29,6p-12a,Anchorage,The Marlin (Fairbanks),music,,,system@akconcerts.com,AK Concerts Auto Import,Master Event Database,Approved
2026-08-12 12:00:00,The Star of Alaska Karaoke Tournament,2022-05-29,6p-9p,Anchorage,907 Alehouse,music,,,system@akconcerts.com,AK Concerts Auto Import,Master Event Database,Approved
2026-08-12 12:00:00,Comedy Open Mic,2022-05-29,8:30p-10p,Anchorage,Koot’s,comedy,,,system@akconcerts.com,AK Concerts Auto Import,Master Event Database,Approved
2026-08-12 12:00:00,Open Mic Jam,2022-05-29,8p-11p,Anchorage,Humpys,music,,,system@akconcerts.com,AK Concerts Auto Import,Master Event Database,Approved
2026-08-12 12:00:00,Open Mic! Overlorded by Wash Your Hands,2022-05-29,8p-12a,Anchorage,Van’s Dive Bar,music,,,system@akconcerts.com,AK Concerts Auto Import,Master Event Database,Approved
2026-08-12 12:00:00,AK Rockstar Karaoke Sunday,2022-05-29,8p-2a,Anchorage,The Carousel Lounge,music,,,system@akconcerts.com,AK Concerts Auto Import,Master Event Database,Approved
2026-08-12 12:00:00,Tulips & Tassels Burlesque Brunch,2022-05-29,8p-9:30p,Anchorage,Broken Blender,community,,,system@akconcerts.com,AK Concerts Auto Import,Master Event Database,Approved
2026-08-12 12:00:00,Karaoke,2022-05-29,9p-12a,Anchorage,Mad Myrna’s,music,,,system@akconcerts.com,AK Concerts Auto Import,Master Event Database,Approved
2026-08-12 12:00:00,The Jerry and Andy Show!,2022-05-29,9p-12a,Anchorage,Yukon Bar (Seward),music,,,system@akconcerts.com,AK Concerts Auto Import,Master Event Database,Approved
2026-08-12 12:00:00,Trapper Creek Bluegrass Festival,2022-05-30,12p-3p,Anchorage,Boots Bison Ranch (Trapper Creek),festival,,,system@akconcerts.com,AK Concerts Auto Import,Master Event Database,Approved
2026-08-12 12:00:00,Triple Black Diamonds,2022-05-30,7p-1a,Anchorage,Fairview Inn (Talkeetna),music,,,system@akconcerts.com,AK Concerts Auto Import,Master Event Database,Approved
2026-08-12 12:00:00,Open Jam w/ Ben Sayers,2022-05-30,8:30p-12a,Anchorage,Yukon Bar (Seward),music,,,system@akconcerts.com,AK Concerts Auto Import,Master Event Database,Approved
2026-08-12 12:00:00,Comedy Open Mic,2022-05-30,8:30p-9:30p,Anchorage,Van’s Dive Bar,comedy,,,system@akconcerts.com,AK Concerts Auto Import,Master Event Database,Approved
2026-08-12 12:00:00,Mull Over Mondays w/ Ellie Kenealy,2022-05-30,9:30p-12a,Anchorage,Van’s Dive Bar,music,,,system@akconcerts.com,AK Concerts Auto Import,Master Event Database,Approved
2026-08-12 12:00:00,The Monday Mic at Koots,2022-05-30,9p-12a,Anchorage,Koot’s,music,,,system@akconcerts.com,AK Concerts Auto Import,Master Event Database,Approved
2026-08-12 12:00:00,The Eternal Cowboys,2022-05-31,10p-12a,Anchorage,Koot’s,music,,,system@akconcerts.com,AK Concerts Auto Import,Master Event Database,Approved
2026-08-12 12:00:00,Turnagain Blue,2022-05-31,5:30p-7:30p,Anchorage,Organic Oasis,music,,,system@akconcerts.com,AK Concerts Auto Import,Master Event Database,Approved
2026-08-12 12:00:00,Unplugged-Acoustic Song Circle,2022-05-31,6:30p-9:30p,Anchorage,American Legion Spenard Post 28,music,,,system@akconcerts.com,AK Concerts Auto Import,Master Event Database,Approved
2026-08-12 12:00:00,The Open Stage,2022-05-31,7p-10p,Anchorage,Klondike Mike’s & the Main Street Grill (Palmer),music,,,system@akconcerts.com,AK Concerts Auto Import,Master Event Database,Approved
2026-08-12 12:00:00,Open Mic w/ Andy Mullen,2022-05-31,7p-1a,Anchorage,Fairview Inn (Talkeetna),music,,,system@akconcerts.com,AK Concerts Auto Import,Master Event Database,Approved
2026-08-12 12:00:00,AK Rockstar Karaoke,2022-05-31,8p-2a,Anchorage,The Carousel Lounge,music,,,system@akconcerts.com,AK Concerts Auto Import,Master Event Database,Approved
2026-08-12 12:00:00,Open Jam with Spenard Husband,2022-05-31,9p-12a,Anchorage,Van’s Dive Bar,music,,,system@akconcerts.com,AK Concerts Auto Import,Master Event Database,Approved
2026-08-12 12:00:00,Jukebox Karaoke Roadshow,2022-05-31,9p-1a,Anchorage,Trophy Lounge,music,,,system@akconcerts.com,AK Concerts Auto Import,Master Event Database,Approved
2026-08-12 12:00:00,The Eternal Cowboys,2022-06-01,10p-12a,Anchorage,Pioneer Bar,music,,,system@akconcerts.com,AK Concerts Auto Import,Master Event Database,Approved
2026-08-12 12:00:00,Music in the Park: Tyson Alteri,2022-06-01,12p-1p,Anchorage,Peratrovich Park (Anchorage),music,,,system@akconcerts.com,AK Concerts Auto Import,Master Event Database,Approved
2026-08-12 12:00:00,"Medimu Build, Nelson Kempf, & Keeley Boyle",2022-06-01,6p-9p,Anchorage,Soldotna Creek Park,music,,,system@akconcerts.com,AK Concerts Auto Import,Master Event Database,Approved
2026-08-12 12:00:00,Tyrone Palmer & Friends,2022-06-01,7p-10p,Anchorage,907 Alehouse,music,,,system@akconcerts.com,AK Concerts Auto Import,Master Event Database,Approved
2026-08-12 12:00:00,The Wax Poetic w/ Nikki Now!,2022-06-01,7p-9p,Anchorage,Van’s Dive Bar,music,,,system@akconcerts.com,AK Concerts Auto Import,Master Event Database,Approved
2026-08-12 12:00:00,Karaoke Wednesdays,2022-06-01,8p-12a,Anchorage,Alaskan Hotel and Bar (Juneau),music,,,system@akconcerts.com,AK Concerts Auto Import,Master Event Database,Approved
2026-08-12 12:00:00,Open Mic at The Marlin!,2022-06-01,8p-2a,Anchorage,The Marlin (Fairbanks),music,,,system@akconcerts.com,AK Concerts Auto Import,Master Event Database,Approved
2026-08-12 12:00:00,Karaoke,2022-06-01,9p-12a,Anchorage,Mad Myrna’s,music,,,system@akconcerts.com,AK Concerts Auto Import,Master Event Database,Approved
2026-08-12 12:00:00,Irish Dance Academy of Alaska,2022-06-11,1:30p-2:30p,Anchorage,Anchorage Town Square,dance,,,system@akconcerts.com,AK Concerts Auto Import,Master Event Database,Approved
2026-08-12 12:00:00,Kenai River Festival,2022-06-11,11a-10p,Anchorage,Soldotna Creek Park (Kenai),festival,,,system@akconcerts.com,AK Concerts Auto Import,Master Event Database,Approved
2026-08-12 12:00:00,907 Pro Wrestling: Arisen,2022-06-11,3p-6p,Anchorage,Arctic Rec Center,music,,,system@akconcerts.com,AK Concerts Auto Import,Master Event Database,Approved
2026-08-12 12:00:00,"Downtown Jazz in the Park: Mark Manners, JD, Dirk-ok, Bob Arms, Pat Owen",2022-06-11,4p-6p,Anchorage,Peratrovich Park (Anchorage),music,,,system@akconcerts.com,AK Concerts Auto Import,Master Event Database,Approved
2026-08-12 12:00:00,Bonnaroo vs Firefly Summer Dance Party w/ Fan Service,2022-06-11,5p-10:30p,Anchorage,Williwaw Social,dance,,,system@akconcerts.com,AK Concerts Auto Import,Master Event Database,Approved
2026-08-12 12:00:00,Candlebox,2022-06-11,6p-10p,Anchorage,Matanuska Brewing (Eagle River),music,,,system@akconcerts.com,AK Concerts Auto Import,Master Event Database,Approved
2026-08-12 12:00:00,Fun and Food w/ 100 Proof Karaoke,2022-06-11,6p-11p,Anchorage,American Legion Post 15 (Palmer),music,,,system@akconcerts.com,AK Concerts Auto Import,Master Event Database,Approved
2026-08-12 12:00:00,"Joseph C. Phillips, Jr. Composer Portrait Concert",2022-06-11,7:30p-9p,Anchorage,UAA Recital Hall,music,,,system@akconcerts.com,AK Concerts Auto Import,Master Event Database,Approved
2026-08-12 12:00:00,John Cook,2022-06-11,7p-10p,Anchorage,Mountain High Pizza Pie (Talkeetna),music,,,system@akconcerts.com,AK Concerts Auto Import,Master Event Database,Approved
2026-08-12 12:00:00,The Ken Peltier Band,2022-06-11,7p-10p,Anchorage,Palmer Alehouse (Palmer),music,,,system@akconcerts.com,AK Concerts Auto Import,Master Event Database,Approved
2026-08-12 12:00:00,Ukulele Russ!,2022-06-11,7p-11p,Anchorage,Schwabenhof (Wasilla),music,,,system@akconcerts.com,AK Concerts Auto Import,Master Event Database,Approved
2026-08-12 12:00:00,Jimmy Sandy,2022-06-11,7p-11p,Anchorage,The Seaview Café (Hope),music,,,system@akconcerts.com,AK Concerts Auto Import,Master Event Database,Approved
2026-08-12 12:00:00,"Radiance w/ Posterchild, Quinoa, The Guest List, D. Church, & Rachel Monae",2022-06-11,7p-1a,Anchorage,Alaska Cannabis Exchange,music,,,system@akconcerts.com,AK Concerts Auto Import,Master Event Database,Approved
2026-08-12 12:00:00,Comedian Joe Bartnick,2022-06-11,7p-9p & 9:30p-11p,Anchorage,Koot’s,music,,,system@akconcerts.com,AK Concerts Auto Import,Master Event Database,Approved
2026-08-12 12:00:00,Juneau Symphony: Night at the Oscars,2022-06-11,8p-10p,Anchorage,Juneau-Douglas High School (Juneau),music,,,system@akconcerts.com,AK Concerts Auto Import,Master Event Database,Approved
2026-08-12 12:00:00,Lilac w/ Sample Text,2022-06-11,8p-11p,Anchorage,Cafecito Bonito,music,,,system@akconcerts.com,AK Concerts Auto Import,Master Event Database,Approved
2026-08-12 12:00:00,Hwy9 Acoustic,2022-06-11,8p-11p,Anchorage,Serrano’s Mexican Grill,music,,,system@akconcerts.com,AK Concerts Auto Import,Master Event Database,Approved
2026-08-12 12:00:00,Reggae Dance Party with H3,2022-06-11,8p-11p,Anchorage,Williwaw Social,dance,,,system@akconcerts.com,AK Concerts Auto Import,Master Event Database,Approved
2026-08-12 12:00:00,Tony Gebhard live,2022-06-11,8p-12a,Anchorage,Broken Blender,music,,,system@akconcerts.com,AK Concerts Auto Import,Master Event Database,Approved
2026-08-12 12:00:00,"Forbidden Desires, Episode 147: Three Way Tango",2022-06-11,8p-9:30p,Anchorage,Broken Blender,dance,,,system@akconcerts.com,AK Concerts Auto Import,Master Event Database,Approved
2026-08-12 12:00:00,Zen Trembles,2022-06-11,9:30p-1:30a,Anchorage,Humpy’s,music,,,system@akconcerts.com,AK Concerts Auto Import,Master Event Database,Approved
2026-08-12 12:00:00,Round Up Karaoke Weekend Nights!,2022-06-11,9:30p-2a,Anchorage,Roundup Steakhouse & Saloon (Fairbanks),music,,,system@akconcerts.com,AK Concerts Auto Import,Master Event Database,Approved
2026-08-12 12:00:00,UKULELE RUSS & HIS ONE MAN FRONTIER BAND,2022-06-11,9p-1:30a,Anchorage,Yukon Bar (Seward),music,,,system@akconcerts.com,AK Concerts Auto Import,Master Event Database,Approved
2026-08-12 12:00:00,Kenai River Festival,2022-06-12,11a-4p,Anchorage,Soldotna Creek Park (Kenai),festival,,,system@akconcerts.com,AK Concerts Auto Import,Master Event Database,Approved
2026-08-12 12:00:00,Anchorage Bowl Chamber Orchestra,2022-06-12,2p-4:30p,Anchorage,Kenai Senior Citizen’s Center (Kenai),music,,,system@akconcerts.com,AK Concerts Auto Import,Master Event Database,Approved
2026-08-12 12:00:00,Pride Kickoff BBQ and Tea Dance w/ DJ Mike Mason,2022-06-12,2p-8p,Anchorage,Raven Bar,dance,,,system@akconcerts.com,AK Concerts Auto Import,Master Event Database,Approved
2026-08-12 12:00:00,Juneau Symphony: Night at the Oscars,2022-06-12,3p-5p,Anchorage,Juneau-Douglas High School (Juneau),music,,,system@akconcerts.com,AK Concerts Auto Import,Master Event Database,Approved
2026-08-12 12:00:00,Steve Durr,2022-06-12,5p-8p,Anchorage,Mountain High Pizza Pie (Talkeetna),music,,,system@akconcerts.com,AK Concerts Auto Import,Master Event Database,Approved
2026-08-12 12:00:00,Sunday Night Karaoke!,2022-06-12,6p-12a,Anchorage,The Marlin (Fairbanks),music,,,system@akconcerts.com,AK Concerts Auto Import,Master Event Database,Approved
2026-08-12 12:00:00,Sunday Open Mic,2022-06-12,6p-9p,Anchorage,The Creek Street Cabaret (Ketchikan),music,,,system@akconcerts.com,AK Concerts Auto Import,Master Event Database,Approved
2026-08-12 12:00:00,Cold Country Bluegrass,2022-06-12,7p-9p,Anchorage,International Hotel and Bar (Fairbanks),music,,,system@akconcerts.com,AK Concerts Auto Import,Master Event Database,Approved
2026-08-12 12:00:00,Comedy Open Mic,2022-06-12,8:30p-10p,Anchorage,Koot’s,comedy,,,system@akconcerts.com,AK Concerts Auto Import,Master Event Database,Approved
2026-08-12 12:00:00,Open Mic Jam,2022-06-12,8p-11p,Anchorage,Humpys,music,,,system@akconcerts.com,AK Concerts Auto Import,Master Event Database,Approved
2026-08-12 12:00:00,Sunny Side Pride! DRAG BRUNCH at Williwaw!,2022-06-12,8p-11p,Anchorage,Williwaw Social,community,,,system@akconcerts.com,AK Concerts Auto Import,Master Event Database,Approved
2026-08-12 12:00:00,Open Mic! Overlorded by Wash Your Hands,2022-06-12,8p-12a,Anchorage,Van’s Dive Bar,music,,,system@akconcerts.com,AK Concerts Auto Import,Master Event Database,Approved
2026-08-12 12:00:00,AK Rockstar Karaoke Sunday,2022-06-12,8p-2a,Anchorage,The Carousel Lounge,music,,,system@akconcerts.com,AK Concerts Auto Import,Master Event Database,Approved
2026-08-12 12:00:00,UKULELE RUSS & HIS ONE MAN FRONTIER BAND,2022-06-12,9p-1:30a,Anchorage,Yukon Bar (Seward),music,,,system@akconcerts.com,AK Concerts Auto Import,Master Event Database,Approved
2026-08-12 12:00:00,Karaoke,2022-06-12,9p-12a,Anchorage,Mad Myrna’s,music,,,system@akconcerts.com,AK Concerts Auto Import,Master Event Database,Approved
2026-08-12 12:00:00,Music for Little Ones w/ The Timbre Music Band,2022-06-13,12p-1p,Anchorage,Peratrovich Park (Anchorage),music,,,system@akconcerts.com,AK Concerts Auto Import,Master Event Database,Approved
2026-08-12 12:00:00,Open Jam w/ Ben Sayers,2022-06-13,8:30p-12a,Anchorage,Yukon Bar (Seward),music,,,system@akconcerts.com,AK Concerts Auto Import,Master Event Database,Approved
2026-08-12 12:00:00,Comedy Open Mic,2022-06-13,8:30p-9:30p,Anchorage,Van’s Dive Bar,comedy,,,system@akconcerts.com,AK Concerts Auto Import,Master Event Database,Approved
2026-08-12 12:00:00,Mull Over Mondays w/ Ellie Kenealy,2022-06-13,9:30p-12a,Anchorage,Van’s Dive Bar,music,,,system@akconcerts.com,AK Concerts Auto Import,Master Event Database,Approved
2026-08-12 12:00:00,The Monday Mic at Koots,2022-06-13,9p-12a,Anchorage,Koot’s,music,,,system@akconcerts.com,AK Concerts Auto Import,Master Event Database,Approved
2026-08-12 12:00:00,The Eternal Cowboys,2022-06-14,10p-12a,Anchorage,Koot’s,music,,,system@akconcerts.com,AK Concerts Auto Import,Master Event Database,Approved
2026-08-12 12:00:00,Danger & Diva,2022-06-14,11:30p-12:30p,Anchorage,Anchorage Museum,music,,,system@akconcerts.com,AK Concerts Auto Import,Master Event Database,Approved
2026-08-12 12:00:00,Turnagain Blue,2022-06-14,5:30p-7:30p,Anchorage,Organic Oasis,music,,,system@akconcerts.com,AK Concerts Auto Import,Master Event Database,Approved
2026-08-12 12:00:00,Taco Tuesday Open Mic w/Rousted By Bulls!,2022-06-14,6:30p-9:30p,Anchorage,American Legion Spenard Post 28,music,,,system@akconcerts.com,AK Concerts Auto Import,Master Event Database,Approved
2026-08-12 12:00:00,The Open Stage,2022-06-14,7p-10p,Anchorage,Klondike Mike’s & the Main Street Grill (Palmer),music,,,system@akconcerts.com,AK Concerts Auto Import,Master Event Database,Approved
2026-08-12 12:00:00,Open Mic w/ Andy Mullen,2022-06-14,7p-1a,Anchorage,Fairview Inn (Talkeetna),music,,,system@akconcerts.com,AK Concerts Auto Import,Master Event Database,Approved
2026-08-12 12:00:00,Summer SLAM!,2022-06-14,7p-9p,Anchorage,The Creek Street Cabaret (Ketchikan),music,,,system@akconcerts.com,AK Concerts Auto Import,Master Event Database,Approved
2026-08-12 12:00:00,AK Rockstar Karaoke,2022-06-14,8p-2a,Anchorage,The Carousel Lounge,music,,,system@akconcerts.com,AK Concerts Auto Import,Master Event Database,Approved
2026-08-12 12:00:00,Jukebox Karaoke Roadshow,2022-06-14,9p-1a,Anchorage,Trophy Lounge,music,,,system@akconcerts.com,AK Concerts Auto Import,Master Event Database,Approved
2026-08-12 12:00:00,The Eternal Cowboys,2022-06-15,10p-12a,Anchorage,Pioneer Bar,music,,,system@akconcerts.com,AK Concerts Auto Import,Master Event Database,Approved
2026-08-12 12:00:00,Turnagain Blues,2022-06-15,12p-1p,Anchorage,Peratrovich Park (Anchorage),music,,,system@akconcerts.com,AK Concerts Auto Import,Master Event Database,Approved
2026-08-12 12:00:00,FIVE LETTER WORD with Kelsey Shields,2022-06-15,6p-9p,Anchorage,Soldotna Creek Park,music,,,system@akconcerts.com,AK Concerts Auto Import,Master Event Database,Approved
2026-08-12 12:00:00,Summer Wednesdays w/Hwy9!,2022-06-15,6p-9p,Anchorage,Sportsman’s Bar (Whittier),music,,,system@akconcerts.com,AK Concerts Auto Import,Master Event Database,Approved
2026-08-12 12:00:00,Tyrone Palmer & Friends,2022-06-15,7p-10p,Anchorage,907 Alehouse,music,,,system@akconcerts.com,AK Concerts Auto Import,Master Event Database,Approved
2026-08-12 12:00:00,Witty Youngman,2022-06-15,7p-10p,Anchorage,PubHouse,music,,,system@akconcerts.com,AK Concerts Auto Import,Master Event Database,Approved
2026-08-12 12:00:00,Open Mic,2022-06-15,7p-12a,Anchorage,Schwabenhof (Wasilla),music,,,system@akconcerts.com,AK Concerts Auto Import,Master Event Database,Approved
2026-08-12 12:00:00,Music with Reindeer,2022-06-15,7p-8p,Anchorage,Running Reindeer Ranch (Fairbanks),music,,,system@akconcerts.com,AK Concerts Auto Import,Master Event Database,Approved
2026-08-12 12:00:00,Comedy Open Mic,2022-06-15,8:30p-10p,Anchorage,Koot’s,comedy,,,system@akconcerts.com,AK Concerts Auto Import,Master Event Database,Approved
2026-08-12 12:00:00,Jared Woods,2022-06-15,8:30p-12:30a,Anchorage,Humpy’s,music,,,system@akconcerts.com,AK Concerts Auto Import,Master Event Database,Approved
2026-08-12 12:00:00,AK Rockstar Karaoke,2022-06-15,8p-11p,Anchorage,The Carousel Lounge,music,,,system@akconcerts.com,AK Concerts Auto Import,Master Event Database,Approved
2026-08-12 12:00:00,KASH Country Night at Koot's,2022-06-15,8p-12:30a,Anchorage,Koot’s,music,,,system@akconcerts.com,AK Concerts Auto Import,Master Event Database,Approved
2026-08-12 12:00:00,Karaoke Wednesdays,2022-06-15,8p-12a,Anchorage,Alaskan Hotel and Bar (Juneau),music,,,system@akconcerts.com,AK Concerts Auto Import,Master Event Database,Approved
2026-08-12 12:00:00,Open Mic at The Marlin!,2022-06-15,8p-2a,Anchorage,The Marlin (Fairbanks),music,,,system@akconcerts.com,AK Concerts Auto Import,Master Event Database,Approved
2026-08-12 12:00:00,Jukebox Karaoke Roadshow,2022-06-15,9p-12a,Anchorage,Eddie’s Sports Bar,music,,,system@akconcerts.com,AK Concerts Auto Import,Master Event Database,Approved
2026-08-12 12:00:00,Karaoke,2022-06-15,9p-12a,Anchorage,Mad Myrna’s,music,,,system@akconcerts.com,AK Concerts Auto Import,Master Event Database,Approved
2026-08-12 12:00:00,Karaoke w/ The Milkman and/or The Dairy Queen!,2022-06-15,9p-12a,Anchorage,Van’s Dive Bar,music,,,system@akconcerts.com,AK Concerts Auto Import,Master Event Database,Approved
2026-08-12 12:00:00,Karaoke,2022-06-15,9p-2a,Anchorage,Yukon Bar (Seward),music,,,system@akconcerts.com,AK Concerts Auto Import,Master Event Database,Approved
2026-08-12 12:00:00,Larry Zarella,2022-08-15,6p-8:30p,Anchorage,Crow Creek Mine (Girdwood),music,,,system@akconcerts.com,AK Concerts Auto Import,Master Event Database,Approved
2026-08-12 12:00:00,Music Practice,2022-08-15,7p-8:30p,Anchorage,Glacier Valley Church of God (Juneau),music,,,system@akconcerts.com,AK Concerts Auto Import,Master Event Database,Approved
2026-08-12 12:00:00,Jim Lewin & Diana Z,2022-08-15,7p-9p,Anchorage,Spoonline (Girdwood),music,,,system@akconcerts.com,AK Concerts Auto Import,Master Event Database,Approved
2026-08-12 12:00:00,Nikki Now,2022-08-15,9:30p-12a,Anchorage,Van’s Dive Bar,music,,,system@akconcerts.com,AK Concerts Auto Import,Master Event Database,Approved
2026-08-12 12:00:00,The Monday Mic at Koots,2022-08-15,9p-12a,Anchorage,Koot’s,music,,,system@akconcerts.com,AK Concerts Auto Import,Master Event Database,Approved
2026-08-12 12:00:00,The Eternal Cowboys,2022-08-16,10p-12a,Anchorage,Koot’s,music,,,system@akconcerts.com,AK Concerts Auto Import,Master Event Database,Approved
2026-08-12 12:00:00,Lunch on the Lawn: Fox in the Henhouse,2022-08-16,11:30a-1:30p,Anchorage,Anchorage Museum,music,,,system@akconcerts.com,AK Concerts Auto Import,Master Event Database,Approved
2026-08-12 12:00:00,Taco Tuesday Open Mic w/Gary Stedman!,2022-08-16,6:30p-9:30p,Anchorage,American Legion Spenard Post 28,music,,,system@akconcerts.com,AK Concerts Auto Import,Master Event Database,Approved
2026-08-12 12:00:00,The Open Stage,2022-08-16,7p-10p,Anchorage,Klondike Mike’s & the Main Street Grill (Palmer),music,,,system@akconcerts.com,AK Concerts Auto Import,Master Event Database,Approved
2026-08-12 12:00:00,Will Johnson,2022-08-16,8:30p-12:30a,Anchorage,Humpy’s,music,,,system@akconcerts.com,AK Concerts Auto Import,Master Event Database,Approved
2026-08-12 12:00:00,Live Music w/ Cami from Miami,2022-08-16,8p-12a,Anchorage,Cantwell Lodge (Cantwell),music,,,system@akconcerts.com,AK Concerts Auto Import,Master Event Database,Approved
2026-08-12 12:00:00,AK Rockstar Karaoke,2022-08-16,8p-2a,Anchorage,The Carousel Lounge,music,,,system@akconcerts.com,AK Concerts Auto Import,Master Event Database,Approved
2026-08-12 12:00:00,OPEN JAM w/ Daylight Mike,2022-08-16,9p-12a,Anchorage,Van’s Dive Bar,music,,,system@akconcerts.com,AK Concerts Auto Import,Master Event Database,Approved
2026-08-12 12:00:00,Jukebox Karaoke Roadshow,2022-08-16,9p-1a,Anchorage,Trophy Lounge,music,,,system@akconcerts.com,AK Concerts Auto Import,Master Event Database,Approved
2026-08-12 12:00:00,Open Mic w/ Andy Mullen 7p-,2022-08-16,TBD,Anchorage,Fairview Inn (Talkeetna),music,,,system@akconcerts.com,AK Concerts Auto Import,Master Event Database,Approved
2026-08-12 12:00:00,The Eternal Cowboys,2022-08-17,10p-12a,Anchorage,Pioneer Bar,music,,,system@akconcerts.com,AK Concerts Auto Import,Master Event Database,Approved
2026-08-12 12:00:00,DEREK POPPIN BAND w/ Sue Biggs and Jack Will,2022-08-17,6p-9p,Anchorage,Soldotna Creek Park (Soldotna),music,,,system@akconcerts.com,AK Concerts Auto Import,Master Event Database,Approved
2026-08-12 12:00:00,Witty Youngman,2022-08-17,7p-10p,Anchorage,PubHouse,music,,,system@akconcerts.com,AK Concerts Auto Import,Master Event Database,Approved
2026-08-12 12:00:00,KASH Country Night at Koot's,2022-08-17,7p-11:30p,Anchorage,Koot’s,music,,,system@akconcerts.com,AK Concerts Auto Import,Master Event Database,Approved
2026-08-12 12:00:00,Open Mic,2022-08-17,7p-12a,Anchorage,Schwabenhof (Wasilla),music,,,system@akconcerts.com,AK Concerts Auto Import,Master Event Database,Approved
2026-08-12 12:00:00,Comedy Open Mic,2022-08-17,8:30p-10p,Anchorage,Koot’s,comedy,,,system@akconcerts.com,AK Concerts Auto Import,Master Event Database,Approved
2026-08-12 12:00:00,Lisa Lisa & That Guy,2022-08-17,8:30p-12:30a,Anchorage,Humpy’s,music,,,system@akconcerts.com,AK Concerts Auto Import,Master Event Database,Approved
2026-08-12 12:00:00,AK Rockstar Karaoke,2022-08-17,8p-11p,Anchorage,The Carousel Lounge,music,,,system@akconcerts.com,AK Concerts Auto Import,Master Event Database,Approved
2026-08-12 12:00:00,Karaoke Wednesdays,2022-08-17,8p-12a,Anchorage,Alaskan Hotel and Bar (Juneau),music,,,system@akconcerts.com,AK Concerts Auto Import,Master Event Database,Approved
2026-08-12 12:00:00,Karaoke at Panorama Pizza Pub,2022-08-17,8p-1a,Anchorage,Panorama Pizza Pub (Cantwell),music,,,system@akconcerts.com,AK Concerts Auto Import,Master Event Database,Approved
2026-08-12 12:00:00,Open Mic at The Marlin!,2022-08-17,8p-2a,Anchorage,The Marlin (Fairbanks),music,,,system@akconcerts.com,AK Concerts Auto Import,Master Event Database,Approved
2026-08-12 12:00:00,Jukebox Karaoke Roadshow,2022-08-17,9p-12a,Anchorage,Eddie’s Sports Bar,music,,,system@akconcerts.com,AK Concerts Auto Import,Master Event Database,Approved
2026-08-12 12:00:00,Karaoke,2022-08-17,9p-12a,Anchorage,Mad Myrna’s,music,,,system@akconcerts.com,AK Concerts Auto Import,Master Event Database,Approved
2026-08-12 12:00:00,Karaoke w/ The Milkman and/or The Dairy Queen!,2022-08-17,9p-12a,Anchorage,Van’s Dive Bar,music,,,system@akconcerts.com,AK Concerts Auto Import,Master Event Database,Approved
2026-08-12 12:00:00,Karaoke,2022-08-17,9p-2a,Anchorage,Yukon Bar (Seward),music,,,system@akconcerts.com,AK Concerts Auto Import,Master Event Database,Approved
2026-08-12 12:00:00,Velvet La La Live,2022-10-01,10p-2:45a,Anchorage,Koot’s,music,,,system@akconcerts.com,AK Concerts Auto Import,Master Event Database,Approved
2026-08-12 12:00:00,Glacier Hoppers,2022-10-01,10p-2a,Anchorage,Klondike Mike’s & the Main Street Grill,music,,,system@akconcerts.com,AK Concerts Auto Import,Master Event Database,Approved
2026-08-12 12:00:00,Hot Mess,2022-10-01,10p-2a,Anchorage,The Maverick Saloon (Soldotna),music,,,system@akconcerts.com,AK Concerts Auto Import,Master Event Database,Approved
2026-08-12 12:00:00,DJ Manny’s Annual Purge COSTUMED EVENT,2022-10-01,10p-3a,Anchorage,The Crowbar,music,,,system@akconcerts.com,AK Concerts Auto Import,Master Event Database,Approved
2026-08-12 12:00:00,Oktoberfest - Family-Friendly Fall Fundraiser,2022-10-01,12p-8p,Anchorage,Hilltop Ski Area,festival,,,system@akconcerts.com,AK Concerts Auto Import,Master Event Database,Approved
2026-08-12 12:00:00,Iñu-Yupiaq Dance Group,2022-10-01,4p-6p,Anchorage,UAF Brooks Building (Fairbanks),dance,,,system@akconcerts.com,AK Concerts Auto Import,Master Event Database,Approved
2026-08-12 12:00:00,Free Hispanic Heritage Month Celebration,2022-10-01,6:30p-7:30p,Anchorage,Anchorage Museum,music,,,system@akconcerts.com,AK Concerts Auto Import,Master Event Database,Approved
2026-08-12 12:00:00,Beer. Brats. Brandenburgs.,2022-10-01,6p-10p,Anchorage,The Crystal Saloon (Juneau),music,,,system@akconcerts.com,AK Concerts Auto Import,Master Event Database,Approved
2026-08-12 12:00:00,QTLY MILK RUN with HOWIE & DAN,2022-10-01,7p-10:30p,Anchorage,Alaska Hotel and Bar (Juneau),community,,,system@akconcerts.com,AK Concerts Auto Import,Master Event Database,Approved
2026-08-12 12:00:00,100 Proof Karaoke,2022-10-01,7p-10p,Anchorage,American Legion Post 15 (Palmer),music,,,system@akconcerts.com,AK Concerts Auto Import,Master Event Database,Approved
2026-08-12 12:00:00,Wrestle Pro Alaska: The Calm Before the Storm,2022-10-01,7p-10p,Anchorage,Egan Convention Center,music,,,system@akconcerts.com,AK Concerts Auto Import,Master Event Database,Approved
2026-08-12 12:00:00,Viva Spenard 10,2022-10-01,7p-10p,Anchorage,Koot’s,music,,,system@akconcerts.com,AK Concerts Auto Import,Master Event Database,Approved
2026-08-12 12:00:00,DEARLY DEPARTED: A Comedy,2022-10-01,7p-10p,Anchorage,Valley Performing Arts (Wasilla),comedy,,,system@akconcerts.com,AK Concerts Auto Import,Master Event Database,Approved
2026-08-12 12:00:00,3OH!3 live at Williwaw Social!,2022-10-01,7p-10p,Anchorage,Williwaw Social,music,,,system@akconcerts.com,AK Concerts Auto Import,Master Event Database,Approved
2026-08-12 12:00:00,Oktoberfest Dance,2022-10-01,7p-11p,Anchorage,Anchorage Social Dance Club,dance,,,system@akconcerts.com,AK Concerts Auto Import,Master Event Database,Approved
2026-08-12 12:00:00,Emo Night w/ Sideways & Millennial Falcons,2022-10-01,7p-11p,Anchorage,Palmer Train Depot (Palmer),music,,,system@akconcerts.com,AK Concerts Auto Import,Master Event Database,Approved
2026-08-12 12:00:00,Mari Black in concert,2022-10-01,7p-9:30p,Anchorage,Alaska Center for the Performing Arts,music,,,system@akconcerts.com,AK Concerts Auto Import,Master Event Database,Approved
2026-08-12 12:00:00,Comedian Kevin Farley,2022-10-01,7p-9p & 9:30p-11p,Anchorage,Koot’s,music,,,system@akconcerts.com,AK Concerts Auto Import,Master Event Database,Approved
2026-08-12 12:00:00,The Jukebox Karaoke Roadshow,2022-10-01,8p-11p,Anchorage,The Gaslight Bar,music,,,system@akconcerts.com,AK Concerts Auto Import,Master Event Database,Approved
2026-08-12 12:00:00,Zen Trembles Live,2022-10-01,8p-12a,Anchorage,Anchorage Moose Lodge,music,,,system@akconcerts.com,AK Concerts Auto Import,Master Event Database,Approved
2026-08-12 12:00:00,Country Music w/ Virgil Lee Gattenby,2022-10-01,8p-12a,Anchorage,The Catch Restaurant & Bar (Soldotna),music,,,system@akconcerts.com,AK Concerts Auto Import,Master Event Database,Approved
2026-08-12 12:00:00,Jukebox Karaoke Roadshow,2022-10-01,8p-12a,Anchorage,Don Jose’s Mexican Restaurant,music,,,system@akconcerts.com,AK Concerts Auto Import,Master Event Database,Approved
2026-08-12 12:00:00,HarpDaddy Unraveled Oktoberfesting,2022-10-01,8p-12a,Anchorage,Hightower Pub (Girdwood),festival,,,system@akconcerts.com,AK Concerts Auto Import,Master Event Database,Approved
2026-08-12 12:00:00,Sweet Cheeks Cabaret: Wenches and Wrenches,2022-10-01,8p-9:30p,Anchorage,The Broken Blender,music,,,system@akconcerts.com,AK Concerts Auto Import,Master Event Database,Approved
2026-08-12 12:00:00,Shaggtoberfest,2022-10-01,9:30p-12a,Anchorage,The Howling Dog Saloon (Fairbanks),festival,,,system@akconcerts.com,AK Concerts Auto Import,Master Event Database,Approved
2026-08-12 12:00:00,Round Up Karaoke Weekend Nights!,2022-10-01,9:30p-2a,Anchorage,Roundup Steakhouse & Saloon (Fairbanks),music,,,system@akconcerts.com,AK Concerts Auto Import,Master Event Database,Approved
2026-08-12 12:00:00,Mad Myrna's Diva Variety Show,2022-10-01,9p-11:30p,Anchorage,Mad Myrna’s,music,,,system@akconcerts.com,AK Concerts Auto Import,Master Event Database,Approved
2026-08-12 12:00:00,The River Livers,2022-10-01,9p-12a,Anchorage,Van’s Dive Bar,music,,,system@akconcerts.com,AK Concerts Auto Import,Master Event Database,Approved
2026-08-12 12:00:00,Family-Friendly Fall Fundraiser,2022-10-01,TBD,Anchorage,Oktoberfest,music,,,system@akconcerts.com,AK Concerts Auto Import,Master Event Database,Approved
2026-08-12 12:00:00,Industry Night w/ Joe Brady,2022-10-02,10p-2a,Anchorage,Pioneer Bar,music,,,system@akconcerts.com,AK Concerts Auto Import,Master Event Database,Approved
2026-08-12 12:00:00,DEARLY DEPARTED: A Comedy,2022-10-02,2p-5p,Anchorage,Valley Performing Arts (Wasilla),comedy,,,system@akconcerts.com,AK Concerts Auto Import,Master Event Database,Approved
2026-08-12 12:00:00,From the Quills of Babes….,2022-10-02,4p-6p,Anchorage,Anchorage Festival of Music,music,,,system@akconcerts.com,AK Concerts Auto Import,Master Event Database,Approved
2026-08-12 12:00:00,Soloist Auditions,2022-10-02,5p-8p,Anchorage,The Church of Jesus Christ of Latter Day Saints (Wasilla),music,,,system@akconcerts.com,AK Concerts Auto Import,Master Event Database,Approved
2026-08-12 12:00:00,Comedy Open Mic,2022-10-02,8:30p-10p,Anchorage,Koot’s,comedy,,,system@akconcerts.com,AK Concerts Auto Import,Master Event Database,Approved
2026-08-12 12:00:00,AK Rockstar Karaoke Sunday,2022-10-02,8p -2a,Anchorage,The Carousel Lounge,music,,,system@akconcerts.com,AK Concerts Auto Import,Master Event Database,Approved
2026-08-12 12:00:00,Open Mic Jam,2022-10-02,8p-11p,Anchorage,Humpys,music,,,system@akconcerts.com,AK Concerts Auto Import,Master Event Database,Approved
2026-08-12 12:00:00,Open Mic! Overlorded by Wash Your Hands,2022-10-02,8p-12a,Anchorage,Van’s Dive Bar,music,,,system@akconcerts.com,AK Concerts Auto Import,Master Event Database,Approved
2026-08-12 12:00:00,Karaoke,2022-10-02,9p-12a,Anchorage,Mad Myrna’s,music,,,system@akconcerts.com,AK Concerts Auto Import,Master Event Database,Approved
2026-08-12 12:00:00,Karaoke Night,2022-10-03,8p-12a,Anchorage,The Crowbar (Fairbanks),music,,,system@akconcerts.com,AK Concerts Auto Import,Master Event Database,Approved
2026-08-12 12:00:00,Mellow Mondays w/ Nikki Now,2022-10-03,9:30p-12a,Anchorage,Van’s Dive Bar,music,,,system@akconcerts.com,AK Concerts Auto Import,Master Event Database,Approved
2026-08-12 12:00:00,The Monday Mic at Koots,2022-10-03,9p-12a,Anchorage,Koot’s,music,,,system@akconcerts.com,AK Concerts Auto Import,Master Event Database,Approved
2026-08-12 12:00:00,The Eternal Cowboys,2022-10-04,10p-12a,Anchorage,Koot’s,music,,,system@akconcerts.com,AK Concerts Auto Import,Master Event Database,Approved
2026-08-12 12:00:00,Williwaw Blue,2022-10-04,5:30p-7:30p,Anchorage,Organic Oasis,music,,,system@akconcerts.com,AK Concerts Auto Import,Master Event Database,Approved
2026-08-12 12:00:00,Taco Tuesday Open Mic w/Uncle Jim!,2022-10-04,6:30p-9:30p,Anchorage,American Legion Spenard Post 28,music,,,system@akconcerts.com,AK Concerts Auto Import,Master Event Database,Approved
2026-08-12 12:00:00,Comedy Night,2022-10-04,7p-10p,Anchorage,International Hotel and Bar (Fairbanks),comedy,,,system@akconcerts.com,AK Concerts Auto Import,Master Event Database,Approved
2026-08-12 12:00:00,The Open Stage,2022-10-04,7p-10p,Anchorage,Klondike Mike’s & the Main Street Grill (Palmer),music,,,system@akconcerts.com,AK Concerts Auto Import,Master Event Database,Approved
2026-08-12 12:00:00,AK Rockstar Karaoke,2022-10-04,8p-2a,Anchorage,The Carousel Lounge,music,,,system@akconcerts.com,AK Concerts Auto Import,Master Event Database,Approved
2026-08-12 12:00:00,OPEN JAM w/ Daylight Mike,2022-10-04,9p-12a,Anchorage,Van’s Dive Bar,music,,,system@akconcerts.com,AK Concerts Auto Import,Master Event Database,Approved
2026-08-12 12:00:00,Jukebox Karaoke Roadshow,2022-10-04,9p-1a,Anchorage,Trophy Lounge,music,,,system@akconcerts.com,AK Concerts Auto Import,Master Event Database,Approved
2026-08-12 12:00:00,Karaoke,2022-10-04,9p-2a,Anchorage,Yukon Bar (Seward),music,,,system@akconcerts.com,AK Concerts Auto Import,Master Event Database,Approved
2026-08-12 12:00:00,The Eternal Cowboys,2022-10-05,10p-12a,Anchorage,Pioneer Bar,music,,,system@akconcerts.com,AK Concerts Auto Import,Master Event Database,Approved
2026-08-12 12:00:00,Witty Youngman,2022-10-05,7p-10p,Anchorage,PubHouse,music,,,system@akconcerts.com,AK Concerts Auto Import,Master Event Database,Approved
2026-08-12 12:00:00,Open Mic,2022-10-05,7p-12a,Anchorage,Schwabenhof (Wasilla),music,,,system@akconcerts.com,AK Concerts Auto Import,Master Event Database,Approved
2026-08-12 12:00:00,Wednesday Comedy w/ Jimmy Shubert,2022-10-05,7p-9p,Anchorage,North Pole Alehouse (North Pole),comedy,,,system@akconcerts.com,AK Concerts Auto Import,Master Event Database,Approved
2026-08-12 12:00:00,Comedy Open Mic,2022-10-05,8:30p-10p,Anchorage,Koot’s,comedy,,,system@akconcerts.com,AK Concerts Auto Import,Master Event Database,Approved
2026-08-12 12:00:00,AK Rockstar Karaoke,2022-10-05,8p-11p,Anchorage,The Carousel Lounge,music,,,system@akconcerts.com,AK Concerts Auto Import,Master Event Database,Approved
2026-08-12 12:00:00,Karaoke Wednesdays,2022-10-05,8p-12a,Anchorage,Alaskan Hotel and Bar (Juneau),music,,,system@akconcerts.com,AK Concerts Auto Import,Master Event Database,Approved
2026-08-12 12:00:00,Country Night with DJ Lefty,2022-10-05,8p-12a,Anchorage,Koot’s,music,,,system@akconcerts.com,AK Concerts Auto Import,Master Event Database,Approved
2026-08-12 12:00:00,Open Mic at The Marlin!,2022-10-05,8p-2a,Anchorage,The Marlin (Fairbanks),music,,,system@akconcerts.com,AK Concerts Auto Import,Master Event Database,Approved
2026-08-12 12:00:00,Jukebox Karaoke Roadshow,2022-10-05,9p-12a,Anchorage,Eddie’s Sports Bar,music,,,system@akconcerts.com,AK Concerts Auto Import,Master Event Database,Approved
2026-08-12 12:00:00,Karaoke,2022-10-05,9p-12a,Anchorage,Mad Myrna’s,music,,,system@akconcerts.com,AK Concerts Auto Import,Master Event Database,Approved
2026-08-12 12:00:00,Karaoke w/ The Milkman and/or The Dairy Queen!,2022-10-05,9p-12a,Anchorage,Van’s Dive Bar,music,,,system@akconcerts.com,AK Concerts Auto Import,Master Event Database,Approved
2026-08-12 12:00:00,Karaoke,2022-10-05,9p-2a,Anchorage,Yukon Bar (Seward),music,,,system@akconcerts.com,AK Concerts Auto Import,Master Event Database,Approved
2026-08-12 12:00:00,Karaoke 8pm,2023-01-26,12a,Anchorage,Lil Babe’s Cocktail Lounge,music,,,system@akconcerts.com,AK Concerts Auto Import,Master Event Database,Approved
2026-08-12 12:00:00,"Past, Present, & Future of Alaska Native Music",2023-01-26,1p-2p,Anchorage,UAF Charles Davis Hall (Fairbanks),music,,,system@akconcerts.com,AK Concerts Auto Import,Master Event Database,Approved
2026-08-12 12:00:00,Music Workshop w/ Laura Cortese & the Dance Cards,2023-01-26,3p-5,Anchorage,Hearth Artisan Pizza,dance,,,system@akconcerts.com,AK Concerts Auto Import,Master Event Database,Approved
2026-08-12 12:00:00,All City Band and Orchestra Auditions,2023-01-26,4p-6:30p,Anchorage,Bartlett High School,music,,,system@akconcerts.com,AK Concerts Auto Import,Master Event Database,Approved
2026-08-12 12:00:00,Community NARCAN Training Course,2023-01-26,5:30p-6:30p,Anchorage,The Workshop,community,,,system@akconcerts.com,AK Concerts Auto Import,Master Event Database,Approved
2026-08-12 12:00:00,"Live Music from Melissa ""Jazzmom"" Fischer",2023-01-26,5:30p-8:30p,Anchorage,Sullivan’s Steakhouse,music,,,system@akconcerts.com,AK Concerts Auto Import,Master Event Database,Approved
2026-08-12 12:00:00,Live Music from Melissa Jazzmom Fischer,2023-01-26,5:30p-8:30p,Anchorage,Sullivan’s Steakhouse,music,,,system@akconcerts.com,AK Concerts Auto Import,Master Event Database,Approved
2026-08-12 12:00:00,Dancing Lights Trail,2023-01-26,5p-9p,Anchorage,Fairbanks Ice Art Park (Fairbanks),music,,,system@akconcerts.com,AK Concerts Auto Import,Master Event Database,Approved
2026-08-12 12:00:00,Museum After Dark,2023-01-26,6:30p-9:30p,Anchorage,Anchorage Museum,music,,,system@akconcerts.com,AK Concerts Auto Import,Master Event Database,Approved
2026-08-12 12:00:00,Rick Brooks,2023-01-26,7:30p-11p,Anchorage,Humpy’s,music,,,system@akconcerts.com,AK Concerts Auto Import,Master Event Database,Approved
2026-08-12 12:00:00,Jared Woods,2023-01-26,7p-10p,Anchorage,Flattop Pizza & Pasta,music,,,system@akconcerts.com,AK Concerts Auto Import,Master Event Database,Approved
2026-08-12 12:00:00,Community Jam,2023-01-26,7p-10p,Anchorage,Guido’s Pizza,music,,,system@akconcerts.com,AK Concerts Auto Import,Master Event Database,Approved
2026-08-12 12:00:00,The AKoustic Project,2023-01-26,7p-10p,Anchorage,Tailgater’s Sport’s Bar & Grill (Wasilla),music,,,system@akconcerts.com,AK Concerts Auto Import,Master Event Database,Approved
2026-08-12 12:00:00,Will Johnson,2023-01-26,8p-11p,Anchorage,Garcia’s (Eagle River),music,,,system@akconcerts.com,AK Concerts Auto Import,Master Event Database,Approved
2026-08-12 12:00:00,Open Mic Night,2023-01-26,8p-11p,Anchorage,The Marlin Bar (Fairbanks),music,,,system@akconcerts.com,AK Concerts Auto Import,Master Event Database,Approved
2026-08-12 12:00:00,The Jukebox Karaoke,2023-01-26,8p-11p,Anchorage,The Peanut Farm,music,,,system@akconcerts.com,AK Concerts Auto Import,Master Event Database,Approved
2026-08-12 12:00:00,Open Mic w/ Cody Kniceley,2023-01-26,8p-12a,Anchorage,4 Royle Parkers (Soldotna),music,,,system@akconcerts.com,AK Concerts Auto Import,Master Event Database,Approved
2026-08-12 12:00:00,AK Rockstar Karaoke,2023-01-26,8p-2a,Anchorage,The Carousel Lounge,music,,,system@akconcerts.com,AK Concerts Auto Import,Master Event Database,Approved
2026-08-12 12:00:00,Bluegrass is Back!,2023-01-26,9p-12a,Anchorage,Van’s Dive Bar,music,,,system@akconcerts.com,AK Concerts Auto Import,Master Event Database,Approved
2026-08-12 12:00:00,Local Acoustic Showcase feat: Nicholas Holiday & Ukulele Russ,2023-01-26,9p-12a,Anchorage,Williwaw Social,music,,,system@akconcerts.com,AK Concerts Auto Import,Master Event Database,Approved
2026-08-12 12:00:00,Open Decks,2023-01-26,9p-2a,Anchorage,Koot’s,music,,,system@akconcerts.com,AK Concerts Auto Import,Master Event Database,Approved
2026-08-12 12:00:00,Marc Brown & The Blues Crew,2023-01-27,10p-2a,Anchorage,The Marlin (Fairbanks),music,,,system@akconcerts.com,AK Concerts Auto Import,Master Event Database,Approved
2026-08-12 12:00:00,Friday Nights with DJ MANNY,2023-01-27,10p-3a,Anchorage,The Crowbar (Fairbanks),music,,,system@akconcerts.com,AK Concerts Auto Import,Master Event Database,Approved
2026-08-12 12:00:00,Live Music from Tom Bargelski,2023-01-27,5:30p-8:30p,Anchorage,Sullivan’s Steakhouse,music,,,system@akconcerts.com,AK Concerts Auto Import,Master Event Database,Approved
2026-08-12 12:00:00,Open Mic Night,2023-01-27,5p-7p,Anchorage,Black Birch Books (Wasilla),music,,,system@akconcerts.com,AK Concerts Auto Import,Master Event Database,Approved
2026-08-12 12:00:00,The 7 Duo,2023-01-27,5p-9p,Anchorage,Odd Man Rush (Eagle River),music,,,system@akconcerts.com,AK Concerts Auto Import,Master Event Database,Approved
2026-08-12 12:00:00,Danger Money,2023-01-27,6:30p-9:30,Anchorage,O’Malley’s on the Green,music,,,system@akconcerts.com,AK Concerts Auto Import,Master Event Database,Approved
2026-08-12 12:00:00,Traditional Irish Music,2023-01-27,6:30p-9p,Anchorage,Kenai Peninsula College Ward Building (Kenai),music,,,system@akconcerts.com,AK Concerts Auto Import,Master Event Database,Approved
2026-08-12 12:00:00,"Acoustic Steak Night with Bill ""Woody"" Reeves!",2023-01-27,6p-8p,Anchorage,American Legion Spenard Post 28,music,,,system@akconcerts.com,AK Concerts Auto Import,Master Event Database,Approved
2026-08-12 12:00:00,Acoustic Steak Night with Bill Woody Reeves!,2023-01-27,6p-8p,Anchorage,American Legion Spenard Post 28,music,,,system@akconcerts.com,AK Concerts Auto Import,Master Event Database,Approved
2026-08-12 12:00:00,2023 Rondy Royalty Pageant Preliminary Competition,2023-01-27,6p-9:30p,Anchorage,Bear Paw Bar & Grill,music,,,system@akconcerts.com,AK Concerts Auto Import,Master Event Database,Approved
2026-08-12 12:00:00,Laura Cortese and the Dance Cards,2023-01-27,7:30p-9:20p,Anchorage,Alaska Center for the Performing Arts,dance,,,system@akconcerts.com,AK Concerts Auto Import,Master Event Database,Approved
2026-08-12 12:00:00,Comedy Show w/ Billy Wayne Davis,2023-01-27,7:30p-9p,Anchorage,Everett’s (Wasilla),comedy,,,system@akconcerts.com,AK Concerts Auto Import,Master Event Database,Approved
2026-08-12 12:00:00,Friday Night Feast w/ 100 Proof Karaoke,2023-01-27,7p-10p,Anchorage,American Legion Post 15 (Palmer),music,,,system@akconcerts.com,AK Concerts Auto Import,Master Event Database,Approved
2026-08-12 12:00:00,Medium Build (Sold Out),2023-01-27,7p-10p,Anchorage,Bear Tooth Theatrepub,music,,,system@akconcerts.com,AK Concerts Auto Import,Master Event Database,Approved
2026-08-12 12:00:00,Williwaw Blue,2023-01-27,7p-10p,Anchorage,Inlet Towers,music,,,system@akconcerts.com,AK Concerts Auto Import,Master Event Database,Approved
2026-08-12 12:00:00,Open Mic Night,2023-01-27,7p-12a,Anchorage,Floaters (Big Lake),music,,,system@akconcerts.com,AK Concerts Auto Import,Master Event Database,Approved
2026-08-12 12:00:00,Karaoke Friday at the Eagles!,2023-01-27,7p-12a,Anchorage,The Fraternal Order of Eagles Aerie 4207,music,,,system@akconcerts.com,AK Concerts Auto Import,Master Event Database,Approved
2026-08-12 12:00:00,Anchorage Folk Festival Main Stage Performances,2023-01-27,7p-12a,Anchorage,Wendy Williamson Auditorium,festival,,,system@akconcerts.com,AK Concerts Auto Import,Master Event Database,Approved
2026-08-12 12:00:00,Out To Lunch: (extended weekend!!),2023-01-27,7p-8:30p,Anchorage,Anchorage Community Theater,music,,,system@akconcerts.com,AK Concerts Auto Import,Master Event Database,Approved
2026-08-12 12:00:00,Scared Scriptless Welcome Back Show!,2023-01-27,7p-9p,Anchorage,49th State Brewing (Anchorage),comedy,,,system@akconcerts.com,AK Concerts Auto Import,Master Event Database,Approved
2026-08-12 12:00:00,Tarzan,2023-01-27,7p-9p,Anchorage,Glenn Massay Theater (Palmer),music,,,system@akconcerts.com,AK Concerts Auto Import,Master Event Database,Approved
2026-08-12 12:00:00,UAS Drag Show w/ April Carrion,2023-01-27,7p-9p,Anchorage,UAS Recreation Center (Juneau),comedy,,,system@akconcerts.com,AK Concerts Auto Import,Master Event Database,Approved
2026-08-12 12:00:00,Nothin' But Trouble,2023-01-27,8:30p-1:30a,Anchorage,Humpy’s,music,,,system@akconcerts.com,AK Concerts Auto Import,Master Event Database,Approved
2026-08-12 12:00:00,The Jukebox Karaoke Roadshow,2023-01-27,8p-11p,Anchorage,The Gaslight Bar,music,,,system@akconcerts.com,AK Concerts Auto Import,Master Event Database,Approved
2026-08-12 12:00:00,The Stack Live,2023-01-27,8p-12a,Anchorage,American Legion Post 33 (Chugiak),music,,,system@akconcerts.com,AK Concerts Auto Import,Master Event Database,Approved
2026-08-12 12:00:00,Reggae & Salsa feat.DJ PrinceAlbert,2023-01-27,8p-2a,Anchorage,The Carousel Lounge,dance,,,system@akconcerts.com,AK Concerts Auto Import,Master Event Database,Approved
2026-08-12 12:00:00,The Cellar Dweller Comedy Showcase,2023-01-27,8p-9:30p,Anchorage,Broken Blender,comedy,,,system@akconcerts.com,AK Concerts Auto Import,Master Event Database,Approved
2026-08-12 12:00:00,DJ Lloyds Noize's Essentials: Harry Styles,2023-01-27,9p-1:30a,Anchorage,Williwaw Social,music,,,system@akconcerts.com,AK Concerts Auto Import,Master Event Database,Approved
2026-08-12 12:00:00,Mad Myrna's Diva Variety Show,2023-01-27,9p-11:30p,Anchorage,Mad Myrna’s,music,,,system@akconcerts.com,AK Concerts Auto Import,Master Event Database,Approved
2026-08-12 12:00:00,Hot Mess,2023-01-27,9p-12a,Anchorage,Kenai Joes Taphouse (Kenai),music,,,system@akconcerts.com,AK Concerts Auto Import,Master Event Database,Approved
2026-08-12 12:00:00,Unknowns w/ Spank The Dog,2023-01-27,9p-12a,Anchorage,Van’s Dive Bar,music,,,system@akconcerts.com,AK Concerts Auto Import,Master Event Database,Approved
2026-08-12 12:00:00,Ski Bunny Ball,2023-01-27,9p-1a,Anchorage,Sitzmark (Girdwood),music,,,system@akconcerts.com,AK Concerts Auto Import,Master Event Database,Approved
2026-08-12 12:00:00,DJ Covy,2023-01-27,9p-2a,Anchorage,Bernie’s Bungalow,music,,,system@akconcerts.com,AK Concerts Auto Import,Master Event Database,Approved
2026-08-12 12:00:00,Todd Grebe,2023-01-27,9p-2a,Anchorage,Fairview Inn (Talkeetna),music,,,system@akconcerts.com,AK Concerts Auto Import,Master Event Database,Approved
2026-08-12 12:00:00,"Sideways, Greenhouse And The Store!",2023-01-27,9p-2a,Anchorage,Koot’s,music,,,system@akconcerts.com,AK Concerts Auto Import,Master Event Database,Approved
2026-08-12 12:00:00,Hot Mess,2023-01-28,10p-1a,Anchorage,The Maverick Saloon (Soldotna),music,,,system@akconcerts.com,AK Concerts Auto Import,Master Event Database,Approved
2026-08-12 12:00:00,Glacier Blues Band,2023-01-28,10p-2a,Anchorage,The Carousel Lounge,music,,,system@akconcerts.com,AK Concerts Auto Import,Master Event Database,Approved
2026-08-12 12:00:00,90's Throwback Party w/ DJ Brazen,2023-01-28,10p-2a,Anchorage,Klondike Mike’s & Main Street Grill (Palmer),music,,,system@akconcerts.com,AK Concerts Auto Import,Master Event Database,Approved
2026-08-12 12:00:00,Walking on a Dream: Indie Dance Party w/ DJ Gre,2023-01-28,10p-2a,Anchorage,Williwaw Social,dance,,,system@akconcerts.com,AK Concerts Auto Import,Master Event Database,Approved
2026-08-12 12:00:00,Hip Hop Night with DJ Manny,2023-01-28,10p-3a,Anchorage,The Crowbar (Fairbanks),music,,,system@akconcerts.com,AK Concerts Auto Import,Master Event Database,Approved
2026-08-12 12:00:00,Gigi's Drag Brunch starring April Carrion,2023-01-28,12p-3p,Anchorage,TK Maguire’s (Juneau),community,,,system@akconcerts.com,AK Concerts Auto Import,Master Event Database,Approved
2026-08-12 12:00:00,Nothin' But Trouble at the Alaska Brew Fest,2023-01-28,12p-4p,Anchorage,Dena’ina Civic & Convention Center,festival,,,system@akconcerts.com,AK Concerts Auto Import,Master Event Database,Approved
2026-08-12 12:00:00,Anchorage Folk Festival Main Stage Performances,2023-01-28,1p-10p,Anchorage,Wendy Williamson Auditorium,festival,,,system@akconcerts.com,AK Concerts Auto Import,Master Event Database,Approved
2026-08-12 12:00:00,Westchester Family Skate Day,2023-01-28,1p-3p,Anchorage,Westchester Lagoon,music,,,system@akconcerts.com,AK Concerts Auto Import,Master Event Database,Approved
2026-08-12 12:00:00,Tarzan,2023-01-28,2p-4p & 7p-9p,Anchorage,Glenn Massay Theater (Palmer),music,,,system@akconcerts.com,AK Concerts Auto Import,Master Event Database,Approved
2026-08-12 12:00:00,"Bill ""Woody"" Reeves live at the Afterglow",2023-01-28,2p-5p,Anchorage,Arctic Valley Ski Area,music,,,system@akconcerts.com,AK Concerts Auto Import,Master Event Database,Approved
2026-08-12 12:00:00,Bill Woody Reeves live at the Afterglow,2023-01-28,2p-5p,Anchorage,Arctic Valley Ski Area,music,,,system@akconcerts.com,AK Concerts Auto Import,Master Event Database,Approved
2026-08-12 12:00:00,Stage Management Workshop,2023-01-28,3p-5p,Anchorage,Anchorage Community Theatre,music,,,system@akconcerts.com,AK Concerts Auto Import,Master Event Database,Approved
2026-08-12 12:00:00,Cold Country Bluegrass,2023-01-28,4p-7p,Anchorage,Hatcher’s Pass Lodge (Palmer),music,,,system@akconcerts.com,AK Concerts Auto Import,Master Event Database,Approved
2026-08-12 12:00:00,The Stack Live at the Alaska Brew Fest,2023-01-28,6p-10p,Anchorage,Dena’ina Civic & Convention Center,festival,,,system@akconcerts.com,AK Concerts Auto Import,Master Event Database,Approved
2026-08-12 12:00:00,Dungeons & Drag-Uns! A Fantastical Drag Show,2023-01-28,7:30p-11:45p,Anchorage,Red Dog Saloon (Juneau),comedy,,,system@akconcerts.com,AK Concerts Auto Import,Master Event Database,Approved
2026-08-12 12:00:00,"Anchorage Symphony's ""Latin Vistas""",2023-01-28,7:30p-9:30p,Anchorage,Alaska Center for the Performing Arts,music,,,system@akconcerts.com,AK Concerts Auto Import,Master Event Database,Approved
2026-08-12 12:00:00,Laura Cortese & the Dance Cards,2023-01-28,7:30p-9:30p,Anchorage,Gerald C. Wilson Auditorium (Kodiak),dance,,,system@akconcerts.com,AK Concerts Auto Import,Master Event Database,Approved
2026-08-12 12:00:00,Anchorage Symphony's Latin Vistas,2023-01-28,7:30p-9:30p,Anchorage,Alaska Center for the Performing Arts,music,,,system@akconcerts.com,AK Concerts Auto Import,Master Event Database,Approved
2026-08-12 12:00:00,Roland Roberts Band,2023-01-28,7p-10p,Anchorage,Tolsona Lake Lodge (Glenallen),music,,,system@akconcerts.com,AK Concerts Auto Import,Master Event Database,Approved
2026-08-12 12:00:00,Sweet Cheeks Cabaret,2023-01-28,7p-8:30p,Anchorage,Broken Blender,music,,,system@akconcerts.com,AK Concerts Auto Import,Master Event Database,Approved
2026-08-12 12:00:00,Lights Down Low Concert Series: Pipeline Vocal Project,2023-01-28,7p-9p,Anchorage,Cafecito Bonito,music,,,system@akconcerts.com,AK Concerts Auto Import,Master Event Database,Approved
2026-08-12 12:00:00,Comedian Billy Wayne Davis,2023-01-28,7p-9p & 9:30p-10:30p,Anchorage,Koot’s,music,,,system@akconcerts.com,AK Concerts Auto Import,Master Event Database,Approved
2026-08-12 12:00:00,Juneau Symphony Concert: Transformations,2023-01-28,8p-10p,Anchorage,Juneau-Douglas High School (Juneau),music,,,system@akconcerts.com,AK Concerts Auto Import,Master Event Database,Approved
2026-08-12 12:00:00,Nothin’ But Karma,2023-01-28,8p-11p,Anchorage,Serrano’s Mexican Grill,music,,,system@akconcerts.com,AK Concerts Auto Import,Master Event Database,Approved
2026-08-12 12:00:00,Danger Money Live at The Moose!,2023-01-28,8p-12a,Anchorage,Anchorage Moose Lodge,music,,,system@akconcerts.com,AK Concerts Auto Import,Master Event Database,Approved
2026-08-12 12:00:00,Chris Crain,2023-01-28,8p-12a,Anchorage,Broken Blender,music,,,system@akconcerts.com,AK Concerts Auto Import,Master Event Database,Approved
2026-08-12 12:00:00,Folk Week Music Workshops,2023-01-28,9:30a-5:15p,Anchorage,UAA Professional Sciences Building,music,,,system@akconcerts.com,AK Concerts Auto Import,Master Event Database,Approved
2026-08-12 12:00:00,Rebel Blues,2023-01-28,9:30p-1a,Anchorage,Humpy’s,music,,,system@akconcerts.com,AK Concerts Auto Import,Master Event Database,Approved
2026-08-12 12:00:00,Indie Showcase feat: Paul Jacks,2023-01-28,9p-10p,Anchorage,Williwaw Social,music,,,system@akconcerts.com,AK Concerts Auto Import,Master Event Database,Approved
2026-08-12 12:00:00,Valley Below,2023-01-28,9p-11p,Anchorage,The Boatel (Fairbanks),music,,,system@akconcerts.com,AK Concerts Auto Import,Master Event Database,Approved
2026-08-12 12:00:00,Ski Bunny Ball,2023-01-28,9p-1a,Anchorage,The Sitzmark (Girdwood),music,,,system@akconcerts.com,AK Concerts Auto Import,Master Event Database,Approved
2026-08-12 12:00:00,"The Nameless, Brainhole, & 3000-21!",2023-01-28,9p-1a,Anchorage,Van’s Dive Bar,music,,,system@akconcerts.com,AK Concerts Auto Import,Master Event Database,Approved
2026-08-12 12:00:00,"Sideways, Greenhouse And The Store!",2023-01-28,9p-2a,Anchorage,Koot’s,music,,,system@akconcerts.com,AK Concerts Auto Import,Master Event Database,Approved
2026-08-12 12:00:00,Tony Taylor's Birthday Bash,2023-01-28,9p-2a,Anchorage,The Marlin (Fairbanks),music,,,system@akconcerts.com,AK Concerts Auto Import,Master Event Database,Approved
2026-08-12 12:00:00,Koots Karaoke,2023-01-29,10p-2a,Anchorage,Koot’s,music,,,system@akconcerts.com,AK Concerts Auto Import,Master Event Database,Approved
2026-08-12 12:00:00,Industry Night w/ Joe Brady,2023-01-29,10p-2a,Anchorage,Pioneer Bar,music,,,system@akconcerts.com,AK Concerts Auto Import,Master Event Database,Approved
2026-08-12 12:00:00,Folk Week Music Workshops,2023-01-29,11:15a-5:15p,Anchorage,UAA Professional Sciences Building,music,,,system@akconcerts.com,AK Concerts Auto Import,Master Event Database,Approved
2026-08-12 12:00:00,Rasmuson IAA Workshop and Work Jam,2023-01-29,2p-4p,Anchorage,The Nave Spenard,music,,,system@akconcerts.com,AK Concerts Auto Import,Master Event Database,Approved
2026-08-12 12:00:00,A Playwriting Workshop: Writing Your Show,2023-01-29,2p-5p,Anchorage,Anchorage Community Theater,theatre,,,system@akconcerts.com,AK Concerts Auto Import,Master Event Database,Approved
2026-08-12 12:00:00,Earhoney live at the Afterglow!,2023-01-29,2p-5p,Anchorage,Arctic Valley Ski Area,music,,,system@akconcerts.com,AK Concerts Auto Import,Master Event Database,Approved
2026-08-12 12:00:00,Juneau Symphony Concert: Transformations,2023-01-29,3p-5p,Anchorage,Juneau-Douglas High School (Juneau),music,,,system@akconcerts.com,AK Concerts Auto Import,Master Event Database,Approved
2026-08-12 12:00:00,Armin Abdihodzic & Thomas Tallant,2023-01-29,4:30p-6:30p,Anchorage,Anchorage Lutheran Church,music,,,system@akconcerts.com,AK Concerts Auto Import,Master Event Database,Approved
2026-08-12 12:00:00,Cirque Mechanics,2023-01-29,4p-6p,Anchorage,Hering Auditorium (Fairbanks),music,,,system@akconcerts.com,AK Concerts Auto Import,Master Event Database,Approved
2026-08-12 12:00:00,Dancing Lights Trail,2023-01-29,5p-9p,Anchorage,Fairbanks Ice Art Park (Fairbanks),music,,,system@akconcerts.com,AK Concerts Auto Import,Master Event Database,Approved
2026-08-12 12:00:00,Comedy Open Mic,2023-01-29,8:30p-10p,Anchorage,Koot’s,comedy,,,system@akconcerts.com,AK Concerts Auto Import,Master Event Database,Approved
2026-08-12 12:00:00,Open Mic Jam,2023-01-29,8p-11p,Anchorage,Humpys,music,,,system@akconcerts.com,AK Concerts Auto Import,Master Event Database,Approved
2026-08-12 12:00:00,Karaoke at the Marlin,2023-01-29,8p-12a,Anchorage,The Marlin Bar (Fairbanks),music,,,system@akconcerts.com,AK Concerts Auto Import,Master Event Database,Approved
2026-08-12 12:00:00,Open Mic! Overlorded by Wash Your Hands,2023-01-29,8p-12a,Anchorage,Van’s Dive Bar,music,,,system@akconcerts.com,AK Concerts Auto Import,Master Event Database,Approved
2026-08-12 12:00:00,AK Rockstar Karaoke Sunday,2023-01-29,8p-2a,Anchorage,The Carousel Lounge,music,,,system@akconcerts.com,AK Concerts Auto Import,Master Event Database,Approved
2026-08-12 12:00:00,Karaoke,2023-01-29,9p-12a,Anchorage,Mad Myrna’s,music,,,system@akconcerts.com,AK Concerts Auto Import,Master Event Database,Approved
2026-08-12 12:00:00,Karaoke,2023-01-29,9p-2a,Anchorage,Four Corner’s Lounge (Palmer),music,,,system@akconcerts.com,AK Concerts Auto Import,Master Event Database,Approved
2026-08-12 12:00:00,All Ages Open Jam,2023-01-30,5p-6:30p,Anchorage,Temple Studios Community Center (Seward),music,,,system@akconcerts.com,AK Concerts Auto Import,Master Event Database,Approved
2026-08-12 12:00:00,Open Mic Night,2023-01-30,6:30p-8:30p,Anchorage,Auxiliary VFW 1685,music,,,system@akconcerts.com,AK Concerts Auto Import,Master Event Database,Approved
2026-08-12 12:00:00,Jazz Night Open Jam,2023-01-30,6:30p-8:30p,Anchorage,K Street Market,music,,,system@akconcerts.com,AK Concerts Auto Import,Master Event Database,Approved
2026-08-12 12:00:00,Karaoke Night,2023-01-30,8p-12a,Anchorage,The Crowbar (Fairbanks),music,,,system@akconcerts.com,AK Concerts Auto Import,Master Event Database,Approved
2026-08-12 12:00:00,The Monday Mic at Koots,2023-01-30,9p-12a,Anchorage,Koot’s,music,,,system@akconcerts.com,AK Concerts Auto Import,Master Event Database,Approved
2026-08-12 12:00:00,Jay Straw's Bass to Mouth Mondays!,2023-01-30,9p-12a,Anchorage,Van’s Dive Bar,music,,,system@akconcerts.com,AK Concerts Auto Import,Master Event Database,Approved
2026-08-12 12:00:00,The Eternal Cowboys,2023-01-31,10p-12a,Anchorage,Koot’s,music,,,system@akconcerts.com,AK Concerts Auto Import,Master Event Database,Approved
2026-08-12 12:00:00,Acoustic Song Circle,2023-01-31,6:30p-9:30p,Anchorage,American Legion Spenard Post 28,music,,,system@akconcerts.com,AK Concerts Auto Import,Master Event Database,Approved
2026-08-12 12:00:00,Play Reader's Club,2023-01-31,6p-8p,Anchorage,Anchorage Community Theatre,theatre,,,system@akconcerts.com,AK Concerts Auto Import,Master Event Database,Approved
2026-08-12 12:00:00,The Open Stage,2023-01-31,7p-10p,Anchorage,Klondike Mike’s & the Main Street Grill (Palmer),music,,,system@akconcerts.com,AK Concerts Auto Import,Master Event Database,Approved
2026-08-12 12:00:00,Laura Cortese & the Dance Cards,2023-01-31,7p-9p,Anchorage,Northstar Theater (Cordova),dance,,,system@akconcerts.com,AK Concerts Auto Import,Master Event Database,Approved
2026-08-12 12:00:00,Blackwater Railroad & Friends,2023-01-31,8p-12a,Anchorage,Seward Alehouse (Seward),music,,,system@akconcerts.com,AK Concerts Auto Import,Master Event Database,Approved
2026-08-12 12:00:00,AK Rockstar Karaoke,2023-01-31,8p-2a,Anchorage,The Carousel Lounge,music,,,system@akconcerts.com,AK Concerts Auto Import,Master Event Database,Approved
2026-08-12 12:00:00,OPEN JAM w/ Daylight Mike,2023-01-31,9p-12a,Anchorage,Van’s Dive Bar,music,,,system@akconcerts.com,AK Concerts Auto Import,Master Event Database,Approved
2026-08-12 12:00:00,Jukebox Karaoke Roadshow,2023-01-31,9p-1a,Anchorage,Trophy Lounge,music,,,system@akconcerts.com,AK Concerts Auto Import,Master Event Database,Approved
2026-08-12 12:00:00,Karaoke,2023-01-31,9p-2a,Anchorage,Yukon Bar (Seward),music,,,system@akconcerts.com,AK Concerts Auto Import,Master Event Database,Approved
2026-08-12 12:00:00,The Eternal Cowboys,2023-02-01,10p-12a,Anchorage,Pioneer Bar,music,,,system@akconcerts.com,AK Concerts Auto Import,Master Event Database,Approved
2026-08-12 12:00:00,Open Mic 8pm,2023-02-01,12a,Anchorage,Lil Babe’s Cocktail Lounge,music,,,system@akconcerts.com,AK Concerts Auto Import,Master Event Database,Approved
2026-08-12 12:00:00,Culture Shift- February!,2023-02-01,6p-7p,Anchorage,Williwaw Social,music,,,system@akconcerts.com,AK Concerts Auto Import,Master Event Database,Approved
2026-08-12 12:00:00,Lulu Small live,2023-02-01,6p-9p,Anchorage,Palmer Alehouse (Palmer),music,,,system@akconcerts.com,AK Concerts Auto Import,Master Event Database,Approved
2026-08-12 12:00:00,Shawn Pacarro,2023-02-01,7:30p-11p,Anchorage,Humpys,music,,,system@akconcerts.com,AK Concerts Auto Import,Master Event Database,Approved
2026-08-12 12:00:00,Tyrone Palmer & Friends,2023-02-01,7p-10p,Anchorage,907 Alehouse,music,,,system@akconcerts.com,AK Concerts Auto Import,Master Event Database,Approved
2026-08-12 12:00:00,Witty Youngman,2023-02-01,7p-10p,Anchorage,PubHouse,music,,,system@akconcerts.com,AK Concerts Auto Import,Master Event Database,Approved
2026-08-12 12:00:00,Open Mic,2023-02-01,7p-12a,Anchorage,Schwabenhof (Wasilla),music,,,system@akconcerts.com,AK Concerts Auto Import,Master Event Database,Approved
2026-08-12 12:00:00,Laura Cortese & the Dance Cards,2023-02-01,7p-9p,Anchorage,Sitka Performing Arts Center (Sitka),dance,,,system@akconcerts.com,AK Concerts Auto Import,Master Event Database,Approved
2026-08-12 12:00:00,Beats & Beer: Music Bingo,2023-02-01,7p-9p,Anchorage,Williwaw Social,music,,,system@akconcerts.com,AK Concerts Auto Import,Master Event Database,Approved
2026-08-12 12:00:00,Comedy Open Mic,2023-02-01,8:30p-10p,Anchorage,Koot’s,comedy,,,system@akconcerts.com,AK Concerts Auto Import,Master Event Database,Approved
2026-08-12 12:00:00,Karaoke,2023-02-01,8p-12a,Anchorage,Alaskan Hotel and Bar (Juneau),music,,,system@akconcerts.com,AK Concerts Auto Import,Master Event Database,Approved
2026-08-12 12:00:00,Country Night with DJ Lefty,2023-02-01,8p-12a,Anchorage,Koot’s,music,,,system@akconcerts.com,AK Concerts Auto Import,Master Event Database,Approved
2026-08-12 12:00:00,Jukebox Karaoke Roadshow,2023-02-01,9p-12a,Anchorage,Eddie’s Sports Bar,music,,,system@akconcerts.com,AK Concerts Auto Import,Master Event Database,Approved
2026-08-12 12:00:00,KARAOKE w/ The Milkman!,2023-02-01,9p-12a,Anchorage,Van’s Dive Bar,music,,,system@akconcerts.com,AK Concerts Auto Import,Master Event Database,Approved
2026-08-12 12:00:00,Karaoke,2023-02-01,9p-2a,Anchorage,Yukon Bar (Seward),music,,,system@akconcerts.com,AK Concerts Auto Import,Master Event Database,Approved
2026-08-12 12:00:00,The Eternal Cowboys,2023-03-29,10p-12a,Anchorage,Pioneer Bar,music,,,system@akconcerts.com,AK Concerts Auto Import,Master Event Database,Approved
2026-08-12 12:00:00,Open Mic 8pm,2023-03-29,12a,Anchorage,Lil Babe’s Cocktail Lounge,music,,,system@akconcerts.com,AK Concerts Auto Import,Master Event Database,Approved
2026-08-12 12:00:00,Artist-in-Residence: Bethlehem Shalom,2023-03-29,12p-2p,Anchorage,Anchorage Museum,music,,,system@akconcerts.com,AK Concerts Auto Import,Master Event Database,Approved
2026-08-12 12:00:00,Larry Zarella live,2023-03-29,6p-9p,Anchorage,Palmer Alehouse (Palmer),music,,,system@akconcerts.com,AK Concerts Auto Import,Master Event Database,Approved
2026-08-12 12:00:00,Beats. Beer. Bingo.,2023-03-29,7:30p-9:30p,Anchorage,Williwaw Social,music,,,system@akconcerts.com,AK Concerts Auto Import,Master Event Database,Approved
2026-08-12 12:00:00,Tyrone Palmer & Friends,2023-03-29,7p-10p,Anchorage,907 Alehouse,music,,,system@akconcerts.com,AK Concerts Auto Import,Master Event Database,Approved
2026-08-12 12:00:00,Open Mic,2023-03-29,7p-12a,Anchorage,Schwabenhof (Wasilla),music,,,system@akconcerts.com,AK Concerts Auto Import,Master Event Database,Approved
2026-08-12 12:00:00,Chris Porter Live,2023-03-29,7p-9p,Anchorage,North Pole Alehouse (North Pole),music,,,system@akconcerts.com,AK Concerts Auto Import,Master Event Database,Approved
2026-08-12 12:00:00,Mountainside Open Mic & Art Night,2023-03-29,7p-9p,Anchorage,The Rookery Café (Juneau),music,,,system@akconcerts.com,AK Concerts Auto Import,Master Event Database,Approved
2026-08-12 12:00:00,Comedy Open Mic,2023-03-29,8:30p-10p,Anchorage,Koot’s,comedy,,,system@akconcerts.com,AK Concerts Auto Import,Master Event Database,Approved
2026-08-12 12:00:00,Karaoke,2023-03-29,8p-11p,Anchorage,Alaskan Hotel and Bar (Juneau),music,,,system@akconcerts.com,AK Concerts Auto Import,Master Event Database,Approved
2026-08-12 12:00:00,Country Night with DJ Lefty,2023-03-29,8p-12a,Anchorage,Koot’s,music,,,system@akconcerts.com,AK Concerts Auto Import,Master Event Database,Approved
2026-08-12 12:00:00,AK Rockstar Karaoke,2023-03-29,8p-2a,Anchorage,The Carousel Lounge,music,,,system@akconcerts.com,AK Concerts Auto Import,Master Event Database,Approved
2026-08-12 12:00:00,Jukebox Karaoke Roadshow,2023-03-29,9p-12a,Anchorage,Eddie’s Sports Bar,music,,,system@akconcerts.com,AK Concerts Auto Import,Master Event Database,Approved
2026-08-12 12:00:00,Karaoke,2023-03-29,9p-12a,Anchorage,Mad Myrna’s,music,,,system@akconcerts.com,AK Concerts Auto Import,Master Event Database,Approved
2026-08-12 12:00:00,KARAOKE w/ The Milkman!,2023-03-29,9p-12a,Anchorage,Van’s Dive Bar,music,,,system@akconcerts.com,AK Concerts Auto Import,Master Event Database,Approved
2026-08-12 12:00:00,Karaoke,2023-03-29,9p-2a,Anchorage,Yukon Bar (Seward),music,,,system@akconcerts.com,AK Concerts Auto Import,Master Event Database,Approved
2026-08-12 12:00:00,Karaoke 8pm,2023-03-30,12a,Anchorage,Lil Babe’s Cocktail Lounge,music,,,system@akconcerts.com,AK Concerts Auto Import,Master Event Database,Approved
2026-08-12 12:00:00,"Melissa ""Jazzmom"" Fischer",2023-03-30,5:30p-8:30p,Anchorage,Sullivan’s Steakhouse,music,,,system@akconcerts.com,AK Concerts Auto Import,Master Event Database,Approved
2026-08-12 12:00:00,Melissa Jazzmom Fischer,2023-03-30,5:30p-8:30p,Anchorage,Sullivan’s Steakhouse,music,,,system@akconcerts.com,AK Concerts Auto Import,Master Event Database,Approved
2026-08-12 12:00:00,Museum After Dark,2023-03-30,6:30p-9:30p,Anchorage,Anchorage Museum,music,,,system@akconcerts.com,AK Concerts Auto Import,Master Event Database,Approved
2026-08-12 12:00:00,Middle School Large Group Festival Orchestra II,2023-03-30,6p-7:30p,Anchorage,Bartlett High School,festival,,,system@akconcerts.com,AK Concerts Auto Import,Master Event Database,Approved
2026-08-12 12:00:00,Jared Woods,2023-03-30,7:30p-11p,Anchorage,Humpy’s,music,,,system@akconcerts.com,AK Concerts Auto Import,Master Event Database,Approved
2026-08-12 12:00:00,Witty Youngman,2023-03-30,7p-10p,Anchorage,PubHouse,music,,,system@akconcerts.com,AK Concerts Auto Import,Master Event Database,Approved
2026-08-12 12:00:00,The AKoustic Project,2023-03-30,7p-10p,Anchorage,Tailgater’s Sport’s Bar & Grill (Wasilla),music,,,system@akconcerts.com,AK Concerts Auto Import,Master Event Database,Approved
2026-08-12 12:00:00,Monte Montepare,2023-03-30,7p-9p,Anchorage,Broken Blender,music,,,system@akconcerts.com,AK Concerts Auto Import,Master Event Database,Approved
2026-08-12 12:00:00,Open Mic,2023-03-30,8p-11p,Anchorage,Alaskan Hotel and Bar (Juneau),music,,,system@akconcerts.com,AK Concerts Auto Import,Master Event Database,Approved
2026-08-12 12:00:00,Nothin’ But Trouble,2023-03-30,8p-11p,Anchorage,Garcia’s Cantina & Café (Eagle River),music,,,system@akconcerts.com,AK Concerts Auto Import,Master Event Database,Approved
2026-08-12 12:00:00,Open Mic Night,2023-03-30,8p-11p,Anchorage,The Marlin Bar (Fairbanks),music,,,system@akconcerts.com,AK Concerts Auto Import,Master Event Database,Approved
2026-08-12 12:00:00,The Jukebox Karaoke,2023-03-30,8p-11p,Anchorage,The Peanut Farm,music,,,system@akconcerts.com,AK Concerts Auto Import,Master Event Database,Approved
2026-08-12 12:00:00,Open Mic w/ Cody Kniceley,2023-03-30,8p-12a,Anchorage,4 Royle Parkers (Soldotna),music,,,system@akconcerts.com,AK Concerts Auto Import,Master Event Database,Approved
2026-08-12 12:00:00,AK Rockstar Karaoke,2023-03-30,8p-2a,Anchorage,The Carousel Lounge,music,,,system@akconcerts.com,AK Concerts Auto Import,Master Event Database,Approved
2026-08-12 12:00:00,Mad Myrna's Comedy Show Case,2023-03-30,9p-11p,Anchorage,Mad Myrna’s,comedy,,,system@akconcerts.com,AK Concerts Auto Import,Master Event Database,Approved
2026-08-12 12:00:00,Karaoke Night,2023-03-30,9p-1a,Anchorage,Four Corner’s Lounge (Palmer),music,,,system@akconcerts.com,AK Concerts Auto Import,Master Event Database,Approved
2026-08-12 12:00:00,Caribbean Night w/ DJ Militant & DJ Jose,2023-03-31,10:30p-2a,Anchorage,Koot’s,music,,,system@akconcerts.com,AK Concerts Auto Import,Master Event Database,Approved
2026-08-12 12:00:00,The Stack,2023-03-31,10:30p-2a,Anchorage,Koot’s,music,,,system@akconcerts.com,AK Concerts Auto Import,Master Event Database,Approved
2026-08-12 12:00:00,The Glacier Hoppers,2023-03-31,10p-2:30a,Anchorage,The Mug-Shot Saloon (Wasilla),music,,,system@akconcerts.com,AK Concerts Auto Import,Master Event Database,Approved
2026-08-12 12:00:00,Hip-Hop Fridays,2023-03-31,10p-2a,Anchorage,International Hotel & Bar (Fairbanks),music,,,system@akconcerts.com,AK Concerts Auto Import,Master Event Database,Approved
2026-08-12 12:00:00,DJ Manny,2023-03-31,10p-3:30a,Anchorage,The Crowbar (Fairbanks),music,,,system@akconcerts.com,AK Concerts Auto Import,Master Event Database,Approved
2026-08-12 12:00:00,Being QT,2023-03-31,4p-7p,Anchorage,The Writer’s Block Bookstore & Café,music,,,system@akconcerts.com,AK Concerts Auto Import,Master Event Database,Approved
2026-08-12 12:00:00,Live Music from Tom Bargelski,2023-03-31,5:30p-8:30p,Anchorage,Sullivan’s Steakhouse,music,,,system@akconcerts.com,AK Concerts Auto Import,Master Event Database,Approved
2026-08-12 12:00:00,Zen Trembles Live,2023-03-31,6:30p-9:30,Anchorage,O’Malley’s on the Green,music,,,system@akconcerts.com,AK Concerts Auto Import,Master Event Database,Approved
2026-08-12 12:00:00,Free Show: Hot and Energetic Universe,2023-03-31,6p-8:30p,Anchorage,Marie Drake Planetarium (Juneau),music,,,system@akconcerts.com,AK Concerts Auto Import,Master Event Database,Approved
2026-08-12 12:00:00,Monte Montepare,2023-03-31,6p-8p,Anchorage,Alpenglow Coffee House (Girdwood),music,,,system@akconcerts.com,AK Concerts Auto Import,Master Event Database,Approved
2026-08-12 12:00:00,Acoustic Steak Night with Travis Watson & Friends!,2023-03-31,6p-9p,Anchorage,American Legion Post 28,music,,,system@akconcerts.com,AK Concerts Auto Import,Master Event Database,Approved
2026-08-12 12:00:00,Pulse Dance Company in Concert 2023,2023-03-31,7:30p-8:30p,Anchorage,Alaska Center for the Performing Arts,dance,,,system@akconcerts.com,AK Concerts Auto Import,Master Event Database,Approved
2026-08-12 12:00:00,Alaska Chamber Singers: Mozart - Great Mass in C minor,2023-03-31,7:30p-9p,Anchorage,Cathedral of Our Lady Guadalupe,music,,,system@akconcerts.com,AK Concerts Auto Import,Master Event Database,Approved
2026-08-12 12:00:00,Emily Anderson FemCon Concert,2023-03-31,7:30p-9p,Anchorage,UAF Charles Davis Concert Hall (Fairbanks),music,,,system@akconcerts.com,AK Concerts Auto Import,Master Event Database,Approved
2026-08-12 12:00:00,Comedian Trenton Davis,2023-03-31,730p-9p,Anchorage,Everett’s,music,,,system@akconcerts.com,AK Concerts Auto Import,Master Event Database,Approved
2026-08-12 12:00:00,Williwaw Blue,2023-03-31,7p-10p,Anchorage,Inlet Towers,music,,,system@akconcerts.com,AK Concerts Auto Import,Master Event Database,Approved
2026-08-12 12:00:00,Karaoke,2023-03-31,7p-11p,Anchorage,American Legion Post 15 (Palmer),music,,,system@akconcerts.com,AK Concerts Auto Import,Master Event Database,Approved
2026-08-12 12:00:00,Open Mic Night,2023-03-31,7p-12a,Anchorage,Floaters (Big Lake),music,,,system@akconcerts.com,AK Concerts Auto Import,Master Event Database,Approved
2026-08-12 12:00:00,Karaoke Friday at the Eagles!,2023-03-31,7p-12a,Anchorage,The Fraternal Order of Eagles Aerie 4207,music,,,system@akconcerts.com,AK Concerts Auto Import,Master Event Database,Approved
2026-08-12 12:00:00,Daydreaming in Spanglish: Spoken Word Poetry by Raquel Polanco,2023-03-31,7p-9p,Anchorage,Cafecito Bonito,music,,,system@akconcerts.com,AK Concerts Auto Import,Master Event Database,Approved
2026-08-12 12:00:00,The Book Club,2023-03-31,7p-9p,Anchorage,Cyrano’s Theatre Building,music,,,system@akconcerts.com,AK Concerts Auto Import,Master Event Database,Approved
2026-08-12 12:00:00,Chris Porter Live at Goldie's AK!,2023-03-31,7p-9p,Anchorage,Goldies AK (Fairbanks),music,,,system@akconcerts.com,AK Concerts Auto Import,Master Event Database,Approved
2026-08-12 12:00:00,Chris Porter Live in AK!,2023-03-31,7p-9p,Anchorage,The Spur (Fairbanks),music,,,system@akconcerts.com,AK Concerts Auto Import,Master Event Database,Approved
2026-08-12 12:00:00,The Vintage Retro,2023-03-31,8:30p-1:30a,Anchorage,Humpy’s,music,,,system@akconcerts.com,AK Concerts Auto Import,Master Event Database,Approved
2026-08-12 12:00:00,The Jukebox Karaoke Roadshow,2023-03-31,8p-11p,Anchorage,The Gaslight Bar,music,,,system@akconcerts.com,AK Concerts Auto Import,Master Event Database,Approved
2026-08-12 12:00:00,Sweet Cheeks Cabaret: 10th Anniversary Hullabaloo: Pandora's Box,2023-03-31,8p-9:30p,Anchorage,wBroken Blender,music,,,system@akconcerts.com,AK Concerts Auto Import,Master Event Database,Approved
2026-08-12 12:00:00,Jimmy Sandy,2023-03-31,9-1a,Anchorage,Fairview Inn (Talkeetna),music,,,system@akconcerts.com,AK Concerts Auto Import,Master Event Database,Approved
2026-08-12 12:00:00,Mad Myrna's Diva Variety Show,2023-03-31,9p-11:30p,Anchorage,Mad Myrna’s,music,,,system@akconcerts.com,AK Concerts Auto Import,Master Event Database,Approved
2026-08-12 12:00:00,"3000-21, Nalimu and special guests live",2023-03-31,9p-12a,Anchorage,Van’s Dive Bar,music,,,system@akconcerts.com,AK Concerts Auto Import,Master Event Database,Approved
2026-08-12 12:00:00,Friday Night Dance Lounge,2023-03-31,9p-1a,Anchorage,Alaska Dance Promotions,dance,,,system@akconcerts.com,AK Concerts Auto Import,Master Event Database,Approved
2026-08-12 12:00:00,Past Our Prime,2023-03-31,9p-1a,Anchorage,Sitzmark (Girdwood),music,,,system@akconcerts.com,AK Concerts Auto Import,Master Event Database,Approved
2026-08-12 12:00:00,Great Mass in C minor,2023-03-31,TBD,Anchorage,Alaska Chamber Singers: Mozart,music,,,system@akconcerts.com,AK Concerts Auto Import,Master Event Database,Approved
2026-08-12 12:00:00,First Saturdays Live Country Music feat. Todd Grebe & Cold Country,2023-04-01,10p-2a,Anchorage,The Carousel Lounge,music,,,system@akconcerts.com,AK Concerts Auto Import,Master Event Database,Approved
2026-08-12 12:00:00,Loaded Karma LIVE 9p-1aWilliwaw Social - Bad Bunny Night w/ DJ Joe Brady & DJ Jose,2023-04-01,10p-2a,Anchorage,Van’s Dive Bar,music,,,system@akconcerts.com,AK Concerts Auto Import,Master Event Database,Approved
2026-08-12 12:00:00,"Live Music at the Merry Marmot Festival! Zen Trembles, Matt & Co, Loaded Karma, & The Amalgajam!",2023-04-01,11:30a-8:30p,Anchorage,Arctic Valley Ski Area,festival,,,system@akconcerts.com,AK Concerts Auto Import,Master Event Database,Approved
2026-08-12 12:00:00,Community Drumming Circle,2023-04-01,3-4:30p,Anchorage,Mountain View Public Library,community,,,system@akconcerts.com,AK Concerts Auto Import,Master Event Database,Approved
2026-08-12 12:00:00,2023 Pond Skim Contest,2023-04-01,3p-5p,Anchorage,Hilltop Ski Area,music,,,system@akconcerts.com,AK Concerts Auto Import,Master Event Database,Approved
2026-08-12 12:00:00,Poetry Night,2023-04-01,5p-11p,Anchorage,UAA Residence Life,music,,,system@akconcerts.com,AK Concerts Auto Import,Master Event Database,Approved
2026-08-12 12:00:00,Sound Movement Environment: Burtner and Sperling performance,2023-04-01,5p-8p,Anchorage,Anchorage Museum of History and Art,music,,,system@akconcerts.com,AK Concerts Auto Import,Master Event Database,Approved
2026-08-12 12:00:00,North x North Arctic Dance Party: Hip Hop Showcase feat. SlinCraze & Air Jazz,2023-04-01,6:30p-8:30p,Anchorage,49th State Brewing,dance,,,system@akconcerts.com,AK Concerts Auto Import,Master Event Database,Approved
2026-08-12 12:00:00,North x North Arctic Dance Party: The Builders & the Butchers,2023-04-01,6:30p-8:30p,Anchorage,Williwaw Social,dance,,,system@akconcerts.com,AK Concerts Auto Import,Master Event Database,Approved
2026-08-12 12:00:00,Anchorage Community Concert Band: Going Places,2023-04-01,7:30p-9p,Anchorage,Alaska Center for the Performing Arts,music,,,system@akconcerts.com,AK Concerts Auto Import,Master Event Database,Approved
2026-08-12 12:00:00,Improvaganza 2023,2023-04-01,7p-10p,Anchorage,Christ Community Church,music,,,system@akconcerts.com,AK Concerts Auto Import,Master Event Database,Approved
2026-08-12 12:00:00,Arctic Entries - Joke's On You,2023-04-01,7p-8:10p,Anchorage,Sheldon Community Arts Hangar (Talkeetna),comedy,,,system@akconcerts.com,AK Concerts Auto Import,Master Event Database,Approved
2026-08-12 12:00:00,Comedian Trenton Davis,2023-04-01,7p-8:30p & 9p-10:30p,Anchorage,Koot’s,music,,,system@akconcerts.com,AK Concerts Auto Import,Master Event Database,Approved
2026-08-12 12:00:00,10 Dollar Bet,2023-04-01,7p-9p,Anchorage,Organic Oasis,music,,,system@akconcerts.com,AK Concerts Auto Import,Master Event Database,Approved
2026-08-12 12:00:00,Viva Spenard 14,2023-04-01,8:30p-11p,Anchorage,Koot’s,music,,,system@akconcerts.com,AK Concerts Auto Import,Master Event Database,Approved
2026-08-12 12:00:00,Danger Money Live,2023-04-01,8p-12a,Anchorage,Anchorage Moose Lodge,music,,,system@akconcerts.com,AK Concerts Auto Import,Master Event Database,Approved
2026-08-12 12:00:00,Sweet Cheeks Cabaret: 10th Anniversary Hullabaloo: It's Phoebe's Line Anyway,2023-04-01,8p-9:30p,Anchorage,Broken Blender,music,,,system@akconcerts.com,AK Concerts Auto Import,Master Event Database,Approved
2026-08-12 12:00:00,Unknowns,2023-04-01,9:30p-1a,Anchorage,Humpy’s,music,,,system@akconcerts.com,AK Concerts Auto Import,Master Event Database,Approved
2026-08-12 12:00:00,Joke's On You,2023-04-01,TBD,Anchorage,Arctic Entries,comedy,,,system@akconcerts.com,AK Concerts Auto Import,Master Event Database,Approved
2026-08-12 12:00:00,Koots Karaoke,2023-04-02,10p-2a,Anchorage,Koot’s,music,,,system@akconcerts.com,AK Concerts Auto Import,Master Event Database,Approved
2026-08-12 12:00:00,Industry Night w/ Joe Brady,2023-04-02,10p-2a,Anchorage,Pioneer Bar,music,,,system@akconcerts.com,AK Concerts Auto Import,Master Event Database,Approved
2026-08-12 12:00:00,Sweet Cheeks Cabaret: 10th Anniversary Hullabaloo: Violet's Voluptuously Visual Show,2023-04-02,12:30p-2p,Anchorage,Broken Blender,music,,,system@akconcerts.com,AK Concerts Auto Import,Master Event Database,Approved
2026-08-12 12:00:00,J Stevens Live,2023-04-02,12p-3p,Anchorage,Arctic Valley Ski Area,music,,,system@akconcerts.com,AK Concerts Auto Import,Master Event Database,Approved
2026-08-12 12:00:00,"Anchorage Symphony's ""Family Concert""",2023-04-02,3p-4p,Anchorage,Alaska Center for the Performing Arts,music,,,system@akconcerts.com,AK Concerts Auto Import,Master Event Database,Approved
2026-08-12 12:00:00,Anchorage Symphony's Family Concert,2023-04-02,3p-4p,Anchorage,Alaska Center for the Performing Arts,music,,,system@akconcerts.com,AK Concerts Auto Import,Master Event Database,Approved
2026-08-12 12:00:00,The Book Club,2023-04-02,3p-5p,Anchorage,Cyrano’s Theatre Building,music,,,system@akconcerts.com,AK Concerts Auto Import,Master Event Database,Approved
2026-08-12 12:00:00,Summits Mainstage Concert,2023-04-02,3p-5p,Anchorage,Juneau-Douglas High School (Juneau),music,,,system@akconcerts.com,AK Concerts Auto Import,Master Event Database,Approved
2026-08-12 12:00:00,Phil Gilcrease Live Looping Solo Show,2023-04-02,4p-7p,Anchorage,Arctic Valley Ski Area,music,,,system@akconcerts.com,AK Concerts Auto Import,Master Event Database,Approved
2026-08-12 12:00:00,Sunday Swing,2023-04-02,6p-9p,Anchorage,Red Dog Saloon (Juneau),dance,,,system@akconcerts.com,AK Concerts Auto Import,Master Event Database,Approved
2026-08-12 12:00:00,No Starving Artists: Athena Nuff and Synclaire Butler,2023-04-02,7p-9p,Anchorage,Out North Theatre,music,,,system@akconcerts.com,AK Concerts Auto Import,Master Event Database,Approved
2026-08-12 12:00:00,Comedy Open Mic,2023-04-02,8:30p-10p,Anchorage,Koot’s,comedy,,,system@akconcerts.com,AK Concerts Auto Import,Master Event Database,Approved
2026-08-12 12:00:00,Open Mic Jam,2023-04-02,8p-11p,Anchorage,Humpys,music,,,system@akconcerts.com,AK Concerts Auto Import,Master Event Database,Approved
2026-08-12 12:00:00,Karaoke at the Marlin,2023-04-02,8p-12a,Anchorage,The Marlin Bar (Fairbanks),music,,,system@akconcerts.com,AK Concerts Auto Import,Master Event Database,Approved
2026-08-12 12:00:00,Open Mic! Overlorded by Wash Your Hands,2023-04-02,8p-12a,Anchorage,Van’s Dive Bar,music,,,system@akconcerts.com,AK Concerts Auto Import,Master Event Database,Approved
2026-08-12 12:00:00,AK Rockstar Karaoke Sunday,2023-04-02,8p-2a,Anchorage,The Carousel Lounge,music,,,system@akconcerts.com,AK Concerts Auto Import,Master Event Database,Approved
2026-08-12 12:00:00,Karaoke,2023-04-02,9p-2a,Anchorage,Four Corner’s Lounge (Palmer),music,,,system@akconcerts.com,AK Concerts Auto Import,Master Event Database,Approved
2026-08-12 12:00:00,All Ages Open Jam,2023-04-03,5p-6:30p,Anchorage,Temple Studios Community Center (Seward),music,,,system@akconcerts.com,AK Concerts Auto Import,Master Event Database,Approved
2026-08-12 12:00:00,Open Mic Night,2023-04-03,6:30p-8:30p,Anchorage,Auxiliary VFW 1685,music,,,system@akconcerts.com,AK Concerts Auto Import,Master Event Database,Approved
2026-08-12 12:00:00,Jazz Night Open Jam,2023-04-03,6:30p-8:30p,Anchorage,K Street Market,music,,,system@akconcerts.com,AK Concerts Auto Import,Master Event Database,Approved
2026-08-12 12:00:00,Middle School Large Group Festival Choir I,2023-04-03,6p-7:30p,Anchorage,West High School,festival,,,system@akconcerts.com,AK Concerts Auto Import,Master Event Database,Approved
2026-08-12 12:00:00,B4UDie Comedy Fest Kickoff Party,2023-04-03,6p-9p,Anchorage,Van’s Dive Bar,comedy,,,system@akconcerts.com,AK Concerts Auto Import,Master Event Database,Approved
2026-08-12 12:00:00,Karaoke Night,2023-04-03,8p-12a,Anchorage,The Crowbar (Fairbanks),music,,,system@akconcerts.com,AK Concerts Auto Import,Master Event Database,Approved
2026-08-12 12:00:00,The Monday Mic at Koots,2023-04-03,9p-12a,Anchorage,Koot’s,music,,,system@akconcerts.com,AK Concerts Auto Import,Master Event Database,Approved
2026-08-12 12:00:00,Jay Straw's Bass to Mouth Mondays!,2023-04-03,9p-12a,Anchorage,Van’s Dive Bar,music,,,system@akconcerts.com,AK Concerts Auto Import,Master Event Database,Approved
2026-08-12 12:00:00,The Eternal Cowboys,2023-04-04,10p-12a,Anchorage,Koot’s,music,,,system@akconcerts.com,AK Concerts Auto Import,Master Event Database,Approved
2026-08-12 12:00:00,Taco Tuesday Open Mic w/Uncle Jim!,2023-04-04,6:30p-9:30p,Anchorage,American Legion Spenard Post 28,music,,,system@akconcerts.com,AK Concerts Auto Import,Master Event Database,Approved
2026-08-12 12:00:00,The Open Stage,2023-04-04,7p-10p,Anchorage,Klondike Mike’s & the Main Street Grill (Palmer),music,,,system@akconcerts.com,AK Concerts Auto Import,Master Event Database,Approved
2026-08-12 12:00:00,Local Legends Comedy Showcase,2023-04-04,7p-10p,Anchorage,Koot’s,comedy,,,system@akconcerts.com,AK Concerts Auto Import,Master Event Database,Approved
2026-08-12 12:00:00,Witty Youngman,2023-04-04,7p-10p,Anchorage,Orso’s,music,,,system@akconcerts.com,AK Concerts Auto Import,Master Event Database,Approved
2026-08-12 12:00:00,Blackwater Railroad & Friends,2023-04-04,8p-12a,Anchorage,Seward Alehouse (Seward),music,,,system@akconcerts.com,AK Concerts Auto Import,Master Event Database,Approved
2026-08-12 12:00:00,Open Jam Tuesday,2023-04-04,9p-12a,Anchorage,Van’s Dive Bar,music,,,system@akconcerts.com,AK Concerts Auto Import,Master Event Database,Approved
2026-08-12 12:00:00,Jukebox Karaoke Roadshow,2023-04-04,9p-1a,Anchorage,Trophy Lounge,music,,,system@akconcerts.com,AK Concerts Auto Import,Master Event Database,Approved
2026-08-12 12:00:00,Open Mic 8pm,2023-04-05,12a,Anchorage,Lil Babe’s Cocktail Lounge,music,,,system@akconcerts.com,AK Concerts Auto Import,Master Event Database,Approved
2026-08-12 12:00:00,Middle School Large Group Festival Choir II,2023-04-05,6p-7:30p,Anchorage,West High School,festival,,,system@akconcerts.com,AK Concerts Auto Import,Master Event Database,Approved
2026-08-12 12:00:00,Culture Shift- April!,2023-04-05,6p-8p,Anchorage,Williwaw Social,music,,,system@akconcerts.com,AK Concerts Auto Import,Master Event Database,Approved
2026-08-12 12:00:00,Roland Roberts live,2023-04-05,6p-9p,Anchorage,Palmer Alehouse (Palmer),music,,,system@akconcerts.com,AK Concerts Auto Import,Master Event Database,Approved
2026-08-12 12:00:00,Cheechako Showcase,2023-04-05,7p-8:30p,Anchorage,Koot’s,music,,,system@akconcerts.com,AK Concerts Auto Import,Master Event Database,Approved
2026-08-12 12:00:00,Best of B4UDie Talkeetna,2023-04-05,7p-8:30p,Anchorage,Sheldon Community Arts Hangar (Talkeetna),music,,,system@akconcerts.com,AK Concerts Auto Import,Master Event Database,Approved
2026-08-12 12:00:00,B4UDie BIPOC Comedy,2023-04-05,7p-9p,Anchorage,Cafecito Bonito,comedy,,,system@akconcerts.com,AK Concerts Auto Import,Master Event Database,Approved
2026-08-12 12:00:00,Music in the Lounge: AJ Yonderly,2023-04-05,7p-9p,Anchorage,Venue (Fairbanks),music,,,system@akconcerts.com,AK Concerts Auto Import,Master Event Database,Approved
2026-08-12 12:00:00,Cheechako Showcase 2,2023-04-05,9p-10:30p,Anchorage,Koot’s,music,,,system@akconcerts.com,AK Concerts Auto Import,Master Event Database,Approved
2026-08-12 12:00:00,Glacier Hoppers,2023-06-03,10p-2:30a,Anchorage,Mug-Shot Saloon (Wasilla),music,,,system@akconcerts.com,AK Concerts Auto Import,Master Event Database,Approved
2026-08-12 12:00:00,Hot Mess,2023-06-03,10p-2a,Anchorage,Koot’s,music,,,system@akconcerts.com,AK Concerts Auto Import,Master Event Database,Approved
2026-08-12 12:00:00,Saturday Story Time,2023-06-03,11:30a-12:30p,Anchorage,Kenai Community Library (Kenai),community,,,system@akconcerts.com,AK Concerts Auto Import,Master Event Database,Approved
2026-08-12 12:00:00,The After Show w/ Joe Brady,2023-06-03,11p-2a,Anchorage,Williwaw Social,music,,,system@akconcerts.com,AK Concerts Auto Import,Master Event Database,Approved
2026-08-12 12:00:00,Sunlit Music Festival,2023-06-03,12p-12a,Anchorage,Growden Memorial Park (Fairbanks),festival,,,system@akconcerts.com,AK Concerts Auto Import,Master Event Database,Approved
2026-08-12 12:00:00,Anchorage Bowl Chamber Orchestra,2023-06-03,2p-3:30p,Anchorage,Kenai Senior Center (Kenai),music,,,system@akconcerts.com,AK Concerts Auto Import,Master Event Database,Approved
2026-08-12 12:00:00,Spenard Jazz Fest 2023: Backyard Jazz Jam,2023-06-03,2p-8p,Anchorage,Heart of Spenard,festival,,,system@akconcerts.com,AK Concerts Auto Import,Master Event Database,Approved
2026-08-12 12:00:00,Dance Hike w/ Mykey T,2023-06-03,3p-6p,Anchorage,Alaska Dance Promotions,dance,,,system@akconcerts.com,AK Concerts Auto Import,Master Event Database,Approved
2026-08-12 12:00:00,Alaska Jazz Workshop: Free Downtown Jazz Concerts,2023-06-03,4p-6p,Anchorage,Peratrovich Park (Anchorage),music,,,system@akconcerts.com,AK Concerts Auto Import,Master Event Database,Approved
2026-08-12 12:00:00,KidStock AK 9am,2023-06-03,5p,Anchorage,Alaska State Fairgrounds (Palmer),music,,,system@akconcerts.com,AK Concerts Auto Import,Master Event Database,Approved
2026-08-12 12:00:00,The June Jam,2023-06-03,6:30p-1a,Anchorage,The Basement (Fairbanks),music,,,system@akconcerts.com,AK Concerts Auto Import,Master Event Database,Approved
2026-08-12 12:00:00,Music In The Mountains w/ Zen Trembles,2023-06-03,6p-10p,Anchorage,Eagle River Nature Center (Eagle River),music,,,system@akconcerts.com,AK Concerts Auto Import,Master Event Database,Approved
2026-08-12 12:00:00,Smash Mouth Live in Concert!,2023-06-03,6p-10p,Anchorage,Matanuska Brewing Company (Eagle River),music,,,system@akconcerts.com,AK Concerts Auto Import,Master Event Database,Approved
2026-08-12 12:00:00,"Atmosphere with DJ Abilities, Sa-Roc and HEBL",2023-06-03,6p-11p,Anchorage,Williwaw Social,music,,,system@akconcerts.com,AK Concerts Auto Import,Master Event Database,Approved
2026-08-12 12:00:00,EZ Does It Dance Lessons,2023-06-03,6p-9p,Anchorage,Downtown Bear Paw & Grill,dance,,,system@akconcerts.com,AK Concerts Auto Import,Master Event Database,Approved
2026-08-12 12:00:00,Ladies Night Out,2023-06-03,7:30p-9:30p,Anchorage,Koot’s,music,,,system@akconcerts.com,AK Concerts Auto Import,Master Event Database,Approved
2026-08-12 12:00:00,BenJammin & the Jammin Band LIVE,2023-06-03,7p-10p,Anchorage,Palmer Alehouse (Palmer),music,,,system@akconcerts.com,AK Concerts Auto Import,Master Event Database,Approved
2026-08-12 12:00:00,Karaoke,2023-06-03,7p-11p,Anchorage,American Legion Post 15 (Palmer),music,,,system@akconcerts.com,AK Concerts Auto Import,Master Event Database,Approved
2026-08-12 12:00:00,Weekly Social Dance,2023-06-03,7p-11p,Anchorage,Anchorage Social Dance Club,dance,,,system@akconcerts.com,AK Concerts Auto Import,Master Event Database,Approved
2026-08-12 12:00:00,Roland Roberts Band,2023-06-03,7p-11p,Anchorage,Creekbend Café (Hope),music,,,system@akconcerts.com,AK Concerts Auto Import,Master Event Database,Approved
2026-08-12 12:00:00,Trapper Creek Bluegrass Festival 12a-12a Broken Blender - Sweet Cheeks' Cabaret,2023-06-03,8p-9:30p,Anchorage,Boot’s Bison Ranch (Trapper Creek),festival,,,system@akconcerts.com,AK Concerts Auto Import,Master Event Database,Approved
2026-08-12 12:00:00,Cold Fusion,2023-06-03,9:30p-1a,Anchorage,Humpy’s,music,,,system@akconcerts.com,AK Concerts Auto Import,Master Event Database,Approved
2026-08-12 12:00:00,HarpDaddy Returns feat Madeline Smith,2023-06-03,9p-1:30a,Anchorage,Yukon Bar (Seward),music,,,system@akconcerts.com,AK Concerts Auto Import,Master Event Database,Approved
2026-08-12 12:00:00,Mad Myrna's Diva Variety Show,2023-06-03,9p-11:30p,Anchorage,Mad Myrna’s,music,,,system@akconcerts.com,AK Concerts Auto Import,Master Event Database,Approved
2026-08-12 12:00:00,Folk Medicine and Lilac,2023-06-03,9p-12a,Anchorage,Van’s Dive Bar,music,,,system@akconcerts.com,AK Concerts Auto Import,Master Event Database,Approved
2026-08-12 12:00:00,Solar Gain,2023-06-03,9p-1a,Anchorage,Fairview Inn (Talkeetna),music,,,system@akconcerts.com,AK Concerts Auto Import,Master Event Database,Approved
2026-08-12 12:00:00,Koots Karaoke,2023-06-04,10p-2a,Anchorage,Koot’s,music,,,system@akconcerts.com,AK Concerts Auto Import,Master Event Database,Approved
2026-08-12 12:00:00,Industry Night w/ Joe Brady,2023-06-04,10p-2a,Anchorage,Pioneer Bar,music,,,system@akconcerts.com,AK Concerts Auto Import,Master Event Database,Approved
2026-08-12 12:00:00,Trapper Creek Bluegrass Festival,2023-06-04,12a-6p,Anchorage,Boot’s Bison Ranch (Trapper Creek),festival,,,system@akconcerts.com,AK Concerts Auto Import,Master Event Database,Approved
2026-08-12 12:00:00,"Recycle Revival 2023 w/ Feral Katz, Carhartt Brothers, Denali Cooks, and H3",2023-06-04,2p-8p,Anchorage,Skeetawk (Hatcher’s Pass),music,,,system@akconcerts.com,AK Concerts Auto Import,Master Event Database,Approved
2026-08-12 12:00:00,Juneau Symphony: Showdowns Concert,2023-06-04,3p-5p,Anchorage,Juneau-Douglas High School (Juneau),music,,,system@akconcerts.com,AK Concerts Auto Import,Master Event Database,Approved
2026-08-12 12:00:00,Sun Splash Sundaze w/ DJ Militant,2023-06-04,5p-9p,Anchorage,Williwaw Social,music,,,system@akconcerts.com,AK Concerts Auto Import,Master Event Database,Approved
2026-08-12 12:00:00,Open Mic,2023-06-04,6p-9p,Anchorage,Alaska Fish House (Ketchikan),music,,,system@akconcerts.com,AK Concerts Auto Import,Master Event Database,Approved
2026-08-12 12:00:00,Comedy Open Mic,2023-06-04,8:30p-10p,Anchorage,Koot’s,comedy,,,system@akconcerts.com,AK Concerts Auto Import,Master Event Database,Approved
2026-08-12 12:00:00,Open Mic Jam,2023-06-04,8p-11p,Anchorage,Humpys,music,,,system@akconcerts.com,AK Concerts Auto Import,Master Event Database,Approved
2026-08-12 12:00:00,Karaoke at the Marlin,2023-06-04,8p-12a,Anchorage,The Marlin Bar (Fairbanks),music,,,system@akconcerts.com,AK Concerts Auto Import,Master Event Database,Approved
2026-08-12 12:00:00,Open Mic! Overlorded by Wash Your Hands,2023-06-04,8p-12a,Anchorage,Van’s Dive Bar,music,,,system@akconcerts.com,AK Concerts Auto Import,Master Event Database,Approved
2026-08-12 12:00:00,Sunday Funday Karaoke,2023-06-04,8p-2a,Anchorage,The Carousel Lounge,music,,,system@akconcerts.com,AK Concerts Auto Import,Master Event Database,Approved
2026-08-12 12:00:00,Brothers of Tom Live,2023-06-04,9p-1:30a,Anchorage,Yukon Bar (Seward),music,,,system@akconcerts.com,AK Concerts Auto Import,Master Event Database,Approved
2026-08-12 12:00:00,Karaoke,2023-06-04,9p-12a,Anchorage,Mad Myrna’s,music,,,system@akconcerts.com,AK Concerts Auto Import,Master Event Database,Approved
2026-08-12 12:00:00,Karaoke,2023-06-04,9p-2a,Anchorage,Four Corner’s Lounge (Palmer),music,,,system@akconcerts.com,AK Concerts Auto Import,Master Event Database,Approved
2026-08-12 12:00:00,Dance PAWty With My Pet,2023-06-05,10a-12p & 4p-6p,Anchorage,Anchorage Classical Ballet Academy,dance,,,system@akconcerts.com,AK Concerts Auto Import,Master Event Database,Approved
2026-08-12 12:00:00,All Ages Open Jam,2023-06-05,5p-6:30p,Anchorage,Temple Studios Community Center (Seward),music,,,system@akconcerts.com,AK Concerts Auto Import,Master Event Database,Approved
2026-08-12 12:00:00,Open Mic Night,2023-06-05,6:30p-8:30p,Anchorage,Auxiliary VFW 1685,music,,,system@akconcerts.com,AK Concerts Auto Import,Master Event Database,Approved
2026-08-12 12:00:00,Jazz Night Open Jam,2023-06-05,6:30p-8:30p,Anchorage,K Street Market,music,,,system@akconcerts.com,AK Concerts Auto Import,Master Event Database,Approved
2026-08-12 12:00:00,Endless Field Concert at Christiansen Lake,2023-06-05,6p-8p,Anchorage,Christiansen Lake (Talkeetna),music,,,system@akconcerts.com,AK Concerts Auto Import,Master Event Database,Approved
2026-08-12 12:00:00,"Jro, Master of One",2023-06-05,7:30p-11p,Anchorage,Humpy’s,music,,,system@akconcerts.com,AK Concerts Auto Import,Master Event Database,Approved
2026-08-12 12:00:00,Karaoke Night,2023-06-05,8p-12a,Anchorage,The Crowbar (Fairbanks),music,,,system@akconcerts.com,AK Concerts Auto Import,Master Event Database,Approved
2026-08-12 12:00:00,The Monday Mic at Koots,2023-06-05,9p-12a,Anchorage,Koot’s,music,,,system@akconcerts.com,AK Concerts Auto Import,Master Event Database,Approved
2026-08-12 12:00:00,Jay Straw's Bass to Mouth Mondays!,2023-06-05,9p-12a,Anchorage,Van’s Dive Bar,music,,,system@akconcerts.com,AK Concerts Auto Import,Master Event Database,Approved
2026-08-12 12:00:00,Open Mic Mondays,2023-06-05,9p-12a,Anchorage,Yukon Bar (Seward),music,,,system@akconcerts.com,AK Concerts Auto Import,Master Event Database,Approved
2026-08-12 12:00:00,Jimmy Sandy,2023-06-05,9p-1a,Anchorage,Fairview Inn (Talkeetna),music,,,system@akconcerts.com,AK Concerts Auto Import,Master Event Database,Approved
2026-08-12 12:00:00,The Eternal Cowboys,2023-06-06,10p-12a,Anchorage,Koot’s,music,,,system@akconcerts.com,AK Concerts Auto Import,Master Event Database,Approved
2026-08-12 12:00:00,Lunch on the Lawn: Kuf Knotz & Christine Elise,2023-06-06,11:30a-1:30p,Anchorage,Anchorage Museum,music,,,system@akconcerts.com,AK Concerts Auto Import,Master Event Database,Approved
2026-08-12 12:00:00,Tako Tuesday on The Roof w/ Joe Brady,2023-06-06,4p-7p,Anchorage,Williwaw Social,music,,,system@akconcerts.com,AK Concerts Auto Import,Master Event Database,Approved
2026-08-12 12:00:00,Taco Tuesday Open Mic Night,2023-06-06,6:30p-9:30p,Anchorage,American Legion Post 28,music,,,system@akconcerts.com,AK Concerts Auto Import,Master Event Database,Approved
2026-08-12 12:00:00,Witty Youngman,2023-06-06,6p-8p,Anchorage,Orso’s,music,,,system@akconcerts.com,AK Concerts Auto Import,Master Event Database,Approved
2026-08-12 12:00:00,Karmic Reduction,2023-06-06,7:30p-11p,Anchorage,Humpy’s,music,,,system@akconcerts.com,AK Concerts Auto Import,Master Event Database,Approved
2026-08-12 12:00:00,Open Stage Night With Sabina Speers,2023-06-06,7p-10p,Anchorage,Klondike Mike’s & the Main Street Grill (Palmer),music,,,system@akconcerts.com,AK Concerts Auto Import,Master Event Database,Approved
2026-08-12 12:00:00,Blackwater Railroad & Friends,2023-06-06,8p-12a,Anchorage,Seward Alehouse (Seward),music,,,system@akconcerts.com,AK Concerts Auto Import,Master Event Database,Approved
2026-08-12 12:00:00,AK Rockstar Karaoke,2023-06-06,8p-2a,Anchorage,The Carousel Lounge,music,,,system@akconcerts.com,AK Concerts Auto Import,Master Event Database,Approved
2026-08-12 12:00:00,Open Jam Tuesday,2023-06-06,9p-12a,Anchorage,Van’s Dive Bar,music,,,system@akconcerts.com,AK Concerts Auto Import,Master Event Database,Approved
2026-08-12 12:00:00,Jukebox Karaoke Roadshow,2023-06-06,9p-1a,Anchorage,Trophy Lounge,music,,,system@akconcerts.com,AK Concerts Auto Import,Master Event Database,Approved
2026-08-12 12:00:00,Karaoke,2023-06-06,9p-2a,Anchorage,Yukon Bar (Seward),music,,,system@akconcerts.com,AK Concerts Auto Import,Master Event Database,Approved
2026-08-12 12:00:00,The Eternal Cowboys,2023-06-07,10p-12a,Anchorage,Pioneer Bar,music,,,system@akconcerts.com,AK Concerts Auto Import,Master Event Database,Approved
2026-08-12 12:00:00,Koots Karaoke,2023-06-07,10p-2a,Anchorage,Koot’s,music,,,system@akconcerts.com,AK Concerts Auto Import,Master Event Database,Approved
2026-08-12 12:00:00,Music in the Park: Zen Trembles,2023-06-07,12p-1p,Anchorage,Peratrovich Park (Anchorage),music,,,system@akconcerts.com,AK Concerts Auto Import,Master Event Database,Approved
2026-08-12 12:00:00,Ukulele Russ,2023-06-07,7:30p-11p,Anchorage,Humpy’s,music,,,system@akconcerts.com,AK Concerts Auto Import,Master Event Database,Approved
2026-08-12 12:00:00,Beats. Beer. Bingo!,2023-06-07,7:30p-9:30p,Anchorage,Williwaw Social,music,,,system@akconcerts.com,AK Concerts Auto Import,Master Event Database,Approved
2026-08-12 12:00:00,Tyrone Palmer & Friends,2023-06-07,7p-10p,Anchorage,907 Alehouse,music,,,system@akconcerts.com,AK Concerts Auto Import,Master Event Database,Approved
2026-08-12 12:00:00,Open Mic,2023-06-07,7p-12a,Anchorage,Schwabenhof (Wasilla),music,,,system@akconcerts.com,AK Concerts Auto Import,Master Event Database,Approved
2026-08-12 12:00:00,Comedy Open Mic,2023-06-07,8:30p-10p,Anchorage,Koot’s,comedy,,,system@akconcerts.com,AK Concerts Auto Import,Master Event Database,Approved
2026-08-12 12:00:00,Karaoke,2023-06-07,8p-11p,Anchorage,Alaskan Hotel and Bar (Juneau),music,,,system@akconcerts.com,AK Concerts Auto Import,Master Event Database,Approved
2026-08-12 12:00:00,Country Night with DJ Lefty,2023-06-07,8p-12a,Anchorage,Koot’s,music,,,system@akconcerts.com,AK Concerts Auto Import,Master Event Database,Approved
2026-08-12 12:00:00,Jukebox Karaoke Roadshow,2023-06-07,9p-12a,Anchorage,Eddie’s Sports Bar,music,,,system@akconcerts.com,AK Concerts Auto Import,Master Event Database,Approved
2026-08-12 12:00:00,KARAOKE w/ SassySquatch!,2023-06-07,9p-12a,Anchorage,Van’s Dive Bar,music,,,system@akconcerts.com,AK Concerts Auto Import,Master Event Database,Approved
2026-08-12 12:00:00,Open Mic,2023-06-07,9p-1a,Anchorage,Fairview Inn (Talkeetna),music,,,system@akconcerts.com,AK Concerts Auto Import,Master Event Database,Approved
2026-08-12 12:00:00,The Eternal Cowboys,2023-07-19,10p-12a,Anchorage,Pioneer Bar,music,,,system@akconcerts.com,AK Concerts Auto Import,Master Event Database,Approved
2026-08-12 12:00:00,Koots Karaoke,2023-07-19,10p-2a,Anchorage,Koot’s,music,,,system@akconcerts.com,AK Concerts Auto Import,Master Event Database,Approved
2026-08-12 12:00:00,Music in the Park: Melissa Mitchell,2023-07-19,12p-1p,Anchorage,Peratrovich Park (Anchorage),music,,,system@akconcerts.com,AK Concerts Auto Import,Master Event Database,Approved
2026-08-12 12:00:00,Three Days Grace,2023-07-19,6p-10p,Anchorage,Matanuska Brewing (Eagle River),music,,,system@akconcerts.com,AK Concerts Auto Import,Master Event Database,Approved
2026-08-12 12:00:00,Bunny Swan Band w/ The Ridgeway Rounders,2023-07-19,6p-9p,Anchorage,Soldotna Creek Park (Soldotna),music,,,system@akconcerts.com,AK Concerts Auto Import,Master Event Database,Approved
2026-08-12 12:00:00,Regina & Will,2023-07-19,7:30p-11p,Anchorage,Humpy’s,music,,,system@akconcerts.com,AK Concerts Auto Import,Master Event Database,Approved
2026-08-12 12:00:00,Tyrone Palmer & Friends,2023-07-19,7p-10p,Anchorage,907 Alehouse,music,,,system@akconcerts.com,AK Concerts Auto Import,Master Event Database,Approved
2026-08-12 12:00:00,Open Mic,2023-07-19,7p-12a,Anchorage,Schwabenhof (Wasilla),music,,,system@akconcerts.com,AK Concerts Auto Import,Master Event Database,Approved
2026-08-12 12:00:00,Comedy Open Mic,2023-07-19,8:30p-10p,Anchorage,Koot’s,comedy,,,system@akconcerts.com,AK Concerts Auto Import,Master Event Database,Approved
2026-08-12 12:00:00,Karaoke,2023-07-19,8p-11p,Anchorage,Alaskan Hotel and Bar (Juneau),music,,,system@akconcerts.com,AK Concerts Auto Import,Master Event Database,Approved
2026-08-12 12:00:00,Country Night with DJ Lefty,2023-07-19,8p-12a,Anchorage,Koot’s,music,,,system@akconcerts.com,AK Concerts Auto Import,Master Event Database,Approved
2026-08-12 12:00:00,AK Rockstar Karaoke,2023-07-19,8p-2a,Anchorage,The Carousel Lounge,music,,,system@akconcerts.com,AK Concerts Auto Import,Master Event Database,Approved
2026-08-12 12:00:00,The Golden Heart Revue,2023-07-19,8p-9p,Anchorage,Palace Theatre (Fairbanks),music,,,system@akconcerts.com,AK Concerts Auto Import,Master Event Database,Approved
2026-08-12 12:00:00,Jukebox Karaoke Roadshow,2023-07-19,9p-12a,Anchorage,Eddie’s Sports Bar,music,,,system@akconcerts.com,AK Concerts Auto Import,Master Event Database,Approved
2026-08-12 12:00:00,KARAOKE w/ SassySquatch!,2023-07-19,9p-12a,Anchorage,Van’s Dive Bar,music,,,system@akconcerts.com,AK Concerts Auto Import,Master Event Database,Approved
2026-08-12 12:00:00,Open Mic,2023-07-19,9p-1a,Anchorage,Fairview Inn (Talkeetna),music,,,system@akconcerts.com,AK Concerts Auto Import,Master Event Database,Approved
2026-08-12 12:00:00,Karaoke,2023-07-19,9p-2a,Anchorage,Yukon Bar (Seward),music,,,system@akconcerts.com,AK Concerts Auto Import,Master Event Database,Approved
2026-08-12 12:00:00,Live After Five Concert Series: Vintage Retro,2023-07-20,5:30p-7:30p,Anchorage,Anchorage Town Square Park,music,,,system@akconcerts.com,AK Concerts Auto Import,Master Event Database,Approved
2026-08-12 12:00:00,"Live Music from Melissa ""Jazzmom"" Fischer",2023-07-20,5:30p-8:30p,Anchorage,Sullivan’s Steakhouse,music,,,system@akconcerts.com,AK Concerts Auto Import,Master Event Database,Approved
2026-08-12 12:00:00,Live Music from Melissa Jazzmom Fischer,2023-07-20,5:30p-8:30p,Anchorage,Sullivan’s Steakhouse,music,,,system@akconcerts.com,AK Concerts Auto Import,Master Event Database,Approved
2026-08-12 12:00:00,Musical Theatre Cabaret,2023-07-20,6p-8:30p,Anchorage,Addie Camp (Soldotna),theatre,,,system@akconcerts.com,AK Concerts Auto Import,Master Event Database,Approved
2026-08-12 12:00:00,Odd Union,2023-07-20,6p-8:30p,Anchorage,Anchorage Brewing Company,music,,,system@akconcerts.com,AK Concerts Auto Import,Master Event Database,Approved
2026-08-12 12:00:00,Big Top Tease Open Call for Performers,2023-07-20,6p-8p,Anchorage,The Basement (Fairbanks),music,,,system@akconcerts.com,AK Concerts Auto Import,Master Event Database,Approved
2026-08-12 12:00:00,HOOKED ENTERTAINMENT 10 YEAR ANNIVERSARY POP UP COMEDY SHOW!,2023-07-20,7:30p-9:30,Anchorage,Everett’s Restaurant (Wasilla),comedy,,,system@akconcerts.com,AK Concerts Auto Import,Master Event Database,Approved
2026-08-12 12:00:00,FISHHOOK JAM NIGHTS WITH JERRY WESSLING,2023-07-20,7p-10p,Anchorage,Fishhook Bar & Grill (Palmer),music,,,system@akconcerts.com,AK Concerts Auto Import,Master Event Database,Approved
2026-08-12 12:00:00,Karaoke Night,2023-07-20,7p-10p,Anchorage,Goldie’s AK (Fairbanks),music,,,system@akconcerts.com,AK Concerts Auto Import,Master Event Database,Approved
2026-08-12 12:00:00,Witty Youngman,2023-07-20,7p-10p,Anchorage,PubHouse,music,,,system@akconcerts.com,AK Concerts Auto Import,Master Event Database,Approved
2026-08-12 12:00:00,The AKoustic Project,2023-07-20,7p-10p,Anchorage,Tailgater’s Sport’s Bar & Grill (Wasilla),music,,,system@akconcerts.com,AK Concerts Auto Import,Master Event Database,Approved
2026-08-12 12:00:00,"Sarah P's Birthday Bash w/ Decepticide, She, Mindful Khaos, & The Jephries",2023-07-20,7p-12a,Anchorage,Koot’s,music,,,system@akconcerts.com,AK Concerts Auto Import,Master Event Database,Approved
2026-08-12 12:00:00,ACA Summer Concert Series: The Chamberliners,2023-07-20,7p-9p,Anchorage,KFQD Park (Anchorage),music,,,system@akconcerts.com,AK Concerts Auto Import,Master Event Database,Approved
2026-08-12 12:00:00,The Leo Ash Band,2023-07-20,8:30p-12a,Anchorage,Humpy’s,music,,,system@akconcerts.com,AK Concerts Auto Import,Master Event Database,Approved
2026-08-12 12:00:00,"Tall, Dark, & Communist on The Rooftop",2023-07-20,8p-11,Anchorage,Williwaw Social,music,,,system@akconcerts.com,AK Concerts Auto Import,Master Event Database,Approved
2026-08-12 12:00:00,Open Mic,2023-07-20,8p-11p,Anchorage,Alaskan Hotel and Bar (Juneau),music,,,system@akconcerts.com,AK Concerts Auto Import,Master Event Database,Approved
2026-08-12 12:00:00,Glacier Hoppers,2023-07-20,8p-11p,Anchorage,Garcia’s Cantina & Café (Eagle River),music,,,system@akconcerts.com,AK Concerts Auto Import,Master Event Database,Approved
2026-08-12 12:00:00,Open Mic Night,2023-07-20,8p-11p,Anchorage,The Marlin Bar (Fairbanks),music,,,system@akconcerts.com,AK Concerts Auto Import,Master Event Database,Approved
2026-08-12 12:00:00,The Jukebox Karaoke,2023-07-20,8p-11p,Anchorage,The Peanut Farm,music,,,system@akconcerts.com,AK Concerts Auto Import,Master Event Database,Approved
2026-08-12 12:00:00,Open Mic w/ Cody Kniceley,2023-07-20,8p-12a,Anchorage,4 Royle Parkers (Soldotna),music,,,system@akconcerts.com,AK Concerts Auto Import,Master Event Database,Approved
2026-08-12 12:00:00,AK Rockstar Karaoke,2023-07-20,8p-2a,Anchorage,The Carousel Lounge,music,,,system@akconcerts.com,AK Concerts Auto Import,Master Event Database,Approved
2026-08-12 12:00:00,Grown & Sexy HipHop/R&B Night,2023-07-20,8p-2a,Anchorage,Koot’s,music,,,system@akconcerts.com,AK Concerts Auto Import,Master Event Database,Approved
2026-08-12 12:00:00,Mad Myrna's Thursday Night Revue,2023-07-20,9p-11p,Anchorage,Mad Myrna’s,music,,,system@akconcerts.com,AK Concerts Auto Import,Master Event Database,Approved
2026-08-12 12:00:00,Deke Dickerson and the Whippersnappers,2023-07-20,9p-1a,Anchorage,Fairview Inn (Talkeetna),music,,,system@akconcerts.com,AK Concerts Auto Import,Master Event Database,Approved
2026-08-12 12:00:00,Karaoke Night,2023-07-20,9p-1a,Anchorage,Four Corner’s Lounge (Palmer),music,,,system@akconcerts.com,AK Concerts Auto Import,Master Event Database,Approved
2026-08-12 12:00:00,Hip-Hop Fridays,2023-07-21,10p-2a,Anchorage,International Hotel & Bar (Fairbanks),music,,,system@akconcerts.com,AK Concerts Auto Import,Master Event Database,Approved
2026-08-12 12:00:00,'90s Night! w/ Memory Bliss,2023-07-21,11:30a-1p,Anchorage,Broken Blender,music,,,system@akconcerts.com,AK Concerts Auto Import,Master Event Database,Approved
2026-08-12 12:00:00,"FSAF Special Guest - Youth Opera of El Paso Presents: ""Brundibár""",2023-07-21,2:30p-5p,Anchorage,UAF Charles Davis Concert Hall (Fairbanks),theatre,,,system@akconcerts.com,AK Concerts Auto Import,Master Event Database,Approved
2026-08-12 12:00:00,FSAF Special Guest - Youth Opera of El Paso Presents: Brundibár,2023-07-21,2:30p-5p,Anchorage,UAF Charles Davis Concert Hall (Fairbanks),theatre,,,system@akconcerts.com,AK Concerts Auto Import,Master Event Database,Approved
2026-08-12 12:00:00,Live Music from Tom Bargelski,2023-07-21,5:30p-8:30p,Anchorage,Sullivan’s Steakhouse,music,,,system@akconcerts.com,AK Concerts Auto Import,Master Event Database,Approved
2026-08-12 12:00:00,Eagle Eyes- Eagles Tribute,2023-07-21,5p-10p,Anchorage,Matanuska Brewing (Eagle River),music,,,system@akconcerts.com,AK Concerts Auto Import,Master Event Database,Approved
2026-08-12 12:00:00,River Livers,2023-07-21,5p-7p,Anchorage,Talkeetna Village Park (Talkeetna),music,,,system@akconcerts.com,AK Concerts Auto Import,Master Event Database,Approved
2026-08-12 12:00:00,Ukulele Russ,2023-07-21,6p-10p,Anchorage,Dirty Skillet (Hope),music,,,system@akconcerts.com,AK Concerts Auto Import,Master Event Database,Approved
2026-08-12 12:00:00,Long Nights Moon,2023-07-21,6p-10p,Anchorage,Susitna Brewing (Big Lake),music,,,system@akconcerts.com,AK Concerts Auto Import,Master Event Database,Approved
2026-08-12 12:00:00,Generation X Happy Hour on the Roof,2023-07-21,6p-10p,Anchorage,Williwaw Social,music,,,system@akconcerts.com,AK Concerts Auto Import,Master Event Database,Approved
2026-08-12 12:00:00,"Spenard Song Circle w/Emma Hill, Lauren Scantlebury & Shane Russell",2023-07-21,6p-9p,Anchorage,Rage City Vintage,music,,,system@akconcerts.com,AK Concerts Auto Import,Master Event Database,Approved
2026-08-12 12:00:00,Under the Tree Music Series: Santoro,2023-07-21,7p-10p,Anchorage,Hilltop Ski Area,music,,,system@akconcerts.com,AK Concerts Auto Import,Master Event Database,Approved
2026-08-12 12:00:00,Williwaw Blue,2023-07-21,7p-10p,Anchorage,Inlet Towers,music,,,system@akconcerts.com,AK Concerts Auto Import,Master Event Database,Approved
2026-08-12 12:00:00,Jerry's Situation Live,2023-07-21,7p-10p,Anchorage,O’Malley’s on the Green,music,,,system@akconcerts.com,AK Concerts Auto Import,Master Event Database,Approved
2026-08-12 12:00:00,I Like Robots LIVE,2023-07-21,7p-10p,Anchorage,Palmer Alehouse (Palmer),music,,,system@akconcerts.com,AK Concerts Auto Import,Master Event Database,Approved
2026-08-12 12:00:00,Karaoke,2023-07-21,7p-11p,Anchorage,American Legion Post 15 (Palmer),music,,,system@akconcerts.com,AK Concerts Auto Import,Master Event Database,Approved
2026-08-12 12:00:00,Blackwater Railroad Company,2023-07-21,7p-11p,Anchorage,Creekbend Café (Hope),music,,,system@akconcerts.com,AK Concerts Auto Import,Master Event Database,Approved
2026-08-12 12:00:00,Open Mic Night,2023-07-21,7p-12a,Anchorage,Floaters (Big Lake),music,,,system@akconcerts.com,AK Concerts Auto Import,Master Event Database,Approved
2026-08-12 12:00:00,Karaoke Friday at the Eagles!,2023-07-21,7p-12a,Anchorage,The Fraternal Order of Eagles Aerie 4207,music,,,system@akconcerts.com,AK Concerts Auto Import,Master Event Database,Approved
2026-08-12 12:00:00,Square Dance Lessons,2023-07-21,7p-9:30p,Anchorage,Sophia’s Café (Palmer),dance,,,system@akconcerts.com,AK Concerts Auto Import,Master Event Database,Approved
2026-08-12 12:00:00,Nothin But Trouble,2023-07-21,8:30p-12a,Anchorage,Humpy’s,music,,,system@akconcerts.com,AK Concerts Auto Import,Master Event Database,Approved
2026-08-12 12:00:00,TGIF: Murray Thorne,2023-07-21,8p-12a,Anchorage,Goldie’s AK (Fairbanks),music,,,system@akconcerts.com,AK Concerts Auto Import,Master Event Database,Approved
2026-08-12 12:00:00,Sweet Cheeks Cabaret: Burlesque Amateur Night,2023-07-21,8p-9:30p,Anchorage,Broken Blender,music,,,system@akconcerts.com,AK Concerts Auto Import,Master Event Database,Approved
2026-08-12 12:00:00,Friday Night Lights with Lloyds Noise,2023-07-21,9:30p-2a,Anchorage,Williwaw Social,music,,,system@akconcerts.com,AK Concerts Auto Import,Master Event Database,Approved
2026-08-12 12:00:00,Mad Myrna's Diva Variety Show,2023-07-21,9p-11:30p,Anchorage,Mad Myrna’s,music,,,system@akconcerts.com,AK Concerts Auto Import,Master Event Database,Approved
2026-08-12 12:00:00,Hot Mess,2023-07-21,9p-12a,Anchorage,Sterling Highway (Sterling),music,,,system@akconcerts.com,AK Concerts Auto Import,Master Event Database,Approved
2026-08-12 12:00:00,Gold Dust Rising live,2023-07-21,9p-12a,Anchorage,Van’s Dive Bar,music,,,system@akconcerts.com,AK Concerts Auto Import,Master Event Database,Approved
2026-08-12 12:00:00,Glacier Hoppers,2023-07-21,9p-1a,Anchorage,Carousel Lounge,music,,,system@akconcerts.com,AK Concerts Auto Import,Master Event Database,Approved
2026-08-12 12:00:00,River Livers,2023-07-21,9p-1a,Anchorage,Fairview Inn (Talkeetna),music,,,system@akconcerts.com,AK Concerts Auto Import,Master Event Database,Approved
2026-08-12 12:00:00,Moon Dogies,2023-07-21,9p-1a,Anchorage,Magpie’s On The Fly (Valdez),music,,,system@akconcerts.com,AK Concerts Auto Import,Master Event Database,Approved
2026-08-12 12:00:00,"Saucy Yoda, Saint Mood & Kurmudgeon",2023-07-21,9p-2a,Anchorage,Yukon Bar (Seward),music,,,system@akconcerts.com,AK Concerts Auto Import,Master Event Database,Approved
2026-08-12 12:00:00,"Youth Opera of El Paso Presents: ""Brundibár""",2023-07-21,TBD,Anchorage,FSAF Special Guest,theatre,,,system@akconcerts.com,AK Concerts Auto Import,Master Event Database,Approved
2026-08-12 12:00:00,Youth Opera of El Paso Presents: Brundibár,2023-07-21,TBD,Anchorage,FSAF Special Guest,theatre,,,system@akconcerts.com,AK Concerts Auto Import,Master Event Database,Approved
2026-08-12 12:00:00,Alaska Fest,2023-07-22,12p-2a,Anchorage,American Legion Post 28,festival,,,system@akconcerts.com,AK Concerts Auto Import,Master Event Database,Approved
2026-08-12 12:00:00,KSKO’s Back To Back BlueGrass,2023-07-22,1p-11p,Anchorage,KSKO (McGrath),music,,,system@akconcerts.com,AK Concerts Auto Import,Master Event Database,Approved
2026-08-12 12:00:00,Free Jazz Concerts: Fish-On Quartet,2023-07-22,4p-6p,Anchorage,Peratrovich Park (Anchorage),music,,,system@akconcerts.com,AK Concerts Auto Import,Master Event Database,Approved
2026-08-12 12:00:00,A Tribute to Pat Benatar,2023-07-22,5p-10p,Anchorage,Matanuska Brewing (Eagle River),music,,,system@akconcerts.com,AK Concerts Auto Import,Master Event Database,Approved
2026-08-12 12:00:00,The Stack LIVE,2023-07-22,5p-9:30p,Anchorage,Palmer Alehouse (Palmer),music,,,system@akconcerts.com,AK Concerts Auto Import,Master Event Database,Approved
2026-08-12 12:00:00,Tamara Ashburn Band,2023-07-22,6p-10p,Anchorage,Dirty Skillet (Hope),music,,,system@akconcerts.com,AK Concerts Auto Import,Master Event Database,Approved
2026-08-12 12:00:00,Debonair Dirtbags,2023-07-22,6p-10p,Anchorage,Susitna Brewing (Big Lake),music,,,system@akconcerts.com,AK Concerts Auto Import,Master Event Database,Approved
2026-08-12 12:00:00,Hot Mess,2023-07-22,6p-9p,Anchorage,Soldotna Creek Park (Soldotna),music,,,system@akconcerts.com,AK Concerts Auto Import,Master Event Database,Approved
2026-08-12 12:00:00,FSAF Jazz Concert,2023-07-22,7p-10p,Anchorage,Silver Gulch Brewing & Bottling Co.,music,,,system@akconcerts.com,AK Concerts Auto Import,Master Event Database,Approved
2026-08-12 12:00:00,Weekly Social Dance,2023-07-22,7p-11p,Anchorage,Anchorage Social Dance Club,dance,,,system@akconcerts.com,AK Concerts Auto Import,Master Event Database,Approved
2026-08-12 12:00:00,Loaded Karma on The Rooftop,2023-07-22,7p-9p,Anchorage,Williwaw Social,music,,,system@akconcerts.com,AK Concerts Auto Import,Master Event Database,Approved
2026-08-12 12:00:00,Velvet La La,2023-07-22,8:30p-12a,Anchorage,Humpy’s,music,,,system@akconcerts.com,AK Concerts Auto Import,Master Event Database,Approved
2026-08-12 12:00:00,“Salsa Saturdays” Dance Socials,2023-07-22,8p-11p,Anchorage,Anaya Latin Dance,dance,,,system@akconcerts.com,AK Concerts Auto Import,Master Event Database,Approved
2026-08-12 12:00:00,Zen Trembles,2023-07-22,8p-12a,Anchorage,Sunrise Inn (Cooper Landing),music,,,system@akconcerts.com,AK Concerts Auto Import,Master Event Database,Approved
2026-08-12 12:00:00,Sweet Cheeks Cabaret,2023-07-22,8p-9:30p,Anchorage,Broken Blender,music,,,system@akconcerts.com,AK Concerts Auto Import,Master Event Database,Approved
2026-08-12 12:00:00,Now Hits Throwback Mashup B2B party with DJ Fanservice & MEGASISQO,2023-07-22,9:30p-2a,Anchorage,Williwaw Social,music,,,system@akconcerts.com,AK Concerts Auto Import,Master Event Database,Approved
2026-08-12 12:00:00,Mad Myrna's Diva Variety Show,2023-07-22,9p-11:30a,Anchorage,Mad Myrna’s,music,,,system@akconcerts.com,AK Concerts Auto Import,Master Event Database,Approved
2026-08-12 12:00:00,Open Mic Night,2023-07-22,9p-12a,Anchorage,Magpie’s On The Fly (Valdez),music,,,system@akconcerts.com,AK Concerts Auto Import,Master Event Database,Approved
2026-08-12 12:00:00,Fiona Rose and the Show Ponies,2023-07-22,9p-1a,Anchorage,Fairview Inn (Talkeetna),music,,,system@akconcerts.com,AK Concerts Auto Import,Master Event Database,Approved
2026-08-12 12:00:00,Colddheart Party,2023-07-22,9p-2a,Anchorage,Koot’s,music,,,system@akconcerts.com,AK Concerts Auto Import,Master Event Database,Approved
2026-08-12 12:00:00,Koots Karaoke,2023-07-23,10p-2a,Anchorage,Koot’s,music,,,system@akconcerts.com,AK Concerts Auto Import,Master Event Database,Approved
2026-08-12 12:00:00,Industry Night w/ Joe Brady,2023-07-23,10p-2a,Anchorage,Pioneer Bar,music,,,system@akconcerts.com,AK Concerts Auto Import,Master Event Database,Approved
2026-08-12 12:00:00,ANC Market Social,2023-07-23,11a-5p,Anchorage,Anchorage Town Square Park,community,,,system@akconcerts.com,AK Concerts Auto Import,Master Event Database,Approved
2026-08-12 12:00:00,Karaoke at Chair 5,2023-07-23,11p-1a,Anchorage,Chair 5 Restaurant (Girdwood),music,,,system@akconcerts.com,AK Concerts Auto Import,Master Event Database,Approved
2026-08-12 12:00:00,Children’s Live Music Hour,2023-07-23,12p-1p,Anchorage,O’Malley Sports Center,music,,,system@akconcerts.com,AK Concerts Auto Import,Master Event Database,Approved
2026-08-12 12:00:00,KSKO’s Back To Back BlueGrass,2023-07-23,12p-6:30p,Anchorage,KSKO (McGrath),music,,,system@akconcerts.com,AK Concerts Auto Import,Master Event Database,Approved
2026-08-12 12:00:00,Vibes on Tap w/ DJ Traxmadeit,2023-07-23,3p-6p,Anchorage,The Cabin Bar & Lounge (Fairbanks),music,,,system@akconcerts.com,AK Concerts Auto Import,Master Event Database,Approved
2026-08-12 12:00:00,Sun Splash Sundaze w/ DJ Militant,2023-07-23,5p-9p,Anchorage,Williwaw Social,music,,,system@akconcerts.com,AK Concerts Auto Import,Master Event Database,Approved
2026-08-12 12:00:00,Open Mic,2023-07-23,6p-9p,Anchorage,Alaska Fish House (Ketchikan),music,,,system@akconcerts.com,AK Concerts Auto Import,Master Event Database,Approved
2026-08-12 12:00:00,Open Mic Night,2023-07-23,6p-9p,Anchorage,Susitna Brewing (Big Lake),music,,,system@akconcerts.com,AK Concerts Auto Import,Master Event Database,Approved
2026-08-12 12:00:00,Comedy Open Mic,2023-07-23,8:30p-10p,Anchorage,Koot’s,comedy,,,system@akconcerts.com,AK Concerts Auto Import,Master Event Database,Approved
2026-08-12 12:00:00,Open Mic Jam,2023-07-23,8p-11p,Anchorage,Humpys,music,,,system@akconcerts.com,AK Concerts Auto Import,Master Event Database,Approved
2026-08-12 12:00:00,Karaoke at the Marlin,2023-07-23,8p-12a,Anchorage,The Marlin Bar (Fairbanks),music,,,system@akconcerts.com,AK Concerts Auto Import,Master Event Database,Approved
2026-08-12 12:00:00,Open Mic! Overlorded by Wash Your Hands,2023-07-23,8p-12a,Anchorage,Van’s Dive Bar,music,,,system@akconcerts.com,AK Concerts Auto Import,Master Event Database,Approved
2026-08-12 12:00:00,Sunday Funday Karaoke,2023-07-23,8p-2a,Anchorage,The Carousel Lounge,music,,,system@akconcerts.com,AK Concerts Auto Import,Master Event Database,Approved
2026-08-12 12:00:00,Karaoke,2023-07-23,9p-2a,Anchorage,Four Corner’s Lounge (Palmer),music,,,system@akconcerts.com,AK Concerts Auto Import,Master Event Database,Approved
2026-08-12 12:00:00,All Ages Open Jam,2023-07-24,5p-6:30p,Anchorage,Temple Studios Community Center (Seward),music,,,system@akconcerts.com,AK Concerts Auto Import,Master Event Database,Approved
2026-08-12 12:00:00,Open Mic Night,2023-07-24,6:30p-8:30p,Anchorage,Auxiliary VFW 1685,music,,,system@akconcerts.com,AK Concerts Auto Import,Master Event Database,Approved
2026-08-12 12:00:00,Jazz Night Open Jam,2023-07-24,6:30p-8:30p,Anchorage,K Street Market,music,,,system@akconcerts.com,AK Concerts Auto Import,Master Event Database,Approved
2026-08-12 12:00:00,Jessie's Kat,2023-07-24,7:30p-11p,Anchorage,Humpy’s,music,,,system@akconcerts.com,AK Concerts Auto Import,Master Event Database,Approved
2026-08-12 12:00:00,One Man band Monday Nights with Ace,2023-07-24,8p-12a,Anchorage,The Carousel Lounge,music,,,system@akconcerts.com,AK Concerts Auto Import,Master Event Database,Approved
2026-08-12 12:00:00,Karaoke Night,2023-07-24,8p-12a,Anchorage,The Crowbar (Fairbanks),music,,,system@akconcerts.com,AK Concerts Auto Import,Master Event Database,Approved
2026-08-12 12:00:00,The Monday Mic at Koots,2023-07-24,9p-12a,Anchorage,Koot’s,music,,,system@akconcerts.com,AK Concerts Auto Import,Master Event Database,Approved
2026-08-12 12:00:00,Jay Straw's Bass to Mouth Mondays!,2023-07-24,9p-12a,Anchorage,Van’s Dive Bar,music,,,system@akconcerts.com,AK Concerts Auto Import,Master Event Database,Approved
2026-08-12 12:00:00,Open Mic Mondays,2023-07-24,9p-12a,Anchorage,Yukon Bar (Seward),music,,,system@akconcerts.com,AK Concerts Auto Import,Master Event Database,Approved
2026-08-12 12:00:00,The Eternal Cowboys,2023-07-25,10p-12a,Anchorage,Koot’s,music,,,system@akconcerts.com,AK Concerts Auto Import,Master Event Database,Approved
2026-08-12 12:00:00,Lunch on the Lawn: Karrie Pavish Anderson,2023-07-25,11:30a-1:30p,Anchorage,Anchorage Museum,music,,,system@akconcerts.com,AK Concerts Auto Import,Master Event Database,Approved
2026-08-12 12:00:00,Concerts in the Quad w/ Ed Washington,2023-07-25,11:30a-1p,Anchorage,UAA Cuddy Quad,music,,,system@akconcerts.com,AK Concerts Auto Import,Master Event Database,Approved
2026-08-12 12:00:00,Tako Tuesday on The Roof w/ Joe Brady,2023-07-25,4p-7p,Anchorage,Williwaw Social,music,,,system@akconcerts.com,AK Concerts Auto Import,Master Event Database,Approved
2026-08-12 12:00:00,Band Jam Night w/ Jimbo,2023-07-25,6:30p-9:30p,Anchorage,American Legion Post 28,music,,,system@akconcerts.com,AK Concerts Auto Import,Master Event Database,Approved
2026-08-12 12:00:00,Taco Tuesdays w/ Jerry Wessling,2023-07-25,6p-9p,Anchorage,Tug Bar (Wasilla),music,,,system@akconcerts.com,AK Concerts Auto Import,Master Event Database,Approved
2026-08-12 12:00:00,Agents At Large,2023-07-25,7:30p-11p,Anchorage,Humpy’s,music,,,system@akconcerts.com,AK Concerts Auto Import,Master Event Database,Approved
2026-08-12 12:00:00,Open Stage Night With Sabina Speers,2023-07-25,7p-10p,Anchorage,Klondike Mike’s & the Main Street Grill (Palmer),music,,,system@akconcerts.com,AK Concerts Auto Import,Master Event Database,Approved
2026-08-12 12:00:00,Nurse Blake: Shock Advised Tour,2023-07-25,8p-10p,Anchorage,Egan Center,music,,,system@akconcerts.com,AK Concerts Auto Import,Master Event Database,Approved
2026-08-12 12:00:00,Blackwater Railroad & Friends,2023-07-25,8p-12a,Anchorage,Seward Alehouse (Seward),music,,,system@akconcerts.com,AK Concerts Auto Import,Master Event Database,Approved
2026-08-12 12:00:00,Open Jam Tuesday,2023-07-25,9p-12a,Anchorage,Van’s Dive Bar,music,,,system@akconcerts.com,AK Concerts Auto Import,Master Event Database,Approved
2026-08-12 12:00:00,Jukebox Karaoke Roadshow,2023-07-25,9p-1a,Anchorage,Trophy Lounge,music,,,system@akconcerts.com,AK Concerts Auto Import,Master Event Database,Approved
2026-08-12 12:00:00,Music in the Park: River Livers,2023-07-26,12p-1p,Anchorage,Peratrovich Park (Anchorage),music,,,system@akconcerts.com,AK Concerts Auto Import,Master Event Database,Approved
2026-08-12 12:00:00,Stompin Yeti at the Brown Bear,2023-07-26,6:30p-9:30p,Anchorage,Brown Bear Saloon (Indian),music,,,system@akconcerts.com,AK Concerts Auto Import,Master Event Database,Approved
2026-08-12 12:00:00,Free Creatures // Sam Tenhoff opening,2023-07-26,6p-9p,Anchorage,Soldotna Creek Park (Soldotna),music,,,system@akconcerts.com,AK Concerts Auto Import,Master Event Database,Approved
2026-08-12 12:00:00,Jared Woods,2023-07-26,7:30p-11p,Anchorage,Humpy’s,music,,,system@akconcerts.com,AK Concerts Auto Import,Master Event Database,Approved
2026-08-12 12:00:00,All Ages Open Jam,2023-09-25,5p-6:30p,Anchorage,Temple Studios Community Center (Seward),music,,,system@akconcerts.com,AK Concerts Auto Import,Master Event Database,Approved
2026-08-12 12:00:00,Open Mic Night,2023-09-25,6:30p-8:30p,Anchorage,Auxiliary VFW 1685,music,,,system@akconcerts.com,AK Concerts Auto Import,Master Event Database,Approved
2026-08-12 12:00:00,Jazz Night Open Jam,2023-09-25,6:30p-8:30p,Anchorage,K Street Market,music,,,system@akconcerts.com,AK Concerts Auto Import,Master Event Database,Approved
2026-08-12 12:00:00,Play Reader's Club,2023-09-25,6p-8p,Anchorage,Anchorage Community Theatre,theatre,,,system@akconcerts.com,AK Concerts Auto Import,Master Event Database,Approved
2026-08-12 12:00:00,Karaoke Night,2023-09-25,8p-12a,Anchorage,The Crowbar (Fairbanks),music,,,system@akconcerts.com,AK Concerts Auto Import,Master Event Database,Approved
2026-08-12 12:00:00,Karaoke,2023-09-25,8p-12a,Anchorage,Four Corner’s Lounge (Palmer),music,,,system@akconcerts.com,AK Concerts Auto Import,Master Event Database,Approved
2026-08-12 12:00:00,The Monday Mic at Koots,2023-09-25,9p-12a,Anchorage,Koot’s,music,,,system@akconcerts.com,AK Concerts Auto Import,Master Event Database,Approved
2026-08-12 12:00:00,Jay Straw's Bass to Mouth Mondays!,2023-09-25,9p-12a,Anchorage,Van’s Dive Bar,music,,,system@akconcerts.com,AK Concerts Auto Import,Master Event Database,Approved
2026-08-12 12:00:00,Open Mic Mondays,2023-09-25,9p-12a,Anchorage,Yukon Bar (Seward),music,,,system@akconcerts.com,AK Concerts Auto Import,Master Event Database,Approved
2026-08-12 12:00:00,The Eternal Cowboys,2023-09-26,10p-12a,Anchorage,Koot’s,music,,,system@akconcerts.com,AK Concerts Auto Import,Master Event Database,Approved
2026-08-12 12:00:00,"Auditions for ""A Christmas Carol""",2023-09-26,1p-4p,Anchorage,Anchorage Community Theatre,music,,,system@akconcerts.com,AK Concerts Auto Import,Master Event Database,Approved
2026-08-12 12:00:00,Auditions for A Christmas Carol,2023-09-26,1p-4p,Anchorage,Anchorage Community Theatre,music,,,system@akconcerts.com,AK Concerts Auto Import,Master Event Database,Approved
2026-08-12 12:00:00,Taco Tuesdays w/ Jerry Wessling,2023-09-26,6p-9p,Anchorage,Tug Bar (Wasilla),music,,,system@akconcerts.com,AK Concerts Auto Import,Master Event Database,Approved
2026-08-12 12:00:00,Open Stage Night With Sabina Speers,2023-09-26,7p-10p,Anchorage,Klondike Mike’s & the Main Street Grill (Palmer),music,,,system@akconcerts.com,AK Concerts Auto Import,Master Event Database,Approved
2026-08-12 12:00:00,Peace Choir Rehearsal,2023-09-26,7p-8:30p,Anchorage,Unitarian Universalist Fellowship of Fairbanks,music,,,system@akconcerts.com,AK Concerts Auto Import,Master Event Database,Approved
2026-08-12 12:00:00,Blackwater Railroad & Friends,2023-09-26,8p-12a,Anchorage,Seward Alehouse (Seward),music,,,system@akconcerts.com,AK Concerts Auto Import,Master Event Database,Approved
2026-08-12 12:00:00,AK Rockstar Karaoke,2023-09-26,8p-2a,Anchorage,The Carousel Lounge,music,,,system@akconcerts.com,AK Concerts Auto Import,Master Event Database,Approved
2026-08-12 12:00:00,Open Jam Tuesday,2023-09-26,9p-12a,Anchorage,Van’s Dive Bar,music,,,system@akconcerts.com,AK Concerts Auto Import,Master Event Database,Approved
2026-08-12 12:00:00,Jukebox Karaoke Roadshow,2023-09-26,9p-1a,Anchorage,Trophy Lounge,music,,,system@akconcerts.com,AK Concerts Auto Import,Master Event Database,Approved
2026-08-12 12:00:00,The Eternal Cowboys,2023-09-27,10p-12a,Anchorage,Pioneer Bar,music,,,system@akconcerts.com,AK Concerts Auto Import,Master Event Database,Approved
2026-08-12 12:00:00,Koots Karaoke,2023-09-27,10p-2a,Anchorage,Koot’s,music,,,system@akconcerts.com,AK Concerts Auto Import,Master Event Database,Approved
2026-08-12 12:00:00,Free Zoo Community Storytime,2023-09-27,12p-4p,Anchorage,The Alaska Zoo,community,,,system@akconcerts.com,AK Concerts Auto Import,Master Event Database,Approved
2026-08-12 12:00:00,Tyrone Palmer & Friends,2023-09-27,7p-10p,Anchorage,907 Alehouse,music,,,system@akconcerts.com,AK Concerts Auto Import,Master Event Database,Approved
2026-08-12 12:00:00,Comedy & Music ft. Chris Castles & Tai Nguyen,2023-09-27,7p-10p,Anchorage,Pakalolo Supply Company (Fairbanks),comedy,,,system@akconcerts.com,AK Concerts Auto Import,Master Event Database,Approved
2026-08-12 12:00:00,Free Latin Dance Class,2023-09-27,7p-10p,Anchorage,Williwaw Social,dance,,,system@akconcerts.com,AK Concerts Auto Import,Master Event Database,Approved
2026-08-12 12:00:00,Open Mic,2023-09-27,7p-12a,Anchorage,Schwabenhof (Wasilla),music,,,system@akconcerts.com,AK Concerts Auto Import,Master Event Database,Approved
2026-08-12 12:00:00,Open Mic,2023-09-27,7p-1a,Anchorage,Fairview Inn (Talkeetna),music,,,system@akconcerts.com,AK Concerts Auto Import,Master Event Database,Approved
2026-08-12 12:00:00,Free Dance Lessons,2023-09-27,7p-8p,Anchorage,Koot’s,dance,,,system@akconcerts.com,AK Concerts Auto Import,Master Event Database,Approved
2026-08-12 12:00:00,Pay-What-You-Can-Preview for Uncle Ted,2023-09-27,7p-9p,Anchorage,Cyrano’s Theatre Company,music,,,system@akconcerts.com,AK Concerts Auto Import,Master Event Database,Approved
2026-08-12 12:00:00,Comedy Open Mic,2023-09-27,8:30p-10p,Anchorage,Koot’s,comedy,,,system@akconcerts.com,AK Concerts Auto Import,Master Event Database,Approved
2026-08-12 12:00:00,Will H Johnson,2023-09-27,8:30p-12a,Anchorage,Humpy’s,music,,,system@akconcerts.com,AK Concerts Auto Import,Master Event Database,Approved
2026-08-12 12:00:00,Karaoke,2023-09-27,8p-11p,Anchorage,Alaskan Hotel and Bar (Juneau),music,,,system@akconcerts.com,AK Concerts Auto Import,Master Event Database,Approved
2026-08-12 12:00:00,Country Night with DJ Lefty,2023-09-27,8p-12a,Anchorage,Koot’s,music,,,system@akconcerts.com,AK Concerts Auto Import,Master Event Database,Approved
2026-08-12 12:00:00,Jukebox Karaoke Roadshow,2023-09-27,9p-12a,Anchorage,Eddie’s Sports Bar,music,,,system@akconcerts.com,AK Concerts Auto Import,Master Event Database,Approved
2026-08-12 12:00:00,KARAOKE w/ SassySquatch!,2023-09-27,9p-12a,Anchorage,Van’s Dive Bar,music,,,system@akconcerts.com,AK Concerts Auto Import,Master Event Database,Approved
2026-08-12 12:00:00,Karaoke,2023-09-27,9p-2a,Anchorage,Yukon Bar (Seward),music,,,system@akconcerts.com,AK Concerts Auto Import,Master Event Database,Approved
2026-08-12 12:00:00,The Eternal Cowboys,2023-11-29,10p-12a,Anchorage,Pioneer Bar,music,,,system@akconcerts.com,AK Concerts Auto Import,Master Event Database,Approved
2026-08-12 12:00:00,Koots Karaoke,2023-11-29,10p-2a,Anchorage,Koot’s,music,,,system@akconcerts.com,AK Concerts Auto Import,Master Event Database,Approved
2026-08-12 12:00:00,Free West Coast Swing Dance Lessons,2023-11-29,6:45p-8p,Anchorage,Koot’s,dance,,,system@akconcerts.com,AK Concerts Auto Import,Master Event Database,Approved
2026-08-12 12:00:00,Come From Away,2023-11-29,7:30p-9:10p,Anchorage,Alaska Center for the Performing Arts,music,,,system@akconcerts.com,AK Concerts Auto Import,Master Event Database,Approved
2026-08-12 12:00:00,Tyrone Palmer & Friends,2023-11-29,7p-10p,Anchorage,907 Alehouse,music,,,system@akconcerts.com,AK Concerts Auto Import,Master Event Database,Approved
2026-08-12 12:00:00,Live Music Monday w/ Andrew Mack,2023-11-29,7p-10p,Anchorage,The Cabin (Fairbanks),music,,,system@akconcerts.com,AK Concerts Auto Import,Master Event Database,Approved
2026-08-12 12:00:00,Free Latin Dance Class,2023-11-29,7p-10p,Anchorage,Williwaw Social,dance,,,system@akconcerts.com,AK Concerts Auto Import,Master Event Database,Approved
2026-08-12 12:00:00,Country Night with DJ Lefty,2023-11-29,7p-12a,Anchorage,Koot’s,music,,,system@akconcerts.com,AK Concerts Auto Import,Master Event Database,Approved
2026-08-12 12:00:00,Open Mic,2023-11-29,7p-12a,Anchorage,Schwabenhof (Wasilla),music,,,system@akconcerts.com,AK Concerts Auto Import,Master Event Database,Approved
2026-08-12 12:00:00,Open Mic,2023-11-29,7p-1a,Anchorage,Fairview Inn (Talkeetna),music,,,system@akconcerts.com,AK Concerts Auto Import,Master Event Database,Approved
2026-08-12 12:00:00,Fancy Nancy: Splendiferouse Christmas Musical,2023-11-29,7p-8p,Anchorage,Cyrano’s Theatre Company,theatre,,,system@akconcerts.com,AK Concerts Auto Import,Master Event Database,Approved
2026-08-12 12:00:00,Comedy Open Mic,2023-11-29,8:30p-10p,Anchorage,Koot’s,comedy,,,system@akconcerts.com,AK Concerts Auto Import,Master Event Database,Approved
2026-08-12 12:00:00,Karaoke,2023-11-29,8p-11p,Anchorage,Alaskan Hotel and Bar (Juneau),music,,,system@akconcerts.com,AK Concerts Auto Import,Master Event Database,Approved
2026-08-12 12:00:00,Karaoke,2023-11-29,8p-12a,Anchorage,Four Corner’s Lounge (Palmer),music,,,system@akconcerts.com,AK Concerts Auto Import,Master Event Database,Approved
2026-08-12 12:00:00,Open Mic,2023-11-29,8p-12a,Anchorage,Lil Babes Cocktail Lounge,music,,,system@akconcerts.com,AK Concerts Auto Import,Master Event Database,Approved
2026-08-12 12:00:00,AK Rockstar Karaoke,2023-11-29,8p-2a,Anchorage,The Carousel Lounge,music,,,system@akconcerts.com,AK Concerts Auto Import,Master Event Database,Approved
2026-08-12 12:00:00,Jukebox Karaoke Roadshow,2023-11-29,9p-12a,Anchorage,Eddie’s Sports Bar,music,,,system@akconcerts.com,AK Concerts Auto Import,Master Event Database,Approved
2026-08-12 12:00:00,KARAOKE w/ SassySquatch!,2023-11-29,9p-12a,Anchorage,Van’s Dive Bar,music,,,system@akconcerts.com,AK Concerts Auto Import,Master Event Database,Approved
2026-08-12 12:00:00,Karaoke,2023-11-29,9p-2a,Anchorage,Yukon Bar (Seward),music,,,system@akconcerts.com,AK Concerts Auto Import,Master Event Database,Approved
2026-08-12 12:00:00,Come From Away,2023-11-30,1p-2:30p & 7:30p-9:10p,Anchorage,Alaska Center for the Performing Arts,music,,,system@akconcerts.com,AK Concerts Auto Import,Master Event Database,Approved
2026-08-12 12:00:00,Rage City Holiday Night Market w/ DJ Aud Pleas,2023-11-30,2p-9p,Anchorage,Rage City Vintage,music,,,system@akconcerts.com,AK Concerts Auto Import,Master Event Database,Approved
2026-08-12 12:00:00,Live Music w/ Witty Youngman,2023-11-30,6p-8p,Anchorage,Orso,music,,,system@akconcerts.com,AK Concerts Auto Import,Master Event Database,Approved
2026-08-12 12:00:00,Glacier Hoppers,2023-11-30,6p-9p,Anchorage,Garcia’s Cantina & Café (Eagle River),music,,,system@akconcerts.com,AK Concerts Auto Import,Master Event Database,Approved
2026-08-12 12:00:00,Anchorage Community Theatre’s Platinum 70th Anniversary Gala & Fundraiser,2023-11-30,6p-9p,Anchorage,The Hotel Captain Cook,theatre,,,system@akconcerts.com,AK Concerts Auto Import,Master Event Database,Approved
2026-08-12 12:00:00,Nothing ‘But Karma,2023-11-30,6p-9p,Anchorage,Palmer Alehouse (Palmer),music,,,system@akconcerts.com,AK Concerts Auto Import,Master Event Database,Approved
2026-08-12 12:00:00,Fairbanks Peace Choir: Winter Concert,2023-11-30,7:30p-9p,Anchorage,Unitarian Universalist Fellowship (Fairbanks),festival,,,system@akconcerts.com,AK Concerts Auto Import,Master Event Database,Approved
2026-08-12 12:00:00,Jam Nights w/ Jerry Wessling,2023-11-30,7p-10p,Anchorage,Fishhook Bar & Grill (Palmer),music,,,system@akconcerts.com,AK Concerts Auto Import,Master Event Database,Approved
2026-08-12 12:00:00,The AKoustic Project,2023-11-30,7p-10p,Anchorage,Tailgater’s Sport’s Bar & Grill (Wasilla),music,,,system@akconcerts.com,AK Concerts Auto Import,Master Event Database,Approved
2026-08-12 12:00:00,Comedy Show w/ Kevin Farley,2023-11-30,7p-8:30p,Anchorage,Main Street Tap & Grill (Kenai),comedy,,,system@akconcerts.com,AK Concerts Auto Import,Master Event Database,Approved
2026-08-12 12:00:00,Tartuffe,2023-11-30,7p-9p,Anchorage,Cyrano’s Theatre Company,music,,,system@akconcerts.com,AK Concerts Auto Import,Master Event Database,Approved
2026-08-12 12:00:00,Open Mic,2023-11-30,8p-11p,Anchorage,Alaskan Hotel and Bar (Juneau),music,,,system@akconcerts.com,AK Concerts Auto Import,Master Event Database,Approved
2026-08-12 12:00:00,Open Mic Night,2023-11-30,8p-11p,Anchorage,The Crystal Saloon (Juneau),music,,,system@akconcerts.com,AK Concerts Auto Import,Master Event Database,Approved
2026-08-12 12:00:00,Open Mic Night,2023-11-30,8p-11p,Anchorage,The Marlin Bar (Fairbanks),music,,,system@akconcerts.com,AK Concerts Auto Import,Master Event Database,Approved
2026-08-12 12:00:00,The Jukebox Karaoke,2023-11-30,8p-11p,Anchorage,The Peanut Farm,music,,,system@akconcerts.com,AK Concerts Auto Import,Master Event Database,Approved
2026-08-12 12:00:00,Open Mic w/ Cody Kniceley,2023-11-30,8p-12a,Anchorage,4 Royle Parkers (Soldotna),music,,,system@akconcerts.com,AK Concerts Auto Import,Master Event Database,Approved
2026-08-12 12:00:00,Karaoke,2023-11-30,8p-12a,Anchorage,Flattop Pizza & Pasta,music,,,system@akconcerts.com,AK Concerts Auto Import,Master Event Database,Approved
2026-08-12 12:00:00,AK Rockstar Karaoke,2023-11-30,8p-2a,Anchorage,The Carousel Lounge,music,,,system@akconcerts.com,AK Concerts Auto Import,Master Event Database,Approved
2026-08-12 12:00:00,Jam Night & Karaoke,2023-11-30,8p-2a,Anchorage,Lil Babes Cocktail Lounge,music,,,system@akconcerts.com,AK Concerts Auto Import,Master Event Database,Approved
2026-08-12 12:00:00,Gasolina Thursdays w/ Joe Brady,2023-11-30,9-12a,Anchorage,Williwaw Social,music,,,system@akconcerts.com,AK Concerts Auto Import,Master Event Database,Approved
2026-08-12 12:00:00,Mad Myrna's Comedy Showcase,2023-11-30,9p-11p,Anchorage,Mad Myrna’s,comedy,,,system@akconcerts.com,AK Concerts Auto Import,Master Event Database,Approved
2026-08-12 12:00:00,Open Mic w/ Chris Crain,2023-11-30,9p-12a,Anchorage,Yukon Bar (Seward),music,,,system@akconcerts.com,AK Concerts Auto Import,Master Event Database,Approved
2026-08-12 12:00:00,Karaoke Night,2023-11-30,9p-1a,Anchorage,Four Corner’s Lounge (Palmer),music,,,system@akconcerts.com,AK Concerts Auto Import,Master Event Database,Approved
2026-08-12 12:00:00,DJ Shawn Hemp Live,2023-11-30,9p-1a,Anchorage,Van’s Dive Bar,music,,,system@akconcerts.com,AK Concerts Auto Import,Master Event Database,Approved
2026-08-12 12:00:00,Pickuplines Live,2023-12-01,10p-2a,Anchorage,Williwaw Social,music,,,system@akconcerts.com,AK Concerts Auto Import,Master Event Database,Approved
2026-08-12 12:00:00,First Duke Russell Friday w/ Snarley Brown and Corey Böiko,2023-12-01,5:30p-10p,Anchorage,The Cove,music,,,system@akconcerts.com,AK Concerts Auto Import,Master Event Database,Approved
2026-08-12 12:00:00,Free First Friday at the Planetarium,2023-12-01,5:30p-7p,Anchorage,Marie Drake Planetarium,music,,,system@akconcerts.com,AK Concerts Auto Import,Master Event Database,Approved
2026-08-12 12:00:00,2023 Winter Wonderland & Tree Lighting Ceremony,2023-12-01,5:30p-8:30p,Anchorage,Eagle River Town Square Park (Eagle River),music,,,system@akconcerts.com,AK Concerts Auto Import,Master Event Database,Approved
2026-08-12 12:00:00,Athabascan Fiddlers Dance & Potluck,2023-12-01,6:30p-10:30,Anchorage,The Nave Spenard,dance,,,system@akconcerts.com,AK Concerts Auto Import,Master Event Database,Approved
2026-08-12 12:00:00,Chords & Conversations “Songwriters In The Round”,2023-12-01,6:30p-10p,Anchorage,The Catch Restaurant & Bar (Soldotna),music,,,system@akconcerts.com,AK Concerts Auto Import,Master Event Database,Approved
2026-08-12 12:00:00,Glacier Hoppers,2023-12-01,6p-9p,Anchorage,American Legion Post 33 (Peter’s Creek),music,,,system@akconcerts.com,AK Concerts Auto Import,Master Event Database,Approved
2026-08-12 12:00:00,Jared Woods & David Nathanson,2023-12-01,6p-9p,Anchorage,Matanuska Brewing Company,music,,,system@akconcerts.com,AK Concerts Auto Import,Master Event Database,Approved
2026-08-12 12:00:00,The Dancing Bears Contra Dance,2023-12-01,7:30p-10:30,Anchorage,Wendler Middle School,dance,,,system@akconcerts.com,AK Concerts Auto Import,Master Event Database,Approved
2026-08-12 12:00:00,A Nice Indian Boy,2023-12-01,7:30p-10p,Anchorage,Perseverance Theatre (Juneau),music,,,system@akconcerts.com,AK Concerts Auto Import,Master Event Database,Approved
2026-08-12 12:00:00,Portland Cello Project Holiday Show,2023-12-01,7:30p-9:20p,Anchorage,Alaska Center for the Performing Arts,music,,,system@akconcerts.com,AK Concerts Auto Import,Master Event Database,Approved
2026-08-12 12:00:00,Comedy Show w/ Kevin Farley,2023-12-01,7:30p-9p,Anchorage,Everett’s Restaurant (Wasilla),comedy,,,system@akconcerts.com,AK Concerts Auto Import,Master Event Database,Approved
2026-08-12 12:00:00,907 Pro Wrestling: UNLEASHED,2023-12-01,7p-10,Anchorage,Williwaw Social,music,,,system@akconcerts.com,AK Concerts Auto Import,Master Event Database,Approved
2026-08-12 12:00:00,Karaoke,2023-12-01,7p-11p,Anchorage,American Legion Post 15 (Palmer),music,,,system@akconcerts.com,AK Concerts Auto Import,Master Event Database,Approved
2026-08-12 12:00:00,Open Mic Night,2023-12-01,7p-12a,Anchorage,Floaters (Big Lake),music,,,system@akconcerts.com,AK Concerts Auto Import,Master Event Database,Approved
2026-08-12 12:00:00,Karaoke Friday at the Eagles!,2023-12-01,7p-12a,Anchorage,The Fraternal Order of Eagles Aerie 4207,music,,,system@akconcerts.com,AK Concerts Auto Import,Master Event Database,Approved
2026-08-12 12:00:00,UAA Glee Club Fall Concert,2023-12-01,7p-8:30p,Anchorage,UAA Fine Arts Building,music,,,system@akconcerts.com,AK Concerts Auto Import,Master Event Database,Approved
2026-08-12 12:00:00,Twice Upon a Christmas,2023-12-01,7p-9p,Anchorage,Alaska Center for the Performing Arts,music,,,system@akconcerts.com,AK Concerts Auto Import,Master Event Database,Approved
2026-08-12 12:00:00,A Christmas Carol,2023-12-01,7p-9p,Anchorage,Anchorage Community Theatre,music,,,system@akconcerts.com,AK Concerts Auto Import,Master Event Database,Approved
2026-08-12 12:00:00,Tartuffe,2023-12-01,7p-9p,Anchorage,Cyrano’s Theatre Company,music,,,system@akconcerts.com,AK Concerts Auto Import,Master Event Database,Approved
2026-08-12 12:00:00,The High Hawks,2023-12-01,8p-10:30p,Anchorage,The Sitzmark (Girdwood),music,,,system@akconcerts.com,AK Concerts Auto Import,Master Event Database,Approved
2026-08-12 12:00:00,Sweet Treats: A Holiday Cabaret,2023-12-01,8p-9:30p,Anchorage,Broken Blender,music,,,system@akconcerts.com,AK Concerts Auto Import,Master Event Database,Approved
2026-08-12 12:00:00,That 70's Dance Party w/ The Vintage Retro,2023-12-01,9:30p-1:30a,Anchorage,Koot’s,dance,,,system@akconcerts.com,AK Concerts Auto Import,Master Event Database,Approved
2026-08-12 12:00:00,Live Comedy at the Gumbo House,2023-12-01,9p-11:30p,Anchorage,The Gumbo House,comedy,,,system@akconcerts.com,AK Concerts Auto Import,Master Event Database,Approved
2026-08-12 12:00:00,Mad Myrna's Diva Variety Show,2023-12-01,9p-11:30p,Anchorage,Mad Myrna’s,music,,,system@akconcerts.com,AK Concerts Auto Import,Master Event Database,Approved
2026-08-12 12:00:00,Friday Night Dance Lounge,2023-12-01,9p-1a,Anchorage,Alaska Dance Promotions,dance,,,system@akconcerts.com,AK Concerts Auto Import,Master Event Database,Approved
2026-08-12 12:00:00,"Murmur, Fiona Rose and the Show Ponies, and Clay Products",2023-12-01,9p-1a,Anchorage,Van’s Dive Bar,music,,,system@akconcerts.com,AK Concerts Auto Import,Master Event Database,Approved
2026-08-12 12:00:00,Blast From The Past,2023-12-01,9p-2:30a,Anchorage,Time Out Lounge,music,,,system@akconcerts.com,AK Concerts Auto Import,Master Event Database,Approved
2026-08-12 12:00:00,The Jangle Bees Live 9pm,2023-12-02,12a,Anchorage,Matanuska Brewing Midtown,music,,,system@akconcerts.com,AK Concerts Auto Import,Master Event Database,Approved
2026-08-12 12:00:00,Fancy Nancy: Splendiferous Christmas,2023-12-02,12p-1p & 2p-3p,Anchorage,Cyrano’s Theatre Company,music,,,system@akconcerts.com,AK Concerts Auto Import,Master Event Database,Approved
2026-08-12 12:00:00,Coffee w/ A Veteran,2023-12-02,12p-2p,Anchorage,Black Birch Books (Wasilla),music,,,system@akconcerts.com,AK Concerts Auto Import,Master Event Database,Approved
2026-08-12 12:00:00,"Auditions for ""Our Town""",2023-12-02,1p-4p,Anchorage,Anchorage Community Theatre,music,,,system@akconcerts.com,AK Concerts Auto Import,Master Event Database,Approved
2026-08-12 12:00:00,Land of Sweets & Tea Tour,2023-12-02,1p-4p,Anchorage,Juneau-Douglas High School (Juneau),music,,,system@akconcerts.com,AK Concerts Auto Import,Master Event Database,Approved
2026-08-12 12:00:00,Auditions for Our Town,2023-12-02,1p-4p,Anchorage,Anchorage Community Theatre,music,,,system@akconcerts.com,AK Concerts Auto Import,Master Event Database,Approved
2026-08-12 12:00:00,Kenai Chapter SCI Annual Christmas Party,2023-12-02,6p-10p,Anchorage,Lone Moose Lodge Alaska (Soldotna),music,,,system@akconcerts.com,AK Concerts Auto Import,Master Event Database,Approved
2026-08-12 12:00:00,Saturday Night Social Dance,2023-12-02,7p-11p,Anchorage,Anchorage Social Dance Club,dance,,,system@akconcerts.com,AK Concerts Auto Import,Master Event Database,Approved
2026-08-12 12:00:00,Comedy Show w/ Kevin Farley,2023-12-02,7p-8:30p & 9p-10:30p,Anchorage,Koot’s,comedy,,,system@akconcerts.com,AK Concerts Auto Import,Master Event Database,Approved
2026-08-12 12:00:00,Beats. Beer. Bingo.,2023-12-02,7p-9p,Anchorage,Williwaw Social,music,,,system@akconcerts.com,AK Concerts Auto Import,Master Event Database,Approved
2026-08-12 12:00:00,Karaoke w/ Host Steve Franklin,2023-12-02,8p-11:45p,Anchorage,Broken Blender,music,,,system@akconcerts.com,AK Concerts Auto Import,Master Event Database,Approved
2026-08-12 12:00:00,Danger Money Live,2023-12-02,8p-12a,Anchorage,Anchorage Moose Lodge,music,,,system@akconcerts.com,AK Concerts Auto Import,Master Event Database,Approved
2026-08-12 12:00:00,Dine & Dance Holiday Bash,2023-12-02,8p-12a,Anchorage,Cold Water Bar & Grill (Sitka),dance,,,system@akconcerts.com,AK Concerts Auto Import,Master Event Database,Approved
2026-08-12 12:00:00,Glacier Hoppers Band,2023-12-02,9:30p-1a,Anchorage,Humpy’s Alehouse,music,,,system@akconcerts.com,AK Concerts Auto Import,Master Event Database,Approved
2026-08-12 12:00:00,The Casey Smith Project,2023-12-02,9p-12a,Anchorage,The Pub (Fairbanks),music,,,system@akconcerts.com,AK Concerts Auto Import,Master Event Database,Approved
2026-08-12 12:00:00,Suicidal Bunnies,2023-12-02,9p-1a,Anchorage,Van’s Dive Bar,music,,,system@akconcerts.com,AK Concerts Auto Import,Master Event Database,Approved
2026-08-12 12:00:00,Merkules Live in Alaska,2023-12-02,9p-1a,Anchorage,Williwaw Social,music,,,system@akconcerts.com,AK Concerts Auto Import,Master Event Database,Approved
2026-08-12 12:00:00,"“Spenard Boiler Room” w/ Hephay, Saxafras, Zayka, and SCOOBZ",2023-12-02,9p-2:30a,Anchorage,Koot’s,music,,,system@akconcerts.com,AK Concerts Auto Import,Master Event Database,Approved
2026-08-12 12:00:00,Christmas for the Animals & Artisan’s Bazaar,2023-12-03,10a-4p,Anchorage,The Alaska Zoo,music,,,system@akconcerts.com,AK Concerts Auto Import,Master Event Database,Approved
2026-08-12 12:00:00,Koots Karaoke,2023-12-03,10p-2a,Anchorage,Koot’s,music,,,system@akconcerts.com,AK Concerts Auto Import,Master Event Database,Approved
2026-08-12 12:00:00,Industry Night w/ Joe Brady,2023-12-03,10p-2a,Anchorage,Pioneer Bar,music,,,system@akconcerts.com,AK Concerts Auto Import,Master Event Database,Approved
2026-08-12 12:00:00,Reveal Sip & Shop Burlesque Fashion Show,2023-12-03,11:30a-1p,Anchorage,Broken Blender,music,,,system@akconcerts.com,AK Concerts Auto Import,Master Event Database,Approved
2026-08-12 12:00:00,Fancy Nancy: Splendiferous Christmas,2023-12-03,12p-1p,Anchorage,Cyrano’s Theatre Company,music,,,system@akconcerts.com,AK Concerts Auto Import,Master Event Database,Approved
2026-08-12 12:00:00,Come From Away,2023-12-03,1p-2:30p & 7p-8:50p,Anchorage,Alaska Center for the Performing Arts,music,,,system@akconcerts.com,AK Concerts Auto Import,Master Event Database,Approved
2026-08-12 12:00:00,Anchorage Concert Chorus: 76th Community Messiah,2023-12-03,2p-4p,Anchorage,Cathedral of Our Lady of Guadalupe,music,,,system@akconcerts.com,AK Concerts Auto Import,Master Event Database,Approved
2026-08-12 12:00:00,A Christmas Carol,2023-12-03,3p-5p,Anchorage,Anchorage Community Theatre,music,,,system@akconcerts.com,AK Concerts Auto Import,Master Event Database,Approved
2026-08-12 12:00:00,Tartuffe,2023-12-03,3p-5p,Anchorage,Cyrano’s Theatre Company,music,,,system@akconcerts.com,AK Concerts Auto Import,Master Event Database,Approved
2026-08-12 12:00:00,Jam Night,2023-12-03,4:30p-8:30p,Anchorage,VFW Post 1685,music,,,system@akconcerts.com,AK Concerts Auto Import,Master Event Database,Approved
2026-08-12 12:00:00,Anchorage Community Concert Band,2023-12-03,4p-6p,Anchorage,Alaska Center for the Performing Arts,music,,,system@akconcerts.com,AK Concerts Auto Import,Master Event Database,Approved
2026-08-12 12:00:00,A Nice Indian Boy,2023-12-03,5p-7:30p,Anchorage,Perseverance Theatre (Juneau),music,,,system@akconcerts.com,AK Concerts Auto Import,Master Event Database,Approved
2026-08-12 12:00:00,Family Friendly Open Mic w/ Tanya Hegg,2023-12-03,6p-10p,Anchorage,Everett’s (Wasilla),music,,,system@akconcerts.com,AK Concerts Auto Import,Master Event Database,Approved
2026-08-12 12:00:00,Open Mic Night,2023-12-03,6p-9p,Anchorage,Susitna Brewing (Big Lake),music,,,system@akconcerts.com,AK Concerts Auto Import,Master Event Database,Approved
2026-08-12 12:00:00,Comedy Open Mic,2023-12-03,8:30p-10p,Anchorage,Koot’s,comedy,,,system@akconcerts.com,AK Concerts Auto Import,Master Event Database,Approved
2026-08-12 12:00:00,Blast From The Past,2023-12-03,8:30p-1a,Anchorage,Time Out Lounge,music,,,system@akconcerts.com,AK Concerts Auto Import,Master Event Database,Approved
2026-08-12 12:00:00,Open Mic Jam,2023-12-03,8p-11p,Anchorage,Humpys,music,,,system@akconcerts.com,AK Concerts Auto Import,Master Event Database,Approved
2026-08-12 12:00:00,Open Mic! Overlorded by Wash Your Hands,2023-12-03,8p-12a,Anchorage,Van’s Dive Bar,music,,,system@akconcerts.com,AK Concerts Auto Import,Master Event Database,Approved
2026-08-12 12:00:00,Karaoke,2023-12-03,9p-12a,Anchorage,Four Corner’s Lounge (Palmer),music,,,system@akconcerts.com,AK Concerts Auto Import,Master Event Database,Approved
2026-08-12 12:00:00,Jazz Night Open Jam,2023-12-04,6:30p-8:30p,Anchorage,K Street Market,music,,,system@akconcerts.com,AK Concerts Auto Import,Master Event Database,Approved
2026-08-12 12:00:00,"Auditions for ""Our Town""",2023-12-04,6p-8p,Anchorage,Anchorage Community Theatre,music,,,system@akconcerts.com,AK Concerts Auto Import,Master Event Database,Approved
2026-08-12 12:00:00,Auditions for Our Town,2023-12-04,6p-8p,Anchorage,Anchorage Community Theatre,music,,,system@akconcerts.com,AK Concerts Auto Import,Master Event Database,Approved
2026-08-12 12:00:00,Live Music Monday w/ Music Dave,2023-12-04,8p-10p,Anchorage,The Cabin (Fairbanks),music,,,system@akconcerts.com,AK Concerts Auto Import,Master Event Database,Approved
2026-08-12 12:00:00,Open Mic Night w/ Mike Miller,2023-12-04,8p-12a,Anchorage,Blue Fox Cocktail Lounge,music,,,system@akconcerts.com,AK Concerts Auto Import,Master Event Database,Approved
2026-08-12 12:00:00,One Man Band Nights w/ Ace,2023-12-04,8p-12a,Anchorage,The Carousel Lounge,music,,,system@akconcerts.com,AK Concerts Auto Import,Master Event Database,Approved
2026-08-12 12:00:00,Karaoke Night,2023-12-04,8p-12a,Anchorage,The Crowbar (Fairbanks),music,,,system@akconcerts.com,AK Concerts Auto Import,Master Event Database,Approved
2026-08-12 12:00:00,The Monday Mic at Koots,2023-12-04,9p-12a,Anchorage,Koot’s,music,,,system@akconcerts.com,AK Concerts Auto Import,Master Event Database,Approved
2026-08-12 12:00:00,Jay Straw's Bass to Mouth Mondays!,2023-12-04,9p-12a,Anchorage,Van’s Dive Bar,music,,,system@akconcerts.com,AK Concerts Auto Import,Master Event Database,Approved
2026-08-12 12:00:00,Open Mic w/ The AKoustic Project,2023-12-05,6p-9p,Anchorage,The Houston Lodge (Houston),music,,,system@akconcerts.com,AK Concerts Auto Import,Master Event Database,Approved
2026-08-12 12:00:00,Tuesday Night Karaoke w/ Rockey,2023-12-05,6p-9p,Anchorage,Tuffy’s (Fairbanks),music,,,system@akconcerts.com,AK Concerts Auto Import,Master Event Database,Approved
2026-08-12 12:00:00,Taco Tuesdays w/ Jerry Wessling,2023-12-05,6p-9p,Anchorage,Tug Bar (Wasilla),music,,,system@akconcerts.com,AK Concerts Auto Import,Master Event Database,Approved
2026-08-12 12:00:00,Jam Out w/ Cami From Miami,2023-12-05,7:30p-10:30p,Anchorage,The Cabin (Fairbanks),music,,,system@akconcerts.com,AK Concerts Auto Import,Master Event Database,Approved
2026-08-12 12:00:00,Open Stage Night With Sabina Speers,2023-12-05,7p-10p,Anchorage,Klondike Mike’s & the Main Street Grill (Palmer),music,,,system@akconcerts.com,AK Concerts Auto Import,Master Event Database,Approved
2026-08-12 12:00:00,Open Jam Tuesday,2023-12-05,9p-12a,Anchorage,Van’s Dive Bar,music,,,system@akconcerts.com,AK Concerts Auto Import,Master Event Database,Approved
2026-08-12 12:00:00,Jukebox Karaoke Roadshow,2023-12-05,9p-1a,Anchorage,Trophy Lounge,music,,,system@akconcerts.com,AK Concerts Auto Import,Master Event Database,Approved
2026-08-12 12:00:00,Theatre at the Senior Activity Center,2024-04-16,12p-1:30p,Anchorage,Anchorage Senior Activity Center,theatre,,,system@akconcerts.com,AK Concerts Auto Import,Master Event Database,Approved
2026-08-12 12:00:00,Irish Music and Dancing,2024-04-16,6p-8p,Anchorage,Organic Oasis,music,,,system@akconcerts.com,AK Concerts Auto Import,Master Event Database,Approved
2026-08-12 12:00:00,Disney's Aladdin,2024-04-16,7:30p-10p,Anchorage,Alaska Center for the Performing Arts,music,,,system@akconcerts.com,AK Concerts Auto Import,Master Event Database,Approved
2026-08-12 12:00:00,West Coast Fusion Night: Dance Lessons & Music,2024-04-16,8p-12a,Anchorage,Pink Cadillac,dance,,,system@akconcerts.com,AK Concerts Auto Import,Master Event Database,Approved
2026-08-12 12:00:00,AK Rockstar Karaoke,2024-04-16,8p-2a,Anchorage,The Carousel Lounge,music,,,system@akconcerts.com,AK Concerts Auto Import,Master Event Database,Approved
2026-08-12 12:00:00,Community Storytime,2024-04-17,10:30a-11a,Anchorage,Alaska Zoo,community,,,system@akconcerts.com,AK Concerts Auto Import,Master Event Database,Approved
2026-08-12 12:00:00,The Eternal Cowboys,2024-04-17,10p-12a,Anchorage,Pioneer Bar,music,,,system@akconcerts.com,AK Concerts Auto Import,Master Event Database,Approved
2026-08-12 12:00:00,Koots Karaoke,2024-04-17,10p-2a,Anchorage,Koot’s,music,,,system@akconcerts.com,AK Concerts Auto Import,Master Event Database,Approved
2026-08-12 12:00:00,Jared Woods & David Nathanson Live,2024-04-17,6p-9p,Anchorage,Matanuska Brewing Company,music,,,system@akconcerts.com,AK Concerts Auto Import,Master Event Database,Approved
2026-08-12 12:00:00,Tyrone Palmer & Friends,2024-04-17,7p-10p,Anchorage,907 Alehouse,music,,,system@akconcerts.com,AK Concerts Auto Import,Master Event Database,Approved
2026-08-12 12:00:00,Country Night with DJ Lefty,2024-04-17,7p-12a,Anchorage,Koot’s,music,,,system@akconcerts.com,AK Concerts Auto Import,Master Event Database,Approved
2026-08-12 12:00:00,Line Dance Night,2024-04-17,7p-1a,Anchorage,Pink Cadillac,dance,,,system@akconcerts.com,AK Concerts Auto Import,Master Event Database,Approved
2026-08-12 12:00:00,Open Mic,2024-04-17,8p-12a,Anchorage,Lil Babes Cocktail Lounge,music,,,system@akconcerts.com,AK Concerts Auto Import,Master Event Database,Approved
2026-08-12 12:00:00,AK Rockstar Karaoke,2024-04-17,8p-2a,Anchorage,The Carousel Lounge,music,,,system@akconcerts.com,AK Concerts Auto Import,Master Event Database,Approved
2026-08-12 12:00:00,KARAOKE w/ Uswi,2024-04-17,9p-12a,Anchorage,Van’s Dive Bar,music,,,system@akconcerts.com,AK Concerts Auto Import,Master Event Database,Approved
2026-08-12 12:00:00,Open Mic,2024-04-17,7:30p-11p,Eagle River,Schwabenhof,music,,,system@akconcerts.com,AK Concerts Auto Import,Master Event Database,Approved
2026-08-12 12:00:00,Karaoke,2024-04-17,8p-11p,Eagle River,Alaskan Hotel and Bar,music,,,system@akconcerts.com,AK Concerts Auto Import,Master Event Database,Approved
2026-08-12 12:00:00,Karaoke,2024-04-17,8p-12a,Eagle River,Four Corner’s Lounge,music,,,system@akconcerts.com,AK Concerts Auto Import,Master Event Database,Approved
2026-08-12 12:00:00,Open Mic with Larry Z,2024-04-17,9p-1a,Eagle River,Fairview Inn,music,,,system@akconcerts.com,AK Concerts Auto Import,Master Event Database,Approved
2026-08-12 12:00:00,Karaoke,2024-04-17,9p-2a,Eagle River,Yukon Bar,music,,,system@akconcerts.com,AK Concerts Auto Import,Master Event Database,Approved
2026-08-12 12:00:00,Country Music Night w/ Alaskan Artists,2024-04-18,6p-10p,Anchorage,Broken Blender,music,,,system@akconcerts.com,AK Concerts Auto Import,Master Event Database,Approved
2026-08-12 12:00:00,The 7 Duo,2024-04-18,7p-10p,Anchorage,The Blue Fox,music,,,system@akconcerts.com,AK Concerts Auto Import,Master Event Database,Approved
2026-08-12 12:00:00,Shaun Parcarro,2024-04-18,7p-10p,Anchorage,Koot's,music,,,system@akconcerts.com,AK Concerts Auto Import,Master Event Database,Approved
2026-08-12 12:00:00,Shaun Parcarro,2024-04-18,7p-10p,Anchorage,Koots,music,,,system@akconcerts.com,AK Concerts Auto Import,Master Event Database,Approved
2026-08-12 12:00:00,"Parlor in the Round w/ Alex Lahey, Emily Anderson & 3pitome",2024-04-18,7p-9p,Anchorage,Bear Tooth Theatrepub,music,,,system@akconcerts.com,AK Concerts Auto Import,Master Event Database,Approved
2026-08-12 12:00:00,Sultry in the Speakeasy: Grace C. Elliot,2024-04-18,7p-9p,Anchorage,Williwaw Social,music,,,system@akconcerts.com,AK Concerts Auto Import,Master Event Database,Approved
2026-08-12 12:00:00,Karaoke w/ Big Dream Entertainment,2024-04-18,8p-12a,Anchorage,Flattop Pizza & Pool,music,,,system@akconcerts.com,AK Concerts Auto Import,Master Event Database,Approved
2026-08-12 12:00:00,Karaoke,2024-04-18,8p-12a,Anchorage,Floaters,music,,,system@akconcerts.com,AK Concerts Auto Import,Master Event Database,Approved
2026-08-12 12:00:00,AK Rockstar Karaoke,2024-04-18,8p-2a,Anchorage,The Carousel Lounge,music,,,system@akconcerts.com,AK Concerts Auto Import,Master Event Database,Approved
2026-08-12 12:00:00,Country Night Thursdays w/ DJ Rico,2024-04-18,8p-2a,Anchorage,Pink Cadillac,music,,,system@akconcerts.com,AK Concerts Auto Import,Master Event Database,Approved
2026-08-12 12:00:00,Space: A Speakeasy Dance Party w/ DJ Joe Brady,2024-04-18,9:30p-12a,Anchorage,Williwaw Social,dance,,,system@akconcerts.com,AK Concerts Auto Import,Master Event Database,Approved
2026-08-12 12:00:00,Bluegrass Jam,2024-04-18,9p-10:30p,Anchorage,Organic Oasis,music,,,system@akconcerts.com,AK Concerts Auto Import,Master Event Database,Approved
2026-08-12 12:00:00,Johnny Prizm,2024-04-18,9p-12a,Anchorage,Van’s Dive Bar,music,,,system@akconcerts.com,AK Concerts Auto Import,Master Event Database,Approved
2026-08-12 12:00:00,Karaoke,2024-04-18,10p-2a,Eagle River,International Hotel & Bar,music,,,system@akconcerts.com,AK Concerts Auto Import,Master Event Database,Approved
2026-08-12 12:00:00,Live Music by Local Musicians,2024-04-18,5p-9p,Eagle River,Mykel’s Restaurant,music,,,system@akconcerts.com,AK Concerts Auto Import,Master Event Database,Approved
2026-08-12 12:00:00,Matt Hopper Live,2024-04-18,6p-9p,Eagle River,Palmer Alehouse,music,,,system@akconcerts.com,AK Concerts Auto Import,Master Event Database,Approved
2026-08-12 12:00:00,Northern Lights String Orchestra,2024-04-18,7:30p-9p,Eagle River,Charles Davis Concert Hall,music,,,system@akconcerts.com,AK Concerts Auto Import,Master Event Database,Approved
2026-08-12 12:00:00,The AKoustic Project,2024-04-18,7p-10p,Eagle River,Tailgater’s Sport’s Bar & Grill,music,,,system@akconcerts.com,AK Concerts Auto Import,Master Event Database,Approved
2026-08-12 12:00:00,Will Johnson,2024-04-18,7p-11p,Eagle River,Garcia’s Cantina & Café,music,,,system@akconcerts.com,AK Concerts Auto Import,Master Event Database,Approved
2026-08-12 12:00:00,Karaoke w/ Sadie,2024-04-18,7p-12a,Eagle River,Klondike Mike’s & the Main Street Grill,music,,,system@akconcerts.com,AK Concerts Auto Import,Master Event Database,Approved
2026-08-12 12:00:00,420 Fest w/ Live Music & Stand Up Comedy,2024-04-18,7p-9p,Eagle River,Pakalolo Tasting Room & Coffee Shop,comedy,,,system@akconcerts.com,AK Concerts Auto Import,Master Event Database,Approved
2026-08-12 12:00:00,Karaoke Thursdays,2024-04-18,8:30p-11p,Eagle River,The Pub,music,,,system@akconcerts.com,AK Concerts Auto Import,Master Event Database,Approved
2026-08-12 12:00:00,Open Mic,2024-04-18,8p-11p,Eagle River,Alaskan Hotel and Bar,music,,,system@akconcerts.com,AK Concerts Auto Import,Master Event Database,Approved
2026-08-12 12:00:00,Open Mic Thursdays,2024-04-18,8p-11p,Eagle River,The Crystal Saloon,music,,,system@akconcerts.com,AK Concerts Auto Import,Master Event Database,Approved
2026-08-12 12:00:00,Open Mic w/ Cody Kniceley,2024-04-18,8p-12a,Eagle River,4 Royle Parkers,music,,,system@akconcerts.com,AK Concerts Auto Import,Master Event Database,Approved
2026-08-12 12:00:00,Karaoke Night,2024-04-18,9:15p-12:15a,Eagle River,Alibi Bar & Café,music,,,system@akconcerts.com,AK Concerts Auto Import,Master Event Database,Approved
2026-08-12 12:00:00,Open Mic w/ Chris Crain,2024-04-18,9p-12a,Eagle River,Yukon Bar,music,,,system@akconcerts.com,AK Concerts Auto Import,Master Event Database,Approved
2026-08-12 12:00:00,House Party w/ Lloyds Noize,2024-04-19,10p-1a,Anchorage,Williwaw Social,music,,,system@akconcerts.com,AK Concerts Auto Import,Master Event Database,Approved
2026-08-12 12:00:00,Reggaeton Night w/ DJ Jose,2024-04-19,10p-2a,Anchorage,Al’s Alaskan Inn,music,,,system@akconcerts.com,AK Concerts Auto Import,Master Event Database,Approved
2026-08-12 12:00:00,Velvet La La,2024-04-19,10p-2a,Anchorage,Koot’s,music,,,system@akconcerts.com,AK Concerts Auto Import,Master Event Database,Approved
2026-08-12 12:00:00,Tucker Tunes,2024-04-19,5p-7:30p,Anchorage,Organic Oasis,music,,,system@akconcerts.com,AK Concerts Auto Import,Master Event Database,Approved
2026-08-12 12:00:00,Glacier Hoppers Band,2024-04-19,6:30p-9:30p,Anchorage,O’Malley’s on the Green,music,,,system@akconcerts.com,AK Concerts Auto Import,Master Event Database,Approved
2026-08-12 12:00:00,"Spenard Song Circle w/ Emma Hill, Stephen Hendricks, & Mr. Yambao",2024-04-19,6p-9p,Anchorage,Rage City Vintage,music,,,system@akconcerts.com,AK Concerts Auto Import,Master Event Database,Approved
2026-08-12 12:00:00,Moving Through the Boreal Forest,2024-04-19,7:30p-9p,Anchorage,The Nave,music,,,system@akconcerts.com,AK Concerts Auto Import,Master Event Database,Approved
2026-08-12 12:00:00,UAA Opera Ensemble & University Singers: Candide,2024-04-19,7:30p-9p,Anchorage,UAA Recital Hall,theatre,,,system@akconcerts.com,AK Concerts Auto Import,Master Event Database,Approved
2026-08-12 12:00:00,R&B Live! It's A Vibe,2024-04-19,7p-10p,Anchorage,Williwaw Social,music,,,system@akconcerts.com,AK Concerts Auto Import,Master Event Database,Approved
2026-08-12 12:00:00,Karaoke Friday at the Eagles!,2024-04-19,7p-12a,Anchorage,The Fraternal Order of Eagles Aerie 4207,music,,,system@akconcerts.com,AK Concerts Auto Import,Master Event Database,Approved
2026-08-12 12:00:00,"Speakeasy Sessions: Husse, Zane Penny, Carino",2024-04-19,7p-9p,Anchorage,Williwaw Social,music,,,system@akconcerts.com,AK Concerts Auto Import,Master Event Database,Approved
2026-08-12 12:00:00,Karaoke Night w/ DJ Lefty,2024-04-19,8p-11:30p,Anchorage,Anchorage Moose Lodge,music,,,system@akconcerts.com,AK Concerts Auto Import,Master Event Database,Approved
2026-08-12 12:00:00,Leo Ash Blues Band,2024-04-19,8p-12a,Anchorage,Billiard Palace,music,,,system@akconcerts.com,AK Concerts Auto Import,Master Event Database,Approved
2026-08-12 12:00:00,DJ Poe,2024-04-19,8p-12a,Anchorage,Floaters,music,,,system@akconcerts.com,AK Concerts Auto Import,Master Event Database,Approved
2026-08-12 12:00:00,"2nd Annual Flow Party w/ Brosswurst, Dig Sista, Pokerchild, & Blacksmoke",2024-04-19,8p-2a,Anchorage,Koot's,music,,,system@akconcerts.com,AK Concerts Auto Import,Master Event Database,Approved
2026-08-12 12:00:00,Schaefer Mueller and The Neon Highway Debut Concert w/ DJ Rico closing,2024-04-19,8p-2a,Anchorage,Pink Cadillac,music,,,system@akconcerts.com,AK Concerts Auto Import,Master Event Database,Approved
2026-08-12 12:00:00,"2nd Annual Flow Party w/ Brosswurst, Dig Sista, Pokerchild, & Blacksmoke",2024-04-19,8p-2a,Anchorage,Koots,music,,,system@akconcerts.com,AK Concerts Auto Import,Master Event Database,Approved
2026-08-12 12:00:00,Sweet Cheeks Cabaret: Dirty Deeds - A Murder Mystery Burlesque Show,2024-04-19,8p-9:30p,Anchorage,Broken Blender,music,,,system@akconcerts.com,AK Concerts Auto Import,Master Event Database,Approved
2026-08-12 12:00:00,The Red Flags,2024-04-19,9:30p-1:30a,Anchorage,Humpy’s,music,,,system@akconcerts.com,AK Concerts Auto Import,Master Event Database,Approved
2026-08-12 12:00:00,Mad Myrna's Diva Variety Show,2024-04-19,9p-11:30p,Anchorage,Mad Myrna’s,music,,,system@akconcerts.com,AK Concerts Auto Import,Master Event Database,Approved
2026-08-12 12:00:00,Friday Night Dance Lounge,2024-04-19,9p-12a,Anchorage,Alaska Dance Promotions,dance,,,system@akconcerts.com,AK Concerts Auto Import,Master Event Database,Approved
2026-08-12 12:00:00,HarpDaddy & Cami From Miami,2024-04-19,9p-1a,Anchorage,The Carousel Lounge,music,,,system@akconcerts.com,AK Concerts Auto Import,Master Event Database,Approved
2026-08-12 12:00:00,DJ Ke,2024-04-19,9p-1a,Anchorage,Flattop Pizza & Pool,music,,,system@akconcerts.com,AK Concerts Auto Import,Master Event Database,Approved
2026-08-12 12:00:00,Latin Takeover Party w/ DJ Mykey T,2024-04-19,9p-1a,Anchorage,Matanuska Brewing Company,music,,,system@akconcerts.com,AK Concerts Auto Import,Master Event Database,Approved
2026-08-12 12:00:00,Blast From The Past,2024-04-19,9p-2:30a,Anchorage,Time Out Lounge,music,,,system@akconcerts.com,AK Concerts Auto Import,Master Event Database,Approved
2026-08-12 12:00:00,A Murder Mystery Burlesque Show,2024-04-19,TBD,Anchorage,Sweet Cheeks Cabaret: Dirty Deeds,music,,,system@akconcerts.com,AK Concerts Auto Import,Master Event Database,Approved
2026-08-12 12:00:00,Jubilee! Youth Performing Arts Show,2024-04-19,10p-2a,Eagle River,Mariner Theater,music,,,system@akconcerts.com,AK Concerts Auto Import,Master Event Database,Approved
2026-08-12 12:00:00,DJ Manny,2024-04-19,10p-3:30a,Eagle River,The Crowbar,music,,,system@akconcerts.com,AK Concerts Auto Import,Master Event Database,Approved
2026-08-12 12:00:00,Chords & Conversations: “Songwriters In The Round”,2024-04-19,6:30p-8:45p,Eagle River,The CATCH Restaurant & Bar,music,,,system@akconcerts.com,AK Concerts Auto Import,Master Event Database,Approved
2026-08-12 12:00:00,Piano Music by Erika,2024-04-19,6p-8p,Eagle River,AJ’s Old Town Steakhouse & Tavern,music,,,system@akconcerts.com,AK Concerts Auto Import,Master Event Database,Approved
2026-08-12 12:00:00,Jerry Wessling Band,2024-04-19,6p-9p,Eagle River,Last Frontier Brewing,music,,,system@akconcerts.com,AK Concerts Auto Import,Master Event Database,Approved
2026-08-12 12:00:00,Ken Peltier Live,2024-04-19,7p-10p,Eagle River,Palmer Alehouse,music,,,system@akconcerts.com,AK Concerts Auto Import,Master Event Database,Approved
2026-08-12 12:00:00,Nothin But Trouble,2024-04-19,7p-11p,Eagle River,Garcia’s Cantina & Café,music,,,system@akconcerts.com,AK Concerts Auto Import,Master Event Database,Approved
2026-08-12 12:00:00,Karaoke,2024-04-19,7p-11p,Eagle River,American Legion Post 15,music,,,system@akconcerts.com,AK Concerts Auto Import,Master Event Database,Approved
2026-08-12 12:00:00,Comedian Kathleen Dunbar,2024-04-19,7p-8:30p,Eagle River,EVERETT’S,music,,,system@akconcerts.com,AK Concerts Auto Import,Master Event Database,Approved
2026-08-12 12:00:00,Sitka Fine Arts Camp: Annie & Annie Jr.,2024-04-19,7p-9:30p,Eagle River,Odess Theater,music,,,system@akconcerts.com,AK Concerts Auto Import,Master Event Database,Approved
2026-08-12 12:00:00,Alice in Wonderland,2024-04-19,7p-9p,Eagle River,Juneau-Douglas High School,music,,,system@akconcerts.com,AK Concerts Auto Import,Master Event Database,Approved
2026-08-12 12:00:00,Parlor in the Round,2024-04-19,7p-9p,Eagle River,Sheldon Community Arts Hanger,music,,,system@akconcerts.com,AK Concerts Auto Import,Master Event Database,Approved
2026-08-12 12:00:00,"Ladies Night w/ Carey Seward, Caitlyn Frye, & Helen Graves",2024-04-19,8p-11p,Eagle River,The Cabin,music,,,system@akconcerts.com,AK Concerts Auto Import,Master Event Database,Approved
2026-08-12 12:00:00,DJ Traxmadeit Friday Night Takeover,2024-04-19,8p-1a,Eagle River,Tuffy’s,music,,,system@akconcerts.com,AK Concerts Auto Import,Master Event Database,Approved
2026-08-12 12:00:00,April Spring Weekend in Seward,2024-04-19,9a-11p,Eagle River,Yukon Bar,music,,,system@akconcerts.com,AK Concerts Auto Import,Master Event Database,Approved
2026-08-12 12:00:00,420 Fest w/ Live Music & Stand Up Comedy,2024-04-19,9p-11p,Eagle River,Pakalolo Tasting Room & Coffee Shop,comedy,,,system@akconcerts.com,AK Concerts Auto Import,Master Event Database,Approved
2026-08-12 12:00:00,Loaded Karma,2024-04-19,9p-1a,Eagle River,The Sitzmark Bar & Grill,music,,,system@akconcerts.com,AK Concerts Auto Import,Master Event Database,Approved
2026-08-12 12:00:00,Fiona Rose and the Show Ponies,2024-04-19,9p-1a,Eagle River,Fairview Inn,music,,,system@akconcerts.com,AK Concerts Auto Import,Master Event Database,Approved
2026-08-12 12:00:00,Loaded Karma,2024-04-19,9p-1a,Eagle River,The Sitzmark,music,,,system@akconcerts.com,AK Concerts Auto Import,Master Event Database,Approved
2026-08-12 12:00:00,Yachtly Crew,2024-04-20,10p-1a,Anchorage,Koot’s,music,,,system@akconcerts.com,AK Concerts Auto Import,Master Event Database,Approved
2026-08-12 12:00:00,DJ Kouley,2024-04-20,10p-2a,Anchorage,Al’s Alaskan Inn,music,,,system@akconcerts.com,AK Concerts Auto Import,Master Event Database,Approved
2026-08-12 12:00:00,Disney's Aladdin,2024-04-20,1p-3:30p & 7:30p-10p,Anchorage,Alaska Center for the Performing Arts,music,,,system@akconcerts.com,AK Concerts Auto Import,Master Event Database,Approved
2026-08-12 12:00:00,Open Music Jam,2024-04-20,3p-6p,Anchorage,Rage City Vintage,music,,,system@akconcerts.com,AK Concerts Auto Import,Master Event Database,Approved
2026-08-12 12:00:00,UAA Opera Ensemble & University Singers: Candide,2024-04-20,4p-5:30p & 7:30p-9p,Anchorage,UAA Recital Hall,theatre,,,system@akconcerts.com,AK Concerts Auto Import,Master Event Database,Approved
2026-08-12 12:00:00,Jazz Jam,2024-04-20,4p-6:30p,Anchorage,Organic Oasis,music,,,system@akconcerts.com,AK Concerts Auto Import,Master Event Database,Approved
2026-08-12 12:00:00,Woodrow Live,2024-04-20,6p-12a,Anchorage,Anchorage Moose Lodge,music,,,system@akconcerts.com,AK Concerts Auto Import,Master Event Database,Approved
2026-08-12 12:00:00,Moving Through the Boreal Forest,2024-04-20,7:30p-9p,Anchorage,The Nave,music,,,system@akconcerts.com,AK Concerts Auto Import,Master Event Database,Approved
2026-08-12 12:00:00,6th Anniversary Party w/ Free Food & Glacier Blues Band,2024-04-20,7p-1a,Anchorage,The Carousel Lounge,music,,,system@akconcerts.com,AK Concerts Auto Import,Master Event Database,Approved
2026-08-12 12:00:00,Comedian Kathleen Dunbar,2024-04-20,7p-8:30p & 9p-10:30p,Anchorage,Koot’s,music,,,system@akconcerts.com,AK Concerts Auto Import,Master Event Database,Approved
2026-08-12 12:00:00,Karaoke w/ Host Steve Franklin,2024-04-20,8p-11:45p,Anchorage,Broken Blender,music,,,system@akconcerts.com,AK Concerts Auto Import,Master Event Database,Approved
2026-08-12 12:00:00,Spaffdaddy,2024-04-20,8p-12a,Anchorage,Billiard Palace,music,,,system@akconcerts.com,AK Concerts Auto Import,Master Event Database,Approved
2026-08-12 12:00:00,Country Night Dance Lessons & Music,2024-04-20,8p-2a,Anchorage,Pink Cadillac,dance,,,system@akconcerts.com,AK Concerts Auto Import,Master Event Database,Approved
2026-08-12 12:00:00,Glacier Hoppers Band,2024-04-20,9:30p-1a,Anchorage,Humpy’s,music,,,system@akconcerts.com,AK Concerts Auto Import,Master Event Database,Approved
2026-08-12 12:00:00,Salsa Saturdays: Beginner Dance Class &Latin Dance Party,2024-04-20,9p-1a,Anchorage,Anya Latin Dance,dance,,,system@akconcerts.com,AK Concerts Auto Import,Master Event Database,Approved
2026-08-12 12:00:00,"420 Party w/ Loaded Karma, R&R Reggae, Rootzy Soul & Jarod Dominic",2024-04-20,9p-1a,Anchorage,Matanuska Brewing Company,music,,,system@akconcerts.com,AK Concerts Auto Import,Master Event Database,Approved
2026-08-12 12:00:00,Dankstep: A Dubstep 4/20 Party,2024-04-20,9p-2:30a,Anchorage,Koot’s,music,,,system@akconcerts.com,AK Concerts Auto Import,Master Event Database,Approved
2026-08-12 12:00:00,Big Bubble Rave: Spongebob Themed Party,2024-04-20,9p-2a,Anchorage,Williwaw Social,music,,,system@akconcerts.com,AK Concerts Auto Import,Master Event Database,Approved
2026-08-12 12:00:00,420 Fest w/ Live Music & Stand Up Comedy,2024-04-20,10a-11p,Eagle River,Pakalolo Tasting Room & Coffee Shop,comedy,,,system@akconcerts.com,AK Concerts Auto Import,Master Event Database,Approved
2026-08-12 12:00:00,DJ Manny,2024-04-20,10p-3:30a,Eagle River,The Crowbar,music,,,system@akconcerts.com,AK Concerts Auto Import,Master Event Database,Approved
2026-08-12 12:00:00,Sitka Fine Arts Camp: Annie & Annie Jr.,2024-04-20,2p-3p & 7p-9:30p,Eagle River,Odess Theater,music,,,system@akconcerts.com,AK Concerts Auto Import,Master Event Database,Approved
2026-08-12 12:00:00,Alice in Wonderland,2024-04-20,2p-4p & 7p-9p,Eagle River,Juneau-Douglas High School,music,,,system@akconcerts.com,AK Concerts Auto Import,Master Event Database,Approved
2026-08-12 12:00:00,Total Solar Eclipse Experience,2024-04-20,6p-7p,Eagle River,Marie Drake Planetarium,music,,,system@akconcerts.com,AK Concerts Auto Import,Master Event Database,Approved
2026-08-12 12:00:00,Piano Music by Sunrise Kilcher,2024-04-20,6p-8p,Eagle River,AJ’s Old Town Steakhouse & Tavern,music,,,system@akconcerts.com,AK Concerts Auto Import,Master Event Database,Approved
2026-08-12 12:00:00,Carhartts & Xtratufs Ball w/ Big Chimney Barn Dance,2024-04-20,6p-9p,Eagle River,Challenger Learning Center of Alaska,dance,,,system@akconcerts.com,AK Concerts Auto Import,Master Event Database,Approved
2026-08-12 12:00:00,Jerry Wessling Band,2024-04-20,6p-9p,Eagle River,Everett’s,music,,,system@akconcerts.com,AK Concerts Auto Import,Master Event Database,Approved
2026-08-12 12:00:00,Choir of the North,2024-04-20,7:30p-9p,Eagle River,Charles Davis Concert Hall,music,,,system@akconcerts.com,AK Concerts Auto Import,Master Event Database,Approved
2026-08-12 12:00:00,Schaefer Mueller & Alex White Live,2024-04-20,7p-10p,Eagle River,Chop House,music,,,system@akconcerts.com,AK Concerts Auto Import,Master Event Database,Approved
2026-08-12 12:00:00,Rewind: Juneau Drag Throwback Show!,2024-04-20,7p-11:45p,Eagle River,Red Dog Saloon,music,,,system@akconcerts.com,AK Concerts Auto Import,Master Event Database,Approved
2026-08-12 12:00:00,Open Mic Night,2024-04-20,7p-11p,Eagle River,Garcia’s Cantina & Café,music,,,system@akconcerts.com,AK Concerts Auto Import,Master Event Database,Approved
2026-08-12 12:00:00,Karaoke,2024-04-20,7p-11p,Eagle River,American Legion Post 15,music,,,system@akconcerts.com,AK Concerts Auto Import,Master Event Database,Approved
2026-08-12 12:00:00,"Parlor in the Round w/ Alex Lahey, Emily Anderson & Rachel DeTemple",2024-04-20,7p-9p,Eagle River,Palace Theater,music,,,system@akconcerts.com,AK Concerts Auto Import,Master Event Database,Approved
2026-08-12 12:00:00,Contra Dance w/ The Simple Sugars,2024-04-20,8p-10p,Eagle River,Pioneer Park Dance Hall,dance,,,system@akconcerts.com,AK Concerts Auto Import,Master Event Database,Approved
2026-08-12 12:00:00,"Solo Artist Night w/ Gail Norton, Carl Addington, & Johnny J",2024-04-20,8p-11p,Eagle River,The Cabin,music,,,system@akconcerts.com,AK Concerts Auto Import,Master Event Database,Approved
2026-08-12 12:00:00,Uplift 420 Reggae Jam,2024-04-20,9:30p-2a,Eagle River,Alibi Bar & Café,music,,,system@akconcerts.com,AK Concerts Auto Import,Master Event Database,Approved
2026-08-12 12:00:00,April Spring Weekend in Seward,2024-04-20,9a-11p,Eagle River,Yukon Bar,music,,,system@akconcerts.com,AK Concerts Auto Import,Master Event Database,Approved
2026-08-12 12:00:00,420 w/ H3,2024-04-20,9p-1a,Eagle River,The Sitzmark Bar & Grill,music,,,system@akconcerts.com,AK Concerts Auto Import,Master Event Database,Approved
2026-08-12 12:00:00,DJ Brazen,2024-04-20,9p-1a,Eagle River,Klondike Mike’s & the Main Street Grill,music,,,system@akconcerts.com,AK Concerts Auto Import,Master Event Database,Approved
2026-08-12 12:00:00,DJ Butchy,2024-04-20,9p-1a,Eagle River,Fairview Inn,music,,,system@akconcerts.com,AK Concerts Auto Import,Master Event Database,Approved
2026-08-12 12:00:00,420 w/ H3,2024-04-20,9p-1a,Eagle River,The Sitzmark,music,,,system@akconcerts.com,AK Concerts Auto Import,Master Event Database,Approved
2026-08-12 12:00:00,Koots Karaoke,2024-04-21,10p-2a,Anchorage,Koot’s,music,,,system@akconcerts.com,AK Concerts Auto Import,Master Event Database,Approved
2026-08-12 12:00:00,Industry Night w/ Joe Brady,2024-04-21,10p-2a,Anchorage,Pioneer Bar,music,,,system@akconcerts.com,AK Concerts Auto Import,Master Event Database,Approved
2026-08-12 12:00:00,Ghoul Bye! Zombie Drag Brunch & Farewell to Scarlett Crypt,2024-04-21,11:30a-2p,Anchorage,Williwaw Social,community,,,system@akconcerts.com,AK Concerts Auto Import,Master Event Database,Approved
2026-08-12 12:00:00,Sunday Brunch w/ Aspenyarro & Grace C. Elliot,2024-04-21,12p-2p,Anchorage,Writer’s Block Bookstore & Café,community,,,system@akconcerts.com,AK Concerts Auto Import,Master Event Database,Approved
2026-08-12 12:00:00,Bluegrass Brunch w/ Todd Grebe & Friends,2024-04-21,12p-4p,Anchorage,Broken Blender,community,,,system@akconcerts.com,AK Concerts Auto Import,Master Event Database,Approved
2026-08-12 12:00:00,Disney's Aladdin,2024-04-21,1p-3:30p,Anchorage,Alaska Center for the Performing Arts,music,,,system@akconcerts.com,AK Concerts Auto Import,Master Event Database,Approved
2026-08-12 12:00:00,Songwriter's Circle,2024-04-21,3p-6p,Anchorage,Rage City Vintage,music,,,system@akconcerts.com,AK Concerts Auto Import,Master Event Database,Approved
2026-08-12 12:00:00,Open Mic/Jam Night w/ Tyrone Palmer,2024-04-21,4:30p-8:30p,Anchorage,VFW Post 1685,music,,,system@akconcerts.com,AK Concerts Auto Import,Master Event Database,Approved
2026-08-12 12:00:00,UAA Opera Ensemble & University Singers: Candide,2024-04-21,4p-5:30p,Anchorage,UAA Recital Hall,theatre,,,system@akconcerts.com,AK Concerts Auto Import,Master Event Database,Approved
2026-08-12 12:00:00,Sunday Blues Jam Hosted by the Rebel Blues Band,2024-04-21,6p-10p,Anchorage,Billiard Palace,music,,,system@akconcerts.com,AK Concerts Auto Import,Master Event Database,Approved
2026-08-12 12:00:00,Open Mic Night,2024-04-21,6p-9p,Anchorage,Susitna Brewing,music,,,system@akconcerts.com,AK Concerts Auto Import,Master Event Database,Approved
2026-08-12 12:00:00,Comedy Open Mic,2024-04-21,8:30p-10p,Anchorage,Koot’s,comedy,,,system@akconcerts.com,AK Concerts Auto Import,Master Event Database,Approved
2026-08-12 12:00:00,Blast From The Past,2024-04-21,8:30p-1a,Anchorage,Time Out Lounge,music,,,system@akconcerts.com,AK Concerts Auto Import,Master Event Database,Approved
2026-08-12 12:00:00,Open Mic! Overlorded by Wash Your Hands,2024-04-21,8p-12a,Anchorage,Van’s Dive Bar,music,,,system@akconcerts.com,AK Concerts Auto Import,Master Event Database,Approved
2026-08-12 12:00:00,Sunday Karaoke,2024-04-21,9p-2a,Anchorage,The Carousel Lounge,music,,,system@akconcerts.com,AK Concerts Auto Import,Master Event Database,Approved
2026-08-12 12:00:00,420 Fest w/ Jeff Dean Stand Up Comedy,2024-04-21,12p-2p,Eagle River,Pakalolo Tasting Room & Coffee Shop,comedy,,,system@akconcerts.com,AK Concerts Auto Import,Master Event Database,Approved
2026-08-12 12:00:00,Sitka Fine Arts Camp: Annie & Annie Jr.,2024-04-21,2p-3p,Eagle River,Odess Theater,music,,,system@akconcerts.com,AK Concerts Auto Import,Master Event Database,Approved
2026-08-12 12:00:00,Alice in Wonderland,2024-04-21,2p-4p & 7p-9p,Eagle River,Juneau-Douglas High School,music,,,system@akconcerts.com,AK Concerts Auto Import,Master Event Database,Approved
2026-08-12 12:00:00,"Ellie Martinson, Senior Voice Recital",2024-04-21,4p-5:30p,Eagle River,Charles Davis Concert Hall,music,,,system@akconcerts.com,AK Concerts Auto Import,Master Event Database,Approved
2026-08-12 12:00:00,Emily Anderson & Alex Lahey,2024-04-21,7p-110p,Eagle River,The Pub,music,,,system@akconcerts.com,AK Concerts Auto Import,Master Event Database,Approved
2026-08-12 12:00:00,Karaoke,2024-04-21,8p-12a,Eagle River,Four Corner’s Lounge,music,,,system@akconcerts.com,AK Concerts Auto Import,Master Event Database,Approved
2026-08-12 12:00:00,April Spring Weekend in Seward,2024-04-21,9a-8p,Eagle River,Yukon Bar,music,,,system@akconcerts.com,AK Concerts Auto Import,Master Event Database,Approved
2026-08-12 12:00:00,Medium Build Live,2024-04-21,9p-1a,Eagle River,The Sitzmark Bar & Grill,music,,,system@akconcerts.com,AK Concerts Auto Import,Master Event Database,Approved
2026-08-12 12:00:00,Medium Build Live,2024-04-21,9p-1a,Eagle River,The Sitzmark,music,,,system@akconcerts.com,AK Concerts Auto Import,Master Event Database,Approved
2026-08-12 12:00:00,AJW Community Jazz Jam Session,2024-04-22,6p-9p,Anchorage,K Street Market,music,,,system@akconcerts.com,AK Concerts Auto Import,Master Event Database,Approved
2026-08-12 12:00:00,Open Mic Night w/ Mike Miller,2024-04-22,8p-12a,Anchorage,Blue Fox Cocktail Lounge,music,,,system@akconcerts.com,AK Concerts Auto Import,Master Event Database,Approved
2026-08-12 12:00:00,Koots Open Mic,2024-04-22,9p-12a,Anchorage,Koot’s,music,,,system@akconcerts.com,AK Concerts Auto Import,Master Event Database,Approved
2026-08-12 12:00:00,Jay Straw's Bass to Mouth Mondays!,2024-04-22,9p-12a,Anchorage,Van’s Dive Bar,music,,,system@akconcerts.com,AK Concerts Auto Import,Master Event Database,Approved
2026-08-12 12:00:00,Open Mic Nights at the Sitz,2024-04-22,7p-10p,Eagle River,The Sitzmark Bar & Grill,music,,,system@akconcerts.com,AK Concerts Auto Import,Master Event Database,Approved
2026-08-12 12:00:00,Open Mic Nights at the Sitz,2024-04-22,7p-10p,Eagle River,The Sitzmark,music,,,system@akconcerts.com,AK Concerts Auto Import,Master Event Database,Approved
2026-08-12 12:00:00,Karaoke Mondays,2024-04-22,8p-11p,Eagle River,The Crystal Saloon,music,,,system@akconcerts.com,AK Concerts Auto Import,Master Event Database,Approved
2026-08-12 12:00:00,Karaoke Night,2024-04-22,8p-12a,Eagle River,The Crowbar,music,,,system@akconcerts.com,AK Concerts Auto Import,Master Event Database,Approved
2026-08-12 12:00:00,Karaoke,2024-04-22,9p-12a,Eagle River,Four Corner’s Lounge,music,,,system@akconcerts.com,AK Concerts Auto Import,Master Event Database,Approved
2026-08-12 12:00:00,Taco Tuesday's with Jim Maloney,2024-04-23,6:30p-10p,Eagle River,Justin Cole’s Down East Saloon,music,,,system@akconcerts.com,AK Concerts Auto Import,Master Event Database,Approved
2026-08-12 12:00:00,Tuesday Night Karaoke w/ Rocky,2024-04-23,7p-10p,Eagle River,Tuffy’s,music,,,system@akconcerts.com,AK Concerts Auto Import,Master Event Database,Approved
2026-08-12 12:00:00,Lost Girl,2024-04-23,7p-8:30p,Eagle River,Kayhi Auditorium,music,,,system@akconcerts.com,AK Concerts Auto Import,Master Event Database,Approved
2026-08-12 12:00:00,Naked Stage Productions: Comedy Night,2024-04-23,7p-9p,Eagle River,International Hotel & Bar,comedy,,,system@akconcerts.com,AK Concerts Auto Import,Master Event Database,Approved
2026-08-12 12:00:00,Jazz Jam,2024-04-23,8p-11p,Eagle River,The Crystal Saloon,music,,,system@akconcerts.com,AK Concerts Auto Import,Master Event Database,Approved
2026-08-12 12:00:00,Karaoke,2024-04-23,8p-12a,Eagle River,Four Corner’s Lounge,music,,,system@akconcerts.com,AK Concerts Auto Import,Master Event Database,Approved
2026-08-12 12:00:00,Karaoke,2024-04-23,9p-2a,Eagle River,Yukon Bar,music,,,system@akconcerts.com,AK Concerts Auto Import,Master Event Database,Approved
2026-08-12 12:00:00,Dancing to Dallas! West Coast Swing Competition w/ lots of Prizes!,2024-04-24,6p-12a,Anchorage,Koot’s,dance,,,system@akconcerts.com,AK Concerts Auto Import,Master Event Database,Approved
2026-08-12 12:00:00,Alaska Writer's Guild: Open Mic Night,2024-04-24,6p-8p,Anchorage,Writer’s Block Bookstore & Café,music,,,system@akconcerts.com,AK Concerts Auto Import,Master Event Database,Approved
2026-08-12 12:00:00,A-Town Sharps,2024-04-24,9p-11p,Anchorage,Organic Oasis,music,,,system@akconcerts.com,AK Concerts Auto Import,Master Event Database,Approved
2026-08-12 12:00:00,Open Mic,2024-04-24,7:30p-11p,Eagle River,Schwabenhof,music,,,system@akconcerts.com,AK Concerts Auto Import,Master Event Database,Approved
2026-08-12 12:00:00,UAF Percission Ensembles,2024-04-24,7:30p-9p,Eagle River,Charles Davis Concert Hall,music,,,system@akconcerts.com,AK Concerts Auto Import,Master Event Database,Approved
2026-08-12 12:00:00,Open Mic Night w/ Matt & Chelsea,2024-04-24,7p-10p,Eagle River,Tuffy’s,music,,,system@akconcerts.com,AK Concerts Auto Import,Master Event Database,Approved
2026-08-12 12:00:00,Lost Girl,2024-04-24,7p-8:30p,Eagle River,Kayhi Auditorium,music,,,system@akconcerts.com,AK Concerts Auto Import,Master Event Database,Approved
2026-08-12 12:00:00,Karaoke,2024-04-24,8p-11p,Eagle River,Alaskan Hotel and Bar,music,,,system@akconcerts.com,AK Concerts Auto Import,Master Event Database,Approved
2026-08-12 12:00:00,Karaoke,2024-04-24,8p-12a,Eagle River,Four Corner’s Lounge,music,,,system@akconcerts.com,AK Concerts Auto Import,Master Event Database,Approved
2026-08-12 12:00:00,Open Mic with Jimmy Sandy,2024-04-24,9p-1a,Eagle River,Fairview Inn,music,,,system@akconcerts.com,AK Concerts Auto Import,Master Event Database,Approved
2026-08-12 12:00:00,Karaoke,2024-04-24,9p-2a,Eagle River,Yukon Bar,music,,,system@akconcerts.com,AK Concerts Auto Import,Master Event Database,Approved
2026-08-12 12:00:00,Open Mic,2024-04-25,8p-11p,Eagle River,Alaskan Hotel and Bar,music,,,system@akconcerts.com,AK Concerts Auto Import,Master Event Database,Approved
2026-08-12 12:00:00,Karaoke,2024-06-13,8p-12a,Anchorage,Floaters,music,,,system@akconcerts.com,AK Concerts Auto Import,Master Event Database,Approved
2026-08-12 12:00:00,The VIntage Retro,2024-06-13,10:30p-1a,Eagle River,Chair 5,music,,,system@akconcerts.com,AK Concerts Auto Import,Master Event Database,Approved
2026-08-12 12:00:00,Karaoke,2024-06-13,10p-2a,Eagle River,International Hotel & Bar,music,,,system@akconcerts.com,AK Concerts Auto Import,Master Event Database,Approved
2026-08-12 12:00:00,Bach's Lunch,2024-06-13,12p-1p,Eagle River,Odess Theater,music,,,system@akconcerts.com,AK Concerts Auto Import,Master Event Database,Approved
2026-08-12 12:00:00,Live Music by Local Musicians,2024-06-13,5p-9p,Eagle River,Mykel’s Restaurant,music,,,system@akconcerts.com,AK Concerts Auto Import,Master Event Database,Approved
2026-08-12 12:00:00,Beer Choir,2024-06-13,6:30p-9p,Eagle River,Devil’s Club Brewing,music,,,system@akconcerts.com,AK Concerts Auto Import,Master Event Database,Approved
2026-08-12 12:00:00,Dirty Chello,2024-06-13,7p-10p,Eagle River,Gold Town Theatre,music,,,system@akconcerts.com,AK Concerts Auto Import,Master Event Database,Approved
2026-08-12 12:00:00,The AKoustic Project,2024-06-13,7p-10p,Eagle River,Tailgater’s Sport’s Bar & Grill,music,,,system@akconcerts.com,AK Concerts Auto Import,Master Event Database,Approved
2026-08-12 12:00:00,DJ Butchy,2024-06-13,7p-11p,Eagle River,Fairview Inn,music,,,system@akconcerts.com,AK Concerts Auto Import,Master Event Database,Approved
2026-08-12 12:00:00,Karaoke w/ Sadie,2024-06-13,7p-12a,Eagle River,Klondike Mike’s & the Main Street Grill,music,,,system@akconcerts.com,AK Concerts Auto Import,Master Event Database,Approved
2026-08-12 12:00:00,Karaoke Basket & Brews w/ DJ Tony Taylor,2024-06-13,7p-9p,Eagle River,Pioneer Park,music,,,system@akconcerts.com,AK Concerts Auto Import,Master Event Database,Approved
2026-08-12 12:00:00,Karaoke Thursdays,2024-06-13,8:30p-11p,Eagle River,The Pub,music,,,system@akconcerts.com,AK Concerts Auto Import,Master Event Database,Approved
2026-08-12 12:00:00,Open Mic Night,2024-06-13,8p-11p,Eagle River,The Cabin,music,,,system@akconcerts.com,AK Concerts Auto Import,Master Event Database,Approved
2026-08-12 12:00:00,Open Mic,2024-06-13,8p-11p,Eagle River,Alaskan Hotel and Bar,music,,,system@akconcerts.com,AK Concerts Auto Import,Master Event Database,Approved
2026-08-12 12:00:00,Karaoke Thursdays,2024-06-13,8p-11p,Eagle River,The Crystal Saloon,music,,,system@akconcerts.com,AK Concerts Auto Import,Master Event Database,Approved
2026-08-12 12:00:00,Open Mic w/ Cody Kniceley,2024-06-13,8p-12a,Eagle River,4 Royle Parkers,music,,,system@akconcerts.com,AK Concerts Auto Import,Master Event Database,Approved
2026-08-12 12:00:00,Karaoke Night,2024-06-13,9:15p-12:15a,Eagle River,Alibi Bar & Café,music,,,system@akconcerts.com,AK Concerts Auto Import,Master Event Database,Approved
2026-08-12 12:00:00,Dance Party w/ DJ Hankerchief,2024-06-13,9p-2a,Eagle River,Yukon Bar,dance,,,system@akconcerts.com,AK Concerts Auto Import,Master Event Database,Approved
2026-08-12 12:00:00,ChickenstockMusic Festival,2024-06-14,1p-1a,Anchorage,Airport Road,festival,,,system@akconcerts.com,AK Concerts Auto Import,Master Event Database,Approved
2026-08-12 12:00:00,Glacier Hopper Band,2024-06-14,10p-2a,Eagle River,Mug-Shot Saloon,music,,,system@akconcerts.com,AK Concerts Auto Import,Master Event Database,Approved
2026-08-12 12:00:00,DJ Manny,2024-06-14,10p-3:30a,Eagle River,The Crowbar,music,,,system@akconcerts.com,AK Concerts Auto Import,Master Event Database,Approved
2026-08-12 12:00:00,"SMA Band, Orchestra, & Symphony",2024-06-14,4:30p-8p,Eagle River,UAF Charles Davis Concert Hall,music,,,system@akconcerts.com,AK Concerts Auto Import,Master Event Database,Approved
2026-08-12 12:00:00,2nd Annual Backyard Summer Concert Series,2024-06-14,4p-10p,Eagle River,Justin Cole’s Down East Saloon,music,,,system@akconcerts.com,AK Concerts Auto Import,Master Event Database,Approved
2026-08-12 12:00:00,H3,2024-06-14,5p-7p,Eagle River,Talkeetna Village Park,music,,,system@akconcerts.com,AK Concerts Auto Import,Master Event Database,Approved
2026-08-12 12:00:00,Hwy9,2024-06-14,6p-10p,Eagle River,Dirty Skillet,music,,,system@akconcerts.com,AK Concerts Auto Import,Master Event Database,Approved
2026-08-12 12:00:00,Brett Michaels,2024-06-14,6p-11p,Eagle River,Matanuska Brewing,music,,,system@akconcerts.com,AK Concerts Auto Import,Master Event Database,Approved
2026-08-12 12:00:00,Piano Music by Erika,2024-06-14,6p-8p,Eagle River,AJ’s Old Town Steakhouse & Tavern,music,,,system@akconcerts.com,AK Concerts Auto Import,Master Event Database,Approved
2026-08-12 12:00:00,Hope Social Club,2024-06-14,7p-10p,Eagle River,Palmer Alehouse,music,,,system@akconcerts.com,AK Concerts Auto Import,Master Event Database,Approved
2026-08-12 12:00:00,River Lovers,2024-06-14,7p-10p,Eagle River,Mountain High Pizza Pie,music,,,system@akconcerts.com,AK Concerts Auto Import,Master Event Database,Approved
2026-08-12 12:00:00,The California Honeydrops,2024-06-14,7p-11p,Eagle River,Creekbend Company,music,,,system@akconcerts.com,AK Concerts Auto Import,Master Event Database,Approved
2026-08-12 12:00:00,Karaoke,2024-06-14,7p-11p,Eagle River,American Legion Post 15,music,,,system@akconcerts.com,AK Concerts Auto Import,Master Event Database,Approved
2026-08-12 12:00:00,Science Fiction Movie KIRA (Free Showing),2024-06-14,7p-8p,Eagle River,Marie Drake Planetarium,music,,,system@akconcerts.com,AK Concerts Auto Import,Master Event Database,Approved
2026-08-12 12:00:00,Chopin: Etudes en Jazz with Matt Herskowitz,2024-06-14,7p-9p,Eagle River,Harrigan Centennial Hall,music,,,system@akconcerts.com,AK Concerts Auto Import,Master Event Database,Approved
2026-08-12 12:00:00,Live Music w/ Lia Everett,2024-06-14,7p-9p,Eagle River,Meta & Rose,music,,,system@akconcerts.com,AK Concerts Auto Import,Master Event Database,Approved
2026-08-12 12:00:00,The Getting Strangers,2024-06-14,8:30p-11p,Eagle River,The Crystal Saloon,music,,,system@akconcerts.com,AK Concerts Auto Import,Master Event Database,Approved
2026-08-12 12:00:00,LuLu Small w/ Carey Seward,2024-06-14,8p-11p,Eagle River,The Cabin,music,,,system@akconcerts.com,AK Concerts Auto Import,Master Event Database,Approved
2026-08-12 12:00:00,Roland Roberts Band,2024-06-14,8p-12a,Eagle River,Trail Lake Lodge,music,,,system@akconcerts.com,AK Concerts Auto Import,Master Event Database,Approved
2026-08-12 12:00:00,The Fringe & then Karaoke,2024-06-14,8p-12a,Eagle River,Magpies On The Fly,music,,,system@akconcerts.com,AK Concerts Auto Import,Master Event Database,Approved
2026-08-12 12:00:00,Nothin' But Karma Live,2024-06-14,9p-12a,Eagle River,Yukon Bar,music,,,system@akconcerts.com,AK Concerts Auto Import,Master Event Database,Approved
2026-08-12 12:00:00,H3,2024-06-14,9p-1a,Eagle River,Fairview Inn,music,,,system@akconcerts.com,AK Concerts Auto Import,Master Event Database,Approved
2026-08-12 12:00:00,ChickenstockMusic Festival,2024-06-15,12p-1a,Anchorage,Airport Road,festival,,,system@akconcerts.com,AK Concerts Auto Import,Master Event Database,Approved
2026-08-12 12:00:00,Glacier Hopper Band,2024-06-15,10p-2a,Eagle River,Mug-Shot Saloon,music,,,system@akconcerts.com,AK Concerts Auto Import,Master Event Database,Approved
2026-08-12 12:00:00,DJ Manny,2024-06-15,10p-3:30a,Eagle River,The Crowbar,music,,,system@akconcerts.com,AK Concerts Auto Import,Master Event Database,Approved
2026-08-12 12:00:00,Brothers of Tom,2024-06-15,2p-5p,Eagle River,Mountain High Pizza Pie,music,,,system@akconcerts.com,AK Concerts Auto Import,Master Event Database,Approved
2026-08-12 12:00:00,Beach Party & Music Festival,2024-06-15,3p-9p,Eagle River,Everett’s,festival,,,system@akconcerts.com,AK Concerts Auto Import,Master Event Database,Approved
2026-08-12 12:00:00,Spindrift with Jim Pfeiffenberger,2024-06-15,6p-10p,Eagle River,Dirty Skillet,music,,,system@akconcerts.com,AK Concerts Auto Import,Master Event Database,Approved
2026-08-12 12:00:00,Piano Music by Sunrise Kilcher,2024-06-15,6p-8p,Eagle River,AJ’s Old Town Steakhouse & Tavern,music,,,system@akconcerts.com,AK Concerts Auto Import,Master Event Database,Approved
2026-08-12 12:00:00,3000-21 Live,2024-06-15,6p-9p,Eagle River,Wonderland Park,music,,,system@akconcerts.com,AK Concerts Auto Import,Master Event Database,Approved
2026-08-12 12:00:00,Matt Hopper & the Roman Candles,2024-06-15,7p-10p,Eagle River,Palmer Alehouse,music,,,system@akconcerts.com,AK Concerts Auto Import,Master Event Database,Approved
2026-08-12 12:00:00,Loop of Alley,2024-06-15,7p-10p,Eagle River,Mountain High Pizza Pie,music,,,system@akconcerts.com,AK Concerts Auto Import,Master Event Database,Approved
2026-08-12 12:00:00,The California Honeydrops,2024-06-15,7p-11p,Eagle River,Creekbend Company,music,,,system@akconcerts.com,AK Concerts Auto Import,Master Event Database,Approved
2026-08-12 12:00:00,Denali Cooks,2024-06-15,7p-11p,Eagle River,Historic Hope Cafe & Campground (Seaview),music,,,system@akconcerts.com,AK Concerts Auto Import,Master Event Database,Approved
2026-08-12 12:00:00,Karaoke,2024-06-15,7p-11p,Eagle River,American Legion Post 15,music,,,system@akconcerts.com,AK Concerts Auto Import,Master Event Database,Approved
2026-08-12 12:00:00,Simply Three Returns to Sitka!,2024-06-15,7p-9p,Eagle River,Harrigan Centennial Hall,music,,,system@akconcerts.com,AK Concerts Auto Import,Master Event Database,Approved
2026-08-12 12:00:00,Live Music w/ Lia Everett,2024-06-15,7p-9p,Eagle River,Meta & Rose,music,,,system@akconcerts.com,AK Concerts Auto Import,Master Event Database,Approved
2026-08-12 12:00:00,Blues Child,2024-06-15,8p-11p,Eagle River,Tuffy’s,music,,,system@akconcerts.com,AK Concerts Auto Import,Master Event Database,Approved
2026-08-12 12:00:00,Juneau Drag Presents GLAM Dragstravaganza,2024-06-15,8p-11p,Eagle River,Elizabeth Peratrovich Hall,music,,,system@akconcerts.com,AK Concerts Auto Import,Master Event Database,Approved
2026-08-12 12:00:00,Valley Below & Ryan Bowers and the Brain Trust,2024-06-15,8p-12a,Eagle River,The Boatel,music,,,system@akconcerts.com,AK Concerts Auto Import,Master Event Database,Approved
2026-08-12 12:00:00,Summer Heatwave w/ DJ TraxMadeIt,2024-06-15,8p-12a,Eagle River,The Cabin,music,,,system@akconcerts.com,AK Concerts Auto Import,Master Event Database,Approved
2026-08-12 12:00:00,Alaska Redd’s 907 Hiphop 24’ Tour,2024-06-15,8p-12a,Eagle River,4 Royle Parkers,music,,,system@akconcerts.com,AK Concerts Auto Import,Master Event Database,Approved
2026-08-12 12:00:00,Saturday Open Mic,2024-06-15,8p-12a,Eagle River,Magpies On The Fly,music,,,system@akconcerts.com,AK Concerts Auto Import,Master Event Database,Approved
2026-08-12 12:00:00,Joy Pearson,2024-06-15,9p-11p,Eagle River,The Crystal Saloon,music,,,system@akconcerts.com,AK Concerts Auto Import,Master Event Database,Approved
2026-08-12 12:00:00,Nothin' But Karma Live,2024-06-15,9p-12a,Eagle River,Yukon Bar,music,,,system@akconcerts.com,AK Concerts Auto Import,Master Event Database,Approved
2026-08-12 12:00:00,Tamera Ashburn Band,2024-06-15,9p-1a,Eagle River,Fairview Inn,music,,,system@akconcerts.com,AK Concerts Auto Import,Master Event Database,Approved
2026-08-12 12:00:00,Open Mic Night,2024-06-16,6p-9p,Anchorage,Susitna Brewing,music,,,system@akconcerts.com,AK Concerts Auto Import,Master Event Database,Approved
2026-08-12 12:00:00,Community Crab Feed,2024-06-16,3p-6p,Eagle River,Crescent Harbor Shelter,community,,,system@akconcerts.com,AK Concerts Auto Import,Master Event Database,Approved
2026-08-12 12:00:00,Steve Durr,2024-06-16,5p-8p,Eagle River,Mountain High Pizza Pie,music,,,system@akconcerts.com,AK Concerts Auto Import,Master Event Database,Approved
2026-08-12 12:00:00,Schaefer Mueller,2024-06-16,5p-8p,Eagle River,BearPaw River Brewing,music,,,system@akconcerts.com,AK Concerts Auto Import,Master Event Database,Approved
2026-08-12 12:00:00,Andy Mullen,2024-06-16,5p-9p,Eagle River,Fairview Inn,music,,,system@akconcerts.com,AK Concerts Auto Import,Master Event Database,Approved
2026-08-12 12:00:00,Open Mic Night,2024-06-16,6p-10p,Eagle River,Everett’s,music,,,system@akconcerts.com,AK Concerts Auto Import,Master Event Database,Approved
2026-08-12 12:00:00,Karaoke,2024-06-16,8p-12a,Eagle River,Four Corner’s Lounge,music,,,system@akconcerts.com,AK Concerts Auto Import,Master Event Database,Approved
2026-08-12 12:00:00,Alaska Redd's 907 HipHop 24' Tour,2024-06-16,9p-12a,Eagle River,Yukon Bar,music,,,system@akconcerts.com,AK Concerts Auto Import,Master Event Database,Approved
2026-08-12 12:00:00,AJW Community Jazz Jam Session,2024-06-17,6p-9p,Anchorage,K Street Market,music,,,system@akconcerts.com,AK Concerts Auto Import,Master Event Database,Approved
2026-08-12 12:00:00,Open Mic Night w/ Mike Miller,2024-06-17,8p-12a,Anchorage,Blue Fox Cocktail Lounge,music,,,system@akconcerts.com,AK Concerts Auto Import,Master Event Database,Approved
2026-08-12 12:00:00,Koots Open Mic,2024-06-17,9p-12a,Anchorage,Koot’s,music,,,system@akconcerts.com,AK Concerts Auto Import,Master Event Database,Approved
2026-08-12 12:00:00,Jay Straw's Bass to Mouth Mondays!,2024-06-17,9p-12a,Anchorage,Van’s Dive Bar,music,,,system@akconcerts.com,AK Concerts Auto Import,Master Event Database,Approved
2026-08-12 12:00:00,Karaoke Night,2024-06-17,8p-12a,Eagle River,The Crowbar,music,,,system@akconcerts.com,AK Concerts Auto Import,Master Event Database,Approved
2026-08-12 12:00:00,Dance Lessons & Open Dance Floor,2024-06-17,8p-12a,Eagle River,Magpies On The Fly,dance,,,system@akconcerts.com,AK Concerts Auto Import,Master Event Database,Approved
2026-08-12 12:00:00,Karaoke,2024-06-17,9p-12a,Eagle River,Four Corner’s Lounge,music,,,system@akconcerts.com,AK Concerts Auto Import,Master Event Database,Approved
2026-08-12 12:00:00,Karaoke,2024-06-17,9p-1a,Eagle River,Fairview Inn,music,,,system@akconcerts.com,AK Concerts Auto Import,Master Event Database,Approved
2026-08-12 12:00:00,Karaoke,2024-06-17,9p-2a,Eagle River,Yukon Bar,music,,,system@akconcerts.com,AK Concerts Auto Import,Master Event Database,Approved
2026-08-12 12:00:00,Lunch on the Lawn: SpeNerds,2024-06-18,11:30a-1:30p,Anchorage,Anchorage Museum,music,,,system@akconcerts.com,AK Concerts Auto Import,Master Event Database,Approved
2026-08-12 12:00:00,Taco Tuesdays on the Roof w/ DJ Joe Brady,2024-06-18,4p-10p,Anchorage,Williwaw Social,music,,,system@akconcerts.com,AK Concerts Auto Import,Master Event Database,Approved
2026-08-12 12:00:00,Irish Music and Dancing,2024-06-18,6p-8p,Anchorage,Organic Oasis,music,,,system@akconcerts.com,AK Concerts Auto Import,Master Event Database,Approved
2026-08-12 12:00:00,Open Jam Night,2024-06-18,7p-11p,Anchorage,Van’s Dive Bar,music,,,system@akconcerts.com,AK Concerts Auto Import,Master Event Database,Approved
2026-08-12 12:00:00,AK Rockstar Karaoke,2024-06-18,8p-2a,Anchorage,The Carousel Lounge,music,,,system@akconcerts.com,AK Concerts Auto Import,Master Event Database,Approved
2026-08-12 12:00:00,Joey Fender,2024-06-18,9p-12a,Anchorage,Koot’s,music,,,system@akconcerts.com,AK Concerts Auto Import,Master Event Database,Approved
2026-08-12 12:00:00,Youth Jam Night,2024-06-18,5p-7p,Eagle River,Sheldon Community Arts Hanger,music,,,system@akconcerts.com,AK Concerts Auto Import,Master Event Database,Approved
2026-08-12 12:00:00,Taco Tuesday's with Jim Maloney,2024-06-18,6:30p-10p,Eagle River,Justin Cole’s Down East Saloon,music,,,system@akconcerts.com,AK Concerts Auto Import,Master Event Database,Approved
2026-08-12 12:00:00,Yachtly Crew,2024-06-18,6p-9p,Eagle River,Chepo’s,music,,,system@akconcerts.com,AK Concerts Auto Import,Master Event Database,Approved
2026-08-12 12:00:00,Tuesday Night Karaoke w/ Rocky,2024-06-18,7p-10p,Eagle River,The Cabin,music,,,system@akconcerts.com,AK Concerts Auto Import,Master Event Database,Approved
2026-08-12 12:00:00,Karaoke,2024-06-18,8p-12a,Eagle River,Four Corner’s Lounge,music,,,system@akconcerts.com,AK Concerts Auto Import,Master Event Database,Approved
2026-08-12 12:00:00,Dance Social & Game Night,2024-06-18,8p-12a,Eagle River,Four Corner’s Lounge,dance,,,system@akconcerts.com,AK Concerts Auto Import,Master Event Database,Approved
2026-08-12 12:00:00,Jazz Jam,2024-06-18,9p-11p,Eagle River,The Crystal Saloon,music,,,system@akconcerts.com,AK Concerts Auto Import,Master Event Database,Approved
2026-08-12 12:00:00,Open Jam Night,2024-06-18,9p-2a,Eagle River,Yukon Bar,music,,,system@akconcerts.com,AK Concerts Auto Import,Master Event Database,Approved
2026-08-12 12:00:00,Community Storytime,2024-06-19,10:30a-11a,Anchorage,Alaska Zoo,community,,,system@akconcerts.com,AK Concerts Auto Import,Master Event Database,Approved
2026-08-12 12:00:00,The Eternal Cowboys,2024-06-19,10p-12a,Anchorage,Pioneer Bar,music,,,system@akconcerts.com,AK Concerts Auto Import,Master Event Database,Approved
2026-08-12 12:00:00,Koots Karaoke,2024-06-19,10p-2a,Anchorage,Koot’s,music,,,system@akconcerts.com,AK Concerts Auto Import,Master Event Database,Approved
2026-08-12 12:00:00,"Backyard BBQ w/ Brett Young, Kendal Marvel, & Hayley Winters",2024-06-19,4p-10p,Anchorage,Chinook Parking Lot,music,,,system@akconcerts.com,AK Concerts Auto Import,Master Event Database,Approved
2026-08-12 12:00:00,Sun Sets Roof Party w/ DJ Lloyds Noize,2024-06-19,6p-10p,Anchorage,Williwaw Social,music,,,system@akconcerts.com,AK Concerts Auto Import,Master Event Database,Approved
2026-08-12 12:00:00,Tyrone Palmer & Friends,2024-06-19,7p-10p,Anchorage,907 Alehouse,music,,,system@akconcerts.com,AK Concerts Auto Import,Master Event Database,Approved
2026-08-12 12:00:00,Line Dance Night,2024-06-19,7p-11p,Anchorage,Pink Cadillac,dance,,,system@akconcerts.com,AK Concerts Auto Import,Master Event Database,Approved
2026-08-12 12:00:00,Country Night,2024-06-19,7p-1a,Anchorage,Koot’s,music,,,system@akconcerts.com,AK Concerts Auto Import,Master Event Database,Approved
2026-08-12 12:00:00,Open Mic,2024-06-19,8p-12a,Anchorage,Lil Babes Cocktail Lounge,music,,,system@akconcerts.com,AK Concerts Auto Import,Master Event Database,Approved
2026-08-12 12:00:00,AK Rockstar Karaoke,2024-06-19,8p-2a,Anchorage,The Carousel Lounge,music,,,system@akconcerts.com,AK Concerts Auto Import,Master Event Database,Approved
2026-08-12 12:00:00,KARAOKE w/ Uswi,2024-06-19,9p-12a,Anchorage,Van’s Dive Bar,music,,,system@akconcerts.com,AK Concerts Auto Import,Master Event Database,Approved
2026-08-12 12:00:00,Midweek at Miner Music Center,2024-06-19,5:30p-7:30p,Eagle River,Stevenson Hall,music,,,system@akconcerts.com,AK Concerts Auto Import,Master Event Database,Approved
2026-08-12 12:00:00,Music in the Park Series: Alder Street,2024-06-19,6p-9p,Eagle River,Soldotna Creek Park,music,,,system@akconcerts.com,AK Concerts Auto Import,Master Event Database,Approved
2026-08-12 12:00:00,Open Mic,2024-06-19,7:30p-11p,Eagle River,Schwabenhof,music,,,system@akconcerts.com,AK Concerts Auto Import,Master Event Database,Approved
2026-08-12 12:00:00,Mike Stackhouse Live,2024-06-19,7p-10p,Eagle River,The Cabin,music,,,system@akconcerts.com,AK Concerts Auto Import,Master Event Database,Approved
2026-08-12 12:00:00,House Concert Series: Headbolt Heaters,2024-06-19,7p-8p,Eagle River,Running Reindeer Ranch,music,,,system@akconcerts.com,AK Concerts Auto Import,Master Event Database,Approved
2026-08-12 12:00:00,Karaoke,2024-06-19,8p-11p,Eagle River,Alaskan Hotel and Bar,music,,,system@akconcerts.com,AK Concerts Auto Import,Master Event Database,Approved
2026-08-12 12:00:00,Karaoke,2024-06-19,8p-12a,Eagle River,Four Corner’s Lounge,music,,,system@akconcerts.com,AK Concerts Auto Import,Master Event Database,Approved
2026-08-12 12:00:00,Open Mic Night,2024-06-19,9p-1a,Eagle River,Fairview Inn,music,,,system@akconcerts.com,AK Concerts Auto Import,Master Event Database,Approved
2026-08-12 12:00:00,Karaoke,2024-06-19,9p-2a,Eagle River,Yukon Bar,music,,,system@akconcerts.com,AK Concerts Auto Import,Master Event Database,Approved
2026-08-12 12:00:00,Music in the Park Series: Bunny Swan Band,2024-07-10,6p-9p,Eagle River,Soldotna Creek Park,music,,,system@akconcerts.com,AK Concerts Auto Import,Master Event Database,Approved
2026-08-12 12:00:00,Campfire Sessions w/ Jerry Wessling,2024-07-10,6p-9p,Eagle River,LuLu’s Tent’s & Events,music,,,system@akconcerts.com,AK Concerts Auto Import,Master Event Database,Approved
2026-08-12 12:00:00,Open Mic,2024-07-10,7:30p-11p,Eagle River,Schwabenhof,music,,,system@akconcerts.com,AK Concerts Auto Import,Master Event Database,Approved
2026-08-12 12:00:00,Mike Stackhouse Live,2024-07-10,7p-10p,Eagle River,The Cabin,music,,,system@akconcerts.com,AK Concerts Auto Import,Master Event Database,Approved
2026-08-12 12:00:00,Karaoke,2024-07-10,8p-11p,Eagle River,Alaskan Hotel and Bar,music,,,system@akconcerts.com,AK Concerts Auto Import,Master Event Database,Approved
2026-08-12 12:00:00,Open Mic Wednesdays,2024-07-10,8p-11p,Eagle River,The Crystal Saloon,music,,,system@akconcerts.com,AK Concerts Auto Import,Master Event Database,Approved
2026-08-12 12:00:00,Karaoke,2024-07-10,8p-12a,Eagle River,Four Corner’s Lounge,music,,,system@akconcerts.com,AK Concerts Auto Import,Master Event Database,Approved
2026-08-12 12:00:00,Open Mic Night,2024-07-10,9p-1a,Eagle River,Fairview Inn,music,,,system@akconcerts.com,AK Concerts Auto Import,Master Event Database,Approved
2026-08-12 12:00:00,Karaoke,2024-07-10,9p-2a,Eagle River,Yukon Bar,music,,,system@akconcerts.com,AK Concerts Auto Import,Master Event Database,Approved
2026-08-12 12:00:00,Kuf Knotz & Christine Elise,2024-07-10,TBD,Eagle River,The Roadside Potato,music,,,system@akconcerts.com,AK Concerts Auto Import,Master Event Database,Approved
2026-08-12 12:00:00,Karaoke,2024-07-11,8p-12a,Anchorage,Floaters,music,,,system@akconcerts.com,AK Concerts Auto Import,Master Event Database,Approved
2026-08-12 12:00:00,Mario Carboni,2024-07-11,7p-9:30p,Cooper Landing,Gwin’s Lodge,music,,,system@akconcerts.com,AK Concerts Auto Import,Master Event Database,Approved
2026-08-12 12:00:00,Skrizzly Adams Lake House Town Tour,2024-07-11,8p-10p,Cooper Landing,Trophy Lounge,music,,,system@akconcerts.com,AK Concerts Auto Import,Master Event Database,Approved
2026-08-12 12:00:00,Rick Brooks,2024-07-11,10:30p-1a,Eagle River,Chair 5,music,,,system@akconcerts.com,AK Concerts Auto Import,Master Event Database,Approved
2026-08-12 12:00:00,Live Music by Local Musicians,2024-07-11,5p-9p,Eagle River,Mykel’s Restaurant,music,,,system@akconcerts.com,AK Concerts Auto Import,Master Event Database,Approved
2026-08-12 12:00:00,Gaelic Storm,2024-07-11,6p-10p,Eagle River,Creekbend Café,music,,,system@akconcerts.com,AK Concerts Auto Import,Master Event Database,Approved
2026-08-12 12:00:00,Reeves Brothers w/ Ken Peltier,2024-07-11,6p-10p,Eagle River,Four Corner’s Lounge,music,,,system@akconcerts.com,AK Concerts Auto Import,Master Event Database,Approved
2026-08-12 12:00:00,Gaelic Storm,2024-07-11,7p-10p,Eagle River,Palmer Alehouse,music,,,system@akconcerts.com,AK Concerts Auto Import,Master Event Database,Approved
2026-08-12 12:00:00,Jimmy Sandy,2024-07-11,7p-10p,Eagle River,Mountain High Pizza Pie,music,,,system@akconcerts.com,AK Concerts Auto Import,Master Event Database,Approved
2026-08-12 12:00:00,The AKoustic Project,2024-07-11,7p-10p,Eagle River,Tailgater’s Sport’s Bar & Grill,music,,,system@akconcerts.com,AK Concerts Auto Import,Master Event Database,Approved
2026-08-12 12:00:00,Karaoke w/ Sadie,2024-07-11,7p-12a,Eagle River,Klondike Mike’s & the Main Street Grill,music,,,system@akconcerts.com,AK Concerts Auto Import,Master Event Database,Approved
2026-08-12 12:00:00,Karaoke Basket & Brews Party w/ DJ Tony Taylor,2024-07-11,7p-9p,Eagle River,Alaska Salmon Bake,music,,,system@akconcerts.com,AK Concerts Auto Import,Master Event Database,Approved
2026-08-12 12:00:00,Open Mic Night,2024-07-11,8p-11p,Eagle River,The Cabin,music,,,system@akconcerts.com,AK Concerts Auto Import,Master Event Database,Approved
2026-08-12 12:00:00,Open Mic,2024-07-11,8p-11p,Eagle River,Alaskan Hotel and Bar,music,,,system@akconcerts.com,AK Concerts Auto Import,Master Event Database,Approved
2026-08-12 12:00:00,Karaoke Thursdays,2024-07-11,8p-11p,Eagle River,The Crystal Saloon,music,,,system@akconcerts.com,AK Concerts Auto Import,Master Event Database,Approved
2026-08-12 12:00:00,Open Mic w/ Cody Kniceley,2024-07-11,8p-12a,Eagle River,4 Royle Parkers,music,,,system@akconcerts.com,AK Concerts Auto Import,Master Event Database,Approved
2026-08-12 12:00:00,Karaoke Night,2024-07-11,9:15p-12:15a,Eagle River,Alibi Bar & Café,music,,,system@akconcerts.com,AK Concerts Auto Import,Master Event Database,Approved
2026-08-12 12:00:00,Dance Party w/ DJ Hankerchief,2024-07-11,9p-2a,Eagle River,Yukon Bar,dance,,,system@akconcerts.com,AK Concerts Auto Import,Master Event Database,Approved
2026-08-12 12:00:00,Luna & Ursus,2024-07-12,7p-9p,Cooper Landing,Gwin’s Lodge,music,,,system@akconcerts.com,AK Concerts Auto Import,Master Event Database,Approved
2026-08-12 12:00:00,"Pudgies, Gary Omen, & Discpoians",2024-07-12,10p-2a,Eagle River,Kharacters,music,,,system@akconcerts.com,AK Concerts Auto Import,Master Event Database,Approved
2026-08-12 12:00:00,DJ Blaque,2024-07-12,10p-2a,Eagle River,Klondike Mike’s & the Main Street Grill,music,,,system@akconcerts.com,AK Concerts Auto Import,Master Event Database,Approved
2026-08-12 12:00:00,Bear Paw Festival,2024-07-12,3p-10p,Eagle River,Eagle River Town Square Park,festival,,,system@akconcerts.com,AK Concerts Auto Import,Master Event Database,Approved
2026-08-12 12:00:00,Deke & Whippersnappers,2024-07-12,5p-7p,Eagle River,Talkeetna Village Park,music,,,system@akconcerts.com,AK Concerts Auto Import,Master Event Database,Approved
2026-08-12 12:00:00,Ukulele Russ,2024-07-12,6p-10p,Eagle River,Dirty Skillet,music,,,system@akconcerts.com,AK Concerts Auto Import,Master Event Database,Approved
2026-08-12 12:00:00,Piano Music by Erika,2024-07-12,6p-8p,Eagle River,AJ’s Old Town Steakhouse & Tavern,music,,,system@akconcerts.com,AK Concerts Auto Import,Master Event Database,Approved
2026-08-12 12:00:00,Green Light Circus Camp: Wayward Wonders,2024-07-12,6p-9p,Eagle River,Sheldon Community Arts Hanger,music,,,system@akconcerts.com,AK Concerts Auto Import,Master Event Database,Approved
2026-08-12 12:00:00,The Ken Peltier Band,2024-07-12,7p-10p,Eagle River,Palmer Alehouse,music,,,system@akconcerts.com,AK Concerts Auto Import,Master Event Database,Approved
2026-08-12 12:00:00,Steve Norwood,2024-07-12,7p-10p,Eagle River,Mountain High Pizza Pie,music,,,system@akconcerts.com,AK Concerts Auto Import,Master Event Database,Approved
2026-08-12 12:00:00,Jerry Wessling,2024-07-12,7p-10p,Eagle River,Everett’s,music,,,system@akconcerts.com,AK Concerts Auto Import,Master Event Database,Approved
2026-08-12 12:00:00,Gaelic Storm,2024-07-12,7p-11p,Eagle River,Creekbend Café,music,,,system@akconcerts.com,AK Concerts Auto Import,Master Event Database,Approved
2026-08-12 12:00:00,Karaoke,2024-07-12,7p-11p,Eagle River,American Legion Post 15,music,,,system@akconcerts.com,AK Concerts Auto Import,Master Event Database,Approved
2026-08-12 12:00:00,Live Music w/ Lia Everett,2024-07-12,7p-9p,Eagle River,Meta & Rose,music,,,system@akconcerts.com,AK Concerts Auto Import,Master Event Database,Approved
2026-08-12 12:00:00,Salsa Night Social Dancing,2024-07-12,8:30p-12:30p,Eagle River,Tacos Cancun Mexican Grill,dance,,,system@akconcerts.com,AK Concerts Auto Import,Master Event Database,Approved
2026-08-12 12:00:00,Schaefer Mueller and The Neon Highway!,2024-07-12,8p-11p,Eagle River,Odd Man Rush,music,,,system@akconcerts.com,AK Concerts Auto Import,Master Event Database,Approved
2026-08-12 12:00:00,Zen Trembles,2024-07-12,8p-12a,Eagle River,Magpies On The Fly,music,,,system@akconcerts.com,AK Concerts Auto Import,Master Event Database,Approved
2026-08-12 12:00:00,The Sun: Creator/Destroyer Free Presentation,2024-07-12,8p-9p,Eagle River,Marie Drake Planetarium,music,,,system@akconcerts.com,AK Concerts Auto Import,Master Event Database,Approved
2026-08-12 12:00:00,AK Inverted Presents: Amatuer Night,2024-07-12,9p-11:30p,Eagle River,The Crystal Saloon,music,,,system@akconcerts.com,AK Concerts Auto Import,Master Event Database,Approved
2026-08-12 12:00:00,Skrizzly Adams Lake House Town Tour,2024-07-12,9p-12a,Eagle River,The Cabin,music,,,system@akconcerts.com,AK Concerts Auto Import,Master Event Database,Approved
2026-08-12 12:00:00,Baddies With Bars,2024-07-12,9p-12a,Eagle River,Yukon Bar,music,,,system@akconcerts.com,AK Concerts Auto Import,Master Event Database,Approved
2026-08-12 12:00:00,Deke & Whippersnappers,2024-07-12,9p-1a,Eagle River,Fairview Inn,music,,,system@akconcerts.com,AK Concerts Auto Import,Master Event Database,Approved
2026-08-12 12:00:00,Parton My French,2024-07-13,10p-1a,Anchorage,Koot’s,music,,,system@akconcerts.com,AK Concerts Auto Import,Master Event Database,Approved
2026-08-12 12:00:00,KnowleDJ & Joe Brady's All Decades Video Dance Party,2024-07-13,10p-2a,Anchorage,Williwaw Social,dance,,,system@akconcerts.com,AK Concerts Auto Import,Master Event Database,Approved
2026-08-12 12:00:00,Woofstock 2024,2024-07-13,2p-9p,Anchorage,American Legion Spenard Post 28,music,,,system@akconcerts.com,AK Concerts Auto Import,Master Event Database,Approved
2026-08-12 12:00:00,Parking Lot Party with Grace C. Elliot and Kuf Knotz & Christine Elise,2024-07-13,4p-10p,Anchorage,Penny Royalty,music,,,system@akconcerts.com,AK Concerts Auto Import,Master Event Database,Approved
2026-08-12 12:00:00,Jazz in the Park: Spenard Jazz Messengers,2024-07-13,4p-6p,Anchorage,Peratrovich Park,music,,,system@akconcerts.com,AK Concerts Auto Import,Master Event Database,Approved
2026-08-12 12:00:00,Poetry Slam w/ Cash Prizes,2024-07-13,6p-8p,Anchorage,Writer’s Block Bookstore & Café,music,,,system@akconcerts.com,AK Concerts Auto Import,Master Event Database,Approved
2026-08-12 12:00:00,Garden Grooves: Live Music in the Beer Garden,2024-07-13,6p-9p,Anchorage,49th State Brewing Co,music,,,system@akconcerts.com,AK Concerts Auto Import,Master Event Database,Approved
2026-08-12 12:00:00,3OH!3 Live!,2024-07-13,7p-10p,Anchorage,Williwaw Social,music,,,system@akconcerts.com,AK Concerts Auto Import,Master Event Database,Approved
2026-08-12 12:00:00,Schaefer Mueller & the Neon Highway on the Roof,2024-07-13,7p-10p,Anchorage,Williwaw Social,music,,,system@akconcerts.com,AK Concerts Auto Import,Master Event Database,Approved
2026-08-12 12:00:00,Santoro,2024-07-13,7p-11p,Anchorage,Anchorage Social Dance Club,music,,,system@akconcerts.com,AK Concerts Auto Import,Master Event Database,Approved
2026-08-12 12:00:00,The Red Flags,2024-07-13,8:30p-12a,Anchorage,Humpy’s,music,,,system@akconcerts.com,AK Concerts Auto Import,Master Event Database,Approved
2026-08-12 12:00:00,Karaoke w/ DJ Sparkles,2024-07-13,8p-12a,Anchorage,Broken Blender,music,,,system@akconcerts.com,AK Concerts Auto Import,Master Event Database,Approved
2026-08-12 12:00:00,Sweet Cheeks Cabaret: Glitter & Gold,2024-07-13,8p-9:30p,Anchorage,Broken Blender,music,,,system@akconcerts.com,AK Concerts Auto Import,Master Event Database,Approved
2026-08-12 12:00:00,Mad Myrna's Diva Variety Show,2024-07-13,9p-11:30p,Anchorage,Mad Myrna’s,music,,,system@akconcerts.com,AK Concerts Auto Import,Master Event Database,Approved
2026-08-12 12:00:00,DJ Ke,2024-07-13,9p-1a,Anchorage,Flattop Pizza & Pool,music,,,system@akconcerts.com,AK Concerts Auto Import,Master Event Database,Approved
2026-08-12 12:00:00,Blast From The Past,2024-07-13,9p-2:30a,Anchorage,Time Out Lounge,music,,,system@akconcerts.com,AK Concerts Auto Import,Master Event Database,Approved
2026-08-12 12:00:00,Bear Paw Parade After Party w/ Parton My French,2024-07-13,10:30a-11a & 1p-2:30p,Eagle River,ACF Church,music,,,system@akconcerts.com,AK Concerts Auto Import,Master Event Database,Approved
2026-08-12 12:00:00,Mighty Machines,2024-07-13,10a-5p,Eagle River,Museum of Alaska Transportation and Industry,music,,,system@akconcerts.com,AK Concerts Auto Import,Master Event Database,Approved
2026-08-12 12:00:00,Noche Latina w/ DJ Beto,2024-07-13,10p-1a,Eagle River,The Crystal Saloon,music,,,system@akconcerts.com,AK Concerts Auto Import,Master Event Database,Approved
2026-08-12 12:00:00,Baddies With Bars,2024-07-13,10p-2a,Eagle River,Klondike Mike’s & the Main Street Grill,music,,,system@akconcerts.com,AK Concerts Auto Import,Master Event Database,Approved
2026-08-12 12:00:00,HatcherRomp Music Festival 2024,2024-07-13,12p-10p,Eagle River,Skeetawk,festival,,,system@akconcerts.com,AK Concerts Auto Import,Master Event Database,Approved
2026-08-12 12:00:00,Green Light Circus Camp: Saturday Carnival,2024-07-13,12p-6p,Eagle River,Sheldon Community Arts Hanger,music,,,system@akconcerts.com,AK Concerts Auto Import,Master Event Database,Approved
2026-08-12 12:00:00,Bear Paw Festival,2024-07-13,3p-10p,Eagle River,Eagle River Town Square Park,festival,,,system@akconcerts.com,AK Concerts Auto Import,Master Event Database,Approved
2026-08-12 12:00:00,The Jangle Bees & Skrizzly Adams,2024-07-13,4p-10p,Eagle River,Palmer Alehouse,music,,,system@akconcerts.com,AK Concerts Auto Import,Master Event Database,Approved
2026-08-12 12:00:00,22nd Annual Murder Mystery Dinner Theatre,2024-07-13,5p-9p,Eagle River,Fairbanks Drama Association,theatre,,,system@akconcerts.com,AK Concerts Auto Import,Master Event Database,Approved
2026-08-12 12:00:00,THV,2024-07-13,6p-10p,Eagle River,Dirty Skillet,music,,,system@akconcerts.com,AK Concerts Auto Import,Master Event Database,Approved
2026-08-12 12:00:00,Piano Music by Sunrise Kilcher,2024-07-13,6p-8p,Eagle River,AJ’s Old Town Steakhouse & Tavern,music,,,system@akconcerts.com,AK Concerts Auto Import,Master Event Database,Approved
2026-08-12 12:00:00,Green Light Circus Camp: Wayward Wonders,2024-07-13,6p-9p,Eagle River,Sheldon Community Arts Hanger,music,,,system@akconcerts.com,AK Concerts Auto Import,Master Event Database,Approved
2026-08-12 12:00:00,GrungeBob Rockin the Cabin,2024-07-13,7p-10p,Eagle River,The Cabin,community,,,system@akconcerts.com,AK Concerts Auto Import,Master Event Database,Approved
2026-08-12 12:00:00,Brothers of Tom,2024-07-13,7p-10p,Eagle River,Mountain High Pizza Pie,music,,,system@akconcerts.com,AK Concerts Auto Import,Master Event Database,Approved
2026-08-12 12:00:00,Gaelic Storm,2024-07-13,7p-11p,Eagle River,Creekbend Café,music,,,system@akconcerts.com,AK Concerts Auto Import,Master Event Database,Approved
2026-08-12 12:00:00,Karaoke,2024-07-13,7p-11p,Eagle River,American Legion Post 15,music,,,system@akconcerts.com,AK Concerts Auto Import,Master Event Database,Approved
2026-08-12 12:00:00,Free Dance Lessons with Shufflin' Country Style,2024-07-13,7p-8p,Eagle River,American Legion Post 15,dance,,,system@akconcerts.com,AK Concerts Auto Import,Master Event Database,Approved
2026-08-12 12:00:00,Live Music w/ Lia Everett,2024-07-13,7p-9p,Eagle River,Meta & Rose,music,,,system@akconcerts.com,AK Concerts Auto Import,Master Event Database,Approved
2026-08-12 12:00:00,Outdoor Concert Series with Lulu Small & Carey Seward,2024-07-13,8p-11p,Eagle River,Tuffy’s,music,,,system@akconcerts.com,AK Concerts Auto Import,Master Event Database,Approved
2026-08-12 12:00:00,Saturday Open Mic,2024-07-13,8p-12a,Eagle River,Magpies On The Fly,music,,,system@akconcerts.com,AK Concerts Auto Import,Master Event Database,Approved
2026-08-12 12:00:00,In the Groove with Koa & Friends,2024-07-13,9p-12a,Eagle River,Yukon Bar,music,,,system@akconcerts.com,AK Concerts Auto Import,Master Event Database,Approved
2026-08-12 12:00:00,Deke & Whippersnappers,2024-07-13,9p-1a,Eagle River,Fairview Inn,music,,,system@akconcerts.com,AK Concerts Auto Import,Master Event Database,Approved
2026-08-12 12:00:00,Summer Family Fun Days at the Zoo,2024-07-14,10:30a-11a,Anchorage,Alaska Zoo,music,,,system@akconcerts.com,AK Concerts Auto Import,Master Event Database,Approved
2026-08-12 12:00:00,Koots Karaoke,2024-07-14,10p-2a,Anchorage,Koot’s,music,,,system@akconcerts.com,AK Concerts Auto Import,Master Event Database,Approved
2026-08-12 12:00:00,Industry Night w/ Joe Brady,2024-07-14,10p-2a,Anchorage,Pioneer Bar,music,,,system@akconcerts.com,AK Concerts Auto Import,Master Event Database,Approved
2026-08-12 12:00:00,Sunday Brunch w/ Grace C. Elliot,2024-07-14,12p-2p,Anchorage,Writer’s Block Bookstore & Café,community,,,system@akconcerts.com,AK Concerts Auto Import,Master Event Database,Approved
2026-08-12 12:00:00,Open Mic & Jam,2024-07-14,4:30p-8:30p,Anchorage,VFW Post 1685,music,,,system@akconcerts.com,AK Concerts Auto Import,Master Event Database,Approved
2026-08-12 12:00:00,SunDaze Roof Party w/ DJ GRE,2024-07-14,4p-10p,Anchorage,Williwaw Social,music,,,system@akconcerts.com,AK Concerts Auto Import,Master Event Database,Approved
2026-08-12 12:00:00,Sunday Blues Jam w/ Rebel Blues Band,2024-07-14,6p-10p,Anchorage,Billiard Palace,music,,,system@akconcerts.com,AK Concerts Auto Import,Master Event Database,Approved
2026-08-12 12:00:00,Open Mic Night,2024-07-14,6p-9p,Anchorage,Susitna Brewing,music,,,system@akconcerts.com,AK Concerts Auto Import,Master Event Database,Approved
2026-08-12 12:00:00,Solo Sundays: Schaefer Mueller,2024-07-14,7p-10:30p,Anchorage,Humpy’s,music,,,system@akconcerts.com,AK Concerts Auto Import,Master Event Database,Approved
2026-08-12 12:00:00,Open Mic Night w/ Mister Boobs,2024-07-14,7p-10p,Anchorage,Broken Blender,music,,,system@akconcerts.com,AK Concerts Auto Import,Master Event Database,Approved
2026-08-12 12:00:00,Open Mic Night,2024-07-14,7p-11p,Anchorage,Van’s Dive Bar,music,,,system@akconcerts.com,AK Concerts Auto Import,Master Event Database,Approved
2026-08-12 12:00:00,Comedy Open Mic,2024-07-14,8:30p-10p,Anchorage,Koot’s,comedy,,,system@akconcerts.com,AK Concerts Auto Import,Master Event Database,Approved
2026-08-12 12:00:00,Open Jam with Blast From The Past,2024-07-14,8:30p-1a,Anchorage,Time Out Lounge,music,,,system@akconcerts.com,AK Concerts Auto Import,Master Event Database,Approved
2026-08-12 12:00:00,Sunday Karaoke,2024-07-14,9p-2a,Anchorage,The Carousel Lounge,music,,,system@akconcerts.com,AK Concerts Auto Import,Master Event Database,Approved
2026-08-12 12:00:00,Kuf Knotz & Christine Elise,2024-07-14,TBD,Anchorage,Sunday Fresh Market,music,,,system@akconcerts.com,AK Concerts Auto Import,Master Event Database,Approved
2026-08-12 12:00:00,Steve Durr,2024-07-14,5p-8p,Eagle River,Mountain High Pizza Pie,music,,,system@akconcerts.com,AK Concerts Auto Import,Master Event Database,Approved
2026-08-12 12:00:00,Open Mic Night,2024-07-14,6p-10p,Eagle River,Everett’s,music,,,system@akconcerts.com,AK Concerts Auto Import,Master Event Database,Approved
2026-08-12 12:00:00,Karaoke,2024-07-14,8p-12a,Eagle River,Four Corner’s Lounge,music,,,system@akconcerts.com,AK Concerts Auto Import,Master Event Database,Approved
2026-08-12 12:00:00,"Mario Carboni, The Honky-Tonk Rebel",2024-07-14,9p-12a,Eagle River,Yukon Bar,music,,,system@akconcerts.com,AK Concerts Auto Import,Master Event Database,Approved
2026-08-12 12:00:00,Ukulele Russ & His One Man Frontier Band,2024-07-14,9p-1a,Eagle River,Fairview Inn,music,,,system@akconcerts.com,AK Concerts Auto Import,Master Event Database,Approved
2026-08-12 12:00:00,AJW Community Jazz Jam Session,2024-07-15,6p-9p,Anchorage,K Street Market,music,,,system@akconcerts.com,AK Concerts Auto Import,Master Event Database,Approved
2026-08-12 12:00:00,Open Mic Night w/ Mike Miller,2024-07-15,8p-12a,Anchorage,Blue Fox Cocktail Lounge,music,,,system@akconcerts.com,AK Concerts Auto Import,Master Event Database,Approved
2026-08-12 12:00:00,Koots Open Mic,2024-07-15,9p-12a,Anchorage,Koot’s,music,,,system@akconcerts.com,AK Concerts Auto Import,Master Event Database,Approved
2026-08-12 12:00:00,Jay Straw's Bass to Mouth Mondays!,2024-07-15,9p-12a,Anchorage,Van’s Dive Bar,music,,,system@akconcerts.com,AK Concerts Auto Import,Master Event Database,Approved
2026-08-12 12:00:00,Karaoke,2024-07-15,9p-12a,Eagle River,Four Corner’s Lounge,music,,,system@akconcerts.com,AK Concerts Auto Import,Master Event Database,Approved
2026-08-12 12:00:00,Karaoke,2024-07-15,9p-1a,Eagle River,Fairview Inn,music,,,system@akconcerts.com,AK Concerts Auto Import,Master Event Database,Approved
2026-08-12 12:00:00,Karaoke,2024-07-15,9p-2a,Eagle River,Yukon Bar,music,,,system@akconcerts.com,AK Concerts Auto Import,Master Event Database,Approved
2026-08-12 12:00:00,Lunch on the Lawn: Kuf Knots & Christine Elise,2024-07-16,11:30a-1:30p,Anchorage,Anchorage Museum,music,,,system@akconcerts.com,AK Concerts Auto Import,Master Event Database,Approved
2026-08-12 12:00:00,Taco Tuesdays on the Roof w/ DJ Joe Brady,2024-07-16,4p-10p,Anchorage,Williwaw Social,music,,,system@akconcerts.com,AK Concerts Auto Import,Master Event Database,Approved
2026-08-12 12:00:00,Irish Music and Dancing,2024-07-16,6p-8p,Anchorage,Organic Oasis,music,,,system@akconcerts.com,AK Concerts Auto Import,Master Event Database,Approved
2026-08-12 12:00:00,Open Jam Night,2024-07-16,7p-11p,Anchorage,Van’s Dive Bar,music,,,system@akconcerts.com,AK Concerts Auto Import,Master Event Database,Approved
2026-08-12 12:00:00,Ice Cube Live In Concert,2024-07-16,8p-11p,Anchorage,Alaska Airlines Center,music,,,system@akconcerts.com,AK Concerts Auto Import,Master Event Database,Approved
2026-08-12 12:00:00,AK Rockstar Karaoke,2024-07-16,8p-2a,Anchorage,The Carousel Lounge,music,,,system@akconcerts.com,AK Concerts Auto Import,Master Event Database,Approved
2026-08-12 12:00:00,Joey Fender,2024-07-16,9p-12a,Anchorage,Koot’s,music,,,system@akconcerts.com,AK Concerts Auto Import,Master Event Database,Approved
2026-08-12 12:00:00,Youth Jam Night,2024-07-16,5p-7p,Eagle River,Sheldon Community Arts Hanger,music,,,system@akconcerts.com,AK Concerts Auto Import,Master Event Database,Approved
2026-08-12 12:00:00,Taco Tuesday's with Jim Maloney,2024-07-16,6:30p-10p,Eagle River,Justin Cole’s Down East Saloon,music,,,system@akconcerts.com,AK Concerts Auto Import,Master Event Database,Approved
2026-08-12 12:00:00,Taco Tuesdays with Jerry Wessling,2024-07-16,6p-9p,Eagle River,Tug Bar & Goose Bay Inn,music,,,system@akconcerts.com,AK Concerts Auto Import,Master Event Database,Approved
2026-08-12 12:00:00,Open Stage Night w/ Sabrina Speers,2024-07-16,7:30p-10:30p,Eagle River,Klondike Mike’s & the Main Street Grill,music,,,system@akconcerts.com,AK Concerts Auto Import,Master Event Database,Approved
2026-08-12 12:00:00,Tuesday Night Karaoke w/ Rocky,2024-07-16,8p-11p,Eagle River,The Cabin,music,,,system@akconcerts.com,AK Concerts Auto Import,Master Event Database,Approved
2026-08-12 12:00:00,Jazz Jam Tuesdays,2024-07-16,8p-11p,Eagle River,The Crystal Saloon,music,,,system@akconcerts.com,AK Concerts Auto Import,Master Event Database,Approved
2026-08-12 12:00:00,Karaoke,2024-07-16,8p-12a,Eagle River,Four Corner’s Lounge,music,,,system@akconcerts.com,AK Concerts Auto Import,Master Event Database,Approved
2026-08-12 12:00:00,Open Jam Night,2024-07-16,9p-2a,Eagle River,Yukon Bar,music,,,system@akconcerts.com,AK Concerts Auto Import,Master Event Database,Approved
2026-08-12 12:00:00,Community Storytime,2024-07-17,10:30a-11a,Anchorage,Alaska Zoo,community,,,system@akconcerts.com,AK Concerts Auto Import,Master Event Database,Approved
2026-08-12 12:00:00,The Eternal Cowboys,2024-07-17,10p-12a,Anchorage,Pioneer Bar,music,,,system@akconcerts.com,AK Concerts Auto Import,Master Event Database,Approved
2026-08-12 12:00:00,Koots Karaoke,2024-07-17,10p-2a,Anchorage,Koot’s,music,,,system@akconcerts.com,AK Concerts Auto Import,Master Event Database,Approved
2026-08-12 12:00:00,Sun Sets Roof Party w/ DJ Lloyds Noize,2024-07-17,6p-10p,Anchorage,Williwaw Social,music,,,system@akconcerts.com,AK Concerts Auto Import,Master Event Database,Approved
2026-08-12 12:00:00,Tyrone Palmer & Friends,2024-07-17,7p-10p,Anchorage,907 Alehouse,music,,,system@akconcerts.com,AK Concerts Auto Import,Master Event Database,Approved
2026-08-12 12:00:00,Line Dance Nights,2024-07-17,7p-12a,Anchorage,Pink Cadillac,dance,,,system@akconcerts.com,AK Concerts Auto Import,Master Event Database,Approved
2026-08-12 12:00:00,Country Night,2024-07-17,7p-1a,Anchorage,Koot’s,music,,,system@akconcerts.com,AK Concerts Auto Import,Master Event Database,Approved
2026-08-12 12:00:00,Open Mic,2024-07-17,8p-12a,Anchorage,Lil Babes Cocktail Lounge,music,,,system@akconcerts.com,AK Concerts Auto Import,Master Event Database,Approved
2026-08-12 12:00:00,AK Rockstar Karaoke,2024-07-17,8p-2a,Anchorage,The Carousel Lounge,music,,,system@akconcerts.com,AK Concerts Auto Import,Master Event Database,Approved
2026-08-12 12:00:00,KARAOKE w/ Uswi,2024-07-17,9p-12a,Anchorage,Van’s Dive Bar,music,,,system@akconcerts.com,AK Concerts Auto Import,Master Event Database,Approved
2026-08-12 12:00:00,Music in the Park Series: Roland Roberts Band & Seth Malone,2024-07-17,6p-9p,Eagle River,Soldotna Creek Park,music,,,system@akconcerts.com,AK Concerts Auto Import,Master Event Database,Approved
2026-08-12 12:00:00,Open Mic,2024-07-17,7:30p-11p,Eagle River,Schwabenhof,music,,,system@akconcerts.com,AK Concerts Auto Import,Master Event Database,Approved
2026-08-12 12:00:00,Mike Stackhouse Live,2024-07-17,7p-10p,Eagle River,The Cabin,music,,,system@akconcerts.com,AK Concerts Auto Import,Master Event Database,Approved
2026-08-12 12:00:00,House Concert Series: Emily Anderson,2024-07-17,7p-8p,Eagle River,Running Reindeer Ranch,music,,,system@akconcerts.com,AK Concerts Auto Import,Master Event Database,Approved
2026-08-12 12:00:00,Karaoke,2024-07-17,8p-11p,Eagle River,Alaskan Hotel and Bar,music,,,system@akconcerts.com,AK Concerts Auto Import,Master Event Database,Approved
2026-08-12 12:00:00,Open Mic Wednesdays,2024-07-17,8p-11p,Eagle River,The Crystal Saloon,music,,,system@akconcerts.com,AK Concerts Auto Import,Master Event Database,Approved
2026-08-12 12:00:00,Karaoke,2024-07-17,8p-12a,Eagle River,Four Corner’s Lounge,music,,,system@akconcerts.com,AK Concerts Auto Import,Master Event Database,Approved
2026-08-12 12:00:00,Open Mic Night,2024-07-17,9p-1a,Eagle River,Fairview Inn,music,,,system@akconcerts.com,AK Concerts Auto Import,Master Event Database,Approved
2026-08-12 12:00:00,Karaoke,2024-07-17,9p-2a,Eagle River,Yukon Bar,music,,,system@akconcerts.com,AK Concerts Auto Import,Master Event Database,Approved
2026-08-12 12:00:00,Karaoke,2024-08-22,8p-12a,Anchorage,Floaters,music,,,system@akconcerts.com,AK Concerts Auto Import,Master Event Database,Approved
2026-08-12 12:00:00,Ukulele Russ,2024-08-22,10:30p-12a,Eagle River,Chair 5,music,,,system@akconcerts.com,AK Concerts Auto Import,Master Event Database,Approved
2026-08-12 12:00:00,Alaska State Fair,2024-08-22,11a-10p,Eagle River,Alaska State Fair Grounds,festival,,,system@akconcerts.com,AK Concerts Auto Import,Master Event Database,Approved
2026-08-12 12:00:00,Live Music by Local Musicians,2024-08-22,5p-9p,Eagle River,Mykel’s Restaurant,music,,,system@akconcerts.com,AK Concerts Auto Import,Master Event Database,Approved
2026-08-12 12:00:00,Pie Eating Contest Live,2024-08-22,6p-9:30p,Eagle River,Brown Bear Saloon,music,,,system@akconcerts.com,AK Concerts Auto Import,Master Event Database,Approved
2026-08-12 12:00:00,Wynonna Judd,2024-08-22,7p-10p,Eagle River,Alaska State Fair Borealis Theatre,music,,,system@akconcerts.com,AK Concerts Auto Import,Master Event Database,Approved
2026-08-12 12:00:00,Karaoke w/ Sadie,2024-08-22,7p-12a,Eagle River,Klondike Mike’s & the Main Street Grill,music,,,system@akconcerts.com,AK Concerts Auto Import,Master Event Database,Approved
2026-08-12 12:00:00,Karaoke Basket & Brews Party w/ DJ Tony Taylor,2024-08-22,7p-9p,Eagle River,Alaska Salmon Bake,music,,,system@akconcerts.com,AK Concerts Auto Import,Master Event Database,Approved
2026-08-12 12:00:00,Open Mic Night,2024-08-22,8p-11p,Eagle River,The Cabin,music,,,system@akconcerts.com,AK Concerts Auto Import,Master Event Database,Approved
2026-08-12 12:00:00,Open Mic,2024-08-22,8p-11p,Eagle River,Alaskan Hotel and Bar,music,,,system@akconcerts.com,AK Concerts Auto Import,Master Event Database,Approved
2026-08-12 12:00:00,Karaoke Thursdays,2024-08-22,8p-11p,Eagle River,The Crystal Saloon,music,,,system@akconcerts.com,AK Concerts Auto Import,Master Event Database,Approved
2026-08-12 12:00:00,Open Mic w/ Cody Kniceley,2024-08-22,8p-12a,Eagle River,4 Royle Parkers,music,,,system@akconcerts.com,AK Concerts Auto Import,Master Event Database,Approved
2026-08-12 12:00:00,Karaoke Night,2024-08-22,9:15p-12:15a,Eagle River,Alibi Bar & Café,music,,,system@akconcerts.com,AK Concerts Auto Import,Master Event Database,Approved
2026-08-12 12:00:00,Mario Carboni,2024-08-22,9p-1a,Eagle River,Fairview Inn,music,,,system@akconcerts.com,AK Concerts Auto Import,Master Event Database,Approved
2026-08-12 12:00:00,Dance Party w/ DJ Hankerchief,2024-08-22,9p-2a,Eagle River,Yukon Bar,dance,,,system@akconcerts.com,AK Concerts Auto Import,Master Event Database,Approved
2026-08-12 12:00:00,The AKoustic Project,2024-08-22,7p-10p,Wasilla,Tailgater’s Sport’s Bar & Grill,music,,,system@akconcerts.com,AK Concerts Auto Import,Master Event Database,Approved
2026-08-12 12:00:00,Ayden See & Good Companies,2024-08-23,7p-9p,Cooper Landing,Gwin’s Lodge,music,,,system@akconcerts.com,AK Concerts Auto Import,Master Event Database,Approved
2026-08-12 12:00:00,Ukulele Russ & His One Man Frontier Band,2024-08-23,10p-1a,Eagle River,Kharacters Alaskan Bar,music,,,system@akconcerts.com,AK Concerts Auto Import,Master Event Database,Approved
2026-08-12 12:00:00,Earth 2 Travolta,2024-08-23,10p-2a,Eagle River,Klondike Mike’s & the Main Street Grill,music,,,system@akconcerts.com,AK Concerts Auto Import,Master Event Database,Approved
2026-08-12 12:00:00,Alaska State Fair,2024-08-23,11a-10p,Eagle River,Alaska State Fair Grounds,festival,,,system@akconcerts.com,AK Concerts Auto Import,Master Event Database,Approved
2026-08-12 12:00:00,Zen Trembles,2024-08-23,5p-7p,Eagle River,Talkeetna Village Park,music,,,system@akconcerts.com,AK Concerts Auto Import,Master Event Database,Approved
2026-08-12 12:00:00,The Acoustic Oosik,2024-08-23,6p-10p,Eagle River,Odd Man Rush,music,,,system@akconcerts.com,AK Concerts Auto Import,Master Event Database,Approved
2026-08-12 12:00:00,Transient Identity,2024-08-23,6p-10p,Eagle River,Dirty Skillet,music,,,system@akconcerts.com,AK Concerts Auto Import,Master Event Database,Approved
2026-08-12 12:00:00,Piano Music by Erika,2024-08-23,6p-8p,Eagle River,AJ’s Old Town Steakhouse & Tavern,music,,,system@akconcerts.com,AK Concerts Auto Import,Master Event Database,Approved
2026-08-12 12:00:00,Ludacris,2024-08-23,7p-10p,Eagle River,Alaska State Fair Borealis Theatre,music,,,system@akconcerts.com,AK Concerts Auto Import,Master Event Database,Approved
2026-08-12 12:00:00,Roland Roberts Band,2024-08-23,7p-10p,Eagle River,Mountain High Pizza Pie,music,,,system@akconcerts.com,AK Concerts Auto Import,Master Event Database,Approved
2026-08-12 12:00:00,Sons of the East,2024-08-23,7p-11p,Eagle River,Creekbend Café,music,,,system@akconcerts.com,AK Concerts Auto Import,Master Event Database,Approved
2026-08-12 12:00:00,Karaoke,2024-08-23,7p-11p,Eagle River,American Legion Post 15,music,,,system@akconcerts.com,AK Concerts Auto Import,Master Event Database,Approved
2026-08-12 12:00:00,Free Show: Nuclear Physics in Space,2024-08-23,7p-8p,Eagle River,Marie Drake Planetarium,music,,,system@akconcerts.com,AK Concerts Auto Import,Master Event Database,Approved
2026-08-12 12:00:00,TED w/ Once and Future and Ryan Bateman,2024-08-23,8p-11p,Eagle River,The Cabin,music,,,system@akconcerts.com,AK Concerts Auto Import,Master Event Database,Approved
2026-08-12 12:00:00,John J Roberts Y Pan Blanco,2024-08-23,8p-12a,Eagle River,Magpies On The Fly,music,,,system@akconcerts.com,AK Concerts Auto Import,Master Event Database,Approved
2026-08-12 12:00:00,The Jephries Album Release Tour,2024-08-23,9p-12a,Eagle River,Yukon Bar,music,,,system@akconcerts.com,AK Concerts Auto Import,Master Event Database,Approved
2026-08-12 12:00:00,Zen Trembles,2024-08-23,9p-12a,Eagle River,Fairview Inn,music,,,system@akconcerts.com,AK Concerts Auto Import,Master Event Database,Approved
2026-08-12 12:00:00,Naked Presents: School of Hard Knocks,2024-08-23,9p-1a,Eagle River,The Crystal Saloon,music,,,system@akconcerts.com,AK Concerts Auto Import,Master Event Database,Approved
2026-08-12 12:00:00,Comedy Show w/ Andrew J. Andrist & Nathan Hart,2024-08-23,7:30p-9p,Wasilla,Everett’s Restaurant,comedy,,,system@akconcerts.com,AK Concerts Auto Import,Master Event Database,Approved
2026-08-12 12:00:00,Live Music w/ Lia Everett,2024-08-23,7p-9p,Wasilla,Meta & Rose,music,,,system@akconcerts.com,AK Concerts Auto Import,Master Event Database,Approved
2026-08-12 12:00:00,Karaoke Night,2024-08-23,8p-11p,Wasilla,Schwabenhof,music,,,system@akconcerts.com,AK Concerts Auto Import,Master Event Database,Approved
2026-08-12 12:00:00,Pushki Pickers,2024-08-24,7p-10p,Anchorage,Angry Salmon,music,,,system@akconcerts.com,AK Concerts Auto Import,Master Event Database,Approved
2026-08-12 12:00:00,Steve Norwood,2024-08-24,7p-10p,Cooper Landing,Gwin’s Lodge,music,,,system@akconcerts.com,AK Concerts Auto Import,Master Event Database,Approved
2026-08-12 12:00:00,Earth 2 Travolta,2024-08-24,10p-2a,Eagle River,Klondike Mike’s & the Main Street Grill,music,,,system@akconcerts.com,AK Concerts Auto Import,Master Event Database,Approved
2026-08-12 12:00:00,Alaska State Fair,2024-08-24,11a-10p,Eagle River,Alaska State Fair Grounds,festival,,,system@akconcerts.com,AK Concerts Auto Import,Master Event Database,Approved
2026-08-12 12:00:00,Brothers of Tom,2024-08-24,2p-5p,Eagle River,Mountain High Pizza Pie,music,,,system@akconcerts.com,AK Concerts Auto Import,Master Event Database,Approved
2026-08-12 12:00:00,Ukulele Russ,2024-08-24,6p-10p,Eagle River,Dirty Skillet,music,,,system@akconcerts.com,AK Concerts Auto Import,Master Event Database,Approved
2026-08-12 12:00:00,Piano Music by Sunrise Kilcher,2024-08-24,6p-8p,Eagle River,AJ’s Old Town Steakhouse & Tavern,music,,,system@akconcerts.com,AK Concerts Auto Import,Master Event Database,Approved
2026-08-12 12:00:00,Thy Hard,2024-08-24,7p-10p,Eagle River,The Basement,music,,,system@akconcerts.com,AK Concerts Auto Import,Master Event Database,Approved
2026-08-12 12:00:00,Blackwater Railroad Company Live,2024-08-24,7p-10p,Eagle River,Hightower Pub,music,,,system@akconcerts.com,AK Concerts Auto Import,Master Event Database,Approved
2026-08-12 12:00:00,Halestrom,2024-08-24,7p-10p,Eagle River,Alaska State Fair Borealis Theatre,music,,,system@akconcerts.com,AK Concerts Auto Import,Master Event Database,Approved
2026-08-12 12:00:00,Zen Trembles,2024-08-24,7p-10p,Eagle River,Mountain High Pizza Pie,music,,,system@akconcerts.com,AK Concerts Auto Import,Master Event Database,Approved
2026-08-12 12:00:00,Sons of the East,2024-08-24,7p-11p,Eagle River,Creekbend Café,music,,,system@akconcerts.com,AK Concerts Auto Import,Master Event Database,Approved
2026-08-12 12:00:00,Karaoke,2024-08-24,7p-11p,Eagle River,American Legion Post 15,music,,,system@akconcerts.com,AK Concerts Auto Import,Master Event Database,Approved
2026-08-12 12:00:00,Back Street Social Club,2024-08-24,8p-11p,Eagle River,The Cabin,music,,,system@akconcerts.com,AK Concerts Auto Import,Master Event Database,Approved
2026-08-12 12:00:00,Saturday Open Mic,2024-08-24,8p-12a,Eagle River,Magpies On The Fly,music,,,system@akconcerts.com,AK Concerts Auto Import,Master Event Database,Approved
2026-08-12 12:00:00,The Jephries Album Release Tour,2024-08-24,9p-12a,Eagle River,Yukon Bar,music,,,system@akconcerts.com,AK Concerts Auto Import,Master Event Database,Approved
2026-08-12 12:00:00,Naked Presents: School of Hard Knocks,2024-08-24,9p-1a,Eagle River,The Crystal Saloon,music,,,system@akconcerts.com,AK Concerts Auto Import,Master Event Database,Approved
2026-08-12 12:00:00,Nothing But Karma,2024-08-24,9p-1a,Eagle River,Fairview Inn,music,,,system@akconcerts.com,AK Concerts Auto Import,Master Event Database,Approved
2026-08-12 12:00:00,Shaefer Mueller,2024-08-24,6p-10p,Wasilla,Chop House,music,,,system@akconcerts.com,AK Concerts Auto Import,Master Event Database,Approved
2026-08-12 12:00:00,Open Mic Night,2024-08-25,6p-9p,Anchorage,Susitna Brewing,music,,,system@akconcerts.com,AK Concerts Auto Import,Master Event Database,Approved
2026-08-12 12:00:00,Chris Murphy,2024-08-25,8p-11p,Anchorage,Angry Salmon,music,,,system@akconcerts.com,AK Concerts Auto Import,Master Event Database,Approved
2026-08-12 12:00:00,Alaska State Fair,2024-08-25,11a-10p,Eagle River,Alaska State Fair Grounds,festival,,,system@akconcerts.com,AK Concerts Auto Import,Master Event Database,Approved
2026-08-12 12:00:00,Ukulele Russ,2024-08-25,1p-5p,Eagle River,Fairview Inn,music,,,system@akconcerts.com,AK Concerts Auto Import,Master Event Database,Approved
2026-08-12 12:00:00,Steve Durr,2024-08-25,5p-8p,Eagle River,Mountain High Pizza Pie,music,,,system@akconcerts.com,AK Concerts Auto Import,Master Event Database,Approved
2026-08-12 12:00:00,Ludacris,2024-08-25,6p-9p,Eagle River,Alaska State Fair Borealis Theatre,music,,,system@akconcerts.com,AK Concerts Auto Import,Master Event Database,Approved
2026-08-12 12:00:00,Karaoke,2024-08-25,8p-12a,Eagle River,Four Corner’s Lounge,music,,,system@akconcerts.com,AK Concerts Auto Import,Master Event Database,Approved
2026-08-12 12:00:00,Prom Night: Wilderness CosProm,2024-08-25,9p-12a,Eagle River,The Golden Saloon,music,,,system@akconcerts.com,AK Concerts Auto Import,Master Event Database,Approved
2026-08-12 12:00:00,Mario Carboni,2024-08-25,9p-12a,Eagle River,Yukon Bar,music,,,system@akconcerts.com,AK Concerts Auto Import,Master Event Database,Approved
2026-08-12 12:00:00,Open Mic Night,2024-08-25,6p-10p,Wasilla,Everett’s,music,,,system@akconcerts.com,AK Concerts Auto Import,Master Event Database,Approved
2026-08-12 12:00:00,Alaska State Fair,2024-08-26,11a-10p,Eagle River,Alaska State Fair Grounds,festival,,,system@akconcerts.com,AK Concerts Auto Import,Master Event Database,Approved
2026-08-12 12:00:00,The Jephries Album Release Tour,2024-08-26,6p-9:30p,Eagle River,Brown Bear Saloon,music,,,system@akconcerts.com,AK Concerts Auto Import,Master Event Database,Approved
2026-08-12 12:00:00,NeedToBreathe,2024-08-26,7p-10p,Eagle River,Alaska State Fair Borealis Theatre,music,,,system@akconcerts.com,AK Concerts Auto Import,Master Event Database,Approved
2026-08-12 12:00:00,Blackwater Railroad Company,2024-08-26,9p-12a,Eagle River,The Golden Saloon,music,,,system@akconcerts.com,AK Concerts Auto Import,Master Event Database,Approved
2026-08-12 12:00:00,Karaoke,2024-08-26,9p-12a,Eagle River,Four Corner’s Lounge,music,,,system@akconcerts.com,AK Concerts Auto Import,Master Event Database,Approved
2026-08-12 12:00:00,Karaoke,2024-08-26,9p-1a,Eagle River,Fairview Inn,music,,,system@akconcerts.com,AK Concerts Auto Import,Master Event Database,Approved
2026-08-12 12:00:00,Karaoke,2024-08-26,9p-2a,Eagle River,Yukon Bar,music,,,system@akconcerts.com,AK Concerts Auto Import,Master Event Database,Approved
2026-08-12 12:00:00,Lunch on the Lawn: Alex Cruver & Kat Moore,2024-08-27,11:30a-1:30p,Anchorage,Anchorage Museum,music,,,system@akconcerts.com,AK Concerts Auto Import,Master Event Database,Approved
2026-08-12 12:00:00,Taco Tuesdays on the Roof w/ DJ Joe Brady,2024-08-27,4p-10p,Anchorage,Williwaw Social,music,,,system@akconcerts.com,AK Concerts Auto Import,Master Event Database,Approved
2026-08-12 12:00:00,Irish Music and Dancing,2024-08-27,6p-8p,Anchorage,Organic Oasis,music,,,system@akconcerts.com,AK Concerts Auto Import,Master Event Database,Approved
2026-08-12 12:00:00,Garden Grooves: Live Music in the Beer Garden,2024-08-27,6p-9p,Anchorage,49th State Brewing Co,music,,,system@akconcerts.com,AK Concerts Auto Import,Master Event Database,Approved
2026-08-12 12:00:00,A Cappella Performance Opportunity Program,2024-08-27,6p-9p,Anchorage,Alaska Sound Celebration,music,,,system@akconcerts.com,AK Concerts Auto Import,Master Event Database,Approved
2026-08-12 12:00:00,Open Jam Night,2024-08-27,7p-11p,Anchorage,Van’s Dive Bar,music,,,system@akconcerts.com,AK Concerts Auto Import,Master Event Database,Approved
2026-08-12 12:00:00,AK Rockstar Karaoke,2024-08-27,8p-2a,Anchorage,The Carousel Lounge,music,,,system@akconcerts.com,AK Concerts Auto Import,Master Event Database,Approved
2026-08-12 12:00:00,Hope Cassity,2024-08-27,9p-12a,Anchorage,Koot’s,music,,,system@akconcerts.com,AK Concerts Auto Import,Master Event Database,Approved
2026-08-12 12:00:00,Taco Tuesday's with Jim Maloney,2024-08-27,6:30p-10p,Eagle River,Justin Cole’s Down East Saloon,music,,,system@akconcerts.com,AK Concerts Auto Import,Master Event Database,Approved
2026-08-12 12:00:00,Open Stage Night w/ Sabrina Speers,2024-08-27,7:30p-10:30p,Eagle River,Klondike Mike’s & the Main Street Grill,music,,,system@akconcerts.com,AK Concerts Auto Import,Master Event Database,Approved
2026-08-12 12:00:00,Stand Up Comedy Open Mic Night,2024-08-27,7p-9p,Eagle River,Pakalolo Supply Co.,comedy,,,system@akconcerts.com,AK Concerts Auto Import,Master Event Database,Approved
2026-08-12 12:00:00,Tuesday Night Karaoke w/ Rocky,2024-08-27,8p-11p,Eagle River,The Cabin,music,,,system@akconcerts.com,AK Concerts Auto Import,Master Event Database,Approved
2026-08-12 12:00:00,Karaoke,2024-08-27,8p-12a,Eagle River,Four Corner’s Lounge,music,,,system@akconcerts.com,AK Concerts Auto Import,Master Event Database,Approved
2026-08-12 12:00:00,Open Jam Night,2024-08-27,9p-2a,Eagle River,Yukon Bar,music,,,system@akconcerts.com,AK Concerts Auto Import,Master Event Database,Approved
2026-08-12 12:00:00,Taco Tuesdays with Jerry Wessling,2024-08-27,6p-9p,Wasilla,Tug Bar & Goose Bay Inn,music,,,system@akconcerts.com,AK Concerts Auto Import,Master Event Database,Approved
2026-08-12 12:00:00,Karaoke Night,2024-08-27,8p-11p,Wasilla,Schwabenhof,music,,,system@akconcerts.com,AK Concerts Auto Import,Master Event Database,Approved
2026-08-12 12:00:00,Community Storytime,2024-08-28,10:30a-11a,Anchorage,Alaska Zoo,community,,,system@akconcerts.com,AK Concerts Auto Import,Master Event Database,Approved
2026-08-12 12:00:00,The Eternal Cowboys,2024-08-28,10p-12a,Anchorage,Pioneer Bar,music,,,system@akconcerts.com,AK Concerts Auto Import,Master Event Database,Approved
2026-08-12 12:00:00,Koots Karaoke,2024-08-28,10p-2a,Anchorage,Koot’s,music,,,system@akconcerts.com,AK Concerts Auto Import,Master Event Database,Approved
2026-08-12 12:00:00,Sun Sets Roof Party w/ DJ Lloyds Noize,2024-08-28,6p-10p,Anchorage,Williwaw Social,music,,,system@akconcerts.com,AK Concerts Auto Import,Master Event Database,Approved
2026-08-12 12:00:00,Tyrone Palmer & Friends,2024-08-28,7p-10p,Anchorage,907 Alehouse,music,,,system@akconcerts.com,AK Concerts Auto Import,Master Event Database,Approved
2026-08-12 12:00:00,Country Night,2024-08-28,7p-1a,Anchorage,Koot’s,music,,,system@akconcerts.com,AK Concerts Auto Import,Master Event Database,Approved
2026-08-12 12:00:00,Open Mic,2024-08-28,8p-12a,Anchorage,Lil Babes Cocktail Lounge,music,,,system@akconcerts.com,AK Concerts Auto Import,Master Event Database,Approved
2026-08-12 12:00:00,Karaoke,2024-08-28,9p-12a,Anchorage,Mad Myrna’s,music,,,system@akconcerts.com,AK Concerts Auto Import,Master Event Database,Approved
2026-08-12 12:00:00,KARAOKE w/ Uswi,2024-08-28,9p-12a,Anchorage,Van’s Dive Bar,music,,,system@akconcerts.com,AK Concerts Auto Import,Master Event Database,Approved
2026-08-12 12:00:00,Music in the Park Series: Ellie and The Echoes w/ Transient Identity,2024-08-28,6p-9p,Eagle River,Soldotna Creek Park,music,,,system@akconcerts.com,AK Concerts Auto Import,Master Event Database,Approved
2026-08-12 12:00:00,Mike Stackhouse Live,2024-08-28,7p-10p,Eagle River,The Cabin,music,,,system@akconcerts.com,AK Concerts Auto Import,Master Event Database,Approved
2026-08-12 12:00:00,Karaoke,2024-08-28,8p-11p,Eagle River,Alaskan Hotel and Bar,music,,,system@akconcerts.com,AK Concerts Auto Import,Master Event Database,Approved
2026-08-12 12:00:00,Open Mic Wednesdays,2024-08-28,8p-11p,Eagle River,The Crystal Saloon,music,,,system@akconcerts.com,AK Concerts Auto Import,Master Event Database,Approved
2026-08-12 12:00:00,Karaoke,2024-08-28,8p-12a,Eagle River,Four Corner’s Lounge,music,,,system@akconcerts.com,AK Concerts Auto Import,Master Event Database,Approved
2026-08-12 12:00:00,Open Mic Night,2024-08-28,9p-1a,Eagle River,Fairview Inn,music,,,system@akconcerts.com,AK Concerts Auto Import,Master Event Database,Approved
2026-08-12 12:00:00,Karaoke,2024-08-28,9p-2a,Eagle River,Yukon Bar,music,,,system@akconcerts.com,AK Concerts Auto Import,Master Event Database,Approved
2026-08-12 12:00:00,Open Mic,2024-08-28,7:30p-11p,Wasilla,Schwabenhof,music,,,system@akconcerts.com,AK Concerts Auto Import,Master Event Database,Approved
2026-08-12 12:00:00,Cousin Curtiss w/ Black Barrel and the Bad Men,2024-09-11,6p-10p,Eagle River,Palmer Alehouse,music,,,system@akconcerts.com,AK Concerts Auto Import,Master Event Database,Approved
2026-08-12 12:00:00,Open Mic,2024-09-11,7:30p-11p,Eagle River,Schwabenhof,music,,,system@akconcerts.com,AK Concerts Auto Import,Master Event Database,Approved
2026-08-12 12:00:00,COLD CASE by Cathy Tagnak Rexford,2024-09-11,7:30p-9:30p,Eagle River,Perseverance Theatre,music,,,system@akconcerts.com,AK Concerts Auto Import,Master Event Database,Approved
2026-08-12 12:00:00,Mike Stackhouse Live,2024-09-11,7p-10p,Eagle River,The Cabin,music,,,system@akconcerts.com,AK Concerts Auto Import,Master Event Database,Approved
2026-08-12 12:00:00,Roki Kilroy,2024-09-11,7p-11p,Eagle River,Fishhook Bar & Grill,music,,,system@akconcerts.com,AK Concerts Auto Import,Master Event Database,Approved
2026-08-12 12:00:00,Karaoke,2024-09-11,8p-11p,Eagle River,Alaskan Hotel and Bar,music,,,system@akconcerts.com,AK Concerts Auto Import,Master Event Database,Approved
2026-08-12 12:00:00,Open Mic Wednesdays,2024-09-11,8p-11p,Eagle River,The Crystal Saloon,music,,,system@akconcerts.com,AK Concerts Auto Import,Master Event Database,Approved
2026-08-12 12:00:00,Karaoke,2024-09-11,9p-12a,Eagle River,Four Corner’s Lounge,music,,,system@akconcerts.com,AK Concerts Auto Import,Master Event Database,Approved
2026-08-12 12:00:00,Open Mic Night,2024-09-11,9p-1a,Eagle River,Fairview Inn,music,,,system@akconcerts.com,AK Concerts Auto Import,Master Event Database,Approved
2026-08-12 12:00:00,Karaoke,2024-09-11,9p-2a,Eagle River,Yukon Bar,music,,,system@akconcerts.com,AK Concerts Auto Import,Master Event Database,Approved
2026-08-12 12:00:00,Karaoke,2024-09-12,8p-12a,Anchorage,Floaters,music,,,system@akconcerts.com,AK Concerts Auto Import,Master Event Database,Approved
2026-08-12 12:00:00,COLD CASE by Cathy Tagnak Rexford,2024-09-12,7:30p-9:30p,Eagle River,Perseverance Theatre,music,,,system@akconcerts.com,AK Concerts Auto Import,Master Event Database,Approved
2026-08-12 12:00:00,The AKoustic Project,2024-09-12,7p-10p,Eagle River,Tailgater’s Sport’s Bar & Grill,music,,,system@akconcerts.com,AK Concerts Auto Import,Master Event Database,Approved
2026-08-12 12:00:00,Karaoke w/ Sadie,2024-09-12,7p-12a,Eagle River,Klondike Mike’s & the Main Street Grill,music,,,system@akconcerts.com,AK Concerts Auto Import,Master Event Database,Approved
2026-08-12 12:00:00,Karaoke Basket & Brews Party w/ DJ Tony Taylor,2024-09-12,7p-9p,Eagle River,Alaska Salmon Bake,music,,,system@akconcerts.com,AK Concerts Auto Import,Master Event Database,Approved
2026-08-12 12:00:00,Open Mic Night,2024-09-12,8p-11p,Eagle River,The Cabin,music,,,system@akconcerts.com,AK Concerts Auto Import,Master Event Database,Approved
2026-08-12 12:00:00,Open Mic,2024-09-12,8p-11p,Eagle River,Alaskan Hotel and Bar,music,,,system@akconcerts.com,AK Concerts Auto Import,Master Event Database,Approved
2026-08-12 12:00:00,Karaoke Thursdays,2024-09-12,8p-11p,Eagle River,The Crystal Saloon,music,,,system@akconcerts.com,AK Concerts Auto Import,Master Event Database,Approved
2026-08-12 12:00:00,Open Mic w/ Cody Kniceley,2024-09-12,8p-12a,Eagle River,4 Royle Parkers,music,,,system@akconcerts.com,AK Concerts Auto Import,Master Event Database,Approved
2026-08-12 12:00:00,Karaoke Night,2024-09-12,9:15p-12:15a,Eagle River,Alibi Bar & Café,music,,,system@akconcerts.com,AK Concerts Auto Import,Master Event Database,Approved
2026-08-12 12:00:00,Open Mic Night,2024-09-12,9p-12a,Eagle River,Golden Saloon,music,,,system@akconcerts.com,AK Concerts Auto Import,Master Event Database,Approved
2026-08-12 12:00:00,Karaoke,2024-09-12,9p-12a,Eagle River,Four Corner’s Lounge,music,,,system@akconcerts.com,AK Concerts Auto Import,Master Event Database,Approved
2026-08-12 12:00:00,Dance Party w/ DJ Hankerchief,2024-09-12,9p-2a,Eagle River,Yukon Bar,dance,,,system@akconcerts.com,AK Concerts Auto Import,Master Event Database,Approved
2026-08-12 12:00:00,Arctic Oultaws Live,2024-09-13,10p-2a,Eagle River,Klondike Mike’s & the Main Street Grill,music,,,system@akconcerts.com,AK Concerts Auto Import,Master Event Database,Approved
2026-08-12 12:00:00,Juno Smiles,2024-09-13,6p-10p,Eagle River,Dirty Skillet,music,,,system@akconcerts.com,AK Concerts Auto Import,Master Event Database,Approved
2026-08-12 12:00:00,"Climate Change: Earth, Mars, & Venus (2 Shows)",2024-09-13,6p-8:15p,Eagle River,Marie Drake Planetarium,music,,,system@akconcerts.com,AK Concerts Auto Import,Master Event Database,Approved
2026-08-12 12:00:00,Piano Music by Erika,2024-09-13,6p-8p,Eagle River,AJ’s Old Town Steakhouse & Tavern,music,,,system@akconcerts.com,AK Concerts Auto Import,Master Event Database,Approved
2026-08-12 12:00:00,Sergio Castillejo,2024-09-13,6p-9p,Eagle River,Last Frontier Brewing,music,,,system@akconcerts.com,AK Concerts Auto Import,Master Event Database,Approved
2026-08-12 12:00:00,COLD CASE by Cathy Tagnak Rexford,2024-09-13,7:30p-9:30p,Eagle River,Perseverance Theatre,music,,,system@akconcerts.com,AK Concerts Auto Import,Master Event Database,Approved
2026-08-12 12:00:00,Comedy Show w/ Nikki Carr,2024-09-13,7:30p-9p,Eagle River,Everett’s,comedy,,,system@akconcerts.com,AK Concerts Auto Import,Master Event Database,Approved
2026-08-12 12:00:00,Square Dance w/ Music by the Free Radicals,2024-09-13,7p-10p,Eagle River,Creek Street Cabaret,dance,,,system@akconcerts.com,AK Concerts Auto Import,Master Event Database,Approved
2026-08-12 12:00:00,Roland Roberts Band Live,2024-09-13,7p-10p,Eagle River,Palmer Alehouse,music,,,system@akconcerts.com,AK Concerts Auto Import,Master Event Database,Approved
2026-08-12 12:00:00,"Hope Hangout with Próxima Parada, Cousin Curtiss and more",2024-09-13,7p-11p,Eagle River,Creekbend Café,music,,,system@akconcerts.com,AK Concerts Auto Import,Master Event Database,Approved
2026-08-12 12:00:00,Karaoke,2024-09-13,7p-11p,Eagle River,American Legion Post 15,music,,,system@akconcerts.com,AK Concerts Auto Import,Master Event Database,Approved
2026-08-12 12:00:00,Emerge125 Dance Performance,2024-09-13,7p-8:30p,Eagle River,Sitka Performing Arts Center,dance,,,system@akconcerts.com,AK Concerts Auto Import,Master Event Database,Approved
2026-08-12 12:00:00,Live Music w/ Lia Everett,2024-09-13,7p-9p,Eagle River,Meta & Rose,music,,,system@akconcerts.com,AK Concerts Auto Import,Master Event Database,Approved
2026-08-12 12:00:00,Karaoke Night,2024-09-13,8p-11p,Eagle River,Schwabenhof,music,,,system@akconcerts.com,AK Concerts Auto Import,Master Event Database,Approved
2026-08-12 12:00:00,Matt & Co.,2024-09-13,9p-12a,Eagle River,Yukon Bar,music,,,system@akconcerts.com,AK Concerts Auto Import,Master Event Database,Approved
2026-08-12 12:00:00,Raised by Elephants,2024-09-13,9p-1a,Eagle River,Fairview Inn,music,,,system@akconcerts.com,AK Concerts Auto Import,Master Event Database,Approved
2026-08-12 12:00:00,The Stack,2024-09-14,10:30p-2a,Anchorage,Koot’s,music,,,system@akconcerts.com,AK Concerts Auto Import,Master Event Database,Approved
2026-08-12 12:00:00,The Latin Brothers in Alaska,2024-09-14,10p-1a,Anchorage,Matanuska Brewing Company,music,,,system@akconcerts.com,AK Concerts Auto Import,Master Event Database,Approved
2026-08-12 12:00:00,Second Saturday Brunch Music Special,2024-09-14,12p-2p,Anchorage,Writer’s Block Bookstore & Café,music,,,system@akconcerts.com,AK Concerts Auto Import,Master Event Database,Approved
2026-08-12 12:00:00,Ten Dollar Bet,2024-09-14,4p-6p,Anchorage,Organic Oasis,music,,,system@akconcerts.com,AK Concerts Auto Import,Master Event Database,Approved
2026-08-12 12:00:00,Poetry Slam w/ Cash Prizes,2024-09-14,6p-8p,Anchorage,Writer’s Block Bookstore & Café,music,,,system@akconcerts.com,AK Concerts Auto Import,Master Event Database,Approved
2026-08-12 12:00:00,"Sea Raiders on a Roll w/ Nervis Rex, Fan Service, & Megasisqo",2024-09-14,7p-1:30a,Anchorage,Williwaw Social,music,,,system@akconcerts.com,AK Concerts Auto Import,Master Event Database,Approved
2026-08-12 12:00:00,Nervis Rex Rocks the Pirate Pub Crawl,2024-09-14,7p-10p,Anchorage,Williwaw Social,music,,,system@akconcerts.com,AK Concerts Auto Import,Master Event Database,Approved
2026-08-12 12:00:00,Comedian Nikki Carr,2024-09-14,7p-8:30 & 9:30p-11p,Anchorage,Koot’s,music,,,system@akconcerts.com,AK Concerts Auto Import,Master Event Database,Approved
2026-08-12 12:00:00,Dungeons and Dragons,2024-09-14,7p-8:30p,Anchorage,Anchorage Festival of Music,music,,,system@akconcerts.com,AK Concerts Auto Import,Master Event Database,Approved
2026-08-12 12:00:00,Meteor Shower,2024-09-14,7p-8:30p,Anchorage,Cyrano’s Theatre Company,music,,,system@akconcerts.com,AK Concerts Auto Import,Master Event Database,Approved
2026-08-12 12:00:00,Pirate Pub Crawl with Rogues & Wenches,2024-09-14,8:30p-12a,Anchorage,Humpy’s,music,,,system@akconcerts.com,AK Concerts Auto Import,Master Event Database,Approved
2026-08-12 12:00:00,Karaoke w/ DJ Sparkles,2024-09-14,8p-12a,Anchorage,Broken Blender,music,,,system@akconcerts.com,AK Concerts Auto Import,Master Event Database,Approved
2026-08-12 12:00:00,Country Night w/ Dance Lessons & Music,2024-09-14,8p-12a,Anchorage,Pink Cadillac,dance,,,system@akconcerts.com,AK Concerts Auto Import,Master Event Database,Approved
2026-08-12 12:00:00,Wenches & Wrenches: A Steampunk Burlesque Musical,2024-09-14,8p-9:30p,Anchorage,Broken Blender,theatre,,,system@akconcerts.com,AK Concerts Auto Import,Master Event Database,Approved
2026-08-12 12:00:00,Mad Myrna's Diva Variety Show,2024-09-14,9p-11:30p,Anchorage,Mad Myrna’s,music,,,system@akconcerts.com,AK Concerts Auto Import,Master Event Database,Approved
2026-08-12 12:00:00,Latin Night w/ Kagan Ford,2024-09-14,9p-1a,Anchorage,Arctic Academie de Danse,music,,,system@akconcerts.com,AK Concerts Auto Import,Master Event Database,Approved
2026-08-12 12:00:00,Jen X & The Pop Rockets,2024-09-14,9p-1a,Anchorage,The Carousel Lounge,music,,,system@akconcerts.com,AK Concerts Auto Import,Master Event Database,Approved
2026-08-12 12:00:00,DJ Ke,2024-09-14,9p-1a,Anchorage,Flattop Pizza & Pool,music,,,system@akconcerts.com,AK Concerts Auto Import,Master Event Database,Approved
2026-08-12 12:00:00,Blast From The Past,2024-09-14,9p-2:30a,Anchorage,Time Out Lounge,music,,,system@akconcerts.com,AK Concerts Auto Import,Master Event Database,Approved
2026-08-12 12:00:00,Posterchild & Friends,2024-09-14,9p-2a,Anchorage,Koot’s,music,,,system@akconcerts.com,AK Concerts Auto Import,Master Event Database,Approved
2026-08-12 12:00:00,"Noche Latina ""Grito De Dolores""",2024-09-14,10p-2a,Eagle River,The Crystal Saloon,music,,,system@akconcerts.com,AK Concerts Auto Import,Master Event Database,Approved
2026-08-12 12:00:00,Jerry Wessling Band,2024-09-14,10p-2a,Eagle River,Four Corner’s Lounge,music,,,system@akconcerts.com,AK Concerts Auto Import,Master Event Database,Approved
2026-08-12 12:00:00,Arctic Oultaws Live,2024-09-14,10p-2a,Eagle River,Klondike Mike’s & the Main Street Grill,music,,,system@akconcerts.com,AK Concerts Auto Import,Master Event Database,Approved
2026-08-12 12:00:00,Noche Latina Grito De Dolores,2024-09-14,10p-2a,Eagle River,The Crystal Saloon,music,,,system@akconcerts.com,AK Concerts Auto Import,Master Event Database,Approved
2026-08-12 12:00:00,7th Annual Blueberry Ball,2024-09-14,12p-9p,Eagle River,SkeetTawk,music,,,system@akconcerts.com,AK Concerts Auto Import,Master Event Database,Approved
2026-08-12 12:00:00,Juneau Lyric Opera: Auditions for Die Fledemaus,2024-09-14,3p-5p,Eagle River,Holy Trinity Church,theatre,,,system@akconcerts.com,AK Concerts Auto Import,Master Event Database,Approved
2026-08-12 12:00:00,Diamonds & Denim Fundraiser,2024-09-14,5p-8p,Eagle River,Klondike Mike’s & the Main Street Grill,music,,,system@akconcerts.com,AK Concerts Auto Import,Master Event Database,Approved
2026-08-12 12:00:00,Juno Smiles,2024-09-14,6p-10p,Eagle River,Dirty Skillet,music,,,system@akconcerts.com,AK Concerts Auto Import,Master Event Database,Approved
2026-08-12 12:00:00,Piano Music by Sunrise Kilcher,2024-09-14,6p-8p,Eagle River,AJ’s Old Town Steakhouse & Tavern,music,,,system@akconcerts.com,AK Concerts Auto Import,Master Event Database,Approved
2026-08-12 12:00:00,Tyson Davis,2024-09-14,6p-9p,Eagle River,Odd Man Rush,music,,,system@akconcerts.com,AK Concerts Auto Import,Master Event Database,Approved
2026-08-12 12:00:00,Travis Watson,2024-09-14,6p-9p,Eagle River,Last Frontier Brewing,music,,,system@akconcerts.com,AK Concerts Auto Import,Master Event Database,Approved
2026-08-12 12:00:00,COLD CASE by Cathy Tagnak Rexford,2024-09-14,7:30p-9:30p,Eagle River,Perseverance Theatre,music,,,system@akconcerts.com,AK Concerts Auto Import,Master Event Database,Approved
2026-08-12 12:00:00,I Like Robots & 3000-21,2024-09-14,7p-10p,Eagle River,Palmer Alehouse,music,,,system@akconcerts.com,AK Concerts Auto Import,Master Event Database,Approved
2026-08-12 12:00:00,"Hope Hangout with Próxima Parada, Cousin Curtiss and more",2024-09-14,7p-11p,Eagle River,Creekbend Café,music,,,system@akconcerts.com,AK Concerts Auto Import,Master Event Database,Approved
2026-08-12 12:00:00,Karaoke,2024-09-14,7p-11p,Eagle River,American Legion Post 15,music,,,system@akconcerts.com,AK Concerts Auto Import,Master Event Database,Approved
2026-08-12 12:00:00,Earth 2 Travolta & Monster On The Mountain,2024-09-14,7p-11p,Eagle River,Fishhook Bar & Grill,music,,,system@akconcerts.com,AK Concerts Auto Import,Master Event Database,Approved
2026-08-12 12:00:00,SHAGG: Live at the Cabin,2024-09-14,8p-11p,Eagle River,The Cabin,music,,,system@akconcerts.com,AK Concerts Auto Import,Master Event Database,Approved
2026-08-12 12:00:00,Matt & Co.,2024-09-14,9p-12a,Eagle River,Yukon Bar,music,,,system@akconcerts.com,AK Concerts Auto Import,Master Event Database,Approved
2026-08-12 12:00:00,Gold Peak,2024-09-14,9p-1a,Eagle River,Fairview Inn,music,,,system@akconcerts.com,AK Concerts Auto Import,Master Event Database,Approved
2026-08-12 12:00:00,Koots Karaoke,2024-09-15,10p-2a,Anchorage,Koot’s,music,,,system@akconcerts.com,AK Concerts Auto Import,Master Event Database,Approved
2026-08-12 12:00:00,Industry Night w/ Joe Brady,2024-09-15,10p-2a,Anchorage,Pioneer Bar,music,,,system@akconcerts.com,AK Concerts Auto Import,Master Event Database,Approved
2026-08-12 12:00:00,Sunday Brunch w/ THV,2024-09-15,12p-2p,Anchorage,Writer’s Block Bookstore & Café,community,,,system@akconcerts.com,AK Concerts Auto Import,Master Event Database,Approved
2026-08-12 12:00:00,Sunday Song Writer's Social hosted by Shane Russell,2024-09-15,1p-4p,Anchorage,Rage City Vintage,music,,,system@akconcerts.com,AK Concerts Auto Import,Master Event Database,Approved
2026-08-12 12:00:00,Django Jam,2024-09-15,2p-5p,Anchorage,Writer’s Block Bookstore & Café,music,,,system@akconcerts.com,AK Concerts Auto Import,Master Event Database,Approved
2026-08-12 12:00:00,Meteor Shower,2024-09-15,3p-4:30p,Anchorage,Cyrano’s Theatre Company,music,,,system@akconcerts.com,AK Concerts Auto Import,Master Event Database,Approved
2026-08-12 12:00:00,Open Mic & Jam,2024-09-15,4:30p-8:30p,Anchorage,VFW Post 1685,music,,,system@akconcerts.com,AK Concerts Auto Import,Master Event Database,Approved
2026-08-12 12:00:00,Dungeons and Dragons,2024-09-15,4p-5:30p,Anchorage,Anchorage Festival of Music,music,,,system@akconcerts.com,AK Concerts Auto Import,Master Event Database,Approved
2026-08-12 12:00:00,Abbey Blackwell w/ Keeley Boyle & Nelson Kempf,2024-09-15,5p-7p,Anchorage,Rage City Vintage,music,,,system@akconcerts.com,AK Concerts Auto Import,Master Event Database,Approved
2026-08-12 12:00:00,Sunday Blues Jam w/ Rebel Blues Band,2024-09-15,6p-10p,Anchorage,Billiard Palace,music,,,system@akconcerts.com,AK Concerts Auto Import,Master Event Database,Approved
2026-08-12 12:00:00,Open Mic Night,2024-09-15,6p-9p,Anchorage,Susitna Brewing,music,,,system@akconcerts.com,AK Concerts Auto Import,Master Event Database,Approved
2026-08-12 12:00:00,Judy Collins,2024-09-15,7:30p-9p,Anchorage,Alaska Center for the Performing Arts,music,,,system@akconcerts.com,AK Concerts Auto Import,Master Event Database,Approved
2026-08-12 12:00:00,Jared Woods,2024-09-15,7p-10:30p,Anchorage,Humpy’s,music,,,system@akconcerts.com,AK Concerts Auto Import,Master Event Database,Approved
2026-08-12 12:00:00,Open Mic Night w/ Mister Boobs,2024-09-15,7p-10p,Anchorage,Broken Blender,music,,,system@akconcerts.com,AK Concerts Auto Import,Master Event Database,Approved
2026-08-12 12:00:00,Open Mic Night,2024-09-15,7p-11p,Anchorage,Van’s Dive Bar,music,,,system@akconcerts.com,AK Concerts Auto Import,Master Event Database,Approved
2026-08-12 12:00:00,Comedy Open Mic,2024-09-15,8:30p-10p,Anchorage,Koot’s,comedy,,,system@akconcerts.com,AK Concerts Auto Import,Master Event Database,Approved
2026-08-12 12:00:00,Open Jam with Blast From The Past,2024-09-15,8:30p-1a,Anchorage,Time Out Lounge,music,,,system@akconcerts.com,AK Concerts Auto Import,Master Event Database,Approved
2026-08-12 12:00:00,Karaoke,2024-09-15,9p-12a,Anchorage,Mad Myrna’s,music,,,system@akconcerts.com,AK Concerts Auto Import,Master Event Database,Approved
2026-08-12 12:00:00,Sunday Karaoke,2024-09-15,9p-2a,Anchorage,The Carousel Lounge,music,,,system@akconcerts.com,AK Concerts Auto Import,Master Event Database,Approved
2026-08-12 12:00:00,COLD CASE by Cathy Tagnak Rexford,2024-09-15,4p-6p,Eagle River,Perseverance Theatre,music,,,system@akconcerts.com,AK Concerts Auto Import,Master Event Database,Approved
2026-08-12 12:00:00,Open Mic Night,2024-09-15,6p-10p,Eagle River,Everett’s,music,,,system@akconcerts.com,AK Concerts Auto Import,Master Event Database,Approved
2026-08-12 12:00:00,Last Man Standing Comedy Show,2024-09-15,9p-12a,Eagle River,Golden Saloon,comedy,,,system@akconcerts.com,AK Concerts Auto Import,Master Event Database,Approved
2026-08-12 12:00:00,AJW Community Jazz Jam Session,2024-09-16,6p-9p,Anchorage,K Street Market,music,,,system@akconcerts.com,AK Concerts Auto Import,Master Event Database,Approved
2026-08-12 12:00:00,All Ages Open Mic,2024-09-16,6p-9p,Anchorage,Rage City Vintage,music,,,system@akconcerts.com,AK Concerts Auto Import,Master Event Database,Approved
2026-08-12 12:00:00,Koots Open Mic,2024-09-16,9p-12a,Anchorage,Koot’s,music,,,system@akconcerts.com,AK Concerts Auto Import,Master Event Database,Approved
2026-08-12 12:00:00,Jay Straw's Bass to Mouth Mondays!,2024-09-16,9p-12a,Anchorage,Van’s Dive Bar,music,,,system@akconcerts.com,AK Concerts Auto Import,Master Event Database,Approved
2026-08-12 12:00:00,COLD CASE by Cathy Tagnak Rexford,2024-09-16,7:30p-9:30p,Eagle River,Perseverance Theatre,music,,,system@akconcerts.com,AK Concerts Auto Import,Master Event Database,Approved
2026-08-12 12:00:00,Karaoke,2024-09-16,9p-12a,Eagle River,Four Corner’s Lounge,music,,,system@akconcerts.com,AK Concerts Auto Import,Master Event Database,Approved
2026-08-12 12:00:00,Karaoke,2024-09-16,9p-2a,Eagle River,Yukon Bar,music,,,system@akconcerts.com,AK Concerts Auto Import,Master Event Database,Approved
2026-08-12 12:00:00,Phatt Tuesday New Orleans Jazz & Funk,2024-09-17,6p-10p,Anchorage,Matanuska Brewing,music,,,system@akconcerts.com,AK Concerts Auto Import,Master Event Database,Approved
2026-08-12 12:00:00,Irish Music and Dancing,2024-09-17,6p-8p,Anchorage,Organic Oasis,music,,,system@akconcerts.com,AK Concerts Auto Import,Master Event Database,Approved
2026-08-12 12:00:00,A Cappella Performance Opportunity Program,2024-09-17,6p-9p,Anchorage,Alaska Sound Celebration,music,,,system@akconcerts.com,AK Concerts Auto Import,Master Event Database,Approved
2026-08-12 12:00:00,Open Jam Night,2024-09-17,7p-11p,Anchorage,Van’s Dive Bar,music,,,system@akconcerts.com,AK Concerts Auto Import,Master Event Database,Approved
2026-08-12 12:00:00,AK Rockstar Karaoke,2024-09-17,8p-2a,Anchorage,The Carousel Lounge,music,,,system@akconcerts.com,AK Concerts Auto Import,Master Event Database,Approved
2026-08-12 12:00:00,Mad Myrna's Comedy Showcase,2024-09-17,9p-11:30p,Anchorage,Mad Myrna’s,comedy,,,system@akconcerts.com,AK Concerts Auto Import,Master Event Database,Approved
2026-08-12 12:00:00,Eternal Cowboys,2024-09-17,9p-12a,Anchorage,Koot’s,music,,,system@akconcerts.com,AK Concerts Auto Import,Master Event Database,Approved
2026-08-12 12:00:00,Midnight Freestyle,2024-09-17,9p-2a,Anchorage,Koot’s,music,,,system@akconcerts.com,AK Concerts Auto Import,Master Event Database,Approved
2026-08-12 12:00:00,Taco Tuesday's with Jim Maloney,2024-09-17,6:30p-10p,Eagle River,Justin Cole’s Down East Saloon,music,,,system@akconcerts.com,AK Concerts Auto Import,Master Event Database,Approved
2026-08-12 12:00:00,Taco Tuesdays with Jerry Wessling,2024-09-17,6p-9p,Eagle River,Tug Bar & Goose Bay Inn,music,,,system@akconcerts.com,AK Concerts Auto Import,Master Event Database,Approved
2026-08-12 12:00:00,COLD CASE by Cathy Tagnak Rexford,2024-09-17,7:30p-9:30p,Eagle River,Perseverance Theatre,music,,,system@akconcerts.com,AK Concerts Auto Import,Master Event Database,Approved
2026-08-12 12:00:00,Jazz Jam Tuesdays,2024-09-17,8p-11p,Eagle River,The Crystal Saloon,music,,,system@akconcerts.com,AK Concerts Auto Import,Master Event Database,Approved
2026-08-12 12:00:00,Karaoke Night,2024-09-17,8p-11p,Eagle River,Schwabenhof,music,,,system@akconcerts.com,AK Concerts Auto Import,Master Event Database,Approved
2026-08-12 12:00:00,Open Mic Night,2024-09-17,8p-12a,Eagle River,Four Corner’s Lounge,music,,,system@akconcerts.com,AK Concerts Auto Import,Master Event Database,Approved
2026-08-12 12:00:00,Open Jam Night,2024-09-17,9p-2a,Eagle River,Yukon Bar,music,,,system@akconcerts.com,AK Concerts Auto Import,Master Event Database,Approved
2026-08-12 12:00:00,Community Storytime,2024-09-18,10:30a-11a,Anchorage,Alaska Zoo,community,,,system@akconcerts.com,AK Concerts Auto Import,Master Event Database,Approved
2026-08-12 12:00:00,The Eternal Cowboys,2024-09-18,10p-12a,Anchorage,Pioneer Bar,music,,,system@akconcerts.com,AK Concerts Auto Import,Master Event Database,Approved
2026-08-12 12:00:00,Koots Karaoke,2024-09-18,10p-2a,Anchorage,Koot’s,music,,,system@akconcerts.com,AK Concerts Auto Import,Master Event Database,Approved
2026-08-12 12:00:00,Tyrone Palmer & Friends,2024-09-18,7p-10p,Anchorage,907 Alehouse,music,,,system@akconcerts.com,AK Concerts Auto Import,Master Event Database,Approved
2026-08-12 12:00:00,Line Dance Night,2024-09-18,7p-10p,Anchorage,Pink Cadillac,dance,,,system@akconcerts.com,AK Concerts Auto Import,Master Event Database,Approved
2026-08-12 12:00:00,Country Night & Dance Lessons,2024-09-18,7p-1a,Anchorage,Koot’s,dance,,,system@akconcerts.com,AK Concerts Auto Import,Master Event Database,Approved
2026-08-12 12:00:00,Open Mic,2024-09-18,8p-12a,Anchorage,Lil Babes Cocktail Lounge,music,,,system@akconcerts.com,AK Concerts Auto Import,Master Event Database,Approved
2026-08-12 12:00:00,KARAOKE w/ Uswi,2024-09-18,9p-12a,Anchorage,Van’s Dive Bar,music,,,system@akconcerts.com,AK Concerts Auto Import,Master Event Database,Approved
2026-08-12 12:00:00,Open Mic,2024-09-18,7:30p-11p,Eagle River,Schwabenhof,music,,,system@akconcerts.com,AK Concerts Auto Import,Master Event Database,Approved
2026-08-12 12:00:00,COLD CASE by Cathy Tagnak Rexford,2024-09-18,7:30p-9:30p,Eagle River,Perseverance Theatre,music,,,system@akconcerts.com,AK Concerts Auto Import,Master Event Database,Approved
2026-08-12 12:00:00,Karaoke,2024-09-18,8p-11p,Eagle River,Alaskan Hotel and Bar,music,,,system@akconcerts.com,AK Concerts Auto Import,Master Event Database,Approved
2026-08-12 12:00:00,Open Mic Wednesdays,2024-09-18,8p-11p,Eagle River,The Crystal Saloon,music,,,system@akconcerts.com,AK Concerts Auto Import,Master Event Database,Approved
2026-08-12 12:00:00,Karaoke,2024-09-18,9p-12a,Eagle River,Four Corner’s Lounge,music,,,system@akconcerts.com,AK Concerts Auto Import,Master Event Database,Approved
2026-08-12 12:00:00,Open Mic Night,2024-09-18,9p-1a,Eagle River,Fairview Inn,music,,,system@akconcerts.com,AK Concerts Auto Import,Master Event Database,Approved
2026-08-12 12:00:00,Karaoke,2024-09-18,9p-2a,Eagle River,Yukon Bar,music,,,system@akconcerts.com,AK Concerts Auto Import,Master Event Database,Approved
2026-08-12 12:00:00,Karaoke,2024-10-03,8p-12a,Anchorage,Floaters,music,,,system@akconcerts.com,AK Concerts Auto Import,Master Event Database,Approved
2026-08-12 12:00:00,Jerry Wessling Band,2024-10-04,10p-2a,Eagle River,Four Corner’s Lounge,music,,,system@akconcerts.com,AK Concerts Auto Import,Master Event Database,Approved
2026-08-12 12:00:00,The Glacier Hoppers Band,2024-10-04,10p-2a,Eagle River,The Mug-Shot Saloon,music,,,system@akconcerts.com,AK Concerts Auto Import,Master Event Database,Approved
2026-08-12 12:00:00,Eric Doucet Live,2024-10-04,6p-10p,Eagle River,Main Street Tap & Grill,music,,,system@akconcerts.com,AK Concerts Auto Import,Master Event Database,Approved
2026-08-12 12:00:00,Karaoke,2024-10-04,7p-11p,Eagle River,American Legion Post 15,music,,,system@akconcerts.com,AK Concerts Auto Import,Master Event Database,Approved
2026-08-12 12:00:00,Karaoke Night,2024-10-04,8p-11p,Eagle River,Schwabenhof,music,,,system@akconcerts.com,AK Concerts Auto Import,Master Event Database,Approved
2026-08-12 12:00:00,Will Balcoa & Company,2024-10-04,9p-1a,Eagle River,Fairview Inn,music,,,system@akconcerts.com,AK Concerts Auto Import,Master Event Database,Approved
2026-08-12 12:00:00,Ukulele Russ & His One Man Frontier Band 9p-12a?,2024-10-04,TBD,Eagle River,Kharacter’s Alaskan Bar,music,,,system@akconcerts.com,AK Concerts Auto Import,Master Event Database,Approved
2026-08-12 12:00:00,Ukulele Russ & His One Man Frontier Band,2024-10-05,7p-10p,Anchorage,Angry Salmon,music,,,system@akconcerts.com,AK Concerts Auto Import,Master Event Database,Approved
2026-08-12 12:00:00,"Noche Latina ""Un Ano De Aniversario""",2024-10-05,10p-2a,Eagle River,The Crystal Saloon,music,,,system@akconcerts.com,AK Concerts Auto Import,Master Event Database,Approved
2026-08-12 12:00:00,Jerry Wessling Band,2024-10-05,10p-2a,Eagle River,Four Corner’s Lounge,music,,,system@akconcerts.com,AK Concerts Auto Import,Master Event Database,Approved
2026-08-12 12:00:00,The Glacier Hoppers Band,2024-10-05,10p-2a,Eagle River,The Mug-Shot Saloon,music,,,system@akconcerts.com,AK Concerts Auto Import,Master Event Database,Approved
2026-08-12 12:00:00,Noche Latina Un Ano De Aniversario,2024-10-05,10p-2a,Eagle River,The Crystal Saloon,music,,,system@akconcerts.com,AK Concerts Auto Import,Master Event Database,Approved
2026-08-12 12:00:00,HallowQueen! Gigi’s Drag Brunch Halloween Edition,2024-10-05,12p-2p,Eagle River,T.K. Maguire’s,community,,,system@akconcerts.com,AK Concerts Auto Import,Master Event Database,Approved
2026-08-12 12:00:00,Annual Hopetober Fest with Blackwater Railroad,2024-10-05,1p-8p,Eagle River,Creekbend Café,festival,,,system@akconcerts.com,AK Concerts Auto Import,Master Event Database,Approved
2026-08-12 12:00:00,HaHas for TaTas: A Comedy Night Fundraiser,2024-10-05,6p-10p,Eagle River,Main Street Tap & Grill,comedy,,,system@akconcerts.com,AK Concerts Auto Import,Master Event Database,Approved
2026-08-12 12:00:00,Oktoberfest with Jerry Wessling & Eric Lovely,2024-10-05,6p-10p,Eagle River,Schwabenhof,festival,,,system@akconcerts.com,AK Concerts Auto Import,Master Event Database,Approved
2026-08-12 12:00:00,Piano Music by Sunrise Kilcher,2024-10-05,6p-8p,Eagle River,AJ’s Old Town Steakhouse & Tavern,music,,,system@akconcerts.com,AK Concerts Auto Import,Master Event Database,Approved
2026-08-12 12:00:00,Skerryvore,2024-10-05,7:30p-9:20p,Eagle River,Hering Auditorium,music,,,system@akconcerts.com,AK Concerts Auto Import,Master Event Database,Approved
2026-08-12 12:00:00,Decepticide & Wayward Shot,2024-10-05,7p-10p,Eagle River,Odd Man Rush,music,,,system@akconcerts.com,AK Concerts Auto Import,Master Event Database,Approved
2026-08-12 12:00:00,Octoberfest w/ H3 Hawaii Reggae Live,2024-10-05,7p-10p,Eagle River,Palmer Alehouse,festival,,,system@akconcerts.com,AK Concerts Auto Import,Master Event Database,Approved
2026-08-12 12:00:00,The Miscast Spooktacular,2024-10-05,7p-10p,Eagle River,Valley Performing Arts,music,,,system@akconcerts.com,AK Concerts Auto Import,Master Event Database,Approved
2026-08-12 12:00:00,Karaoke,2024-10-05,7p-11p,Eagle River,American Legion Post 15,music,,,system@akconcerts.com,AK Concerts Auto Import,Master Event Database,Approved
2026-08-12 12:00:00,Free Dance Lessons w/ Shufflin' Country Style,2024-10-05,7p-8p,Eagle River,American Legion Post 15,dance,,,system@akconcerts.com,AK Concerts Auto Import,Master Event Database,Approved
2026-08-12 12:00:00,An Evening of One Act Plays,2024-10-05,7p-9p,Eagle River,Sheldon Community Arts Hanger,theatre,,,system@akconcerts.com,AK Concerts Auto Import,Master Event Database,Approved
2026-08-12 12:00:00,"Dystopia Dance Party w/ The Wet Spots, Rut, & Concrete to Clouds",2024-10-05,9p-1a,Eagle River,Alice’s Champagne Palace,dance,,,system@akconcerts.com,AK Concerts Auto Import,Master Event Database,Approved
2026-08-12 12:00:00,Cami from Miami,2024-10-05,9p-1a,Eagle River,Fairview Inn,music,,,system@akconcerts.com,AK Concerts Auto Import,Master Event Database,Approved
2026-08-12 12:00:00,Karaoke,2024-10-05,9p-2a,Eagle River,Yukon Bar,music,,,system@akconcerts.com,AK Concerts Auto Import,Master Event Database,Approved
2026-08-12 12:00:00,Koots Karaoke,2024-10-06,10p-2a,Anchorage,Koot’s,music,,,system@akconcerts.com,AK Concerts Auto Import,Master Event Database,Approved
2026-08-12 12:00:00,Industry Night w/ Joe Brady,2024-10-06,10p-2a,Anchorage,Pioneer Bar,music,,,system@akconcerts.com,AK Concerts Auto Import,Master Event Database,Approved
2026-08-12 12:00:00,30 Years of Humpy's Oktoberfest Parties,2024-10-06,12p-12a,Anchorage,Humpy’s,festival,,,system@akconcerts.com,AK Concerts Auto Import,Master Event Database,Approved
2026-08-12 12:00:00,Sunday Brunch w/ Alex Parsons,2024-10-06,12p-2p,Anchorage,Writer’s Block Bookstore & Café,community,,,system@akconcerts.com,AK Concerts Auto Import,Master Event Database,Approved
2026-08-12 12:00:00,Open Mic & Jam,2024-10-06,4:30p-8:30p,Anchorage,VFW Post 1685,music,,,system@akconcerts.com,AK Concerts Auto Import,Master Event Database,Approved
2026-08-12 12:00:00,Sunday Blues Jam w/ Rebel Blues Band,2024-10-06,6p-10p,Anchorage,Billiard Palace,music,,,system@akconcerts.com,AK Concerts Auto Import,Master Event Database,Approved
2026-08-12 12:00:00,Open Mic Night,2024-10-06,6p-9p,Anchorage,Susitna Brewing,music,,,system@akconcerts.com,AK Concerts Auto Import,Master Event Database,Approved
2026-08-12 12:00:00,Open Mic Night w/ Mister Boobs,2024-10-06,7p-10p,Anchorage,Broken Blender,music,,,system@akconcerts.com,AK Concerts Auto Import,Master Event Database,Approved
2026-08-12 12:00:00,Open Mic Night,2024-10-06,7p-11p,Anchorage,Van’s Dive Bar,music,,,system@akconcerts.com,AK Concerts Auto Import,Master Event Database,Approved
2026-08-12 12:00:00,Comedy Open Mic,2024-10-06,8:30p-10p,Anchorage,Koot’s,comedy,,,system@akconcerts.com,AK Concerts Auto Import,Master Event Database,Approved
2026-08-12 12:00:00,Open Jam with Blast From The Past,2024-10-06,8:30p-1a,Anchorage,Time Out Lounge,music,,,system@akconcerts.com,AK Concerts Auto Import,Master Event Database,Approved
2026-08-12 12:00:00,Latin Night,2024-10-06,8p-12a,Anchorage,Pink Cadillac,music,,,system@akconcerts.com,AK Concerts Auto Import,Master Event Database,Approved
2026-08-12 12:00:00,Karaoke,2024-10-06,9p-12a,Anchorage,Mad Myrna’s,music,,,system@akconcerts.com,AK Concerts Auto Import,Master Event Database,Approved
2026-08-12 12:00:00,Sunday Karaoke,2024-10-06,9p-2a,Anchorage,The Carousel Lounge,music,,,system@akconcerts.com,AK Concerts Auto Import,Master Event Database,Approved
2026-08-12 12:00:00,Deer-A-Palooza in Palmer!,2024-10-06,3p-5p,Eagle River,Palmer Alehouse,music,,,system@akconcerts.com,AK Concerts Auto Import,Master Event Database,Approved
2026-08-12 12:00:00,Open Mic Night,2024-10-06,6p-10p,Eagle River,Everett’s,music,,,system@akconcerts.com,AK Concerts Auto Import,Master Event Database,Approved
2026-08-12 12:00:00,AJW Community Jazz Jam Session,2024-10-07,6p-9p,Anchorage,K Street Market,music,,,system@akconcerts.com,AK Concerts Auto Import,Master Event Database,Approved
2026-08-12 12:00:00,Koots Open Mic,2024-10-07,9p-12a,Anchorage,Koot’s,music,,,system@akconcerts.com,AK Concerts Auto Import,Master Event Database,Approved
2026-08-12 12:00:00,Jay Straw's Bass to Mouth Mondays!,2024-10-07,9p-12a,Anchorage,Van’s Dive Bar,music,,,system@akconcerts.com,AK Concerts Auto Import,Master Event Database,Approved
2026-08-12 12:00:00,Karaoke,2024-10-07,9p-12a,Eagle River,Four Corner’s Lounge,music,,,system@akconcerts.com,AK Concerts Auto Import,Master Event Database,Approved
2026-08-12 12:00:00,Karaoke,2024-10-07,9p-2a,Eagle River,Yukon Bar,music,,,system@akconcerts.com,AK Concerts Auto Import,Master Event Database,Approved
2026-08-12 12:00:00,Phatt Tuesday New Orleans Jazz & Funk,2024-10-08,6p-10p,Anchorage,Matanuska Brewing,music,,,system@akconcerts.com,AK Concerts Auto Import,Master Event Database,Approved
2026-08-12 12:00:00,Irish Music and Dancing,2024-10-08,6p-8p,Anchorage,Organic Oasis,music,,,system@akconcerts.com,AK Concerts Auto Import,Master Event Database,Approved
2026-08-12 12:00:00,Open Jam Night,2024-10-08,7p-11p,Anchorage,Van’s Dive Bar,music,,,system@akconcerts.com,AK Concerts Auto Import,Master Event Database,Approved
2026-08-12 12:00:00,AK Rockstar Karaoke,2024-10-08,8p-2a,Anchorage,The Carousel Lounge,music,,,system@akconcerts.com,AK Concerts Auto Import,Master Event Database,Approved
2026-08-12 12:00:00,Eternal Cowboys,2024-10-08,9p-12a,Anchorage,Koot’s,music,,,system@akconcerts.com,AK Concerts Auto Import,Master Event Database,Approved
2026-08-12 12:00:00,Taco Tuesday's with Jim Maloney,2024-10-08,6:30p-10p,Eagle River,Justin Cole’s Down East Saloon,music,,,system@akconcerts.com,AK Concerts Auto Import,Master Event Database,Approved
2026-08-12 12:00:00,Taco Tuesdays with Jerry Wessling,2024-10-08,6p-9p,Eagle River,Tug Bar & Goose Bay Inn,music,,,system@akconcerts.com,AK Concerts Auto Import,Master Event Database,Approved
2026-08-12 12:00:00,Jazz Jam Tuesdays,2024-10-08,8p-11p,Eagle River,The Crystal Saloon,music,,,system@akconcerts.com,AK Concerts Auto Import,Master Event Database,Approved
2026-08-12 12:00:00,Karaoke Night,2024-10-08,8p-11p,Eagle River,Schwabenhof,music,,,system@akconcerts.com,AK Concerts Auto Import,Master Event Database,Approved
2026-08-12 12:00:00,Open Mic Night,2024-10-08,8p-12a,Eagle River,Four Corner’s Lounge,music,,,system@akconcerts.com,AK Concerts Auto Import,Master Event Database,Approved
2026-08-12 12:00:00,Open Jam Night,2024-10-08,9p-2a,Eagle River,Yukon Bar,music,,,system@akconcerts.com,AK Concerts Auto Import,Master Event Database,Approved
2026-08-12 12:00:00,Community Storytime,2024-10-09,10:30a-11a,Anchorage,Alaska Zoo,community,,,system@akconcerts.com,AK Concerts Auto Import,Master Event Database,Approved
2026-08-12 12:00:00,The Eternal Cowboys,2024-10-09,10p-12a,Anchorage,Pioneer Bar,music,,,system@akconcerts.com,AK Concerts Auto Import,Master Event Database,Approved
2026-08-12 12:00:00,Koots Karaoke,2024-10-09,10p-2a,Anchorage,Koot’s,music,,,system@akconcerts.com,AK Concerts Auto Import,Master Event Database,Approved
2026-08-12 12:00:00,Tyrone Palmer & Friends,2024-10-09,7p-10p,Anchorage,907 Alehouse,music,,,system@akconcerts.com,AK Concerts Auto Import,Master Event Database,Approved
2026-08-12 12:00:00,Line Dance Night,2024-10-09,7p-10p,Anchorage,Pink Cadillac,dance,,,system@akconcerts.com,AK Concerts Auto Import,Master Event Database,Approved
2026-08-12 12:00:00,Country Night & Dance Lessons,2024-10-09,7p-1a,Anchorage,Koot’s,dance,,,system@akconcerts.com,AK Concerts Auto Import,Master Event Database,Approved
2026-08-12 12:00:00,Open Mic,2024-10-09,8p-12a,Anchorage,Lil Babes Cocktail Lounge,music,,,system@akconcerts.com,AK Concerts Auto Import,Master Event Database,Approved
2026-08-12 12:00:00,AK Rockstar Karaoke,2024-10-09,8p-2a,Anchorage,The Carousel Lounge,music,,,system@akconcerts.com,AK Concerts Auto Import,Master Event Database,Approved
2026-08-12 12:00:00,KARAOKE w/ Uswi,2024-10-09,9p-12a,Anchorage,Van’s Dive Bar,music,,,system@akconcerts.com,AK Concerts Auto Import,Master Event Database,Approved
2026-08-12 12:00:00,Open Mic,2024-10-09,7:30p-11p,Eagle River,Schwabenhof,music,,,system@akconcerts.com,AK Concerts Auto Import,Master Event Database,Approved
2026-08-12 12:00:00,Karaoke,2024-10-09,8p-11p,Eagle River,Alaskan Hotel and Bar,music,,,system@akconcerts.com,AK Concerts Auto Import,Master Event Database,Approved
2026-08-12 12:00:00,Open Mic Wednesdays,2024-10-09,8p-11p,Eagle River,The Crystal Saloon,music,,,system@akconcerts.com,AK Concerts Auto Import,Master Event Database,Approved
2026-08-12 12:00:00,Karaoke,2024-10-09,9p-12a,Eagle River,Four Corner’s Lounge,music,,,system@akconcerts.com,AK Concerts Auto Import,Master Event Database,Approved
2026-08-12 12:00:00,Open Mic,2024-10-09,9p-1a,Eagle River,Fairview Inn,music,,,system@akconcerts.com,AK Concerts Auto Import,Master Event Database,Approved
2026-08-12 12:00:00,Karaoke,2024-10-09,9p-2a,Eagle River,Yukon Bar,music,,,system@akconcerts.com,AK Concerts Auto Import,Master Event Database,Approved
2026-08-12 12:00:00,Acoustic Oosik,2024-10-11,9p-1a,Eagle River,Fairview Inn,music,,,system@akconcerts.com,AK Concerts Auto Import,Master Event Database,Approved
2026-08-12 12:00:00,Live Music w/ Rick Brooks,2024-11-20,8p-11p,Eagle River,Schwabenhof,music,,,system@akconcerts.com,AK Concerts Auto Import,Master Event Database,Approved
2026-08-12 12:00:00,Open Mic,2024-11-27,7:30p-11p,Eagle River,Schwabenhof,music,,,system@akconcerts.com,AK Concerts Auto Import,Master Event Database,Approved
2026-08-12 12:00:00,Karaoke,2024-11-27,8p-11p,Eagle River,Alaskan Hotel and Bar,music,,,system@akconcerts.com,AK Concerts Auto Import,Master Event Database,Approved
2026-08-12 12:00:00,Open Mic Wednesday,2024-11-27,8p-11p,Eagle River,The Crystal Saloon,music,,,system@akconcerts.com,AK Concerts Auto Import,Master Event Database,Approved
2026-08-12 12:00:00,Karaoke,2024-11-27,9p-12a,Eagle River,Four Corner’s Lounge,music,,,system@akconcerts.com,AK Concerts Auto Import,Master Event Database,Approved
2026-08-12 12:00:00,Open Mic,2024-11-27,9p-1a,Eagle River,Fairview Inn,music,,,system@akconcerts.com,AK Concerts Auto Import,Master Event Database,Approved
2026-08-12 12:00:00,Karaoke,2024-11-27,9p-2a,Eagle River,Yukon Bar,music,,,system@akconcerts.com,AK Concerts Auto Import,Master Event Database,Approved
2026-08-12 12:00:00,Karaoke,2024-11-28,8p-12a,Anchorage,Floaters,music,,,system@akconcerts.com,AK Concerts Auto Import,Master Event Database,Approved
2026-08-12 12:00:00,Thanksgiving with Juno Smile,2024-11-28,4p-7p,Eagle River,Hatcher Pass Lodge,music,,,system@akconcerts.com,AK Concerts Auto Import,Master Event Database,Approved
2026-08-12 12:00:00,The AKoustic Project,2024-11-28,7p-10p,Eagle River,Tailgater’s Sport’s Bar & Grill,music,,,system@akconcerts.com,AK Concerts Auto Import,Master Event Database,Approved
2026-08-12 12:00:00,Comedy w/ Kellen Erskine,2024-11-28,7p-9p,Eagle River,The Spur,comedy,,,system@akconcerts.com,AK Concerts Auto Import,Master Event Database,Approved
2026-08-12 12:00:00,Open Mic,2024-11-28,8p-11p,Eagle River,Alaskan Hotel and Bar,music,,,system@akconcerts.com,AK Concerts Auto Import,Master Event Database,Approved
2026-08-12 12:00:00,Karaoke Thursdays,2024-11-28,8p-11p,Eagle River,The Crystal Saloon,music,,,system@akconcerts.com,AK Concerts Auto Import,Master Event Database,Approved
2026-08-12 12:00:00,Open Mic w/ Cody Kniceley,2024-11-28,8p-12a,Eagle River,4 Royle Parkers,music,,,system@akconcerts.com,AK Concerts Auto Import,Master Event Database,Approved
2026-08-12 12:00:00,Karaoke Night,2024-11-28,9:15p-12:15a,Eagle River,Alibi Bar & Café,music,,,system@akconcerts.com,AK Concerts Auto Import,Master Event Database,Approved
2026-08-12 12:00:00,Karaoke,2024-11-28,9p-12a,Eagle River,Four Corner’s Lounge,music,,,system@akconcerts.com,AK Concerts Auto Import,Master Event Database,Approved
2026-08-12 12:00:00,Jacques Longpre,2024-11-29,7p-10p,Anchorage,Angry Salmon,music,,,system@akconcerts.com,AK Concerts Auto Import,Master Event Database,Approved
2026-08-12 12:00:00,Jerry Wessling,2024-11-29,10p-2a,Eagle River,Four Corner’s Lounge,music,,,system@akconcerts.com,AK Concerts Auto Import,Master Event Database,Approved
2026-08-12 12:00:00,Glacier Hoppers Band,2024-11-29,10p-2a,Eagle River,The Mug-Shot Saloon,music,,,system@akconcerts.com,AK Concerts Auto Import,Master Event Database,Approved
2026-08-12 12:00:00,All Ages Open Mic Night,2024-11-29,5p-7p,Eagle River,Black Birch Books,music,,,system@akconcerts.com,AK Concerts Auto Import,Master Event Database,Approved
2026-08-12 12:00:00,Christmas Tree Lighting & Ice Skating w/Santa,2024-11-29,6:30p-9p,Eagle River,Douglas Community United Methodist Church,music,,,system@akconcerts.com,AK Concerts Auto Import,Master Event Database,Approved
2026-08-12 12:00:00,Piano Music by Erika,2024-11-29,6p-8p,Eagle River,AJ’s Old Town Steakhouse & Tavern,music,,,system@akconcerts.com,AK Concerts Auto Import,Master Event Database,Approved
2026-08-12 12:00:00,H3 Hawaiian Reggae,2024-11-29,7p-10p,Eagle River,Odd Man Rush,music,,,system@akconcerts.com,AK Concerts Auto Import,Master Event Database,Approved
2026-08-12 12:00:00,Karaoke,2024-11-29,7p-11p,Eagle River,American Legion Post 15,music,,,system@akconcerts.com,AK Concerts Auto Import,Master Event Database,Approved
2026-08-12 12:00:00,Trivia & Open Mike Night Fridays,2024-11-29,7p-12a,Eagle River,Pioneer Bar,music,,,system@akconcerts.com,AK Concerts Auto Import,Master Event Database,Approved
2026-08-12 12:00:00,Comedy w/ Kellen Erskine,2024-11-29,7p-9p,Eagle River,Pioneer Park Theater,comedy,,,system@akconcerts.com,AK Concerts Auto Import,Master Event Database,Approved
2026-08-12 12:00:00,Live Music w/ Lia Everett,2024-11-29,7p-9p,Eagle River,Meta & Rose,music,,,system@akconcerts.com,AK Concerts Auto Import,Master Event Database,Approved
2026-08-12 12:00:00,Karaoke Night,2024-11-29,8p-11p,Eagle River,Schwabenhof,music,,,system@akconcerts.com,AK Concerts Auto Import,Master Event Database,Approved
2026-08-12 12:00:00,Cami de Miami,2024-11-29,9p-1a,Eagle River,Fairview Inn,music,,,system@akconcerts.com,AK Concerts Auto Import,Master Event Database,Approved
2026-08-12 12:00:00,Pop Royalty: A Tribute to 2010's Pop w/ DJ Remax,2024-11-30,10p-1:30a,Anchorage,Williwaw Social,music,,,system@akconcerts.com,AK Concerts Auto Import,Master Event Database,Approved
2026-08-12 12:00:00,The Nutcraker with Eugene Ballet,2024-11-30,2p-4p & 7:30p- 9:30p,Anchorage,Alaska Center for the Performing Arts,music,,,system@akconcerts.com,AK Concerts Auto Import,Master Event Database,Approved
2026-08-12 12:00:00,Zoo Lights,2024-11-30,5p-8p,Anchorage,Alaska Zoo,music,,,system@akconcerts.com,AK Concerts Auto Import,Master Event Database,Approved
2026-08-12 12:00:00,The Super Saturated Sugar Strings Live,2024-11-30,6:30p-10p,Anchorage,Williwaw Social,music,,,system@akconcerts.com,AK Concerts Auto Import,Master Event Database,Approved
2026-08-12 12:00:00,ADP Holiday Tree Lighting Ceremony,2024-11-30,6p-8p,Anchorage,Town Square Park,music,,,system@akconcerts.com,AK Concerts Auto Import,Master Event Database,Approved
2026-08-12 12:00:00,Jerry Wessling Band,2024-11-30,6p-9p,Anchorage,Susitna Brewing,music,,,system@akconcerts.com,AK Concerts Auto Import,Master Event Database,Approved
2026-08-12 12:00:00,Little Women: The Broadway Musical,2024-11-30,7p-10p,Anchorage,Anchorage Community Theatre,theatre,,,system@akconcerts.com,AK Concerts Auto Import,Master Event Database,Approved
2026-08-12 12:00:00,Jim Maloney & English John,2024-11-30,7p-10p,Anchorage,Angry Salmon,music,,,system@akconcerts.com,AK Concerts Auto Import,Master Event Database,Approved
2026-08-12 12:00:00,The Wickhams: Christmas at Pemberley,2024-11-30,7p-8:45p,Anchorage,Cyrano’s Theatre,music,,,system@akconcerts.com,AK Concerts Auto Import,Master Event Database,Approved
2026-08-12 12:00:00,Yachtly Crew,2024-11-30,8:30p-12:30a,Anchorage,Humpy’s,music,,,system@akconcerts.com,AK Concerts Auto Import,Master Event Database,Approved
2026-08-12 12:00:00,Sassy Saturdays Cabaret,2024-11-30,8p-10p,Anchorage,Broken Blender,music,,,system@akconcerts.com,AK Concerts Auto Import,Master Event Database,Approved
2026-08-12 12:00:00,The Vintage Retro,2024-11-30,8p-12a,Anchorage,Anchorage Moose Lodge,music,,,system@akconcerts.com,AK Concerts Auto Import,Master Event Database,Approved
2026-08-12 12:00:00,Karaoke w/ DJ Sparkles,2024-11-30,8p-12a,Anchorage,Broken Blender,music,,,system@akconcerts.com,AK Concerts Auto Import,Master Event Database,Approved
2026-08-12 12:00:00,Country Night w/ Dance Lessons & Music,2024-11-30,8p-12a,Anchorage,Pink Cadillac,dance,,,system@akconcerts.com,AK Concerts Auto Import,Master Event Database,Approved
2026-08-12 12:00:00,Riddim & Beats Down South Edition,2024-11-30,8p-2a,Anchorage,Koot’s,music,,,system@akconcerts.com,AK Concerts Auto Import,Master Event Database,Approved
2026-08-12 12:00:00,Mad Myrna's Diva Variety Show,2024-11-30,9p-11:30p,Anchorage,Mad Myrna’s,music,,,system@akconcerts.com,AK Concerts Auto Import,Master Event Database,Approved
2026-08-12 12:00:00,Mourning High x Wayward Shot,2024-11-30,9p-12a,Anchorage,Koot’s,music,,,system@akconcerts.com,AK Concerts Auto Import,Master Event Database,Approved
2026-08-12 12:00:00,DJ Ke,2024-11-30,9p-1a,Anchorage,Flattop Pizza & Pool,music,,,system@akconcerts.com,AK Concerts Auto Import,Master Event Database,Approved
2026-08-12 12:00:00,Blast From The Past,2024-11-30,9p-2:30a,Anchorage,Time Out Lounge,music,,,system@akconcerts.com,AK Concerts Auto Import,Master Event Database,Approved
2026-08-12 12:00:00,Velvet La La,2024-11-30,10p-2a,Eagle River,Klondike Mike’s & the Main Street Grill,music,,,system@akconcerts.com,AK Concerts Auto Import,Master Event Database,Approved
2026-08-12 12:00:00,Glacier Hoppers Band,2024-11-30,10p-2a,Eagle River,The Mug-Shot Saloon,music,,,system@akconcerts.com,AK Concerts Auto Import,Master Event Database,Approved
2026-08-12 12:00:00,Open House & Tree Lighting,2024-11-30,12p-6:15p,Eagle River,Seward Community Library & Museum,music,,,system@akconcerts.com,AK Concerts Auto Import,Master Event Database,Approved
2026-08-12 12:00:00,Ayden See And The Good Company,2024-11-30,4p-7p,Eagle River,Hatcher Pass Lodge,music,,,system@akconcerts.com,AK Concerts Auto Import,Master Event Database,Approved
2026-08-12 12:00:00,Piano Music by Sunrise Kilcher,2024-11-30,6p-8p,Eagle River,AJ’s Old Town Steakhouse & Tavern,music,,,system@akconcerts.com,AK Concerts Auto Import,Master Event Database,Approved
2026-08-12 12:00:00,Thera & Special Guest The Trichomes,2024-11-30,7p-10p,Eagle River,Odd Man Rush,music,,,system@akconcerts.com,AK Concerts Auto Import,Master Event Database,Approved
2026-08-12 12:00:00,Karaoke,2024-11-30,7p-11p,Eagle River,American Legion Post 15,music,,,system@akconcerts.com,AK Concerts Auto Import,Master Event Database,Approved
2026-08-12 12:00:00,Dance Lessons with Shufflin’ Country Style,2024-11-30,7p-8p,Eagle River,Four Corner’s Lounge,dance,,,system@akconcerts.com,AK Concerts Auto Import,Master Event Database,Approved
2026-08-12 12:00:00,Comedy w/ Kellen Erskine,2024-11-30,7p-9p,Eagle River,Pioneer Park Theater,comedy,,,system@akconcerts.com,AK Concerts Auto Import,Master Event Database,Approved
2026-08-12 12:00:00,Gold Peak,2024-11-30,8p-12a,Eagle River,Fairview Inn,music,,,system@akconcerts.com,AK Concerts Auto Import,Master Event Database,Approved
2026-08-12 12:00:00,Karaoke Saturdays,2024-11-30,9p-12a,Eagle River,Pioneer Bar,music,,,system@akconcerts.com,AK Concerts Auto Import,Master Event Database,Approved
2026-08-12 12:00:00,Caribbean Night w/ DJ Tony Taylor & DJ Osito,2024-11-30,9p-1a,Eagle River,The Cabin,music,,,system@akconcerts.com,AK Concerts Auto Import,Master Event Database,Approved
2026-08-12 12:00:00,Ken Peltier Band,2024-11-30,9p-1a,Eagle River,Four Corner’s Lounge,music,,,system@akconcerts.com,AK Concerts Auto Import,Master Event Database,Approved
2026-08-12 12:00:00,Koots Karaoke,2024-12-01,10p-2a,Anchorage,Koot’s,music,,,system@akconcerts.com,AK Concerts Auto Import,Master Event Database,Approved
2026-08-12 12:00:00,Industry Night w/ Joe Brady,2024-12-01,10p-2a,Anchorage,Pioneer Bar,music,,,system@akconcerts.com,AK Concerts Auto Import,Master Event Database,Approved
2026-08-12 12:00:00,Improv Dojo,2024-12-01,12p-1:30p,Anchorage,Midnight Sun Theatre,music,,,system@akconcerts.com,AK Concerts Auto Import,Master Event Database,Approved
2026-08-12 12:00:00,Sunday Brunch w/ Dawson Gentleman,2024-12-01,12p-2p,Anchorage,Writer’s Block Bookstore & Café,community,,,system@akconcerts.com,AK Concerts Auto Import,Master Event Database,Approved
2026-08-12 12:00:00,The Nutcraker with Eugene Ballet,2024-12-01,1p-3p & 5:30p- 7:30p,Anchorage,Alaska Center for the Performing Arts,music,,,system@akconcerts.com,AK Concerts Auto Import,Master Event Database,Approved
2026-08-12 12:00:00,78th Community Messiah,2024-12-01,2p-4p,Anchorage,First Baptist Church,community,,,system@akconcerts.com,AK Concerts Auto Import,Master Event Database,Approved
2026-08-12 12:00:00,The Wickhams: Christmas at Pemberley,2024-12-01,3p-4:45p,Anchorage,Cyrano’s Theatre,music,,,system@akconcerts.com,AK Concerts Auto Import,Master Event Database,Approved
2026-08-12 12:00:00,Little Women: The Broadway Musical,2024-12-01,3p-6p,Anchorage,Anchorage Community Theatre,theatre,,,system@akconcerts.com,AK Concerts Auto Import,Master Event Database,Approved
2026-08-12 12:00:00,Open Mic & Jam,2024-12-01,4:30p-8:30p,Anchorage,VFW Post 1685,music,,,system@akconcerts.com,AK Concerts Auto Import,Master Event Database,Approved
2026-08-12 12:00:00,Sunday Blues Jam w/ Rebel Blues Band,2024-12-01,6p-10p,Anchorage,Billiard Palace,music,,,system@akconcerts.com,AK Concerts Auto Import,Master Event Database,Approved
2026-08-12 12:00:00,Open Mic Night,2024-12-01,6p-9p,Anchorage,Susitna Brewing,music,,,system@akconcerts.com,AK Concerts Auto Import,Master Event Database,Approved
2026-08-12 12:00:00,Open Mic Night w/ Mister Boobs,2024-12-01,7p-10p,Anchorage,Broken Blender,music,,,system@akconcerts.com,AK Concerts Auto Import,Master Event Database,Approved
2026-08-12 12:00:00,Open Mic Night,2024-12-01,7p-11p,Anchorage,Van’s Dive Bar,music,,,system@akconcerts.com,AK Concerts Auto Import,Master Event Database,Approved
2026-08-12 12:00:00,Comedy Open Mic,2024-12-01,8:30p-10p,Anchorage,Koot’s,comedy,,,system@akconcerts.com,AK Concerts Auto Import,Master Event Database,Approved
2026-08-12 12:00:00,Open Jam with Blast From The Past,2024-12-01,8:30p-1a,Anchorage,Time Out Lounge,music,,,system@akconcerts.com,AK Concerts Auto Import,Master Event Database,Approved
2026-08-12 12:00:00,Latin Night,2024-12-01,8p-12a,Anchorage,Pink Cadillac,music,,,system@akconcerts.com,AK Concerts Auto Import,Master Event Database,Approved
2026-08-12 12:00:00,Karaoke,2024-12-01,9p-12a,Anchorage,Mad Myrna’s,music,,,system@akconcerts.com,AK Concerts Auto Import,Master Event Database,Approved
2026-08-12 12:00:00,Sunday Karaoke,2024-12-01,9p-2a,Anchorage,The Carousel Lounge,music,,,system@akconcerts.com,AK Concerts Auto Import,Master Event Database,Approved
2026-08-12 12:00:00,Open Mic Night,2024-12-01,6p-10p,Eagle River,Everett’s,music,,,system@akconcerts.com,AK Concerts Auto Import,Master Event Database,Approved
2026-08-12 12:00:00,Boombox Bingo,2024-12-02,6:30p-8:30,Anchorage,Broken Blender,music,,,system@akconcerts.com,AK Concerts Auto Import,Master Event Database,Approved
2026-08-12 12:00:00,AJW Community Jazz Jam Session,2024-12-02,6p-9p,Anchorage,K Street Market,music,,,system@akconcerts.com,AK Concerts Auto Import,Master Event Database,Approved
2026-08-12 12:00:00,Buckaroos Night w/ DJ Rico,2024-12-02,7p-11p,Anchorage,Pink Cadillac,music,,,system@akconcerts.com,AK Concerts Auto Import,Master Event Database,Approved
2026-08-12 12:00:00,The Monday Mic w/ Boobs,2024-12-02,9p-12a,Anchorage,Koot’s,music,,,system@akconcerts.com,AK Concerts Auto Import,Master Event Database,Approved
2026-08-12 12:00:00,Jay Straw's Bass to Mouth Mondays!,2024-12-02,9p-12a,Anchorage,Van’s Dive Bar,music,,,system@akconcerts.com,AK Concerts Auto Import,Master Event Database,Approved
2026-08-12 12:00:00,Open Mic Night w/ Jim Maloney & Orion Donicht,2024-12-02,7p-10p,Eagle River,Alice’s Champagne Palace,music,,,system@akconcerts.com,AK Concerts Auto Import,Master Event Database,Approved
2026-08-12 12:00:00,Karaoke,2024-12-02,9p-12a,Eagle River,Four Corner’s Lounge,music,,,system@akconcerts.com,AK Concerts Auto Import,Master Event Database,Approved
2026-08-12 12:00:00,Phatt Tuesday New Orleans Jazz & Funk,2024-12-03,6p-10p,Anchorage,Matanuska Brewing,music,,,system@akconcerts.com,AK Concerts Auto Import,Master Event Database,Approved
2026-08-12 12:00:00,Irish Music and Dancing,2024-12-03,6p-8p,Anchorage,Organic Oasis,music,,,system@akconcerts.com,AK Concerts Auto Import,Master Event Database,Approved
2026-08-12 12:00:00,Open Jam Night,2024-12-03,7p-11p,Anchorage,Van’s Dive Bar,music,,,system@akconcerts.com,AK Concerts Auto Import,Master Event Database,Approved
2026-08-12 12:00:00,AK Rockstar Karaoke,2024-12-03,8p-2a,Anchorage,The Carousel Lounge,music,,,system@akconcerts.com,AK Concerts Auto Import,Master Event Database,Approved
2026-08-12 12:00:00,Eternal Cowboys,2024-12-03,9p-12a,Anchorage,Koot’s,music,,,system@akconcerts.com,AK Concerts Auto Import,Master Event Database,Approved
2026-08-12 12:00:00,Taco Tuesday's with Jim Maloney,2024-12-03,6:30p-10p,Eagle River,Justin Cole’s Down East Saloon,music,,,system@akconcerts.com,AK Concerts Auto Import,Master Event Database,Approved
2026-08-12 12:00:00,Jazz Jam Tuesdays,2024-12-03,8p-11p,Eagle River,The Crystal Saloon,music,,,system@akconcerts.com,AK Concerts Auto Import,Master Event Database,Approved
2026-08-12 12:00:00,Karaoke Night,2024-12-03,8p-11p,Eagle River,Schwabenhof,music,,,system@akconcerts.com,AK Concerts Auto Import,Master Event Database,Approved
2026-08-12 12:00:00,Open Mic Night,2024-12-03,8p-12a,Eagle River,Four Corner’s Lounge,music,,,system@akconcerts.com,AK Concerts Auto Import,Master Event Database,Approved
2026-08-12 12:00:00,Open Jam Night,2024-12-03,9p-2a,Eagle River,Yukon Bar,music,,,system@akconcerts.com,AK Concerts Auto Import,Master Event Database,Approved
2026-08-12 12:00:00,Community Storytime,2024-12-04,10:30a-11a,Anchorage,Alaska Zoo,community,,,system@akconcerts.com,AK Concerts Auto Import,Master Event Database,Approved
2026-08-12 12:00:00,The Eternal Cowboys,2024-12-04,10p-12a,Anchorage,Pioneer Bar,music,,,system@akconcerts.com,AK Concerts Auto Import,Master Event Database,Approved
2026-08-12 12:00:00,Line Dance Night,2024-12-04,7:15p-11:45p,Anchorage,Pink Cadillac,dance,,,system@akconcerts.com,AK Concerts Auto Import,Master Event Database,Approved
2026-08-12 12:00:00,Mean Girls on Broadway,2024-12-04,7:30p-10p,Anchorage,Alaska Center for the Performing Arts,theatre,,,system@akconcerts.com,AK Concerts Auto Import,Master Event Database,Approved
2026-08-12 12:00:00,Tyrone Palmer & Friends,2024-12-04,7p-10p,Anchorage,907 Alehouse,music,,,system@akconcerts.com,AK Concerts Auto Import,Master Event Database,Approved
2026-08-12 12:00:00,Country Night & Dance Lessons,2024-12-04,7p-1a,Anchorage,Koot’s,dance,,,system@akconcerts.com,AK Concerts Auto Import,Master Event Database,Approved
2026-08-12 12:00:00,Open Mic,2024-12-04,8p-12a,Anchorage,Lil Babes Cocktail Lounge,music,,,system@akconcerts.com,AK Concerts Auto Import,Master Event Database,Approved
2026-08-12 12:00:00,AK Rockstar Karaoke,2024-12-04,8p-2a,Anchorage,The Carousel Lounge,music,,,system@akconcerts.com,AK Concerts Auto Import,Master Event Database,Approved
2026-08-12 12:00:00,A-Town Sharps,2024-12-04,9p-11p,Anchorage,Organic Oasis,music,,,system@akconcerts.com,AK Concerts Auto Import,Master Event Database,Approved
2026-08-12 12:00:00,KARAOKE w/ Uswi,2024-12-04,9p-12a,Anchorage,Van’s Dive Bar,music,,,system@akconcerts.com,AK Concerts Auto Import,Master Event Database,Approved
2026-08-12 12:00:00,Open Mic,2024-12-04,7:30p-11p,Eagle River,Schwabenhof,music,,,system@akconcerts.com,AK Concerts Auto Import,Master Event Database,Approved
2026-08-12 12:00:00,Beer Choir: Holiday Edition,2024-12-04,7p-10p,Eagle River,Alibi Bar & Café,music,,,system@akconcerts.com,AK Concerts Auto Import,Master Event Database,Approved
2026-08-12 12:00:00,Karaoke,2024-12-04,8p-11p,Eagle River,Alaskan Hotel and Bar,music,,,system@akconcerts.com,AK Concerts Auto Import,Master Event Database,Approved
2026-08-12 12:00:00,Open Mic Wednesday,2024-12-04,8p-11p,Eagle River,The Crystal Saloon,music,,,system@akconcerts.com,AK Concerts Auto Import,Master Event Database,Approved
2026-08-12 12:00:00,Karaoke,2024-12-04,9p-12a,Eagle River,Four Corner’s Lounge,music,,,system@akconcerts.com,AK Concerts Auto Import,Master Event Database,Approved
2026-08-12 12:00:00,Karaoke,2024-12-04,9p-2a,Eagle River,Yukon Bar,music,,,system@akconcerts.com,AK Concerts Auto Import,Master Event Database,Approved
2026-08-12 12:00:00,Koots Karaoke,2024-12-15,10p-2a,Anchorage,Koot’s,music,,,system@akconcerts.com,AK Concerts Auto Import,Master Event Database,Approved
2026-08-12 12:00:00,Industry Night w/ Joe Brady,2024-12-15,10p-2a,Anchorage,Pioneer Bar,music,,,system@akconcerts.com,AK Concerts Auto Import,Master Event Database,Approved
2026-08-12 12:00:00,Sunday Brunch w/ The Squash Bottoms,2024-12-15,12p-2p,Anchorage,Writer’s Block Bookstore & Café,community,,,system@akconcerts.com,AK Concerts Auto Import,Master Event Database,Approved
2026-08-12 12:00:00,Mean Girls on Broadway,2024-12-15,1p-3:30p & 7p-9:30p,Anchorage,Alaska Center for the Performing Arts,theatre,,,system@akconcerts.com,AK Concerts Auto Import,Master Event Database,Approved
2026-08-12 12:00:00,Songwriter's Circle Hosted by Shane Russell,2024-12-15,1p-4p,Anchorage,Rage City Vintage,music,,,system@akconcerts.com,AK Concerts Auto Import,Master Event Database,Approved
2026-08-12 12:00:00,Django Jam,2024-12-15,2p-5p,Anchorage,Writer’s Block Bookstore & Café,music,,,system@akconcerts.com,AK Concerts Auto Import,Master Event Database,Approved
2026-08-12 12:00:00,The Wickhams: Christmas at Pemberley,2024-12-15,3p-4:45p,Anchorage,Cyrano’s Theatre,music,,,system@akconcerts.com,AK Concerts Auto Import,Master Event Database,Approved
2026-08-12 12:00:00,Little Women: The Broadway Musical,2024-12-15,3p-6p,Anchorage,Anchorage Community Theatre,theatre,,,system@akconcerts.com,AK Concerts Auto Import,Master Event Database,Approved
2026-08-12 12:00:00,Open Mic & Jam,2024-12-15,4:30p-8:30p,Anchorage,VFW Post 1685,music,,,system@akconcerts.com,AK Concerts Auto Import,Master Event Database,Approved
2026-08-12 12:00:00,Taylor Swift's 35th All Ages B-Day Party w/ The Blank Space Tribute,2024-12-15,4p-8p,Anchorage,Williwaw Social,music,,,system@akconcerts.com,AK Concerts Auto Import,Master Event Database,Approved
2026-08-12 12:00:00,Zoo Lights,2024-12-15,5p-8p,Anchorage,Alaska Zoo,music,,,system@akconcerts.com,AK Concerts Auto Import,Master Event Database,Approved
2026-08-12 12:00:00,Sunday Blues Jam w/ Rebel Blues Band,2024-12-15,6p-10p,Anchorage,Billiard Palace,music,,,system@akconcerts.com,AK Concerts Auto Import,Master Event Database,Approved
2026-08-12 12:00:00,Open Mic Night,2024-12-15,6p-9p,Anchorage,Susitna Brewing,music,,,system@akconcerts.com,AK Concerts Auto Import,Master Event Database,Approved
2026-08-12 12:00:00,Open Mic Night w/ Mister Boobs,2024-12-15,7p-10p,Anchorage,Broken Blender,music,,,system@akconcerts.com,AK Concerts Auto Import,Master Event Database,Approved
2026-08-12 12:00:00,Open Mic Night,2024-12-15,7p-11p,Anchorage,Van’s Dive Bar,music,,,system@akconcerts.com,AK Concerts Auto Import,Master Event Database,Approved
2026-08-12 12:00:00,Comedy Open Mic,2024-12-15,8:30p-10p,Anchorage,Koot’s,comedy,,,system@akconcerts.com,AK Concerts Auto Import,Master Event Database,Approved
2026-08-12 12:00:00,Open Jam with Blast From The Past,2024-12-15,8:30p-1a,Anchorage,Time Out Lounge,music,,,system@akconcerts.com,AK Concerts Auto Import,Master Event Database,Approved
2026-08-12 12:00:00,Latin Night,2024-12-15,8p-12a,Anchorage,Pink Cadillac,music,,,system@akconcerts.com,AK Concerts Auto Import,Master Event Database,Approved
2026-08-12 12:00:00,Karaoke,2024-12-15,9p-12a,Anchorage,Mad Myrna’s,music,,,system@akconcerts.com,AK Concerts Auto Import,Master Event Database,Approved
2026-08-12 12:00:00,Sunday Karaoke,2024-12-15,9p-2a,Anchorage,The Carousel Lounge,music,,,system@akconcerts.com,AK Concerts Auto Import,Master Event Database,Approved
2026-08-12 12:00:00,Santa Skate,2024-12-15,1p-2:30p,Eagle River,Big Dipper Ice Arena,music,,,system@akconcerts.com,AK Concerts Auto Import,Master Event Database,Approved
2026-08-12 12:00:00,Juneau Skating Club: Holiday Show,2024-12-15,1p-2p,Eagle River,Treadwell Arena,music,,,system@akconcerts.com,AK Concerts Auto Import,Master Event Database,Approved
2026-08-12 12:00:00,The Singing Christmas Tree,2024-12-15,2:30p-4p & 4:30p-6p,Eagle River,Clover Pass Community Church,music,,,system@akconcerts.com,AK Concerts Auto Import,Master Event Database,Approved
2026-08-12 12:00:00,"One World, One Sky: Big Bird's Adventure 1:30p & 2:",2024-12-15,30p,Eagle River,Marie Drake Planetarium,music,,,system@akconcerts.com,AK Concerts Auto Import,Master Event Database,Approved
2026-08-12 12:00:00,Juneau Symphony: Holiday Cheer 2024,2024-12-15,3p-5p,Eagle River,Thunder Mountain High School,music,,,system@akconcerts.com,AK Concerts Auto Import,Master Event Database,Approved
2026-08-12 12:00:00,Indoor Concert with Matt The Electrician,2024-12-15,4:30p-8p,Eagle River,The Musk Ox Farm,music,,,system@akconcerts.com,AK Concerts Auto Import,Master Event Database,Approved
2026-08-12 12:00:00,Christmas with Alaska Chamber Singers,2024-12-15,4p-6p,Eagle River,St. Andrew Catholic Church,music,,,system@akconcerts.com,AK Concerts Auto Import,Master Event Database,Approved
2026-08-12 12:00:00,Sunday Serenade w/ Spank Williams & Cherie Bowman,2024-12-15,4p-6p,Eagle River,Pakalolo Supply Co,music,,,system@akconcerts.com,AK Concerts Auto Import,Master Event Database,Approved
2026-08-12 12:00:00,Yuletide Festival,2024-12-15,5p-10p,Eagle River,Alaska State Fairgrounds,festival,,,system@akconcerts.com,AK Concerts Auto Import,Master Event Database,Approved
2026-08-12 12:00:00,Open Mic Night,2024-12-15,6p-10p,Eagle River,Everett’s,music,,,system@akconcerts.com,AK Concerts Auto Import,Master Event Database,Approved
2026-08-12 12:00:00,Alaska Jingle & Joy Christmas Program,2024-12-15,6p-8p,Eagle River,King’s Christian School,music,,,system@akconcerts.com,AK Concerts Auto Import,Master Event Database,Approved
2026-08-12 12:00:00,Boombox Bingo,2024-12-16,6:30p-8:30,Anchorage,Broken Blender,music,,,system@akconcerts.com,AK Concerts Auto Import,Master Event Database,Approved
2026-08-12 12:00:00,AJW Community Jazz Jam Session,2024-12-16,6p-9p,Anchorage,K Street Market,music,,,system@akconcerts.com,AK Concerts Auto Import,Master Event Database,Approved
2026-08-12 12:00:00,Buckaroos Night w/ DJ Rico,2024-12-16,7p-11p,Anchorage,Pink Cadillac,music,,,system@akconcerts.com,AK Concerts Auto Import,Master Event Database,Approved
2026-08-12 12:00:00,The Monday Mic w/ Boobs,2024-12-16,9p-12a,Anchorage,Koot’s,music,,,system@akconcerts.com,AK Concerts Auto Import,Master Event Database,Approved
2026-08-12 12:00:00,Jay Straw's Bass to Mouth Mondays!,2024-12-16,9p-12a,Anchorage,Van’s Dive Bar,music,,,system@akconcerts.com,AK Concerts Auto Import,Master Event Database,Approved
2026-08-12 12:00:00,Live Music by the Fire!,2024-12-16,2p-4:30p,Eagle River,Soldotna Library,music,,,system@akconcerts.com,AK Concerts Auto Import,Master Event Database,Approved
2026-08-12 12:00:00,Open Mic Night w/ Jim Maloney & Orion Donicht,2024-12-16,7p-10p,Eagle River,Alice’s Champagne Palace,music,,,system@akconcerts.com,AK Concerts Auto Import,Master Event Database,Approved
2026-08-12 12:00:00,Holiday Concert w/ LHS Show Choir & Jazz Band,2024-12-16,7p-9p,Eagle River,Hering Auditorium,music,,,system@akconcerts.com,AK Concerts Auto Import,Master Event Database,Approved
2026-08-12 12:00:00,Karaoke,2024-12-16,9p-12a,Eagle River,Four Corner’s Lounge,music,,,system@akconcerts.com,AK Concerts Auto Import,Master Event Database,Approved
2026-08-12 12:00:00,Phatt Tuesday New Orleans Jazz & Funk,2024-12-17,6p-10p,Anchorage,Matanuska Brewing,music,,,system@akconcerts.com,AK Concerts Auto Import,Master Event Database,Approved
2026-08-12 12:00:00,Irish Music and Dancing,2024-12-17,6p-8p,Anchorage,Organic Oasis,music,,,system@akconcerts.com,AK Concerts Auto Import,Master Event Database,Approved
2026-08-12 12:00:00,Wendler Choir Concert,2024-12-17,6p-8p,Anchorage,Wendler Middle School,music,,,system@akconcerts.com,AK Concerts Auto Import,Master Event Database,Approved
2026-08-12 12:00:00,Open Jam Night,2024-12-17,7p-11p,Anchorage,Van’s Dive Bar,music,,,system@akconcerts.com,AK Concerts Auto Import,Master Event Database,Approved
2026-08-12 12:00:00,AK Rockstar Karaoke,2024-12-17,8p-2a,Anchorage,The Carousel Lounge,music,,,system@akconcerts.com,AK Concerts Auto Import,Master Event Database,Approved
2026-08-12 12:00:00,Midnight Freestyle,2024-12-17,9p-12a,Anchorage,Koot’s,music,,,system@akconcerts.com,AK Concerts Auto Import,Master Event Database,Approved
2026-08-12 12:00:00,Eternal Cowboys,2024-12-17,9p-12a,Anchorage,Koot’s,music,,,system@akconcerts.com,AK Concerts Auto Import,Master Event Database,Approved
2026-08-12 12:00:00,Taco Tuesday's with Jim Maloney,2024-12-17,6:30p-10p,Eagle River,Justin Cole’s Down East Saloon,music,,,system@akconcerts.com,AK Concerts Auto Import,Master Event Database,Approved
2026-08-12 12:00:00,Holiday Carolers,2024-12-17,6p-8p,Eagle River,Kenai Community Library,music,,,system@akconcerts.com,AK Concerts Auto Import,Master Event Database,Approved
2026-08-12 12:00:00,Jazz Jam Tuesdays,2024-12-17,8p-11p,Eagle River,The Crystal Saloon,music,,,system@akconcerts.com,AK Concerts Auto Import,Master Event Database,Approved
2026-08-12 12:00:00,Karaoke Night,2024-12-17,8p-11p,Eagle River,Schwabenhof,music,,,system@akconcerts.com,AK Concerts Auto Import,Master Event Database,Approved
2026-08-12 12:00:00,Open Mic Night,2024-12-17,8p-12a,Eagle River,Four Corner’s Lounge,music,,,system@akconcerts.com,AK Concerts Auto Import,Master Event Database,Approved
2026-08-12 12:00:00,Open Jam Night,2024-12-17,9p-2a,Eagle River,Yukon Bar,music,,,system@akconcerts.com,AK Concerts Auto Import,Master Event Database,Approved
2026-08-12 12:00:00,Community Storytime,2024-12-18,10:30a-11a,Anchorage,Alaska Zoo,community,,,system@akconcerts.com,AK Concerts Auto Import,Master Event Database,Approved
2026-08-12 12:00:00,The Eternal Cowboys,2024-12-18,10p-12a,Anchorage,Pioneer Bar,music,,,system@akconcerts.com,AK Concerts Auto Import,Master Event Database,Approved
2026-08-12 12:00:00,Disco Magnifique,2024-12-18,6:30p-10:30p,Anchorage,Ginger,music,,,system@akconcerts.com,AK Concerts Auto Import,Master Event Database,Approved
2026-08-12 12:00:00,A-Town Sharps,2024-12-18,6p-8p,Anchorage,Organic Oasis,music,,,system@akconcerts.com,AK Concerts Auto Import,Master Event Database,Approved
2026-08-12 12:00:00,Line Dance Night,2024-12-18,7:15p-11:45p,Anchorage,Pink Cadillac,dance,,,system@akconcerts.com,AK Concerts Auto Import,Master Event Database,Approved
2026-08-12 12:00:00,Tyrone Palmer & Friends,2024-12-18,7p-10p,Anchorage,907 Alehouse,music,,,system@akconcerts.com,AK Concerts Auto Import,Master Event Database,Approved
2026-08-12 12:00:00,Country Night & Dance Lessons,2024-12-18,7p-1a,Anchorage,Koot’s,dance,,,system@akconcerts.com,AK Concerts Auto Import,Master Event Database,Approved
2026-08-12 12:00:00,National Lampoon’s Christmas Vacation 35th Anniversary,2024-12-18,8p-10p,Anchorage,Bear Tooth Theatrepub,music,,,system@akconcerts.com,AK Concerts Auto Import,Master Event Database,Approved
2026-08-12 12:00:00,Open Mic,2024-12-18,8p-12a,Anchorage,Lil Babes Cocktail Lounge,music,,,system@akconcerts.com,AK Concerts Auto Import,Master Event Database,Approved
2026-08-12 12:00:00,UNofficial IATSE Local 918 Holiday Party,2024-12-18,8p-1a,Anchorage,Van’s Dive Bar,music,,,system@akconcerts.com,AK Concerts Auto Import,Master Event Database,Approved
2026-08-12 12:00:00,AK Rockstar Karaoke,2024-12-18,8p-2a,Anchorage,The Carousel Lounge,music,,,system@akconcerts.com,AK Concerts Auto Import,Master Event Database,Approved
2026-08-12 12:00:00,Open Mic,2024-12-18,7:30p-11p,Eagle River,Schwabenhof,music,,,system@akconcerts.com,AK Concerts Auto Import,Master Event Database,Approved
2026-08-12 12:00:00,Marian Call & Matt the Electrician,2024-12-18,7p-10p,Eagle River,Nonna’s Osteria,music,,,system@akconcerts.com,AK Concerts Auto Import,Master Event Database,Approved
2026-08-12 12:00:00,Snow Film Series: TGR's Beyond the Fantasy,2024-12-18,7p-9p,Eagle River,The Sitzmark Bar & Grill,music,,,system@akconcerts.com,AK Concerts Auto Import,Master Event Database,Approved
2026-08-12 12:00:00,Snow Film Series: TGR's Beyond the Fantasy,2024-12-18,7p-9p,Eagle River,Sitzmark,music,,,system@akconcerts.com,AK Concerts Auto Import,Master Event Database,Approved
2026-08-12 12:00:00,Karaoke,2024-12-18,8p-11p,Eagle River,Alaskan Hotel and Bar,music,,,system@akconcerts.com,AK Concerts Auto Import,Master Event Database,Approved
2026-08-12 12:00:00,Open Mic Wednesday,2024-12-18,8p-11p,Eagle River,The Crystal Saloon,music,,,system@akconcerts.com,AK Concerts Auto Import,Master Event Database,Approved
2026-08-12 12:00:00,Open Mic,2024-12-18,8p-12a,Eagle River,Fairview Inn,music,,,system@akconcerts.com,AK Concerts Auto Import,Master Event Database,Approved
2026-08-12 12:00:00,Karaoke,2024-12-18,9p-12a,Eagle River,Four Corner’s Lounge,music,,,system@akconcerts.com,AK Concerts Auto Import,Master Event Database,Approved
2026-08-12 12:00:00,Karaoke,2024-12-18,9p-2a,Eagle River,Yukon Bar,music,,,system@akconcerts.com,AK Concerts Auto Import,Master Event Database,Approved
2026-08-12 12:00:00,The Eternal Cowboys,2025-01-21,10p-2a,Anchorage,Koot’s,music,,,system@akconcerts.com,AK Concerts Auto Import,Master Event Database,Approved
2026-08-12 12:00:00,Phatt Tuesday New Orleans Jazz & Funk,2025-01-21,6p-10p,Anchorage,Matanuska Brewing,music,,,system@akconcerts.com,AK Concerts Auto Import,Master Event Database,Approved
2026-08-12 12:00:00,Irish Music and Dancing,2025-01-21,6p-8p,Anchorage,Organic Oasis,music,,,system@akconcerts.com,AK Concerts Auto Import,Master Event Database,Approved
2026-08-12 12:00:00,Open Jam Night,2025-01-21,7p-11p,Anchorage,Van’s Dive Bar,music,,,system@akconcerts.com,AK Concerts Auto Import,Master Event Database,Approved
2026-08-12 12:00:00,Midnight Freestyle,2025-01-21,9p-2a,Anchorage,Koot’s,music,,,system@akconcerts.com,AK Concerts Auto Import,Master Event Database,Approved
2026-08-12 12:00:00,Comedy Night Open Mic w/ AK Sexy Killer,2025-01-21,12p-2p,Eagle River,Pakalolo Supply Company,comedy,,,system@akconcerts.com,AK Concerts Auto Import,Master Event Database,Approved
2026-08-12 12:00:00,Art & Music Night,2025-01-21,5:30p-6:30p,Eagle River,Government Peak Chalet,music,,,system@akconcerts.com,AK Concerts Auto Import,Master Event Database,Approved
2026-08-12 12:00:00,Taco Tuesday's with Jim Maloney,2025-01-21,6:30p-10p,Eagle River,Justin Cole’s Down East Saloon,music,,,system@akconcerts.com,AK Concerts Auto Import,Master Event Database,Approved
2026-08-12 12:00:00,Jazz Jam Tuesday,2025-01-21,8p-11p,Eagle River,The Crystal Saloon,music,,,system@akconcerts.com,AK Concerts Auto Import,Master Event Database,Approved
2026-08-12 12:00:00,Karaoke Night,2025-01-21,8p-11p,Eagle River,Schwabenhof,music,,,system@akconcerts.com,AK Concerts Auto Import,Master Event Database,Approved
2026-08-12 12:00:00,Open Mic Night,2025-01-21,8p-12a,Eagle River,Four Corner’s Lounge,music,,,system@akconcerts.com,AK Concerts Auto Import,Master Event Database,Approved
2026-08-12 12:00:00,Open Jam Night,2025-01-21,9p-2a,Eagle River,Yukon Bar,music,,,system@akconcerts.com,AK Concerts Auto Import,Master Event Database,Approved
2026-08-12 12:00:00,The Eternal Cowboys,2025-01-22,10p-12a,Anchorage,Pioneer Bar,music,,,system@akconcerts.com,AK Concerts Auto Import,Master Event Database,Approved
2026-08-12 12:00:00,Koots Karaoke,2025-01-22,10p-2a,Anchorage,Koot’s,music,,,system@akconcerts.com,AK Concerts Auto Import,Master Event Database,Approved
2026-08-12 12:00:00,Tyrone Palmer & Friends,2025-01-22,7p-10p,Anchorage,907 Alehouse,music,,,system@akconcerts.com,AK Concerts Auto Import,Master Event Database,Approved
2026-08-12 12:00:00,Line Dance Night,2025-01-22,7p-11p,Anchorage,Pink Cadillac,dance,,,system@akconcerts.com,AK Concerts Auto Import,Master Event Database,Approved
2026-08-12 12:00:00,Country Night & Dance Lessons,2025-01-22,7p-1a,Anchorage,Koot’s,dance,,,system@akconcerts.com,AK Concerts Auto Import,Master Event Database,Approved
2026-08-12 12:00:00,Open Mic,2025-01-22,8p-12a,Anchorage,Lil Babes Cocktail Lounge,music,,,system@akconcerts.com,AK Concerts Auto Import,Master Event Database,Approved
2026-08-12 12:00:00,AK Rockstar Karaoke,2025-01-22,8p-2a,Anchorage,The Carousel Lounge,music,,,system@akconcerts.com,AK Concerts Auto Import,Master Event Database,Approved
2026-08-12 12:00:00,Karaoke,2025-01-22,9p-12a,Anchorage,Mad Myrna’s,music,,,system@akconcerts.com,AK Concerts Auto Import,Master Event Database,Approved
2026-08-12 12:00:00,Open Mike w/ Ben Sayers,2025-01-22,6p-9p,Eagle River,Main Street Tap & Grill,music,,,system@akconcerts.com,AK Concerts Auto Import,Master Event Database,Approved
2026-08-12 12:00:00,Open Mic,2025-01-22,7:30p-11p,Eagle River,Schwabenhof,music,,,system@akconcerts.com,AK Concerts Auto Import,Master Event Database,Approved
2026-08-12 12:00:00,Karaoke,2025-01-22,8p-11p,Eagle River,Alaskan Hotel and Bar,music,,,system@akconcerts.com,AK Concerts Auto Import,Master Event Database,Approved
2026-08-12 12:00:00,Open Mic Wednesday,2025-01-22,8p-11p,Eagle River,The Crystal Saloon,music,,,system@akconcerts.com,AK Concerts Auto Import,Master Event Database,Approved
2026-08-12 12:00:00,Karaoke,2025-01-22,9p-12a,Eagle River,Four Corner’s Lounge,music,,,system@akconcerts.com,AK Concerts Auto Import,Master Event Database,Approved
2026-08-12 12:00:00,Karaoke,2025-01-22,9p-2a,Eagle River,Yukon Bar,music,,,system@akconcerts.com,AK Concerts Auto Import,Master Event Database,Approved
2026-08-12 12:00:00,"Acoustic Affair w/ Lizzie G, Ken Cline, Garrett Hermansen, Silas Wade, & Pepper Kit",2025-01-23,7p-10p,Anchorage,Williwaw Social,festival,,,system@akconcerts.com,AK Concerts Auto Import,Master Event Database,Approved
2026-08-12 12:00:00,Country Music Night w/ Schaefer Mueller,2025-01-23,7p-11p,Anchorage,Broken Blender,music,,,system@akconcerts.com,AK Concerts Auto Import,Master Event Database,Approved
2026-08-12 12:00:00,Ladies Night at Pink Cadillac w/ DJ Rico,2025-01-23,7p-12a,Anchorage,Pink Cadillac,music,,,system@akconcerts.com,AK Concerts Auto Import,Master Event Database,Approved
2026-08-12 12:00:00,Anchorage Folk Festival,2025-01-23,7p-9:30p,Anchorage,Wendy Williamson Theatre,festival,,,system@akconcerts.com,AK Concerts Auto Import,Master Event Database,Approved
2026-08-12 12:00:00,Latin Thursday w/ DJ Mykey T,2025-01-23,8p-11:45p,Anchorage,Koot’s,music,,,system@akconcerts.com,AK Concerts Auto Import,Master Event Database,Approved
2026-08-12 12:00:00,Karaoke w/ Big Dream Entertainment,2025-01-23,8p-12a,Anchorage,Flattop Pizza & Pool,music,,,system@akconcerts.com,AK Concerts Auto Import,Master Event Database,Approved
2026-08-12 12:00:00,Karaoke,2025-01-23,8p-12a,Anchorage,Floaters,music,,,system@akconcerts.com,AK Concerts Auto Import,Master Event Database,Approved
2026-08-12 12:00:00,AK Rockstar Karaoke,2025-01-23,8p-2a,Anchorage,The Carousel Lounge,music,,,system@akconcerts.com,AK Concerts Auto Import,Master Event Database,Approved
2026-08-12 12:00:00,Will Balcao,2025-01-23,9p-2a,Anchorage,Koot’s,music,,,system@akconcerts.com,AK Concerts Auto Import,Master Event Database,Approved
2026-08-12 12:00:00,The Vintage Retro,2025-01-23,10:30p-1:30a,Eagle River,Chair 5 Restaurant,music,,,system@akconcerts.com,AK Concerts Auto Import,Master Event Database,Approved
2026-08-12 12:00:00,Karaoke Nights at the Big I,2025-01-23,10p-2a,Eagle River,The International Hotel & Bar,music,,,system@akconcerts.com,AK Concerts Auto Import,Master Event Database,Approved
2026-08-12 12:00:00,Town League Race Series & Live Music w/ Dreamcat + 3000-21,2025-01-23,5p-9p,Eagle River,The Sitzmark Bar & Grill,music,,,system@akconcerts.com,AK Concerts Auto Import,Master Event Database,Approved
2026-08-12 12:00:00,Town League Race Series & Live Music w/ Dreamcat + 3000-21,2025-01-23,5p-9p,Eagle River,Sitzmark,music,,,system@akconcerts.com,AK Concerts Auto Import,Master Event Database,Approved
2026-08-12 12:00:00,Shakedown Strings Live,2025-01-23,6p-9p,Eagle River,Palmer Alehouse,music,,,system@akconcerts.com,AK Concerts Auto Import,Master Event Database,Approved
2026-08-12 12:00:00,The AKoustic Project,2025-01-23,7p-10p,Eagle River,Tailgater’s Sport’s Bar & Grill,music,,,system@akconcerts.com,AK Concerts Auto Import,Master Event Database,Approved
2026-08-12 12:00:00,Open Jam/Mic Night w/ Host Jesse James,2025-01-23,7p-11p,Eagle River,Four Corner’s Lounge,music,,,system@akconcerts.com,AK Concerts Auto Import,Master Event Database,Approved
2026-08-12 12:00:00,Mean Girls: High School Version,2025-01-23,7p-9p,Eagle River,Hering Auditorium,music,,,system@akconcerts.com,AK Concerts Auto Import,Master Event Database,Approved
2026-08-12 12:00:00,Lindsay Glazer,2025-01-23,7p-9p,Eagle River,Main Street Tap & Grill,music,,,system@akconcerts.com,AK Concerts Auto Import,Master Event Database,Approved
2026-08-12 12:00:00,Open Mic,2025-01-23,8p-11p,Eagle River,Alaskan Hotel and Bar,music,,,system@akconcerts.com,AK Concerts Auto Import,Master Event Database,Approved
2026-08-12 12:00:00,Karaoke Thursdays,2025-01-23,8p-11p,Eagle River,The Crystal Saloon,music,,,system@akconcerts.com,AK Concerts Auto Import,Master Event Database,Approved
2026-08-12 12:00:00,Open Mic w/ Cody Kniceley,2025-01-23,8p-12a,Eagle River,4 Royle Parkers,music,,,system@akconcerts.com,AK Concerts Auto Import,Master Event Database,Approved
2026-08-12 12:00:00,Karaoke,2025-01-23,8p-1a,Eagle River,Klondike Mike’s and Garcia’s Grill,music,,,system@akconcerts.com,AK Concerts Auto Import,Master Event Database,Approved
2026-08-12 12:00:00,Karaoke Night,2025-01-23,9:15p-12:15a,Eagle River,Alibi Bar & Café,music,,,system@akconcerts.com,AK Concerts Auto Import,Master Event Database,Approved
2026-08-12 12:00:00,The Stack Alaska,2025-01-24,10:30p-2a,Anchorage,Koot's,music,,,system@akconcerts.com,AK Concerts Auto Import,Master Event Database,Approved
2026-08-12 12:00:00,The Stack Alaska,2025-01-24,10:30p-2a,Anchorage,Koots,music,,,system@akconcerts.com,AK Concerts Auto Import,Master Event Database,Approved
2026-08-12 12:00:00,Organic Launch Party w/ The 7 Duo,2025-01-24,6p-8p,Anchorage,Zip Kombucha,music,,,system@akconcerts.com,AK Concerts Auto Import,Master Event Database,Approved
2026-08-12 12:00:00,Ivan Dennis,2025-01-24,6p-9p,Anchorage,Angry Salmon,music,,,system@akconcerts.com,AK Concerts Auto Import,Master Event Database,Approved
2026-08-12 12:00:00,International Guitar Night XXV,2025-01-24,7:30p-9:20p,Anchorage,Alaska Center for the Performing Arts,music,,,system@akconcerts.com,AK Concerts Auto Import,Master Event Database,Approved
2026-08-12 12:00:00,Anchorage Folk Festival,2025-01-24,7p-10p,Anchorage,Wendy Williamson Theatre,festival,,,system@akconcerts.com,AK Concerts Auto Import,Master Event Database,Approved
2026-08-12 12:00:00,Karaoke Friday at the Eagles!,2025-01-24,7p-12a,Anchorage,The Fraternal Order of Eagles Aerie 4207,music,,,system@akconcerts.com,AK Concerts Auto Import,Master Event Database,Approved
2026-08-12 12:00:00,Stand-Up Comedy Show with Billy Wayne Davis,2025-01-24,7p-9p,Anchorage,Beartooth Theatrepub,comedy,,,system@akconcerts.com,AK Concerts Auto Import,Master Event Database,Approved
2026-08-12 12:00:00,Glacier Hoppers Band,2025-01-24,8:30p-12a,Anchorage,Humpy’s,music,,,system@akconcerts.com,AK Concerts Auto Import,Master Event Database,Approved
2026-08-12 12:00:00,Karaoke w/ DJ Sparkles,2025-01-24,8p-12a,Anchorage,Broken Blender,music,,,system@akconcerts.com,AK Concerts Auto Import,Master Event Database,Approved
2026-08-12 12:00:00,Pop vs Hip Hop Dance Party w/ DJ GRE,2025-01-24,9:30p-1a,Anchorage,Williwaw Social,dance,,,system@akconcerts.com,AK Concerts Auto Import,Master Event Database,Approved
2026-08-12 12:00:00,Mad Myrna's Diva Variety Show,2025-01-24,9p-11:30p,Anchorage,Mad Myrna’s,music,,,system@akconcerts.com,AK Concerts Auto Import,Master Event Database,Approved
2026-08-12 12:00:00,Friday Night Dance Social,2025-01-24,9p-11p,Anchorage,Arctic Academie de Danse,dance,,,system@akconcerts.com,AK Concerts Auto Import,Master Event Database,Approved
2026-08-12 12:00:00,Friday Night Dance Lounge,2025-01-24,9p-1a,Anchorage,Alaska Dance Promotions,dance,,,system@akconcerts.com,AK Concerts Auto Import,Master Event Database,Approved
2026-08-12 12:00:00,Live Music w/ Travis Watson,2025-01-24,9p-1a,Anchorage,The Carousel Lounge,music,,,system@akconcerts.com,AK Concerts Auto Import,Master Event Database,Approved
2026-08-12 12:00:00,DJ Ke,2025-01-24,9p-1a,Anchorage,Flattop Pizza & Pool,music,,,system@akconcerts.com,AK Concerts Auto Import,Master Event Database,Approved
2026-08-12 12:00:00,Blast From The Past,2025-01-24,9p-2:30a,Anchorage,Time Out Lounge,music,,,system@akconcerts.com,AK Concerts Auto Import,Master Event Database,Approved
2026-08-12 12:00:00,Slow Burn (A Blunts & Blondes Pre-Party),2025-01-24,9p-2a,Anchorage,Koot's,music,,,system@akconcerts.com,AK Concerts Auto Import,Master Event Database,Approved
2026-08-12 12:00:00,Slow Burn (A Blunts & Blondes Pre-Party),2025-01-24,9p-2a,Anchorage,Koots,music,,,system@akconcerts.com,AK Concerts Auto Import,Master Event Database,Approved
2026-08-12 12:00:00,Jerry Wessling Band,2025-01-24,10p-2a,Eagle River,The Mug-Shot Saloon,music,,,system@akconcerts.com,AK Concerts Auto Import,Master Event Database,Approved
2026-08-12 12:00:00,Lizzie Guillot,2025-01-24,6-9,Eagle River,Last Frontier Brewing,music,,,system@akconcerts.com,AK Concerts Auto Import,Master Event Database,Approved
2026-08-12 12:00:00,Piano Music by Erika,2025-01-24,6p-8p,Eagle River,AJ’s Old Town Steakhouse & Tavern,music,,,system@akconcerts.com,AK Concerts Auto Import,Master Event Database,Approved
2026-08-12 12:00:00,Comedy Show w/ Lindsay Glazer,2025-01-24,7:30p-10p,Eagle River,Everett’s,comedy,,,system@akconcerts.com,AK Concerts Auto Import,Master Event Database,Approved
2026-08-12 12:00:00,Nervis Rex,2025-01-24,7p-10p,Eagle River,Odd Man Rush,music,,,system@akconcerts.com,AK Concerts Auto Import,Master Event Database,Approved
2026-08-12 12:00:00,Karaoke,2025-01-24,7p-11p,Eagle River,American Legion Post 15,music,,,system@akconcerts.com,AK Concerts Auto Import,Master Event Database,Approved
2026-08-12 12:00:00,Trivia & Open Mike Night Fridays,2025-01-24,7p-12a,Eagle River,Pioneer Bar,music,,,system@akconcerts.com,AK Concerts Auto Import,Master Event Database,Approved
2026-08-12 12:00:00,Mean Girls: High School Version,2025-01-24,7p-9p,Eagle River,Hering Auditorium,music,,,system@akconcerts.com,AK Concerts Auto Import,Master Event Database,Approved
2026-08-12 12:00:00,Free Music Fridays: Grace C. Elliot,2025-01-24,7p-9p,Eagle River,Seward Alehouse,music,,,system@akconcerts.com,AK Concerts Auto Import,Master Event Database,Approved
2026-08-12 12:00:00,Karaoke Night,2025-01-24,8p-11p,Eagle River,Schwabenhof,music,,,system@akconcerts.com,AK Concerts Auto Import,Master Event Database,Approved
2026-08-12 12:00:00,Emo Night at the Cabin w/ DJ Trax,2025-01-24,9p-12a,Eagle River,The Cabin,music,,,system@akconcerts.com,AK Concerts Auto Import,Master Event Database,Approved
2026-08-12 12:00:00,Ski Bunny Ball w/ I Like Robots,2025-01-24,9p-12a,Eagle River,The Sitzmark Bar & Grill,music,,,system@akconcerts.com,AK Concerts Auto Import,Master Event Database,Approved
2026-08-12 12:00:00,Shakedown Strings,2025-01-24,9p-12a,Eagle River,Alice’s Champagne Palace,music,,,system@akconcerts.com,AK Concerts Auto Import,Master Event Database,Approved
2026-08-12 12:00:00,Ski Bunny Ball w/ I Like Robots,2025-01-24,9p-12a,Eagle River,Sitzmark,music,,,system@akconcerts.com,AK Concerts Auto Import,Master Event Database,Approved
2026-08-12 12:00:00,The Ken Peltier Band,2025-01-24,9p-1a,Eagle River,Four Corner’s Lounge,music,,,system@akconcerts.com,AK Concerts Auto Import,Master Event Database,Approved
2026-08-12 12:00:00,DJ Blaque,2025-01-24,9p-1a,Eagle River,Klondike Mike’s and Garcia’s Grill,music,,,system@akconcerts.com,AK Concerts Auto Import,Master Event Database,Approved
2026-08-12 12:00:00,Rick Brooks,2025-01-24,9p-1a,Eagle River,Fairview Inn,music,,,system@akconcerts.com,AK Concerts Auto Import,Master Event Database,Approved
2026-08-12 12:00:00,Riddim + Beats w/ DJ JRock & DJ Militant,2025-01-25,10p-2:30a,Anchorage,Koot's,music,,,system@akconcerts.com,AK Concerts Auto Import,Master Event Database,Approved
2026-08-12 12:00:00,Riddim + Beats w/ DJ JRock & DJ Militant,2025-01-25,10p-2:30a,Anchorage,Koots,music,,,system@akconcerts.com,AK Concerts Auto Import,Master Event Database,Approved
2026-08-12 12:00:00,Shakedown Strings,2025-01-25,10p-2a,Anchorage,Koot’s,music,,,system@akconcerts.com,AK Concerts Auto Import,Master Event Database,Approved
2026-08-12 12:00:00,All The Single Ladies Dance Party w/ DJ Blaque,2025-01-25,10p-2a,Anchorage,Williwaw Social,dance,,,system@akconcerts.com,AK Concerts Auto Import,Master Event Database,Approved
2026-08-12 12:00:00,Auditions for Twinkle's Fairy Pet Day,2025-01-25,10p-2p,Anchorage,Cyrano’s Playhouse,festival,,,system@akconcerts.com,AK Concerts Auto Import,Master Event Database,Approved
2026-08-12 12:00:00,Tim Easton,2025-01-25,2p-5p,Anchorage,Arctic Valley Ski Area,music,,,system@akconcerts.com,AK Concerts Auto Import,Master Event Database,Approved
2026-08-12 12:00:00,Karaoke,2025-01-25,5:30p-8p,Anchorage,Writer’s Block Bookstore & Café,music,,,system@akconcerts.com,AK Concerts Auto Import,Master Event Database,Approved
2026-08-12 12:00:00,JunoSmile,2025-01-25,6p-9p,Anchorage,Angry Salmon,music,,,system@akconcerts.com,AK Concerts Auto Import,Master Event Database,Approved
2026-08-12 12:00:00,"Anchorage Symphony's ""Portraits""",2025-01-25,7:30p-9:30p,Anchorage,Alaska Center for the Performing Arts,music,,,system@akconcerts.com,AK Concerts Auto Import,Master Event Database,Approved
2026-08-12 12:00:00,Anchorage Symphony's Portraits,2025-01-25,7:30p-9:30p,Anchorage,Alaska Center for the Performing Arts,music,,,system@akconcerts.com,AK Concerts Auto Import,Master Event Database,Approved
2026-08-12 12:00:00,Anchorage Folk Festival,2025-01-25,7p-10p,Anchorage,Beartooth Theatrepub,festival,,,system@akconcerts.com,AK Concerts Auto Import,Master Event Database,Approved
2026-08-12 12:00:00,Dance Lessons & Social Dance,2025-01-25,7p-11p,Anchorage,Anchorage Social Dance Club,dance,,,system@akconcerts.com,AK Concerts Auto Import,Master Event Database,Approved
2026-08-12 12:00:00,Comedy Show with Lindsay Glazer,2025-01-25,7p-8:30p & 9p-10:30p,Anchorage,Koot's,comedy,,,system@akconcerts.com,AK Concerts Auto Import,Master Event Database,Approved
2026-08-12 12:00:00,Comedy Show with Lindsay Glazer,2025-01-25,7p-8:30p & 9p-10:30p,Anchorage,Koots,comedy,,,system@akconcerts.com,AK Concerts Auto Import,Master Event Database,Approved
2026-08-12 12:00:00,Woodrow,2025-01-25,8:30p-12a,Anchorage,Humpy’s,music,,,system@akconcerts.com,AK Concerts Auto Import,Master Event Database,Approved
2026-08-12 12:00:00,Glacier Hoppers Band,2025-01-25,8p-12a,Anchorage,Anchorage Moose Lodge,music,,,system@akconcerts.com,AK Concerts Auto Import,Master Event Database,Approved
2026-08-12 12:00:00,Anchorage Folk Festival,2025-01-25,9a-10p,Anchorage,Wendy Williamson Theatre,festival,,,system@akconcerts.com,AK Concerts Auto Import,Master Event Database,Approved
2026-08-12 12:00:00,Weekly Karaoke Contest,2025-01-25,9p-1:30a,Anchorage,Oriental Garden,music,,,system@akconcerts.com,AK Concerts Auto Import,Master Event Database,Approved
2026-08-12 12:00:00,Open Range Country Mash-Up Night w/ DJ Lloyds Noize,2025-01-25,9p-2a,Anchorage,Pink Cadillac,music,,,system@akconcerts.com,AK Concerts Auto Import,Master Event Database,Approved
2026-08-12 12:00:00,Ladies Night Out,2025-01-25,10p-1a,Eagle River,Bernie’s Bar,music,,,system@akconcerts.com,AK Concerts Auto Import,Master Event Database,Approved
2026-08-12 12:00:00,Fuego Saturday w/ DJ Trey,2025-01-25,10p-2a,Eagle River,The International Hotel & Bar,music,,,system@akconcerts.com,AK Concerts Auto Import,Master Event Database,Approved
2026-08-12 12:00:00,DJ Brazen,2025-01-25,10p-2a,Eagle River,Klondike Mike’s and Garcia’s Grill,music,,,system@akconcerts.com,AK Concerts Auto Import,Master Event Database,Approved
2026-08-12 12:00:00,Jerry Wessling Band,2025-01-25,10p-2a,Eagle River,The Mug-Shot Saloon,music,,,system@akconcerts.com,AK Concerts Auto Import,Master Event Database,Approved
2026-08-12 12:00:00,Mean Girls: High School Version,2025-01-25,2p-4p & 7p-9p,Eagle River,Hering Auditorium,music,,,system@akconcerts.com,AK Concerts Auto Import,Master Event Database,Approved
2026-08-12 12:00:00,Head With Wings,2025-01-25,4p-7p,Eagle River,Hatcher Pass Lodge,music,,,system@akconcerts.com,AK Concerts Auto Import,Master Event Database,Approved
2026-08-12 12:00:00,Jesse James,2025-01-25,6-9,Eagle River,Last Frontier Brewing,music,,,system@akconcerts.com,AK Concerts Auto Import,Master Event Database,Approved
2026-08-12 12:00:00,Back Country Film Festival,2025-01-25,6:30p-9p,Eagle River,Sheldon Community Arts Hangar,festival,,,system@akconcerts.com,AK Concerts Auto Import,Master Event Database,Approved
2026-08-12 12:00:00,Piano Music by Sunrise Kilcher,2025-01-25,6p-8p,Eagle River,AJ’s Old Town Steakhouse & Tavern,music,,,system@akconcerts.com,AK Concerts Auto Import,Master Event Database,Approved
2026-08-12 12:00:00,Mardi Gras Night,2025-01-25,6p-9p,Eagle River,Wasilla High School,music,,,system@akconcerts.com,AK Concerts Auto Import,Master Event Database,Approved
2026-08-12 12:00:00,Dance Lessons with Shufflin’ Country Style & Karaoke After,2025-01-25,7p-10p,Eagle River,American Legion,dance,,,system@akconcerts.com,AK Concerts Auto Import,Master Event Database,Approved
2026-08-12 12:00:00,Karaoke,2025-01-25,7p-11p,Eagle River,American Legion Post 15,music,,,system@akconcerts.com,AK Concerts Auto Import,Master Event Database,Approved
2026-08-12 12:00:00,Teri Tibbett Presents: Beatles Night,2025-01-25,8p-11p,Eagle River,The Crystal Saloon,music,,,system@akconcerts.com,AK Concerts Auto Import,Master Event Database,Approved
2026-08-12 12:00:00,Justin McCain,2025-01-25,8p-11p,Eagle River,Schwabenhof,music,,,system@akconcerts.com,AK Concerts Auto Import,Master Event Database,Approved
2026-08-12 12:00:00,Rockin' Night w/ GrungeBob,2025-01-25,9p-12a,Eagle River,The Cabin,community,,,system@akconcerts.com,AK Concerts Auto Import,Master Event Database,Approved
2026-08-12 12:00:00,Ski Bunny Ball w/ I Like Robots,2025-01-25,9p-12a,Eagle River,The Sitzmark Bar & Grill,music,,,system@akconcerts.com,AK Concerts Auto Import,Master Event Database,Approved
2026-08-12 12:00:00,Karaoke Saturdays,2025-01-25,9p-12a,Eagle River,Pioneer Bar,music,,,system@akconcerts.com,AK Concerts Auto Import,Master Event Database,Approved
2026-08-12 12:00:00,Ski Bunny Ball w/ I Like Robots,2025-01-25,9p-12a,Eagle River,Sitzmark,music,,,system@akconcerts.com,AK Concerts Auto Import,Master Event Database,Approved
2026-08-12 12:00:00,Hot Mess,2025-01-25,9p-1a,Eagle River,The Backdoor Lounge,music,,,system@akconcerts.com,AK Concerts Auto Import,Master Event Database,Approved
2026-08-12 12:00:00,The Ken Peltier Band,2025-01-25,9p-1a,Eagle River,Four Corner’s Lounge,music,,,system@akconcerts.com,AK Concerts Auto Import,Master Event Database,Approved
2026-08-12 12:00:00,Glacier Blues Band,2025-01-25,9p-1a,Eagle River,Fairview Inn,music,,,system@akconcerts.com,AK Concerts Auto Import,Master Event Database,Approved
2026-08-12 12:00:00,Auditions for Twinkle's Fairy Pet Day,2025-01-26,10p-21p,Anchorage,Cyrano’s Playhouse,festival,,,system@akconcerts.com,AK Concerts Auto Import,Master Event Database,Approved
2026-08-12 12:00:00,Industry Night w/ Joe Brady,2025-01-26,10p-2a,Anchorage,Pioneer Bar,music,,,system@akconcerts.com,AK Concerts Auto Import,Master Event Database,Approved
2026-08-12 12:00:00,Brunch Music w/ Alan Parsons,2025-01-26,12p-2p,Anchorage,Writer’s Block Bookstore & Café,music,,,system@akconcerts.com,AK Concerts Auto Import,Master Event Database,Approved
2026-08-12 12:00:00,Long Nights Moon Live,2025-01-26,1p-4p,Anchorage,Arctic Valley Ski Area,music,,,system@akconcerts.com,AK Concerts Auto Import,Master Event Database,Approved
2026-08-12 12:00:00,Open Mic & Jam,2025-01-26,4:30p-8:30p,Anchorage,VFW Post 1685,music,,,system@akconcerts.com,AK Concerts Auto Import,Master Event Database,Approved
2026-08-12 12:00:00,Sunday Blues Jam w/ Rebel Blues Band,2025-01-26,6p-10p,Anchorage,Billiard Palace,music,,,system@akconcerts.com,AK Concerts Auto Import,Master Event Database,Approved
2026-08-12 12:00:00,Open Mic Night,2025-01-26,6p-9p,Anchorage,Susitna Brewing,music,,,system@akconcerts.com,AK Concerts Auto Import,Master Event Database,Approved
2026-08-12 12:00:00,American Tango Lesson & Open Dance,2025-01-26,7:45p-10p,Anchorage,Change Point,dance,,,system@akconcerts.com,AK Concerts Auto Import,Master Event Database,Approved
2026-08-12 12:00:00,Open Mic Night w/ Mister Boobs,2025-01-26,7p-10p,Anchorage,Broken Blender,music,,,system@akconcerts.com,AK Concerts Auto Import,Master Event Database,Approved
2026-08-12 12:00:00,Open Mic Night,2025-01-26,7p-11p,Anchorage,Van’s Dive Bar,music,,,system@akconcerts.com,AK Concerts Auto Import,Master Event Database,Approved
2026-08-12 12:00:00,Comedy Open Mic,2025-01-26,8:30p-10p,Anchorage,Koot’s,comedy,,,system@akconcerts.com,AK Concerts Auto Import,Master Event Database,Approved
2026-08-12 12:00:00,Open Jam with Blast From The Past,2025-01-26,8:30p-1a,Anchorage,Time Out Lounge,music,,,system@akconcerts.com,AK Concerts Auto Import,Master Event Database,Approved
2026-08-12 12:00:00,Anchorage Folk Festival,2025-01-26,9:45a-10p,Anchorage,Wendy Williamson Theatre,festival,,,system@akconcerts.com,AK Concerts Auto Import,Master Event Database,Approved
2026-08-12 12:00:00,Open Decks,2025-01-26,9p-2:30a,Anchorage,Koot’s,music,,,system@akconcerts.com,AK Concerts Auto Import,Master Event Database,Approved
2026-08-12 12:00:00,Sunday Karaoke,2025-01-26,9p-2a,Anchorage,The Carousel Lounge,music,,,system@akconcerts.com,AK Concerts Auto Import,Master Event Database,Approved
2026-08-12 12:00:00,International Guitar Night: 25th Anniversary,2025-01-26,6:30p-9p,Eagle River,Sheldon Community Arts Hangar,music,,,system@akconcerts.com,AK Concerts Auto Import,Master Event Database,Approved
2026-08-12 12:00:00,Open Mic Night,2025-01-26,6p-10p,Eagle River,Everett’s,music,,,system@akconcerts.com,AK Concerts Auto Import,Master Event Database,Approved
2026-08-12 12:00:00,Sunday Swing at the Red Dog,2025-01-26,6p-9p,Eagle River,Red Dog Saloon,dance,,,system@akconcerts.com,AK Concerts Auto Import,Master Event Database,Approved
2026-08-12 12:00:00,Anchorage Folk Festival,2025-01-27,2p-4p,Anchorage,Middle Way Café,festival,,,system@akconcerts.com,AK Concerts Auto Import,Master Event Database,Approved
2026-08-12 12:00:00,Anchorage Folk Festival,2025-01-27,5p-8p,Anchorage,Hearth Artisan Pizza,festival,,,system@akconcerts.com,AK Concerts Auto Import,Master Event Database,Approved
2026-08-12 12:00:00,Anchorage Folk Festival,2025-01-27,5p-8p,Anchorage,Organic Oasis,festival,,,system@akconcerts.com,AK Concerts Auto Import,Master Event Database,Approved
2026-08-12 12:00:00,Boombox Bingo,2025-01-27,6:30p-8:30,Anchorage,Broken Blender,music,,,system@akconcerts.com,AK Concerts Auto Import,Master Event Database,Approved
2026-08-12 12:00:00,Anchorage Folk Festival,2025-01-27,6p-10p,Anchorage,Reilly’s Irish Pub,festival,,,system@akconcerts.com,AK Concerts Auto Import,Master Event Database,Approved
2026-08-12 12:00:00,AJW Community Jazz Jam Session,2025-01-27,6p-9p,Anchorage,K Street Market,music,,,system@akconcerts.com,AK Concerts Auto Import,Master Event Database,Approved
2026-08-12 12:00:00,Anchorage Folk Festival,2025-01-27,6p-9p,Anchorage,Sleepy Dog Coffee Co,festival,,,system@akconcerts.com,AK Concerts Auto Import,Master Event Database,Approved
2026-08-12 12:00:00,The Monday Mic w/ Boobs,2025-01-27,9p-12a,Anchorage,Koot’s,music,,,system@akconcerts.com,AK Concerts Auto Import,Master Event Database,Approved
2026-08-12 12:00:00,Art & Music Night,2025-01-27,5:30p-6:30p,Eagle River,Government Peak Chalet,music,,,system@akconcerts.com,AK Concerts Auto Import,Master Event Database,Approved
2026-08-12 12:00:00,Community Choir Rehearsal,2025-01-27,6p-9p,Eagle River,Sheldon Community Arts Hangar,community,,,system@akconcerts.com,AK Concerts Auto Import,Master Event Database,Approved
2026-08-12 12:00:00,Open Mic Night w/ Jim Maloney & Orion Donicht,2025-01-27,7p-10p,Eagle River,Alice’s Champagne Palace,music,,,system@akconcerts.com,AK Concerts Auto Import,Master Event Database,Approved
2026-08-12 12:00:00,Karaoke,2025-01-27,9p-12a,Eagle River,Four Corner’s Lounge,music,,,system@akconcerts.com,AK Concerts Auto Import,Master Event Database,Approved
2026-08-12 12:00:00,Anchorage Folk Festival,2025-01-28,6p-8p,Anchorage,Sleepy Dog Coffee Co,festival,,,system@akconcerts.com,AK Concerts Auto Import,Master Event Database,Approved
2026-08-12 12:00:00,Anchorage Folk Festival,2025-01-28,7p-9p,Anchorage,Guido’s Pizza,festival,,,system@akconcerts.com,AK Concerts Auto Import,Master Event Database,Approved
2026-08-12 12:00:00,Art & Music Night,2025-01-28,5:30p-6:30p,Eagle River,Government Peak Chalet,music,,,system@akconcerts.com,AK Concerts Auto Import,Master Event Database,Approved
2026-08-12 12:00:00,Taco Tuesday's with Jim Maloney,2025-01-28,6:30p-10p,Eagle River,Justin Cole’s Down East Saloon,music,,,system@akconcerts.com,AK Concerts Auto Import,Master Event Database,Approved
2026-08-12 12:00:00,Myles From Dublin: Irish Trio,2025-01-28,7p-10p,Eagle River,Alice’s Champagne Palace,music,,,system@akconcerts.com,AK Concerts Auto Import,Master Event Database,Approved
2026-08-12 12:00:00,Jazz Jam Tuesday,2025-01-28,8p-11p,Eagle River,The Crystal Saloon,music,,,system@akconcerts.com,AK Concerts Auto Import,Master Event Database,Approved
2026-08-12 12:00:00,Karaoke Night,2025-01-28,8p-11p,Eagle River,Schwabenhof,music,,,system@akconcerts.com,AK Concerts Auto Import,Master Event Database,Approved
2026-08-12 12:00:00,Open Mic Night,2025-01-28,8p-12a,Eagle River,Four Corner’s Lounge,music,,,system@akconcerts.com,AK Concerts Auto Import,Master Event Database,Approved
2026-08-12 12:00:00,Open Jam Night,2025-01-28,9p-2a,Eagle River,Yukon Bar,music,,,system@akconcerts.com,AK Concerts Auto Import,Master Event Database,Approved
2026-08-12 12:00:00,Anchorage Folk Festival,2025-01-29,12p-2p,Anchorage,UAA Student Union,festival,,,system@akconcerts.com,AK Concerts Auto Import,Master Event Database,Approved
2026-08-12 12:00:00,Anchorage Folk Festival,2025-01-29,6p-8p,Anchorage,Organic Oasis,festival,,,system@akconcerts.com,AK Concerts Auto Import,Master Event Database,Approved
2026-08-12 12:00:00,Cabaret: Pay-What-You-Can-Preview,2025-01-29,7p-9:30p,Anchorage,Cyrano’s Playhouse,music,,,system@akconcerts.com,AK Concerts Auto Import,Master Event Database,Approved
2026-08-12 12:00:00,Anchorage Folk Festival,2025-01-29,7p-9p,Anchorage,Writer’s Block Bookstore & Café,festival,,,system@akconcerts.com,AK Concerts Auto Import,Master Event Database,Approved
2026-08-12 12:00:00,Open Mike w/ Ben Sayers,2025-01-29,6p-9p,Eagle River,Main Street Tap & Grill,music,,,system@akconcerts.com,AK Concerts Auto Import,Master Event Database,Approved
2026-08-12 12:00:00,Open Mic,2025-01-29,7:30p-11p,Eagle River,Schwabenhof,music,,,system@akconcerts.com,AK Concerts Auto Import,Master Event Database,Approved
2026-08-12 12:00:00,Karaoke,2025-01-29,8p-11p,Eagle River,Alaskan Hotel and Bar,music,,,system@akconcerts.com,AK Concerts Auto Import,Master Event Database,Approved
2026-08-12 12:00:00,Open Mic Wednesday,2025-01-29,8p-11p,Eagle River,The Crystal Saloon,music,,,system@akconcerts.com,AK Concerts Auto Import,Master Event Database,Approved
2026-08-12 12:00:00,Karaoke,2025-01-29,9p-12a,Eagle River,Four Corner’s Lounge,music,,,system@akconcerts.com,AK Concerts Auto Import,Master Event Database,Approved
2026-08-12 12:00:00,Karaoke,2025-01-29,9p-2a,Eagle River,Yukon Bar,music,,,system@akconcerts.com,AK Concerts Auto Import,Master Event Database,Approved
2026-08-12 12:00:00,Koots Karaoke,2025-02-16,10p-2a,Anchorage,Koot’s,music,,,system@akconcerts.com,AK Concerts Auto Import,Master Event Database,Approved
2026-08-12 12:00:00,Industry Night w/ Joe Brady,2025-02-16,10p-2a,Anchorage,Pioneer Bar,music,,,system@akconcerts.com,AK Concerts Auto Import,Master Event Database,Approved
2026-08-12 12:00:00,Jams For Fams w/ DJ Spencer Lee: Neon Love Party,2025-02-16,11a-1p,Anchorage,Bear Tooth Theatrepub,music,,,system@akconcerts.com,AK Concerts Auto Import,Master Event Database,Approved
2026-08-12 12:00:00,Improv Dojo,2025-02-16,12p-1:30p,Anchorage,Midnight Sun Theatre,music,,,system@akconcerts.com,AK Concerts Auto Import,Master Event Database,Approved
2026-08-12 12:00:00,Brunch Music w/ Alex Parsons,2025-02-16,12p-2p,Anchorage,Writer’s Block Bookstore & Café,music,,,system@akconcerts.com,AK Concerts Auto Import,Master Event Database,Approved
2026-08-12 12:00:00,Brunch Music w/ Django Jam,2025-02-16,2p-5p,Anchorage,Writer’s Block Bookstore & Café,music,,,system@akconcerts.com,AK Concerts Auto Import,Master Event Database,Approved
2026-08-12 12:00:00,"Judy Moody and the Stink: The Mad, Mad, Mad, Mad Treasure Hunt",2025-02-16,3p-4:30p,Anchorage,UAA Fine Arts Building,music,,,system@akconcerts.com,AK Concerts Auto Import,Master Event Database,Approved
2026-08-12 12:00:00,Cabaret,2025-02-16,3p-5p,Anchorage,Cyrano’s Theatre Building,music,,,system@akconcerts.com,AK Concerts Auto Import,Master Event Database,Approved
2026-08-12 12:00:00,Comfortably Dumb Live,2025-02-16,3p-6p,Anchorage,Arctic Valley Ski Area,music,,,system@akconcerts.com,AK Concerts Auto Import,Master Event Database,Approved
2026-08-12 12:00:00,Open Mic & Jam,2025-02-16,4:30p-8:30p,Anchorage,VFW Post 1685,music,,,system@akconcerts.com,AK Concerts Auto Import,Master Event Database,Approved
2026-08-12 12:00:00,Valentine’s Weekend Zoo Lights,2025-02-16,5p-8p,Anchorage,Alaska Zoo,music,,,system@akconcerts.com,AK Concerts Auto Import,Master Event Database,Approved
2026-08-12 12:00:00,Sunday Blues Jam w/ Rebel Blues Band,2025-02-16,6p-10p,Anchorage,Billiard Palace,music,,,system@akconcerts.com,AK Concerts Auto Import,Master Event Database,Approved
2026-08-12 12:00:00,Open Mic Night,2025-02-16,6p-9p,Anchorage,Susitna Brewing,music,,,system@akconcerts.com,AK Concerts Auto Import,Master Event Database,Approved
2026-08-12 12:00:00,American Tango Lesson & Open Dance,2025-02-16,7:45p-10p,Anchorage,Change Point,dance,,,system@akconcerts.com,AK Concerts Auto Import,Master Event Database,Approved
2026-08-12 12:00:00,Open Mic Night w/ Mister Boobs,2025-02-16,7p-10p,Anchorage,Broken Blender,music,,,system@akconcerts.com,AK Concerts Auto Import,Master Event Database,Approved
2026-08-12 12:00:00,Open Mic Night,2025-02-16,7p-11p,Anchorage,Van’s Dive Bar,music,,,system@akconcerts.com,AK Concerts Auto Import,Master Event Database,Approved
2026-08-12 12:00:00,Comedy Open Mic,2025-02-16,8:30p-10p,Anchorage,Koot’s,comedy,,,system@akconcerts.com,AK Concerts Auto Import,Master Event Database,Approved
2026-08-12 12:00:00,Open Jam with Blast From The Past,2025-02-16,8:30p-1a,Anchorage,Time Out Lounge,music,,,system@akconcerts.com,AK Concerts Auto Import,Master Event Database,Approved
2026-08-12 12:00:00,Karaoke,2025-02-16,9p-12a,Anchorage,Mad Myrna’s,music,,,system@akconcerts.com,AK Concerts Auto Import,Master Event Database,Approved
2026-08-12 12:00:00,Salsa Festival Black & Blue Themed Closing Party,2025-02-16,9p-1a,Anchorage,Continental Events,dance,,,system@akconcerts.com,AK Concerts Auto Import,Master Event Database,Approved
2026-08-12 12:00:00,Open Decks,2025-02-16,9p-2:30a,Anchorage,Koot's,music,,,system@akconcerts.com,AK Concerts Auto Import,Master Event Database,Approved
2026-08-12 12:00:00,Open Decks,2025-02-16,9p-2:30a,Anchorage,Koots,music,,,system@akconcerts.com,AK Concerts Auto Import,Master Event Database,Approved
2026-08-12 12:00:00,Sunday Karaoke,2025-02-16,9p-2a,Anchorage,The Carousel Lounge,music,,,system@akconcerts.com,AK Concerts Auto Import,Master Event Database,Approved
2026-08-12 12:00:00,Gospel Choir Celebrations,2025-02-16,2p-4 & 5p-7p,Eagle River,Juneau Arts and Humanities,music,,,system@akconcerts.com,AK Concerts Auto Import,Master Event Database,Approved
2026-08-12 12:00:00,Open Mic Night,2025-02-16,5p-8p,Eagle River,The Creek Street Cabaret,music,,,system@akconcerts.com,AK Concerts Auto Import,Master Event Database,Approved
2026-08-12 12:00:00,Open Mic Night,2025-02-16,6p-10p,Eagle River,Everett’s,music,,,system@akconcerts.com,AK Concerts Auto Import,Master Event Database,Approved
2026-08-12 12:00:00,Sunday Swing at the Red Dog,2025-02-16,6p-9p,Eagle River,Red Dog Saloon,dance,,,system@akconcerts.com,AK Concerts Auto Import,Master Event Database,Approved
2026-08-12 12:00:00,Boombox Bingo,2025-02-17,6:30p-8:30,Anchorage,Broken Blender,music,,,system@akconcerts.com,AK Concerts Auto Import,Master Event Database,Approved
2026-08-12 12:00:00,AJW Community Jazz Jam Session,2025-02-17,6p-9p,Anchorage,K Street Market,music,,,system@akconcerts.com,AK Concerts Auto Import,Master Event Database,Approved
2026-08-12 12:00:00,The Monday Mic w/ Boobs,2025-02-17,9p-12a,Anchorage,Koot’s,music,,,system@akconcerts.com,AK Concerts Auto Import,Master Event Database,Approved
2026-08-12 12:00:00,Art & Music Night,2025-02-17,5:30p-6:30p,Eagle River,Government Peak Chalet,music,,,system@akconcerts.com,AK Concerts Auto Import,Master Event Database,Approved
2026-08-12 12:00:00,Community Choir Rehearsal,2025-02-17,6p-9p,Eagle River,Sheldon Community Arts Hangar,community,,,system@akconcerts.com,AK Concerts Auto Import,Master Event Database,Approved
2026-08-12 12:00:00,Open Mic Night w/ Jim Maloney & Orion Donicht,2025-02-17,7p-10p,Eagle River,Alice’s Champagne Palace,music,,,system@akconcerts.com,AK Concerts Auto Import,Master Event Database,Approved
2026-08-12 12:00:00,Karaoke,2025-02-17,9p-12a,Eagle River,Four Corner’s Lounge,music,,,system@akconcerts.com,AK Concerts Auto Import,Master Event Database,Approved
2026-08-12 12:00:00,Live Music with Witty Youngman,2025-02-18,6p-8p,Anchorage,Orso,music,,,system@akconcerts.com,AK Concerts Auto Import,Master Event Database,Approved
2026-08-12 12:00:00,Irish Music and Dancing,2025-02-18,6p-8p,Anchorage,Organic Oasis,music,,,system@akconcerts.com,AK Concerts Auto Import,Master Event Database,Approved
2026-08-12 12:00:00,Open Jam Night,2025-02-18,7p-11p,Anchorage,Van’s Dive Bar,music,,,system@akconcerts.com,AK Concerts Auto Import,Master Event Database,Approved
2026-08-12 12:00:00,The Eternal Cowboys,2025-02-18,9p-12a,Anchorage,Koot’s,music,,,system@akconcerts.com,AK Concerts Auto Import,Master Event Database,Approved
2026-08-12 12:00:00,Art & Music Night,2025-02-18,5:30p-6:30p,Eagle River,Government Peak Chalet,music,,,system@akconcerts.com,AK Concerts Auto Import,Master Event Database,Approved
2026-08-12 12:00:00,Taco Tuesday's with Jim Maloney,2025-02-18,6:30p-10p,Eagle River,Justin Cole’s Down East Saloon,music,,,system@akconcerts.com,AK Concerts Auto Import,Master Event Database,Approved
2026-08-12 12:00:00,Tyson Davis Tuesdays,2025-02-18,6p-8p,Eagle River,Seward Alehouse,music,,,system@akconcerts.com,AK Concerts Auto Import,Master Event Database,Approved
2026-08-12 12:00:00,Karaoke Night at the Cabin,2025-02-18,7p-10p,Eagle River,The Cabin,music,,,system@akconcerts.com,AK Concerts Auto Import,Master Event Database,Approved
2026-08-12 12:00:00,Jazz Jam Tuesday,2025-02-18,8p-11p,Eagle River,The Crystal Saloon,music,,,system@akconcerts.com,AK Concerts Auto Import,Master Event Database,Approved
2026-08-12 12:00:00,Karaoke Night,2025-02-18,8p-11p,Eagle River,Schwabenhof,music,,,system@akconcerts.com,AK Concerts Auto Import,Master Event Database,Approved
2026-08-12 12:00:00,Open Mic Night,2025-02-18,8p-12a,Eagle River,Four Corner’s Lounge,music,,,system@akconcerts.com,AK Concerts Auto Import,Master Event Database,Approved
2026-08-12 12:00:00,Open Jam Night,2025-02-18,9p-2a,Eagle River,Yukon Bar,music,,,system@akconcerts.com,AK Concerts Auto Import,Master Event Database,Approved
2026-08-12 12:00:00,The Eternal Cowboys,2025-02-19,10p-12a,Anchorage,Pioneer Bar,music,,,system@akconcerts.com,AK Concerts Auto Import,Master Event Database,Approved
2026-08-12 12:00:00,Board Night w/ DJ Covy,2025-02-19,6p-9p,Anchorage,Humpy’s,music,,,system@akconcerts.com,AK Concerts Auto Import,Master Event Database,Approved
2026-08-12 12:00:00,Tyrone Palmer & Friends,2025-02-19,7p-10p,Anchorage,907 Alehouse,music,,,system@akconcerts.com,AK Concerts Auto Import,Master Event Database,Approved
2026-08-12 12:00:00,Line Dance Night,2025-02-19,7p-11p,Anchorage,Pink Cadillac,dance,,,system@akconcerts.com,AK Concerts Auto Import,Master Event Database,Approved
2026-08-12 12:00:00,Country Night & Dance Lessons,2025-02-19,7p-1a,Anchorage,Koot’s,dance,,,system@akconcerts.com,AK Concerts Auto Import,Master Event Database,Approved
2026-08-12 12:00:00,Stand Up Comedy w/ Joey Medina,2025-02-19,7p-8:30p,Anchorage,Angry Salmon,comedy,,,system@akconcerts.com,AK Concerts Auto Import,Master Event Database,Approved
2026-08-12 12:00:00,Open Mic,2025-02-19,8p-12a,Anchorage,Lil Babes Cocktail Lounge,music,,,system@akconcerts.com,AK Concerts Auto Import,Master Event Database,Approved
2026-08-12 12:00:00,AK Rockstar Karaoke,2025-02-19,8p-2a,Anchorage,The Carousel Lounge,music,,,system@akconcerts.com,AK Concerts Auto Import,Master Event Database,Approved
2026-08-12 12:00:00,2025 Iron Dog Race Nome Halfway Ceremonies & Banquet,2025-02-19,4p-6p,Eagle River,Nome Mini Convention Center,music,,,system@akconcerts.com,AK Concerts Auto Import,Master Event Database,Approved
2026-08-12 12:00:00,Open Mike w/ Ben Sayers,2025-02-19,6p-9p,Eagle River,Main Street Tap & Grill,music,,,system@akconcerts.com,AK Concerts Auto Import,Master Event Database,Approved
2026-08-12 12:00:00,Open Mic,2025-02-19,7:30p-11p,Eagle River,Schwabenhof,music,,,system@akconcerts.com,AK Concerts Auto Import,Master Event Database,Approved
2026-08-12 12:00:00,Open Mic Night at the Cabin,2025-02-19,7p-10p,Eagle River,The Cabin,music,,,system@akconcerts.com,AK Concerts Auto Import,Master Event Database,Approved
2026-08-12 12:00:00,Karaoke,2025-02-19,8p-11p,Eagle River,Alaskan Hotel and Bar,music,,,system@akconcerts.com,AK Concerts Auto Import,Master Event Database,Approved
2026-08-12 12:00:00,Open Mic Wednesday,2025-02-19,8p-11p,Eagle River,The Crystal Saloon,music,,,system@akconcerts.com,AK Concerts Auto Import,Master Event Database,Approved
2026-08-12 12:00:00,Karaoke,2025-02-19,9p-12a,Eagle River,Four Corner’s Lounge,music,,,system@akconcerts.com,AK Concerts Auto Import,Master Event Database,Approved
2026-08-12 12:00:00,Karaoke,2025-02-19,9p-2a,Eagle River,Yukon Bar,music,,,system@akconcerts.com,AK Concerts Auto Import,Master Event Database,Approved
2026-08-12 12:00:00,Live Music with Witty Youngman,2025-03-18,6p-8p,Anchorage,Orso,music,,,system@akconcerts.com,AK Concerts Auto Import,Master Event Database,Approved
2026-08-12 12:00:00,Irish Music and Dancing,2025-03-18,6p-8p,Anchorage,Organic Oasis,music,,,system@akconcerts.com,AK Concerts Auto Import,Master Event Database,Approved
2026-08-12 12:00:00,Open Jam Night,2025-03-18,7p-11p,Anchorage,Van’s Dive Bar,music,,,system@akconcerts.com,AK Concerts Auto Import,Master Event Database,Approved
2026-08-12 12:00:00,The Eternal Cowboys,2025-03-18,9p-12a,Anchorage,Koot’s,music,,,system@akconcerts.com,AK Concerts Auto Import,Master Event Database,Approved
2026-08-12 12:00:00,70’s Dance Party w/ The Vintage Retro,2025-03-20,10:30p-1:30a,Eagle River,Chair 5,dance,,,system@akconcerts.com,AK Concerts Auto Import,Master Event Database,Approved
2026-08-12 12:00:00,Karaoke Nights at the Big I,2025-03-20,10p-2a,Eagle River,The International Hotel & Bar,music,,,system@akconcerts.com,AK Concerts Auto Import,Master Event Database,Approved
2026-08-12 12:00:00,Open Mic Night w/ Kenai Collaborative,2025-03-20,6p-8p,Eagle River,The Goods,music,,,system@akconcerts.com,AK Concerts Auto Import,Master Event Database,Approved
2026-08-12 12:00:00,Matt Hopper Live,2025-03-20,6p-9p,Eagle River,Palmer Alehouse,music,,,system@akconcerts.com,AK Concerts Auto Import,Master Event Database,Approved
2026-08-12 12:00:00,William Shakespeare’s Long Lost First Play,2025-03-20,7:30p-9p,Eagle River,Holy Trinity Church,theatre,,,system@akconcerts.com,AK Concerts Auto Import,Master Event Database,Approved
2026-08-12 12:00:00,The AKoustic Project,2025-03-20,7p-10p,Eagle River,Tailgater’s Sport’s Bar & Grill,music,,,system@akconcerts.com,AK Concerts Auto Import,Master Event Database,Approved
2026-08-12 12:00:00,Open Jam/Mic Night w/ Host Jesse James,2025-03-20,7p-11p,Eagle River,Four Corner’s Lounge,music,,,system@akconcerts.com,AK Concerts Auto Import,Master Event Database,Approved
2026-08-12 12:00:00,Open Mic,2025-03-20,8p-11p,Eagle River,Alaskan Hotel and Bar,music,,,system@akconcerts.com,AK Concerts Auto Import,Master Event Database,Approved
2026-08-12 12:00:00,Karaoke Thursdays,2025-03-20,8p-11p,Eagle River,The Crystal Saloon,music,,,system@akconcerts.com,AK Concerts Auto Import,Master Event Database,Approved
2026-08-12 12:00:00,Karaoke,2025-03-20,8p-1a,Eagle River,Klondike Mike’s and Garcia’s Grill,music,,,system@akconcerts.com,AK Concerts Auto Import,Master Event Database,Approved
2026-08-12 12:00:00,Karaoke Night,2025-03-20,9:15p-12:15a,Eagle River,Alibi Bar & Café,music,,,system@akconcerts.com,AK Concerts Auto Import,Master Event Database,Approved
2026-08-12 12:00:00,Rachel Whitmore,2025-03-21,6p-8p,Anchorage,Angry Salmon,music,,,system@akconcerts.com,AK Concerts Auto Import,Master Event Database,Approved
2026-08-12 12:00:00,Blackwater Railroad Company Live7p,2025-03-21,10p,Eagle River,Main Street Tap & Grill,music,,,system@akconcerts.com,AK Concerts Auto Import,Master Event Database,Approved
2026-08-12 12:00:00,Marc Brown & The Blues Crew,2025-03-21,10p-2a,Eagle River,The International Hotel & Bar,music,,,system@akconcerts.com,AK Concerts Auto Import,Master Event Database,Approved
2026-08-12 12:00:00,DJ Darkstar and Deadzillenial,2025-03-21,10p-2a,Eagle River,Kharacter’s Alaskan Bar,music,,,system@akconcerts.com,AK Concerts Auto Import,Master Event Database,Approved
2026-08-12 12:00:00,Schaefer Mueller and The Neon Highway!,2025-03-21,10p-2a,Eagle River,Four Corner’s Lounge,music,,,system@akconcerts.com,AK Concerts Auto Import,Master Event Database,Approved
2026-08-12 12:00:00,Hot Mess,2025-03-21,10p-2a,Eagle River,The Mug-Shot Saloon,music,,,system@akconcerts.com,AK Concerts Auto Import,Master Event Database,Approved
2026-08-12 12:00:00,Winter King Tournament Kick-Off Party w/ The Copper River Band,2025-03-21,4p-7p,Eagle River,Alice’s Champagne Palace,music,,,system@akconcerts.com,AK Concerts Auto Import,Master Event Database,Approved
2026-08-12 12:00:00,Yoga and Relaxation Under the Stars,2025-03-21,5:30p-6:30p,Eagle River,Marie Drake Planetarium Juneau,music,,,system@akconcerts.com,AK Concerts Auto Import,Master Event Database,Approved
2026-08-12 12:00:00,Lia Everett,2025-03-21,6-9,Eagle River,Last Frontier Brewing,music,,,system@akconcerts.com,AK Concerts Auto Import,Master Event Database,Approved
2026-08-12 12:00:00,Beer Choir,2025-03-21,6:30p-9p,Eagle River,Devil’s Club Brewing Company,music,,,system@akconcerts.com,AK Concerts Auto Import,Master Event Database,Approved
2026-08-12 12:00:00,Women’s History Month Celebration,2025-03-21,6p-10p,Eagle River,Palmer Train Depot,community,,,system@akconcerts.com,AK Concerts Auto Import,Master Event Database,Approved
2026-08-12 12:00:00,Piano Music by Erika,2025-03-21,6p-8p,Eagle River,AJ’s Old Town Steakhouse & Tavern,music,,,system@akconcerts.com,AK Concerts Auto Import,Master Event Database,Approved
2026-08-12 12:00:00,A Felicidade Fridays,2025-03-21,6p-8p,Eagle River,The Crystal Saloon,music,,,system@akconcerts.com,AK Concerts Auto Import,Master Event Database,Approved
2026-08-12 12:00:00,Spring Fling Sock Hop,2025-03-21,6p-8p,Eagle River,Next Step Dance Kodiak,music,,,system@akconcerts.com,AK Concerts Auto Import,Master Event Database,Approved
2026-08-12 12:00:00,Irish Karaoke Jam,2025-03-21,6p-9p,Eagle River,Carlson Center,music,,,system@akconcerts.com,AK Concerts Auto Import,Master Event Database,Approved
2026-08-12 12:00:00,Comedy Show w/ Retha Jones,2025-03-21,7:30p-9p,Eagle River,Everett’s,comedy,,,system@akconcerts.com,AK Concerts Auto Import,Master Event Database,Approved
2026-08-12 12:00:00,Ken Peltier Live,2025-03-21,7p-10p,Eagle River,Palmer Alehouse,music,,,system@akconcerts.com,AK Concerts Auto Import,Master Event Database,Approved
2026-08-12 12:00:00,Karaoke,2025-03-21,7p-11p,Eagle River,American Legion Post 15,music,,,system@akconcerts.com,AK Concerts Auto Import,Master Event Database,Approved
2026-08-12 12:00:00,Trivia & Open Mike Night Fridays,2025-03-21,7p-12a,Eagle River,Pioneer Bar,music,,,system@akconcerts.com,AK Concerts Auto Import,Master Event Database,Approved
2026-08-12 12:00:00,Arts by Air: Shake City String Band,2025-03-21,7p-9,Eagle River,Bunnell Street Arts Center,music,,,system@akconcerts.com,AK Concerts Auto Import,Master Event Database,Approved
2026-08-12 12:00:00,Valley Performing Arts: Annie,2025-03-21,7p-9:30p,Eagle River,The Glenn Massay Theatre,music,,,system@akconcerts.com,AK Concerts Auto Import,Master Event Database,Approved
2026-08-12 12:00:00,"Parlor In The Round feat. Lizzie No, Annie B, & Joel Stuk",2025-03-21,7p-9p,Eagle River,Chilkat Center for the Arts,music,,,system@akconcerts.com,AK Concerts Auto Import,Master Event Database,Approved
2026-08-12 12:00:00,Free Music Fridays: The Robotz,2025-03-21,7p-9p,Eagle River,Seward Alehouse,music,,,system@akconcerts.com,AK Concerts Auto Import,Master Event Database,Approved
2026-08-12 12:00:00,St. Patrick's Day Social Dance,2025-03-21,8:30p-11p,Eagle River,The Pioneer Park Dance Hall,dance,,,system@akconcerts.com,AK Concerts Auto Import,Master Event Database,Approved
2026-08-12 12:00:00,Baddies With Bars,2025-03-21,8:30p-12a,Eagle River,The Pub,music,,,system@akconcerts.com,AK Concerts Auto Import,Master Event Database,Approved
2026-08-12 12:00:00,Karaoke Night,2025-03-21,8p-11p,Eagle River,Schwabenhof,music,,,system@akconcerts.com,AK Concerts Auto Import,Master Event Database,Approved
2026-08-12 12:00:00,Fireweed Fiddle,2025-03-21,8p-1a,Eagle River,Fairview Inn,music,,,system@akconcerts.com,AK Concerts Auto Import,Master Event Database,Approved
2026-08-12 12:00:00,Country Night,2025-03-21,8p-2a,Eagle River,Bernie’s Bar,music,,,system@akconcerts.com,AK Concerts Auto Import,Master Event Database,Approved
2026-08-12 12:00:00,Pop vs House Music with DJ Tony Taylor,2025-03-21,9p-12a,Eagle River,The Cabin,music,,,system@akconcerts.com,AK Concerts Auto Import,Master Event Database,Approved
2026-08-12 12:00:00,Hot Buttered Rum W/ Quinton Woolman-Morgan,2025-03-21,9p-12a,Eagle River,The Crystal Saloon,music,,,system@akconcerts.com,AK Concerts Auto Import,Master Event Database,Approved
2026-08-12 12:00:00,Live at the Sitz: Dizgo,2025-03-21,9p-1a,Eagle River,The Sitzmark Bar & Grill,music,,,system@akconcerts.com,AK Concerts Auto Import,Master Event Database,Approved
2026-08-12 12:00:00,Jesse James & The Unlikely Gentlemen,2025-03-21,9p-1a,Eagle River,Klondike Mike’s and Garcia’s Grill,music,,,system@akconcerts.com,AK Concerts Auto Import,Master Event Database,Approved
2026-08-12 12:00:00,Live at the Sitz: Dizgo,2025-03-21,9p-1a,Eagle River,Sitzmark,music,,,system@akconcerts.com,AK Concerts Auto Import,Master Event Database,Approved
2026-08-12 12:00:00,JUNOsmile,2025-03-22,6p-9p,Anchorage,Angry Salmon,music,,,system@akconcerts.com,AK Concerts Auto Import,Master Event Database,Approved
2026-08-12 12:00:00,Karaoke Night,2025-03-22,8:30p-1a,Anchorage,Trophy Lounge,music,,,system@akconcerts.com,AK Concerts Auto Import,Master Event Database,Approved
2026-08-12 12:00:00,Karaoke Night with Matti Moosic!,2025-03-22,8p-12a,Anchorage,American Legion Post 33,music,,,system@akconcerts.com,AK Concerts Auto Import,Master Event Database,Approved
2026-08-12 12:00:00,Marc Brown & The Blues Crew,2025-03-22,10p-2a,Eagle River,The International Hotel & Bar,music,,,system@akconcerts.com,AK Concerts Auto Import,Master Event Database,Approved
2026-08-12 12:00:00,Pudgies & Gaiaspyre,2025-03-22,10p-2a,Eagle River,Kharacter’s Alaskan Bar,music,,,system@akconcerts.com,AK Concerts Auto Import,Master Event Database,Approved
2026-08-12 12:00:00,Spring Break Party: Jersey Shore Edition!,2025-03-22,10p-2a,Eagle River,Bernie’s Bar,music,,,system@akconcerts.com,AK Concerts Auto Import,Master Event Database,Approved
2026-08-12 12:00:00,Hot Mess,2025-03-22,10p-2a,Eagle River,The Mug-Shot Saloon,music,,,system@akconcerts.com,AK Concerts Auto Import,Master Event Database,Approved
2026-08-12 12:00:00,Unit Souzou,2025-03-22,12p-2p,Eagle River,Sheldon Community Arts Hangar,music,,,system@akconcerts.com,AK Concerts Auto Import,Master Event Database,Approved
2026-08-12 12:00:00,Black Barrel & The Bad Men,2025-03-22,4p-7p,Eagle River,Hatcher Pass Lodge,music,,,system@akconcerts.com,AK Concerts Auto Import,Master Event Database,Approved
2026-08-12 12:00:00,Piano Music by Sunrise Kilcher,2025-03-22,6p-8p,Eagle River,AJ’s Old Town Steakhouse & Tavern,music,,,system@akconcerts.com,AK Concerts Auto Import,Master Event Database,Approved
2026-08-12 12:00:00,80's Hollywood Prom Night!,2025-03-22,6p-9p,Eagle River,Creekbend Company,music,,,system@akconcerts.com,AK Concerts Auto Import,Master Event Database,Approved
2026-08-12 12:00:00,Jerry Wessling Live,2025-03-22,6p-9p,Eagle River,Everett’s,music,,,system@akconcerts.com,AK Concerts Auto Import,Master Event Database,Approved
2026-08-12 12:00:00,Matt Hopper & The Roman Candles,2025-03-22,7:30p-10p,Eagle River,Porcupine Theatre,music,,,system@akconcerts.com,AK Concerts Auto Import,Master Event Database,Approved
2026-08-12 12:00:00,Conch Street All-Ages Show,2025-03-22,7:30p-8:30p,Eagle River,The Goods,music,,,system@akconcerts.com,AK Concerts Auto Import,Master Event Database,Approved
2026-08-12 12:00:00,Dance Lessons with Shufflin’ Country Style & Karaoke After,2025-03-22,7p-10p,Eagle River,American Legion Post 15,dance,,,system@akconcerts.com,AK Concerts Auto Import,Master Event Database,Approved
2026-08-12 12:00:00,Matt Nino,2025-03-22,7p-11p,Eagle River,Odd Man Rush,music,,,system@akconcerts.com,AK Concerts Auto Import,Master Event Database,Approved
2026-08-12 12:00:00,Karaoke,2025-03-22,7p-11p,Eagle River,American Legion Post 15,music,,,system@akconcerts.com,AK Concerts Auto Import,Master Event Database,Approved
2026-08-12 12:00:00,Triple Black Dimond,2025-03-22,8p-1a,Eagle River,Fairview Inn,music,,,system@akconcerts.com,AK Concerts Auto Import,Master Event Database,Approved
2026-08-12 12:00:00,Karaoke Saturdays,2025-03-22,9p-12a,Eagle River,Pioneer Bar,music,,,system@akconcerts.com,AK Concerts Auto Import,Master Event Database,Approved
2026-08-12 12:00:00,Live Music w/ Ayden See,2025-03-22,9p-12a,Eagle River,The Bayou,music,,,system@akconcerts.com,AK Concerts Auto Import,Master Event Database,Approved
2026-08-12 12:00:00,Live at the Sitz: Dizgo,2025-03-22,9p-1a,Eagle River,The Sitzmark Bar & Grill,music,,,system@akconcerts.com,AK Concerts Auto Import,Master Event Database,Approved
2026-08-12 12:00:00,Ken Peltier Band,2025-03-22,9p-1a,Eagle River,Four Corner’s Lounge,music,,,system@akconcerts.com,AK Concerts Auto Import,Master Event Database,Approved
2026-08-12 12:00:00,Glacier Hoppers Band,2025-03-22,9p-1a,Eagle River,Klondike Mike’s and Garcia’s Grill,music,,,system@akconcerts.com,AK Concerts Auto Import,Master Event Database,Approved
2026-08-12 12:00:00,Live at the Sitz: Dizgo,2025-03-22,9p-1a,Eagle River,Sitzmark,music,,,system@akconcerts.com,AK Concerts Auto Import,Master Event Database,Approved
2026-08-12 12:00:00,Open Mic Night,2025-03-23,6p-9p,Anchorage,Susitna Brewing,music,,,system@akconcerts.com,AK Concerts Auto Import,Master Event Database,Approved
2026-08-12 12:00:00,Argentine Tango Lesson & Open Dance,2025-03-23,1p-3p,Eagle River,Aurora Mediterranean Restaurant,dance,,,system@akconcerts.com,AK Concerts Auto Import,Master Event Database,Approved
2026-08-12 12:00:00,Valley Performing Arts: Annie,2025-03-23,2p-4:30p,Eagle River,The Glenn Massay Theatre,music,,,system@akconcerts.com,AK Concerts Auto Import,Master Event Database,Approved
2026-08-12 12:00:00,Songs of Spring,2025-03-23,4p-6p,Eagle River,St. Andrew Catholic,music,,,system@akconcerts.com,AK Concerts Auto Import,Master Event Database,Approved
2026-08-12 12:00:00,PF Classical Community Concert,2025-03-23,4p-6p,Eagle River,Stevenson Hall,music,,,system@akconcerts.com,AK Concerts Auto Import,Master Event Database,Approved
2026-08-12 12:00:00,Open Mic Night,2025-03-23,5p-8p,Eagle River,The Creek Street Cabaret,music,,,system@akconcerts.com,AK Concerts Auto Import,Master Event Database,Approved
2026-08-12 12:00:00,Open Mic Night,2025-03-23,6p-10p,Eagle River,Everett’s,music,,,system@akconcerts.com,AK Concerts Auto Import,Master Event Database,Approved
2026-08-12 12:00:00,Sunday Swing at the Red Dog,2025-03-23,6p-9p,Eagle River,Red Dog Saloon,dance,,,system@akconcerts.com,AK Concerts Auto Import,Master Event Database,Approved
2026-08-12 12:00:00,"Parlor in the Round ft Lizzie No, Annie Bartholomew, & Eliza Russell",2025-03-23,6p-9p,Eagle River,Skagway Brewing,music,,,system@akconcerts.com,AK Concerts Auto Import,Master Event Database,Approved
2026-08-12 12:00:00,Boombox Bingo,2025-03-24,6:30p-8:30,Anchorage,Broken Blender,music,,,system@akconcerts.com,AK Concerts Auto Import,Master Event Database,Approved
2026-08-12 12:00:00,AJW Community Jazz Jam Session,2025-03-24,6p-9p,Anchorage,K Street Market,music,,,system@akconcerts.com,AK Concerts Auto Import,Master Event Database,Approved
2026-08-12 12:00:00,Monday Open Mic,2025-03-24,9p-12a,Anchorage,Koot’s,music,,,system@akconcerts.com,AK Concerts Auto Import,Master Event Database,Approved
2026-08-12 12:00:00,The Monday Mic w/ Boobs,2025-03-24,9p-12a,Anchorage,Koot’s,music,,,system@akconcerts.com,AK Concerts Auto Import,Master Event Database,Approved
2026-08-12 12:00:00,Song Circle w/ Friends of Mike Morgan,2025-03-24,5p-7p,Eagle River,The Goods,music,,,system@akconcerts.com,AK Concerts Auto Import,Master Event Database,Approved
2026-08-12 12:00:00,BOOMbal Dance Hall,2025-03-24,6p-7:30p,Eagle River,Main Street Gallery,dance,,,system@akconcerts.com,AK Concerts Auto Import,Master Event Database,Approved
2026-08-12 12:00:00,Open Mic Night w/ Jim Maloney & Orion Donicht,2025-03-24,7p-10p,Eagle River,Alice’s Champagne Palace,music,,,system@akconcerts.com,AK Concerts Auto Import,Master Event Database,Approved
2026-08-12 12:00:00,Karaoke,2025-03-24,9p-12a,Eagle River,Four Corner’s Lounge,music,,,system@akconcerts.com,AK Concerts Auto Import,Master Event Database,Approved
2026-08-12 12:00:00,Taco Tuesday's with Jim Maloney,2025-03-25,6:30p-10p,Eagle River,Justin Cole’s Down East Saloon,music,,,system@akconcerts.com,AK Concerts Auto Import,Master Event Database,Approved
2026-08-12 12:00:00,Tyson Tuesdays,2025-03-25,6p-8p,Eagle River,Seward Alehouse,music,,,system@akconcerts.com,AK Concerts Auto Import,Master Event Database,Approved
2026-08-12 12:00:00,Karaoke Night at the Cabin,2025-03-25,7p-10p,Eagle River,The Cabin,music,,,system@akconcerts.com,AK Concerts Auto Import,Master Event Database,Approved
2026-08-12 12:00:00,Stand Up Comedy Open Mic,2025-03-25,7p-9p,Eagle River,Pakalolo Supply Co.,comedy,,,system@akconcerts.com,AK Concerts Auto Import,Master Event Database,Approved
2026-08-12 12:00:00,Lizzie No & Kevin Worrell,2025-03-25,7p-9p,Eagle River,Nonna’s Osteria,music,,,system@akconcerts.com,AK Concerts Auto Import,Master Event Database,Approved
2026-08-12 12:00:00,Jazz Jam Tuesday,2025-03-25,8p-11p,Eagle River,The Crystal Saloon,music,,,system@akconcerts.com,AK Concerts Auto Import,Master Event Database,Approved
2026-08-12 12:00:00,Karaoke Night,2025-03-25,8p-11p,Eagle River,Schwabenhof,music,,,system@akconcerts.com,AK Concerts Auto Import,Master Event Database,Approved
2026-08-12 12:00:00,Open Mic Night,2025-03-25,8p-12a,Eagle River,Four Corner’s Lounge,music,,,system@akconcerts.com,AK Concerts Auto Import,Master Event Database,Approved
2026-08-12 12:00:00,Open Jam Night,2025-03-25,9p-2a,Eagle River,Yukon Bar,music,,,system@akconcerts.com,AK Concerts Auto Import,Master Event Database,Approved
2026-08-12 12:00:00,Community Storytime,2025-03-26,10:30a-11a,Anchorage,Alaska Zoo,community,,,system@akconcerts.com,AK Concerts Auto Import,Master Event Database,Approved
2026-08-12 12:00:00,The Eternal Cowboys,2025-03-26,10p-12a,Anchorage,Pioneer Bar,music,,,system@akconcerts.com,AK Concerts Auto Import,Master Event Database,Approved
2026-08-12 12:00:00,Koots Karaoke,2025-03-26,10p-2a,Anchorage,Koot’s,music,,,system@akconcerts.com,AK Concerts Auto Import,Master Event Database,Approved
2026-08-12 12:00:00,Live Music with Rick Brooks,2025-03-26,6p-8p,Anchorage,Orso,music,,,system@akconcerts.com,AK Concerts Auto Import,Master Event Database,Approved
2026-08-12 12:00:00,Board Night w/ DJ Covy,2025-03-26,6p-9p,Anchorage,Humpy’s,music,,,system@akconcerts.com,AK Concerts Auto Import,Master Event Database,Approved
2026-08-12 12:00:00,Tyrone Palmer & Friends,2025-03-26,7p-10p,Anchorage,907 Alehouse,music,,,system@akconcerts.com,AK Concerts Auto Import,Master Event Database,Approved
2026-08-12 12:00:00,Line Dance Wednesdays,2025-03-26,7p-12a,Anchorage,Pink Cadillac,dance,,,system@akconcerts.com,AK Concerts Auto Import,Master Event Database,Approved
2026-08-12 12:00:00,Country Night,2025-03-26,8p-12a,Anchorage,Koot’s,music,,,system@akconcerts.com,AK Concerts Auto Import,Master Event Database,Approved
2026-08-12 12:00:00,Open Mic,2025-03-26,8p-12a,Anchorage,Lil Babes Cocktail Lounge,music,,,system@akconcerts.com,AK Concerts Auto Import,Master Event Database,Approved
2026-08-12 12:00:00,AK Rockstar Karaoke,2025-03-26,8p-2a,Anchorage,The Carousel Lounge,music,,,system@akconcerts.com,AK Concerts Auto Import,Master Event Database,Approved
2026-08-12 12:00:00,All Vinyl Lunch Time with DJ Spencer Lee,2025-03-26,9a-1p,Anchorage,K Street Market,music,,,system@akconcerts.com,AK Concerts Auto Import,Master Event Database,Approved
2026-08-12 12:00:00,Karaoke,2025-03-26,9p-12a,Anchorage,Mad Myrna’s,music,,,system@akconcerts.com,AK Concerts Auto Import,Master Event Database,Approved
2026-08-12 12:00:00,Open Mike w/ Ben Sayers,2025-03-26,6p-9p,Eagle River,Main Street Tap & Grill,music,,,system@akconcerts.com,AK Concerts Auto Import,Master Event Database,Approved
2026-08-12 12:00:00,Open Mic,2025-03-26,7:30p-11p,Eagle River,Schwabenhof,music,,,system@akconcerts.com,AK Concerts Auto Import,Master Event Database,Approved
2026-08-12 12:00:00,Open Mic Night at the Cabin,2025-03-26,7p-10p,Eagle River,The Cabin,music,,,system@akconcerts.com,AK Concerts Auto Import,Master Event Database,Approved
2026-08-12 12:00:00,Unit Souzou,2025-03-26,7p-9p,Eagle River,Mariner Theatre,music,,,system@akconcerts.com,AK Concerts Auto Import,Master Event Database,Approved
2026-08-12 12:00:00,Karaoke,2025-03-26,8p-11p,Eagle River,Alaskan Hotel and Bar,music,,,system@akconcerts.com,AK Concerts Auto Import,Master Event Database,Approved
2026-08-12 12:00:00,Open Mic Wednesday,2025-03-26,8p-11p,Eagle River,The Crystal Saloon,music,,,system@akconcerts.com,AK Concerts Auto Import,Master Event Database,Approved
2026-08-12 12:00:00,Open Mic Night,2025-03-26,8p-1a,Eagle River,Fairview Inn,music,,,system@akconcerts.com,AK Concerts Auto Import,Master Event Database,Approved
2026-08-12 12:00:00,Karaoke,2025-03-26,9p-12a,Eagle River,Four Corner’s Lounge,music,,,system@akconcerts.com,AK Concerts Auto Import,Master Event Database,Approved
2026-08-12 12:00:00,Karaoke,2025-03-26,9p-2a,Eagle River,Yukon Bar,music,,,system@akconcerts.com,AK Concerts Auto Import,Master Event Database,Approved
2026-08-12 12:00:00,Next Step Dance: Second Star to the Right,2025-05-10,6-7p,Eagle River,Gerald C. Wilson Auditorium,dance,,,system@akconcerts.com,AK Concerts Auto Import,Master Event Database,Approved
2026-08-12 12:00:00,Mother’s Day at the Garden w/ Live Music,2025-05-11,10a-4p,Anchorage,Alaska Botanical Garden,music,,,system@akconcerts.com,AK Concerts Auto Import,Master Event Database,Approved
2026-08-12 12:00:00,Koots Karaoke,2025-05-11,10p-2a,Anchorage,Koot’s,music,,,system@akconcerts.com,AK Concerts Auto Import,Master Event Database,Approved
2026-08-12 12:00:00,Industry Night w/ Joe Brady,2025-05-11,10p-2a,Anchorage,Pioneer Bar,music,,,system@akconcerts.com,AK Concerts Auto Import,Master Event Database,Approved
2026-08-12 12:00:00,Brunch Music w/ The Work Shoes,2025-05-11,12p-2p,Anchorage,Writer’s Block Bookstore & Café,music,,,system@akconcerts.com,AK Concerts Auto Import,Master Event Database,Approved
2026-08-12 12:00:00,Rubber Ptarmigan: Mama Bird Brunch Comedy,2025-05-11,12p-3p,Anchorage,Zip Kombucha,comedy,,,system@akconcerts.com,AK Concerts Auto Import,Master Event Database,Approved
2026-08-12 12:00:00,907 Jazz Jam,2025-05-11,3:30p-6p,Anchorage,Organic Oasis,music,,,system@akconcerts.com,AK Concerts Auto Import,Master Event Database,Approved
2026-08-12 12:00:00,Dial M for Murder,2025-05-11,3p-4:45p,Anchorage,Cyrano’s Theatre Company,music,,,system@akconcerts.com,AK Concerts Auto Import,Master Event Database,Approved
2026-08-12 12:00:00,A Wrinkle In Time,2025-05-11,3p-6p,Anchorage,APU Grant Hall,music,,,system@akconcerts.com,AK Concerts Auto Import,Master Event Database,Approved
2026-08-12 12:00:00,Open Mic & Jam,2025-05-11,4:30p-8:30p,Anchorage,VFW Post 1685,music,,,system@akconcerts.com,AK Concerts Auto Import,Master Event Database,Approved
2026-08-12 12:00:00,Sunday Blues Jam w/ Rebel Blues Band,2025-05-11,6p-10p,Anchorage,Billiard Palace,music,,,system@akconcerts.com,AK Concerts Auto Import,Master Event Database,Approved
2026-08-12 12:00:00,Traditional Irish Music w/ Jim Kerr & Friends,2025-05-11,6p-8p,Anchorage,Writer’s Block Bookstore & Café,music,,,system@akconcerts.com,AK Concerts Auto Import,Master Event Database,Approved
2026-08-12 12:00:00,Open Mic Night,2025-05-11,6p-9p,Anchorage,Susitna Brewing,music,,,system@akconcerts.com,AK Concerts Auto Import,Master Event Database,Approved
2026-08-12 12:00:00,Live Music w/ Dawson Gent,2025-05-11,7:30p-11:30p,Anchorage,Humpy’s,music,,,system@akconcerts.com,AK Concerts Auto Import,Master Event Database,Approved
2026-08-12 12:00:00,Open Mic Night,2025-05-11,7p-11p,Anchorage,Van’s Dive Bar,music,,,system@akconcerts.com,AK Concerts Auto Import,Master Event Database,Approved
2026-08-12 12:00:00,Comedy Open Mic,2025-05-11,8:30p-10p,Anchorage,Koot’s,comedy,,,system@akconcerts.com,AK Concerts Auto Import,Master Event Database,Approved
2026-08-12 12:00:00,Open Jam with Blast From The Past,2025-05-11,8:30p-1a,Anchorage,Time Out Lounge,music,,,system@akconcerts.com,AK Concerts Auto Import,Master Event Database,Approved
2026-08-12 12:00:00,Karaoke,2025-05-11,9p-12a,Anchorage,Mad Myrna’s,music,,,system@akconcerts.com,AK Concerts Auto Import,Master Event Database,Approved
2026-08-12 12:00:00,Sunday Karaoke,2025-05-11,9p-2a,Anchorage,The Carousel Lounge,music,,,system@akconcerts.com,AK Concerts Auto Import,Master Event Database,Approved
2026-08-12 12:00:00,Mother's Day Brunch with Kat Moore,2025-05-11,10a-12p,Eagle River,Creekbend Café,community,,,system@akconcerts.com,AK Concerts Auto Import,Master Event Database,Approved
2026-08-12 12:00:00,3rd Annual One Health Fest w/ Live Music,2025-05-11,11a-3p,Eagle River,Palmer Train Depot,festival,,,system@akconcerts.com,AK Concerts Auto Import,Master Event Database,Approved
2026-08-12 12:00:00,5th Annual Motherbird Fair,2025-05-11,12p-6p,Eagle River,Land’s End Resort,festival,,,system@akconcerts.com,AK Concerts Auto Import,Master Event Database,Approved
2026-08-12 12:00:00,Argentine Tango Lesson & Open Dance,2025-05-11,1p-3p,Eagle River,Aurora Mediterranean Restaurant,dance,,,system@akconcerts.com,AK Concerts Auto Import,Master Event Database,Approved
2026-08-12 12:00:00,Sunday Serenade w/ Martha Masters,2025-05-11,2p-4p,Eagle River,UAS Egan Library,music,,,system@akconcerts.com,AK Concerts Auto Import,Master Event Database,Approved
2026-08-12 12:00:00,JDT’s Spring Showcase,2025-05-11,2p-4p,Eagle River,Juneau Douglas High School,music,,,system@akconcerts.com,AK Concerts Auto Import,Master Event Database,Approved
2026-08-12 12:00:00,Mother’s Day Blues Dance Workshop,2025-05-11,2p-5p,Eagle River,The Alaska Club,dance,,,system@akconcerts.com,AK Concerts Auto Import,Master Event Database,Approved
2026-08-12 12:00:00,Mother's Day Concert,2025-05-11,4p-6p,Eagle River,Sheldon Community Arts Hangar,music,,,system@akconcerts.com,AK Concerts Auto Import,Master Event Database,Approved
2026-08-12 12:00:00,Open Mic Night,2025-05-11,6p-10p,Eagle River,Everett’s,music,,,system@akconcerts.com,AK Concerts Auto Import,Master Event Database,Approved
2026-08-12 12:00:00,Open Mic Night,2025-05-11,6p-9p,Eagle River,The Creek Street Cabaret,music,,,system@akconcerts.com,AK Concerts Auto Import,Master Event Database,Approved
2026-08-12 12:00:00,Blackwater Railroad Company,2025-05-11,7p-10p,Eagle River,The Anchor,music,,,system@akconcerts.com,AK Concerts Auto Import,Master Event Database,Approved
2026-08-12 12:00:00,Karaoke,2025-05-11,9p-12a,Eagle River,Four Corner’s Lounge,music,,,system@akconcerts.com,AK Concerts Auto Import,Master Event Database,Approved
2026-08-12 12:00:00,Song Circle w/ Friends of Mike Morgan,2025-05-12,5p-7p,Eagle River,The Goods,music,,,system@akconcerts.com,AK Concerts Auto Import,Master Event Database,Approved
2026-08-12 12:00:00,A Felicidade Dinner Jazz,2025-05-12,6p-8p,Eagle River,The Crystal Saloon,music,,,system@akconcerts.com,AK Concerts Auto Import,Master Event Database,Approved
2026-08-12 12:00:00,Karaoke,2025-05-12,9p-12a,Eagle River,Four Corner’s Lounge,music,,,system@akconcerts.com,AK Concerts Auto Import,Master Event Database,Approved
2026-08-12 12:00:00,Killoran Productions Spring Show: The Final Curtain Call,2025-05-13,10p-1a,Anchorage,Williwaw Social,music,,,system@akconcerts.com,AK Concerts Auto Import,Master Event Database,Approved
2026-08-12 12:00:00,Boombox Bingo,2025-05-13,6:30p-8:30,Anchorage,Broken Blender,music,,,system@akconcerts.com,AK Concerts Auto Import,Master Event Database,Approved
2026-08-12 12:00:00,International Packraft Film Festival,2025-05-13,6p-8p,Anchorage,Bear Tooth Theatrepub,festival,,,system@akconcerts.com,AK Concerts Auto Import,Master Event Database,Approved
2026-08-12 12:00:00,Live Music with Witty Youngman,2025-05-13,6p-8p,Anchorage,Orso,music,,,system@akconcerts.com,AK Concerts Auto Import,Master Event Database,Approved
2026-08-12 12:00:00,Irish Music and Dancing,2025-05-13,6p-8p,Anchorage,Organic Oasis,music,,,system@akconcerts.com,AK Concerts Auto Import,Master Event Database,Approved
2026-08-12 12:00:00,AJW Community Jazz Jam Session,2025-05-13,6p-9p,Anchorage,K Street Market,music,,,system@akconcerts.com,AK Concerts Auto Import,Master Event Database,Approved
2026-08-12 12:00:00,Auditions for “The Addams Family”,2025-05-13,7p-10p,Anchorage,Anchorage Community Theatre,music,,,system@akconcerts.com,AK Concerts Auto Import,Master Event Database,Approved
2026-08-12 12:00:00,Open Jam Night,2025-05-13,7p-11p,Anchorage,Van’s Dive Bar,music,,,system@akconcerts.com,AK Concerts Auto Import,Master Event Database,Approved
2026-08-12 12:00:00,Buckaroos Night Fundraiser for Mrs. Alaska,2025-05-13,7p-12a,Anchorage,Pink Cadillac,music,,,system@akconcerts.com,AK Concerts Auto Import,Master Event Database,Approved
2026-08-12 12:00:00,The Monday Mic w/ Boobs,2025-05-13,9p-12a,Anchorage,Koot’s,music,,,system@akconcerts.com,AK Concerts Auto Import,Master Event Database,Approved
2026-08-12 12:00:00,The Eternal Cowboys,2025-05-13,9p-12a,Anchorage,Koot’s,music,,,system@akconcerts.com,AK Concerts Auto Import,Master Event Database,Approved
2026-08-12 12:00:00,Karaoke Night at the Cabin,2025-05-13,7p-10p,Eagle River,The Cabin,music,,,system@akconcerts.com,AK Concerts Auto Import,Master Event Database,Approved
2026-08-12 12:00:00,(Almost) Summer Story Slam,2025-05-13,7p-10p,Eagle River,The Creek Street Cabaret,community,,,system@akconcerts.com,AK Concerts Auto Import,Master Event Database,Approved
2026-08-12 12:00:00,Live Music Tyson Tuesdays!,2025-05-13,8p-10p,Eagle River,Seward Alehouse,music,,,system@akconcerts.com,AK Concerts Auto Import,Master Event Database,Approved
2026-08-12 12:00:00,Jazz Jam Tuesday,2025-05-13,8p-11p,Eagle River,The Crystal Saloon,music,,,system@akconcerts.com,AK Concerts Auto Import,Master Event Database,Approved
2026-08-12 12:00:00,Karaoke Night,2025-05-13,8p-11p,Eagle River,Schwabenhof,music,,,system@akconcerts.com,AK Concerts Auto Import,Master Event Database,Approved
2026-08-12 12:00:00,Live DJ,2025-05-13,8p-12a,Eagle River,Four Corner’s Lounge,music,,,system@akconcerts.com,AK Concerts Auto Import,Master Event Database,Approved
2026-08-12 12:00:00,Open Jam Night,2025-05-13,9p-2a,Eagle River,Yukon Bar,music,,,system@akconcerts.com,AK Concerts Auto Import,Master Event Database,Approved
2026-08-12 12:00:00,Community Storytime,2025-05-14,10:30a-11a,Anchorage,Alaska Zoo,community,,,system@akconcerts.com,AK Concerts Auto Import,Master Event Database,Approved
2026-08-12 12:00:00,The Eternal Cowboys,2025-05-14,10p-12a,Anchorage,Pioneer Bar,music,,,system@akconcerts.com,AK Concerts Auto Import,Master Event Database,Approved
2026-08-12 12:00:00,Koots Karaoke,2025-05-14,10p-2a,Anchorage,Koot’s,music,,,system@akconcerts.com,AK Concerts Auto Import,Master Event Database,Approved
2026-08-12 12:00:00,Tyrone Palmer & Friends,2025-05-14,7p-10p,Anchorage,907 Alehouse,music,,,system@akconcerts.com,AK Concerts Auto Import,Master Event Database,Approved
2026-08-12 12:00:00,Auditions for “The Addams Family”,2025-05-14,7p-10p,Anchorage,Anchorage Community Theatre,music,,,system@akconcerts.com,AK Concerts Auto Import,Master Event Database,Approved
2026-08-12 12:00:00,Line Dance Wednesdays,2025-05-14,7p-12a,Anchorage,Pink Cadillac,dance,,,system@akconcerts.com,AK Concerts Auto Import,Master Event Database,Approved
2026-08-12 12:00:00,Country Night,2025-05-14,8p-12a,Anchorage,Koot’s,music,,,system@akconcerts.com,AK Concerts Auto Import,Master Event Database,Approved
2026-08-12 12:00:00,Open Mic,2025-05-14,8p-12a,Anchorage,Lil Babes Cocktail Lounge,music,,,system@akconcerts.com,AK Concerts Auto Import,Master Event Database,Approved
2026-08-12 12:00:00,AK Rockstar Karaoke,2025-05-14,8p-2a,Anchorage,The Carousel Lounge,music,,,system@akconcerts.com,AK Concerts Auto Import,Master Event Database,Approved
2026-08-12 12:00:00,Karaoke,2025-05-14,9p-12a,Anchorage,Mad Myrna’s,music,,,system@akconcerts.com,AK Concerts Auto Import,Master Event Database,Approved
2026-08-12 12:00:00,Karaoke Wednesdays w/ Kellie B,2025-05-14,9p-12a,Anchorage,Van’s Dive Bar,music,,,system@akconcerts.com,AK Concerts Auto Import,Master Event Database,Approved
2026-08-12 12:00:00,Island Music w/ Opus 76 Quartet,2025-05-14,4:30p-5:30p,Eagle River,Ketchikan Public Library,music,,,system@akconcerts.com,AK Concerts Auto Import,Master Event Database,Approved
2026-08-12 12:00:00,Strings at the Shrine,2025-05-14,5:30p-7p & 7:30p-9p,Eagle River,Shrine of St. Therese,music,,,system@akconcerts.com,AK Concerts Auto Import,Master Event Database,Approved
2026-08-12 12:00:00,Clark Whitney,2025-05-14,5p-7p,Eagle River,The Goods,music,,,system@akconcerts.com,AK Concerts Auto Import,Master Event Database,Approved
2026-08-12 12:00:00,Open Mic Night,2025-05-14,6p-9p,Eagle River,Main Street Tap & Grill,music,,,system@akconcerts.com,AK Concerts Auto Import,Master Event Database,Approved
2026-08-12 12:00:00,West Coast Swing Wednesday,2025-05-14,7:30p-10p,Eagle River,Four Corner’s Lounge,dance,,,system@akconcerts.com,AK Concerts Auto Import,Master Event Database,Approved
2026-08-12 12:00:00,Open Mic,2025-05-14,7:30p-11p,Eagle River,Schwabenhof,music,,,system@akconcerts.com,AK Concerts Auto Import,Master Event Database,Approved
2026-08-12 12:00:00,Open Mic Night at the Cabin,2025-05-14,7p-10p,Eagle River,The Cabin,music,,,system@akconcerts.com,AK Concerts Auto Import,Master Event Database,Approved
2026-08-12 12:00:00,Ballroom Dance Club: Dance Practice,2025-05-14,7p-9p,Eagle River,Pioneer Park Dance Hall,dance,,,system@akconcerts.com,AK Concerts Auto Import,Master Event Database,Approved
2026-08-12 12:00:00,Paddling Film Festival,2025-05-14,7p-9p,Eagle River,The Porcupine Theater,festival,,,system@akconcerts.com,AK Concerts Auto Import,Master Event Database,Approved
2026-08-12 12:00:00,Karaoke,2025-05-14,8p-11p,Eagle River,Alaskan Hotel and Bar,music,,,system@akconcerts.com,AK Concerts Auto Import,Master Event Database,Approved
2026-08-12 12:00:00,Open Mic Wednesday,2025-05-14,8p-11p,Eagle River,The Crystal Saloon,music,,,system@akconcerts.com,AK Concerts Auto Import,Master Event Database,Approved
2026-08-12 12:00:00,Open Mic Night,2025-05-14,8p-1a,Eagle River,Fairview Inn,music,,,system@akconcerts.com,AK Concerts Auto Import,Master Event Database,Approved
2026-08-12 12:00:00,Karaoke,2025-05-14,9p-2a,Eagle River,Yukon Bar,music,,,system@akconcerts.com,AK Concerts Auto Import,Master Event Database,Approved
2026-08-12 12:00:00,Ukulele Russ & His One-Man Frontier Band,2025-06-19,10p-1a,Ester,Chair 5,music,,,system@akconcerts.com,AK Concerts Auto Import,Master Event Database,Approved
2026-08-12 12:00:00,Karaoke Nights at the Big I,2025-06-19,10p-2a,Ester,The International Hotel & Bar,music,,,system@akconcerts.com,AK Concerts Auto Import,Master Event Database,Approved
2026-08-12 12:00:00,Celebration of Life for Dennis Rittenberry,2025-06-19,5p-9p,Ester,Hightower Pub,music,,,system@akconcerts.com,AK Concerts Auto Import,Master Event Database,Approved
2026-08-12 12:00:00,Caitlin Warbelow,2025-06-19,7:30p-11:30p,Ester,Malemute Saloon,music,,,system@akconcerts.com,AK Concerts Auto Import,Master Event Database,Approved
2026-08-12 12:00:00,Open Mic Night at the Cabin,2025-06-19,8p-11p,Ester,The Cabin,music,,,system@akconcerts.com,AK Concerts Auto Import,Master Event Database,Approved
2026-08-12 12:00:00,Karaoke on the outside stage w/ Cherie Bowman,2025-06-19,8p-11p,Ester,The Cabin,music,,,system@akconcerts.com,AK Concerts Auto Import,Master Event Database,Approved
2026-08-12 12:00:00,Jenny Baker Matinee,2025-06-19,5p-7p,Haines,Kharacter’s Alaskan Bar,music,,,system@akconcerts.com,AK Concerts Auto Import,Master Event Database,Approved
2026-08-12 12:00:00,Treasure Island,2025-06-19,7p-9p,Haines,"Pier One Theatre, Inc.",music,,,system@akconcerts.com,AK Concerts Auto Import,Master Event Database,Approved
2026-08-12 12:00:00,Nina Edwards,2025-06-19,4p-6p,Juneau,Alaskan Hotel and Bar,music,,,system@akconcerts.com,AK Concerts Auto Import,Master Event Database,Approved
2026-08-12 12:00:00,Busking Night with Local Artists,2025-06-19,5p-8p,Juneau,Vintage Food Truck Park,music,,,system@akconcerts.com,AK Concerts Auto Import,Master Event Database,Approved
2026-08-12 12:00:00,Bryan Hopkins of Elvis Monroe,2025-06-19,7p-10p,Juneau,Main Street Tap & Grill,music,,,system@akconcerts.com,AK Concerts Auto Import,Master Event Database,Approved
2026-08-12 12:00:00,Natalie Cressman and Ian Faquini,2025-06-19,7p-10p,Juneau,Palmer Alehouse,music,,,system@akconcerts.com,AK Concerts Auto Import,Master Event Database,Approved
2026-08-12 12:00:00,Open Jam/Mic Night w/ Host Jesse James,2025-06-19,7p-11p,Juneau,Four Corner’s Lounge,music,,,system@akconcerts.com,AK Concerts Auto Import,Master Event Database,Approved
2026-08-12 12:00:00,Karaoke Thursdays,2025-06-19,7p-12a,Juneau,The Crystal Saloon,music,,,system@akconcerts.com,AK Concerts Auto Import,Master Event Database,Approved
2026-08-12 12:00:00,Open Mic,2025-06-19,8p-11p,Juneau,Alaskan Hotel and Bar,music,,,system@akconcerts.com,AK Concerts Auto Import,Master Event Database,Approved
2026-08-12 12:00:00,Karaoke,2025-06-19,8p-1a,Juneau,Klondike Mike’s and Garcia’s Grill,music,,,system@akconcerts.com,AK Concerts Auto Import,Master Event Database,Approved
2026-08-12 12:00:00,Open Mic Night,2025-06-19,9:30p-12a,Juneau,Golden Saloon,music,,,system@akconcerts.com,AK Concerts Auto Import,Master Event Database,Approved
2026-08-12 12:00:00,Azad Safavi + Them Badgers,2025-06-19,6p-8p,Seward,The Goods,music,,,system@akconcerts.com,AK Concerts Auto Import,Master Event Database,Approved
2026-08-12 12:00:00,Deadphish Orchestra,2025-06-19,7p-10p,Seward,Mountain High Pizza Pie,music,,,system@akconcerts.com,AK Concerts Auto Import,Master Event Database,Approved
2026-08-12 12:00:00,Thursday Night Dance Party w/ DJ WaitWat,2025-06-19,9p-2a,Seward,Yukon Bar,dance,,,system@akconcerts.com,AK Concerts Auto Import,Master Event Database,Approved
2026-08-12 12:00:00,Jacques Longpre,2025-06-20,6p-9p,Anchorage,Angry Salmon,music,,,system@akconcerts.com,AK Concerts Auto Import,Master Event Database,Approved
2026-08-12 12:00:00,Raisin' Holy Hell,2025-06-20,7:30p-11:30p,Ester,Malemute Saloon,music,,,system@akconcerts.com,AK Concerts Auto Import,Master Event Database,Approved
2026-08-12 12:00:00,Renegade HiFi w/ Dig Sista,2025-06-20,9p-12a,Ester,The Boatel,music,,,system@akconcerts.com,AK Concerts Auto Import,Master Event Database,Approved
2026-08-12 12:00:00,For the Millennials,2025-06-20,9p-12a,Ester,The Cabin,music,,,system@akconcerts.com,AK Concerts Auto Import,Master Event Database,Approved
2026-08-12 12:00:00,Gorilla Zoe Live,2025-06-20,9p-12a,Ester,The International Hotel & Bar,music,,,system@akconcerts.com,AK Concerts Auto Import,Master Event Database,Approved
2026-08-12 12:00:00,DJ Darkstar,2025-06-20,10p-2a,Haines,Kharacter’s Alaskan Bar,music,,,system@akconcerts.com,AK Concerts Auto Import,Master Event Database,Approved
2026-08-12 12:00:00,Spindrift,2025-06-20,6p-10p,Haines,Dirty Skillet,music,,,system@akconcerts.com,AK Concerts Auto Import,Master Event Database,Approved
2026-08-12 12:00:00,"The Pudgies, Discopians and D.S.B",2025-06-20,7p-10p,Haines,The Porcupine Theater,music,,,system@akconcerts.com,AK Concerts Auto Import,Master Event Database,Approved
2026-08-12 12:00:00,Deadphish Orchestra,2025-06-20,7p-11p,Haines,Creekbend Company,music,,,system@akconcerts.com,AK Concerts Auto Import,Master Event Database,Approved
2026-08-12 12:00:00,Arts by Air: Chris Needham,2025-06-20,7p-8p,Haines,Bunnell Street Arts Center,music,,,system@akconcerts.com,AK Concerts Auto Import,Master Event Database,Approved
2026-08-12 12:00:00,Treasure Island,2025-06-20,7p-9p,Haines,"Pier One Theatre, Inc.",music,,,system@akconcerts.com,AK Concerts Auto Import,Master Event Database,Approved
2026-08-12 12:00:00,Hot Mess,2025-06-20,10p-2a,Juneau,Klondike Mike’s and Garcia’s Grill,music,,,system@akconcerts.com,AK Concerts Auto Import,Master Event Database,Approved
2026-08-12 12:00:00,Buoy Daze,2025-06-20,11a-12p,Juneau,Ketchikan Boat Dock,music,,,system@akconcerts.com,AK Concerts Auto Import,Master Event Database,Approved
2026-08-12 12:00:00,Friday Flings Market & Live Music,2025-06-20,11a-6p,Juneau,Downtown,music,,,system@akconcerts.com,AK Concerts Auto Import,Master Event Database,Approved
2026-08-12 12:00:00,Marc Brown & The Blues Crew,2025-06-20,7p-10p,Juneau,Deckhand Dave’s,music,,,system@akconcerts.com,AK Concerts Auto Import,Master Event Database,Approved
2026-08-12 12:00:00,H3 Hawaii Reggae,2025-06-20,7p-10p,Juneau,Palmer Alehouse,music,,,system@akconcerts.com,AK Concerts Auto Import,Master Event Database,Approved
2026-08-12 12:00:00,Karaoke,2025-06-20,7p-11p,Juneau,American Legion Post 15,music,,,system@akconcerts.com,AK Concerts Auto Import,Master Event Database,Approved
2026-08-12 12:00:00,Raised by Elephants feat Harp Daddy,2025-06-20,7p-11p,Juneau,Fishhook Bar & Grill,music,,,system@akconcerts.com,AK Concerts Auto Import,Master Event Database,Approved
2026-08-12 12:00:00,Juneau Piano Series w/ Alexander Tutunov,2025-06-20,7p-8:30p,Juneau,Juneau Arts & Humanities,music,,,system@akconcerts.com,AK Concerts Auto Import,Master Event Database,Approved
2026-08-12 12:00:00,Andiamo Dance Company: Light,2025-06-20,7p-8:30p,Juneau,Kayhi Auditorium,dance,,,system@akconcerts.com,AK Concerts Auto Import,Master Event Database,Approved
2026-08-12 12:00:00,Seth Malone & Eric Doucet,2025-06-20,8:30p-12a,Juneau,Skeet’s Dive Bar,music,,,system@akconcerts.com,AK Concerts Auto Import,Master Event Database,Approved
2026-08-12 12:00:00,Ivan Denis,2025-06-20,8p-1a,Juneau,The Bayou,music,,,system@akconcerts.com,AK Concerts Auto Import,Master Event Database,Approved
2026-08-12 12:00:00,Indigik’were Social Club,2025-06-20,9p-11:30p,Juneau,The Crystal Saloon,music,,,system@akconcerts.com,AK Concerts Auto Import,Master Event Database,Approved
2026-08-12 12:00:00,Pride Pub Crawl Afterparty,2025-06-20,9p-2a,Juneau,Alaskan Hotel and Bar,music,,,system@akconcerts.com,AK Concerts Auto Import,Master Event Database,Approved
2026-08-12 12:00:00,Live At Five: King Saison,2025-06-20,5p-7p,Seward,Village Park,music,,,system@akconcerts.com,AK Concerts Auto Import,Master Event Database,Approved
2026-08-12 12:00:00,Mandy Madson,2025-06-20,6p-9p,Seward,The Goods,music,,,system@akconcerts.com,AK Concerts Auto Import,Master Event Database,Approved
2026-08-12 12:00:00,Free Music Fridays: Lucas McCain,2025-06-20,8p-10p,Seward,Seward Alehouse,music,,,system@akconcerts.com,AK Concerts Auto Import,Master Event Database,Approved
2026-08-12 12:00:00,Free Concert w/ John Morgan & Kendell Marvel,2025-06-20,8p-10p,Seward,Talkeetna Inn,music,,,system@akconcerts.com,AK Concerts Auto Import,Master Event Database,Approved
2026-08-12 12:00:00,King Saison,2025-06-20,8p-1a,Seward,Fairview Inn,music,,,system@akconcerts.com,AK Concerts Auto Import,Master Event Database,Approved
2026-08-12 12:00:00,Ukulele Russ and His One-Man Frontier Band,2025-06-20,9p-12a,Seward,Yukon Bar,music,,,system@akconcerts.com,AK Concerts Auto Import,Master Event Database,Approved
2026-08-12 12:00:00,Kelly Henson & Bill Mabrey,2025-06-20,9p-12a,Seward,The CATCH Restaurant & Bar,music,,,system@akconcerts.com,AK Concerts Auto Import,Master Event Database,Approved
2026-08-12 12:00:00,Schaefer Mueller,2025-06-20,6p-9p,Wasilla,Bearpaw River Brewing Company,music,,,system@akconcerts.com,AK Concerts Auto Import,Master Event Database,Approved
2026-08-12 12:00:00,Karaoke Night,2025-06-20,8p-11p,Wasilla,Schwabenhof,music,,,system@akconcerts.com,AK Concerts Auto Import,Master Event Database,Approved
2026-08-12 12:00:00,REI,2025-06-21,6p-9p,Anchorage,Angry Salmon,music,,,system@akconcerts.com,AK Concerts Auto Import,Master Event Database,Approved
2026-08-12 12:00:00,Karaoke Night,2025-06-21,8:30p-11p,Cooper Landing,Trophy Lounge,music,,,system@akconcerts.com,AK Concerts Auto Import,Master Event Database,Approved
2026-08-12 12:00:00,Golden Heart Performing Arts Circus Shows,2025-06-21,12:30p-8p,Ester,Springhill Suites,music,,,system@akconcerts.com,AK Concerts Auto Import,Master Event Database,Approved
2026-08-12 12:00:00,43rd Annual Midnight Sun Festival,2025-06-21,12p-12a,Ester,Downtown Fairbanks,festival,,,system@akconcerts.com,AK Concerts Auto Import,Master Event Database,Approved
2026-08-12 12:00:00,Pups on the Patio: Solstice Animal Adoption,2025-06-21,12p-4p,Ester,Humble Roots Beer Project,music,,,system@akconcerts.com,AK Concerts Auto Import,Master Event Database,Approved
2026-08-12 12:00:00,Summer Solstice Celebration,2025-06-21,12p-8p,Ester,Gather,music,,,system@akconcerts.com,AK Concerts Auto Import,Master Event Database,Approved
2026-08-12 12:00:00,Arctic Entry,2025-06-21,6p-10p,Ester,The International Hotel & Bar,music,,,system@akconcerts.com,AK Concerts Auto Import,Master Event Database,Approved
2026-08-12 12:00:00,Benefield Blues Band,2025-06-21,7:30p-11:30p,Ester,Malemute Saloon,music,,,system@akconcerts.com,AK Concerts Auto Import,Master Event Database,Approved
2026-08-12 12:00:00,Dawn McClain Live,2025-06-21,8p-11p,Ester,The Cabin,music,,,system@akconcerts.com,AK Concerts Auto Import,Master Event Database,Approved
2026-08-12 12:00:00,Midnight Sun Festival w/ SHAGG,2025-06-21,9:30p-1a,Ester,The International Hotel & Bar,festival,,,system@akconcerts.com,AK Concerts Auto Import,Master Event Database,Approved
2026-08-12 12:00:00,Triple Black Diamonds,2025-06-21,9p-12a,Ester,The Boatel,music,,,system@akconcerts.com,AK Concerts Auto Import,Master Event Database,Approved
2026-08-12 12:00:00,Lucas McCain,2025-06-21,10p-2a,Haines,Kharacter’s Alaskan Bar,music,,,system@akconcerts.com,AK Concerts Auto Import,Master Event Database,Approved
2026-08-12 12:00:00,Piano Music by Sunrise Kilcher,2025-06-21,6p-8p,Haines,AJ’s Old Town Steakhouse & Tavern,music,,,system@akconcerts.com,AK Concerts Auto Import,Master Event Database,Approved
2026-08-12 12:00:00,"Solstice Bash w/ Xavilai, Multikat, & Jay Wail",2025-06-21,7:30p-12:15a,Haines,Alibi Bar & Café,music,,,system@akconcerts.com,AK Concerts Auto Import,Master Event Database,Approved
2026-08-12 12:00:00,Deadphish Orchestra,2025-06-21,7p-11p,Haines,Creekbend Company,music,,,system@akconcerts.com,AK Concerts Auto Import,Master Event Database,Approved
2026-08-12 12:00:00,Treasure Island,2025-06-21,7p-9p,Haines,"Pier One Theatre, Inc.",music,,,system@akconcerts.com,AK Concerts Auto Import,Master Event Database,Approved
2026-08-12 12:00:00,Karaoke Saturdays,2025-06-21,9p-12a,Haines,Pioneer Bar,music,,,system@akconcerts.com,AK Concerts Auto Import,Master Event Database,Approved
2026-08-12 12:00:00,Goldpeak,2025-06-21,9p-1a,Haines,Justin Cole’s Down East Saloon,music,,,system@akconcerts.com,AK Concerts Auto Import,Master Event Database,Approved
2026-08-12 12:00:00,Jerry Wessling,2025-06-21,10p-2a,Juneau,Klondike Mike’s and Garcia’s Grill,music,,,system@akconcerts.com,AK Concerts Auto Import,Master Event Database,Approved
2026-08-12 12:00:00,Pride Drag Brunch,2025-06-21,12p-2p,Juneau,TK Maguire’s,community,,,system@akconcerts.com,AK Concerts Auto Import,Master Event Database,Approved
2026-08-12 12:00:00,KRBD Summer Solstice Music Festival,2025-06-21,12p-9p,Juneau,The Creek Street Cabaret,festival,,,system@akconcerts.com,AK Concerts Auto Import,Master Event Database,Approved
2026-08-12 12:00:00,Alicia Viani Duo,2025-06-21,4p-7p,Juneau,Hatcher Pass Lodge,music,,,system@akconcerts.com,AK Concerts Auto Import,Master Event Database,Approved
2026-08-12 12:00:00,Lucas James McCain,2025-06-21,6p-10p,Juneau,The Crystal Saloon,music,,,system@akconcerts.com,AK Concerts Auto Import,Master Event Database,Approved
2026-08-12 12:00:00,Marc Brown & The Blues Crew,2025-06-21,7p-10p,Juneau,Deckhand Dave’s,music,,,system@akconcerts.com,AK Concerts Auto Import,Master Event Database,Approved
2026-08-12 12:00:00,John Roberts Y Pan Blanco,2025-06-21,7p-10p,Juneau,Golden Saloon,music,,,system@akconcerts.com,AK Concerts Auto Import,Master Event Database,Approved
2026-08-12 12:00:00,Dance Lessons with Shufflin’ Country Style & Karaoke After,2025-06-21,7p-10p,Juneau,American Legion Post 15,dance,,,system@akconcerts.com,AK Concerts Auto Import,Master Event Database,Approved
2026-08-12 12:00:00,Black Barrel & The Bad Men,2025-06-21,7p-10p,Juneau,Palmer Alehouse,music,,,system@akconcerts.com,AK Concerts Auto Import,Master Event Database,Approved
2026-08-12 12:00:00,Karaoke,2025-06-21,7p-11p,Juneau,American Legion Post 15,music,,,system@akconcerts.com,AK Concerts Auto Import,Master Event Database,Approved
2026-08-12 12:00:00,"Live Music w/ Drew Sablon, Ronnie Wolf, Stephanie & Eric Quinth",2025-06-21,7p-12a,Juneau,Tony’s Bar,music,,,system@akconcerts.com,AK Concerts Auto Import,Master Event Database,Approved
2026-08-12 12:00:00,"Middle Names ft. Magical America, Fear Boner, & DJ Donny Bru",2025-06-21,8p-10p,Juneau,The Crystal Saloon,music,,,system@akconcerts.com,AK Concerts Auto Import,Master Event Database,Approved
2026-08-12 12:00:00,Queer Prom,2025-06-21,8p-12a,Juneau,Ted Ferry Civic Center,music,,,system@akconcerts.com,AK Concerts Auto Import,Master Event Database,Approved
2026-08-12 12:00:00,Music w/ the Ridgeway Rounders,2025-06-21,8p-1a,Juneau,The Bayou,music,,,system@akconcerts.com,AK Concerts Auto Import,Master Event Database,Approved
2026-08-12 12:00:00,Soldotna Pride in the Park,2025-06-21,1p-5p,Seward,Soldotna Creek Park,music,,,system@akconcerts.com,AK Concerts Auto Import,Master Event Database,Approved
2026-08-12 12:00:00,Solstice Comedy Showcase,2025-06-21,8p-10p,Seward,Naptowne Brewing Company,comedy,,,system@akconcerts.com,AK Concerts Auto Import,Master Event Database,Approved
2026-08-12 12:00:00,Glacier Blues Band,2025-06-21,8p-1a,Seward,Fairview Inn,music,,,system@akconcerts.com,AK Concerts Auto Import,Master Event Database,Approved
2026-08-12 12:00:00,Ukulele Russ and His One-Man Frontier Band,2025-06-21,9p-12a,Seward,Yukon Bar,music,,,system@akconcerts.com,AK Concerts Auto Import,Master Event Database,Approved
2026-08-12 12:00:00,Music in the Park: The Harp Twins & H3 Hawaii Reggae Band,2025-06-21,3p-9p,Wasilla,Wonderland Park,music,,,system@akconcerts.com,AK Concerts Auto Import,Master Event Database,Approved
2026-08-12 12:00:00,"Summer Solstice Concert w/ Madame Mayhem, Bryan Hopkins, & Wayward Shot",2025-06-21,6p-10p,Wasilla,Everett’s,music,,,system@akconcerts.com,AK Concerts Auto Import,Master Event Database,Approved
2026-08-12 12:00:00,Open Mic Night,2025-06-22,6p-9p,Anchorage,Susitna Brewing,music,,,system@akconcerts.com,AK Concerts Auto Import,Master Event Database,Approved
2026-08-12 12:00:00,Taste of Tango: Lessons & Dance,2025-06-22,1p-3p,Ester,Aurora Mediterranean Restaurant,dance,,,system@akconcerts.com,AK Concerts Auto Import,Master Event Database,Approved
2026-08-12 12:00:00,Sunday Deck Jam,2025-06-22,2p-5p,Ester,Malemute Saloon,music,,,system@akconcerts.com,AK Concerts Auto Import,Master Event Database,Approved
2026-08-12 12:00:00,Never Miss a Sunday Show: Deadphish Orchestra,2025-06-22,5p-8p,Ester,Raw Market,music,,,system@akconcerts.com,AK Concerts Auto Import,Master Event Database,Approved
2026-08-12 12:00:00,Karaoke,2025-06-22,8p-12a,Ester,Chair 5,music,,,system@akconcerts.com,AK Concerts Auto Import,Master Event Database,Approved
2026-08-12 12:00:00,Summer Solstice Fair,2025-06-22,10a-10p,Haines,Kenai Peninsula College,festival,,,system@akconcerts.com,AK Concerts Auto Import,Master Event Database,Approved
2026-08-12 12:00:00,Natalie Cressman & Ian Faquini,2025-06-22,10a-3p,Haines,Creekbend Company,music,,,system@akconcerts.com,AK Concerts Auto Import,Master Event Database,Approved
2026-08-12 12:00:00,Johnny B’s Rhythm of the North,2025-06-22,7:30p-8:30p,Haines,"Pier One Theatre, Inc.",music,,,system@akconcerts.com,AK Concerts Auto Import,Master Event Database,Approved
2026-08-12 12:00:00,Open Mic Night,2025-06-22,6p-9p,Juneau,The Creek Street Cabaret,music,,,system@akconcerts.com,AK Concerts Auto Import,Master Event Database,Approved
2026-08-12 12:00:00,Karaoke,2025-06-22,9p-12a,Juneau,Four Corner’s Lounge,music,,,system@akconcerts.com,AK Concerts Auto Import,Master Event Database,Approved
2026-08-12 12:00:00,Alicia Viani Duo Live!,2025-06-22,7:30p-12a,Seward,Yukon Bar,music,,,system@akconcerts.com,AK Concerts Auto Import,Master Event Database,Approved
2026-08-12 12:00:00,Open Mic Night w/ Jim Maloney & Orion Donicht,2025-06-23,7p-10p,Haines,Alice’s Champagne Palace,music,,,system@akconcerts.com,AK Concerts Auto Import,Master Event Database,Approved
2026-08-12 12:00:00,Karaoke,2025-06-23,9p-12a,Juneau,Four Corner’s Lounge,music,,,system@akconcerts.com,AK Concerts Auto Import,Master Event Database,Approved
2026-08-12 12:00:00,Song Circle w/ Friends of Mike Morgan,2025-06-23,5p-7p,Seward,The Goods,music,,,system@akconcerts.com,AK Concerts Auto Import,Master Event Database,Approved
2026-08-12 12:00:00,Karaoke Night,2025-06-23,8p-1a,Seward,Fairview Inn,music,,,system@akconcerts.com,AK Concerts Auto Import,Master Event Database,Approved
2026-08-12 12:00:00,Karaoke,2025-06-23,9p-2a,Seward,Yukon Bar,music,,,system@akconcerts.com,AK Concerts Auto Import,Master Event Database,Approved
2026-08-12 12:00:00,Lunch on the Lawn w/ music by Sally Quinto,2025-06-24,11:30a-1:30p,Anchorage,Anchorage Museum,music,,,system@akconcerts.com,AK Concerts Auto Import,Master Event Database,Approved
2026-08-12 12:00:00,Concerts in the Quad,2025-06-24,11:30p-1p,Anchorage,UAA Lucy Cuddy Hall,music,,,system@akconcerts.com,AK Concerts Auto Import,Master Event Database,Approved
2026-08-12 12:00:00,Senior Poetry,2025-06-24,2p-3:30p,Anchorage,Mountain View Public Library,music,,,system@akconcerts.com,AK Concerts Auto Import,Master Event Database,Approved
2026-08-12 12:00:00,Garden Grooves: Christina Napoleon,2025-06-24,5p-7p,Anchorage,49th State Brewery,music,,,system@akconcerts.com,AK Concerts Auto Import,Master Event Database,Approved
2026-08-12 12:00:00,Irish Music and Dancing,2025-06-24,6p-8p,Anchorage,Organic Oasis,music,,,system@akconcerts.com,AK Concerts Auto Import,Master Event Database,Approved
2026-08-12 12:00:00,Tuesday Jazz Jam,2025-06-24,7p-10p,Anchorage,The Blue Note AK,music,,,system@akconcerts.com,AK Concerts Auto Import,Master Event Database,Approved
2026-08-12 12:00:00,All Ages Buckarooos Night,2025-06-24,7p-11p,Anchorage,Pink Cadillac,music,,,system@akconcerts.com,AK Concerts Auto Import,Master Event Database,Approved
2026-08-12 12:00:00,Open Jam Night,2025-06-24,7p-11p,Anchorage,Van’s Dive Bar,music,,,system@akconcerts.com,AK Concerts Auto Import,Master Event Database,Approved
2026-08-12 12:00:00,Taco & Tune Tuesday w/ DJ Joe Brady,2025-06-24,7p-9p,Anchorage,Williwaw Social,music,,,system@akconcerts.com,AK Concerts Auto Import,Master Event Database,Approved
2026-08-12 12:00:00,The Eternal Cowboys,2025-06-24,9p-12a,Anchorage,Koot’s,music,,,system@akconcerts.com,AK Concerts Auto Import,Master Event Database,Approved
2026-08-12 12:00:00,Karaoke Night at the Cabin,2025-06-24,7p-10p,Ester,The Cabin,music,,,system@akconcerts.com,AK Concerts Auto Import,Master Event Database,Approved
2026-08-12 12:00:00,Tuesday Music w/ Cherie Bowman,2025-06-24,3p-5p,Juneau,Alaskan Hotel and Bar,music,,,system@akconcerts.com,AK Concerts Auto Import,Master Event Database,Approved
2026-08-12 12:00:00,West Coast Sing Wednesday,2025-06-24,7:30p-9:30p,Juneau,Four Corner’s Lounge,music,,,system@akconcerts.com,AK Concerts Auto Import,Master Event Database,Approved
2026-08-12 12:00:00,Jazz Jam Tuesday,2025-06-24,8p-11p,Juneau,The Crystal Saloon,music,,,system@akconcerts.com,AK Concerts Auto Import,Master Event Database,Approved
2026-08-12 12:00:00,"Live DJ, Karaoke, and/or Live Music",2025-06-24,8p-11p,Juneau,Four Corner’s Lounge,music,,,system@akconcerts.com,AK Concerts Auto Import,Master Event Database,Approved
2026-08-12 12:00:00,Live Music Tyson Tuesdays!,2025-06-24,8p-10p,Seward,Seward Alehouse,music,,,system@akconcerts.com,AK Concerts Auto Import,Master Event Database,Approved
2026-08-12 12:00:00,Open Mic Night w/ Braden Rollins,2025-06-24,9p-2a,Seward,Yukon Bar,music,,,system@akconcerts.com,AK Concerts Auto Import,Master Event Database,Approved
2026-08-12 12:00:00,Taco Tuesday with Ken Peltier Band,2025-06-24,6p-9p,Wasilla,Chepo’s Mexican Restaurant,music,,,system@akconcerts.com,AK Concerts Auto Import,Master Event Database,Approved
2026-08-12 12:00:00,Karaoke Night,2025-06-24,8p-11p,Wasilla,Schwabenhof,music,,,system@akconcerts.com,AK Concerts Auto Import,Master Event Database,Approved
2026-08-12 12:00:00,Community Storytime,2025-06-25,10:30a-11a,Anchorage,Alaska Zoo,community,,,system@akconcerts.com,AK Concerts Auto Import,Master Event Database,Approved
2026-08-12 12:00:00,The Eternal Cowboys,2025-06-25,10p-12a,Anchorage,Pioneer Bar,music,,,system@akconcerts.com,AK Concerts Auto Import,Master Event Database,Approved
2026-08-12 12:00:00,Koots Karaoke,2025-06-25,10p-2a,Anchorage,Koot’s,music,,,system@akconcerts.com,AK Concerts Auto Import,Master Event Database,Approved
2026-08-12 12:00:00,Garden Grooves: Joe Schumacher,2025-06-25,5p-7p,Anchorage,49th State Brewery,music,,,system@akconcerts.com,AK Concerts Auto Import,Master Event Database,Approved
2026-08-12 12:00:00,International Folk Dancing,2025-06-25,6:30p-8p,Anchorage,Anchorage Social Dance Club,music,,,system@akconcerts.com,AK Concerts Auto Import,Master Event Database,Approved
2026-08-12 12:00:00,Tyrone Palmer & Friends,2025-06-25,7p-10p,Anchorage,907 Alehouse,music,,,system@akconcerts.com,AK Concerts Auto Import,Master Event Database,Approved
2026-08-12 12:00:00,Line Dance Wednesdays,2025-06-25,7p-12a,Anchorage,Pink Cadillac,dance,,,system@akconcerts.com,AK Concerts Auto Import,Master Event Database,Approved
2026-08-12 12:00:00,Live Music with Nothin' But Karma Trio,2025-06-25,8:30p-12a,Anchorage,Humpy’s,music,,,system@akconcerts.com,AK Concerts Auto Import,Master Event Database,Approved
2026-08-12 12:00:00,Country Night Rhinestone Cowboy: DJ Lefty's Birthday Bash,2025-06-25,8p-12a,Anchorage,Koot’s,music,,,system@akconcerts.com,AK Concerts Auto Import,Master Event Database,Approved
2026-08-12 12:00:00,AK Rockstar Karaoke,2025-06-25,8p-2a,Anchorage,The Carousel Lounge,music,,,system@akconcerts.com,AK Concerts Auto Import,Master Event Database,Approved
2026-08-12 12:00:00,Karaoke,2025-06-25,9p-12a,Anchorage,Mad Myrna’s,music,,,system@akconcerts.com,AK Concerts Auto Import,Master Event Database,Approved
2026-08-12 12:00:00,Karaoke Wednesdays w/ Kellie B,2025-06-25,9p-12a,Anchorage,Van’s Dive Bar,music,,,system@akconcerts.com,AK Concerts Auto Import,Master Event Database,Approved
2026-08-12 12:00:00,Ukulele Russ & His One-Man Frontier Band,2025-06-25,7p-10p,Cooper Landing,Gwin’s Lodge,music,,,system@akconcerts.com,AK Concerts Auto Import,Master Event Database,Approved
2026-08-12 12:00:00,Local Talent Showcase,2025-06-25,7p-10p,Ester,The Cabin,music,,,system@akconcerts.com,AK Concerts Auto Import,Master Event Database,Approved
2026-08-12 12:00:00,Harp Twins & Volfgang Twins,2025-06-25,9p-12a,Ester,The Boatel,music,,,system@akconcerts.com,AK Concerts Auto Import,Master Event Database,Approved
2026-08-12 12:00:00,Live Music w/ Lisa Denny,2025-06-25,3p-5p,Juneau,Alaskan Hotel and Bar,music,,,system@akconcerts.com,AK Concerts Auto Import,Master Event Database,Approved
2026-08-12 12:00:00,Karaoke,2025-06-25,8p-11p,Juneau,Alaskan Hotel and Bar,music,,,system@akconcerts.com,AK Concerts Auto Import,Master Event Database,Approved
2026-08-12 12:00:00,Open Mic Wednesday,2025-06-25,8p-11p,Juneau,The Crystal Saloon,music,,,system@akconcerts.com,AK Concerts Auto Import,Master Event Database,Approved
2026-08-12 12:00:00,Ms. Anna's FInal Story Time,2025-06-25,11a-1p,Seward,Skagway Public Library,community,,,system@akconcerts.com,AK Concerts Auto Import,Master Event Database,Approved
2026-08-12 12:00:00,HuDost & Acoustic Eidolon,2025-06-25,6p-9p,Seward,Soldotna Creek Park,music,,,system@akconcerts.com,AK Concerts Auto Import,Master Event Database,Approved
2026-08-12 12:00:00,King Saison Summer Tour,2025-06-25,6p-9p,Seward,Denali Brewpub,music,,,system@akconcerts.com,AK Concerts Auto Import,Master Event Database,Approved
2026-08-12 12:00:00,Open Mic Night,2025-06-25,8p-1a,Seward,Fairview Inn,music,,,system@akconcerts.com,AK Concerts Auto Import,Master Event Database,Approved
2026-08-12 12:00:00,Karaoke,2025-06-25,9p-2a,Seward,Yukon Bar,music,,,system@akconcerts.com,AK Concerts Auto Import,Master Event Database,Approved
2026-08-12 12:00:00,Campfire Sessions w/ Jerry Wessling,2025-06-25,6p-9p,Wasilla,Lulu’s Tents & Events,music,,,system@akconcerts.com,AK Concerts Auto Import,Master Event Database,Approved
2026-08-12 12:00:00,Open Mic,2025-06-25,7:30p-11p,Wasilla,Schwabenhof,music,,,system@akconcerts.com,AK Concerts Auto Import,Master Event Database,Approved
2026-08-12 12:00:00,Open Mic Night w/ Kenai Collaborative,2025-06-26,6p-8p,Seward,The Goods,music,,,system@akconcerts.com,AK Concerts Auto Import,Master Event Database,Approved
2026-08-12 12:00:00,Bois Rouge Cajun Band Live,2025-07-03,7:30p-10p,Seward,Yukon Bar,music,,,system@akconcerts.com,AK Concerts Auto Import,Master Event Database,Approved
2026-08-12 12:00:00,Sunday Fresh Market & More w/ Live Music,2025-07-06,10a-2p,Anchorage,O’Malley Center,music,,,system@akconcerts.com,AK Concerts Auto Import,Master Event Database,Approved
2026-08-12 12:00:00,Saturday Cinders,2025-07-06,10a-3p,Anchorage,Creekbend Company,music,,,system@akconcerts.com,AK Concerts Auto Import,Master Event Database,Approved
2026-08-12 12:00:00,Good Company & The Jephries,2025-07-06,10p-12a,Anchorage,Hightower Pub,music,,,system@akconcerts.com,AK Concerts Auto Import,Master Event Database,Approved
2026-08-12 12:00:00,Koots Karaoke,2025-07-06,10p-2a,Anchorage,Koot’s,music,,,system@akconcerts.com,AK Concerts Auto Import,Master Event Database,Approved
2026-08-12 12:00:00,Industry Night w/ Joe Brady,2025-07-06,10p-2a,Anchorage,Pioneer Bar,music,,,system@akconcerts.com,AK Concerts Auto Import,Master Event Database,Approved
2026-08-12 12:00:00,Brunch Music w/ Ashton Barabree,2025-07-06,12p-2p,Anchorage,Writer’s Block Bookstore & Café,music,,,system@akconcerts.com,AK Concerts Auto Import,Master Event Database,Approved
2026-08-12 12:00:00,Taste of Tango: Lessons & Dance,2025-07-06,1p-3p,Anchorage,Aurora Mediterranean Restaurant,dance,,,system@akconcerts.com,AK Concerts Auto Import,Master Event Database,Approved
2026-08-12 12:00:00,Sunday Deck Jam,2025-07-06,2p-5p,Anchorage,Malemute Saloon,music,,,system@akconcerts.com,AK Concerts Auto Import,Master Event Database,Approved
2026-08-12 12:00:00,Open Mic & Jam,2025-07-06,4:30p-8:30p,Anchorage,VFW Post 1685,music,,,system@akconcerts.com,AK Concerts Auto Import,Master Event Database,Approved
2026-08-12 12:00:00,Country Dance Nights,2025-07-06,6:30p-10p,Anchorage,Anchorage Social Dance Club,dance,,,system@akconcerts.com,AK Concerts Auto Import,Master Event Database,Approved
2026-08-12 12:00:00,Sunday Blues Jam w/ Rebel Blues Band,2025-07-06,6p-10p,Anchorage,Billiard Palace,music,,,system@akconcerts.com,AK Concerts Auto Import,Master Event Database,Approved
2026-08-12 12:00:00,Tradiditional Irish Music,2025-07-06,6p-8p,Anchorage,Writer’s Block Bookstore & Café,music,,,system@akconcerts.com,AK Concerts Auto Import,Master Event Database,Approved
2026-08-12 12:00:00,The Leafy Greens Band,2025-07-06,6p-9p,Anchorage,Angry Salmon,music,,,system@akconcerts.com,AK Concerts Auto Import,Master Event Database,Approved
2026-08-12 12:00:00,Open Mic Night,2025-07-06,6p-9p,Anchorage,Susitna Brewing,music,,,system@akconcerts.com,AK Concerts Auto Import,Master Event Database,Approved
2026-08-12 12:00:00,Open Mic Night,2025-07-06,6p-9p,Anchorage,The Creek Street Cabaret,music,,,system@akconcerts.com,AK Concerts Auto Import,Master Event Database,Approved
2026-08-12 12:00:00,Pam Santoro,2025-07-06,7:30p-11p,Anchorage,Humpy’s,music,,,system@akconcerts.com,AK Concerts Auto Import,Master Event Database,Approved
2026-08-12 12:00:00,Open Mic Night,2025-07-06,7p-11p,Anchorage,Van’s Dive Bar,music,,,system@akconcerts.com,AK Concerts Auto Import,Master Event Database,Approved
2026-08-12 12:00:00,The Golden Heart Revue,2025-07-06,8:15p-9:15p,Anchorage,The Palace Theater,music,,,system@akconcerts.com,AK Concerts Auto Import,Master Event Database,Approved
2026-08-12 12:00:00,Comedy Open Mic,2025-07-06,8:30p-10p,Anchorage,Koot’s,comedy,,,system@akconcerts.com,AK Concerts Auto Import,Master Event Database,Approved
2026-08-12 12:00:00,Open Jam with Blast From The Past,2025-07-06,8:30p-1a,Anchorage,Time Out Lounge,music,,,system@akconcerts.com,AK Concerts Auto Import,Master Event Database,Approved
2026-08-12 12:00:00,Karaoke,2025-07-06,8p-12a,Anchorage,Chair 5,music,,,system@akconcerts.com,AK Concerts Auto Import,Master Event Database,Approved
2026-08-12 12:00:00,Rocco & Friends,2025-07-06,8p-1a,Anchorage,Fairview Inn,music,,,system@akconcerts.com,AK Concerts Auto Import,Master Event Database,Approved
2026-08-12 12:00:00,DJ Mraj Nite's House Party,2025-07-06,9:30p-12a,Anchorage,The International Hotel & Bar,music,,,system@akconcerts.com,AK Concerts Auto Import,Master Event Database,Approved
2026-08-12 12:00:00,Karaoke,2025-07-06,9p-12a,Anchorage,Mad Myrna’s,music,,,system@akconcerts.com,AK Concerts Auto Import,Master Event Database,Approved
2026-08-12 12:00:00,Karaoke Saturdays,2025-07-06,9p-12a,Anchorage,Pioneer Bar,music,,,system@akconcerts.com,AK Concerts Auto Import,Master Event Database,Approved
2026-08-12 12:00:00,Karaoke,2025-07-06,9p-12a,Anchorage,Four Corner’s Lounge,music,,,system@akconcerts.com,AK Concerts Auto Import,Master Event Database,Approved
2026-08-12 12:00:00,Ron Marsh,2025-07-06,9p-12a,Anchorage,Yukon Bar,music,,,system@akconcerts.com,AK Concerts Auto Import,Master Event Database,Approved
2026-08-12 12:00:00,Sunday Karaoke,2025-07-06,9p-2a,Anchorage,The Carousel Lounge,music,,,system@akconcerts.com,AK Concerts Auto Import,Master Event Database,Approved
2026-08-12 12:00:00,Cirque Date Night,2025-07-07,6:30p-7:30p,Anchorage,Grace Ridge Brewing,music,,,system@akconcerts.com,AK Concerts Auto Import,Master Event Database,Approved
2026-08-12 12:00:00,Boombox Bingo,2025-07-07,6:30p-8:30,Anchorage,Broken Blender,music,,,system@akconcerts.com,AK Concerts Auto Import,Master Event Database,Approved
2026-08-12 12:00:00,Weekly Jazz Jam,2025-07-07,6:30p-9:30p,Anchorage,Fire Island Bakery @ K Street Market,music,,,system@akconcerts.com,AK Concerts Auto Import,Master Event Database,Approved
2026-08-12 12:00:00,Open Mic Night w/ Jim Maloney & Orion Donicht,2025-07-07,7p-10p,Anchorage,Alice’s Champagne Palace,music,,,system@akconcerts.com,AK Concerts Auto Import,Master Event Database,Approved
2026-08-12 12:00:00,Learn to Square Dance,2025-07-07,7p-9p,Anchorage,Anchorage Social Dance Club,dance,,,system@akconcerts.com,AK Concerts Auto Import,Master Event Database,Approved
2026-08-12 12:00:00,90's Dance Party with ARCHIEologic,2025-07-07,7p-9p,Anchorage,The Creek Street Cabaret,dance,,,system@akconcerts.com,AK Concerts Auto Import,Master Event Database,Approved
2026-08-12 12:00:00,The Golden Heart Revue,2025-07-07,8:15p-9:15p,Anchorage,The Palace Theater,music,,,system@akconcerts.com,AK Concerts Auto Import,Master Event Database,Approved
2026-08-12 12:00:00,Open Mic Night,2025-07-07,8p-12a,Anchorage,The Blue Fox,music,,,system@akconcerts.com,AK Concerts Auto Import,Master Event Database,Approved
2026-08-12 12:00:00,Karaoke Night,2025-07-07,8p-1a,Anchorage,Fairview Inn,music,,,system@akconcerts.com,AK Concerts Auto Import,Master Event Database,Approved
2026-08-12 12:00:00,The Monday Mic w/ Boobs,2025-07-07,9p-12a,Anchorage,Koot’s,music,,,system@akconcerts.com,AK Concerts Auto Import,Master Event Database,Approved
2026-08-12 12:00:00,Karaoke,2025-07-07,9p-12a,Anchorage,Four Corner’s Lounge,music,,,system@akconcerts.com,AK Concerts Auto Import,Master Event Database,Approved
2026-08-12 12:00:00,Karaoke,2025-07-07,9p-2a,Anchorage,Yukon Bar,music,,,system@akconcerts.com,AK Concerts Auto Import,Master Event Database,Approved
2026-08-12 12:00:00,Storytime at Ken’s,2025-07-08,10a-11a,Anchorage,Ken’s Garden Center,community,,,system@akconcerts.com,AK Concerts Auto Import,Master Event Database,Approved
2026-08-12 12:00:00,Lunch on the Lawn: Dog Days of Summer,2025-07-08,11:30a-1:30p,Anchorage,Anchorage Museum,music,,,system@akconcerts.com,AK Concerts Auto Import,Master Event Database,Approved
2026-08-12 12:00:00,Irish Music and Dancing,2025-07-08,6p-8p,Anchorage,Organic Oasis,music,,,system@akconcerts.com,AK Concerts Auto Import,Master Event Database,Approved
2026-08-12 12:00:00,Tuesday Jazz Jam,2025-07-08,7p-10p,Anchorage,Billiard Palace,music,,,system@akconcerts.com,AK Concerts Auto Import,Master Event Database,Approved
2026-08-12 12:00:00,Karaoke Night at the Cabin,2025-07-08,7p-10p,Anchorage,The Cabin,music,,,system@akconcerts.com,AK Concerts Auto Import,Master Event Database,Approved
2026-08-12 12:00:00,Summer Slam: “Reverse!”,2025-07-08,7p-10p,Anchorage,Alaska Legends Cider & Wine,music,,,system@akconcerts.com,AK Concerts Auto Import,Master Event Database,Approved
2026-08-12 12:00:00,All Ages Buckarooos Night,2025-07-08,7p-11p,Anchorage,Pink Cadillac,music,,,system@akconcerts.com,AK Concerts Auto Import,Master Event Database,Approved
2026-08-12 12:00:00,Open Jam Night,2025-07-08,7p-11p,Anchorage,Van’s Dive Bar,music,,,system@akconcerts.com,AK Concerts Auto Import,Master Event Database,Approved
2026-08-12 12:00:00,Taco & Tune Tuesday w/ DJ Joe Brady,2025-07-08,7p-9p,Anchorage,Williwaw Social,music,,,system@akconcerts.com,AK Concerts Auto Import,Master Event Database,Approved
2026-08-12 12:00:00,The Golden Heart Revue,2025-07-08,8:15p-9:15p,Anchorage,The Palace Theater,music,,,system@akconcerts.com,AK Concerts Auto Import,Master Event Database,Approved
2026-08-12 12:00:00,Live Music Tyson Tuesdays!,2025-07-08,8p-10p,Anchorage,Seward Alehouse,music,,,system@akconcerts.com,AK Concerts Auto Import,Master Event Database,Approved
2026-08-12 12:00:00,Jazz Jam Tuesday,2025-07-08,8p-11p,Anchorage,The Crystal Saloon,music,,,system@akconcerts.com,AK Concerts Auto Import,Master Event Database,Approved
2026-08-12 12:00:00,"Industry Night: Live DJ, Karaoke, and/or Live Music",2025-07-08,8p-11p,Anchorage,Four Corner’s Lounge,music,,,system@akconcerts.com,AK Concerts Auto Import,Master Event Database,Approved
2026-08-12 12:00:00,Karaoke Night,2025-07-08,8p-11p,Anchorage,Schwabenhof,music,,,system@akconcerts.com,AK Concerts Auto Import,Master Event Database,Approved
2026-08-12 12:00:00,The Eternal Cowboys,2025-07-08,9p-12a,Anchorage,Koot’s,music,,,system@akconcerts.com,AK Concerts Auto Import,Master Event Database,Approved
2026-08-12 12:00:00,Community Storytime,2025-07-09,10:30a-11a,Anchorage,Alaska Zoo,community,,,system@akconcerts.com,AK Concerts Auto Import,Master Event Database,Approved
2026-08-12 12:00:00,The Eternal Cowboys,2025-07-09,10p-12a,Anchorage,Pioneer Bar,music,,,system@akconcerts.com,AK Concerts Auto Import,Master Event Database,Approved
2026-08-12 12:00:00,Koots Karaoke,2025-07-09,10p-2a,Anchorage,Koot’s,music,,,system@akconcerts.com,AK Concerts Auto Import,Master Event Database,Approved
2026-08-12 12:00:00,"Summer Storytime: ""Yukon Dan's Animal Band""",2025-07-09,11:30a-12:30p,Anchorage,Alaska Botanical Garden,music,,,system@akconcerts.com,AK Concerts Auto Import,Master Event Database,Approved
2026-08-12 12:00:00,Summer Storytime: Yukon Dan's Animal Band,2025-07-09,11:30a-12:30p,Anchorage,Alaska Botanical Garden,music,,,system@akconcerts.com,AK Concerts Auto Import,Master Event Database,Approved
2026-08-12 12:00:00,Alaska Flag Day Celebration,2025-07-09,5:30p-8:30p,Anchorage,AK Child & Family,music,,,system@akconcerts.com,AK Concerts Auto Import,Master Event Database,Approved
2026-08-12 12:00:00,International Folk Dancing,2025-07-09,6:30p-8p,Anchorage,Anchorage Social Dance Club,music,,,system@akconcerts.com,AK Concerts Auto Import,Master Event Database,Approved
2026-08-12 12:00:00,Jazz with A-Town Sharps,2025-07-09,6p-8p,Anchorage,Organic Oasis,music,,,system@akconcerts.com,AK Concerts Auto Import,Master Event Database,Approved
2026-08-12 12:00:00,H3 Hawaii Reggae & The River Livers,2025-07-09,6p-9p,Anchorage,Soldotna Creek Park,music,,,system@akconcerts.com,AK Concerts Auto Import,Master Event Database,Approved
2026-08-12 12:00:00,Open Mic,2025-07-09,7:30p-11p,Anchorage,Schwabenhof,music,,,system@akconcerts.com,AK Concerts Auto Import,Master Event Database,Approved
2026-08-12 12:00:00,West Coast Sing Wednesday,2025-07-09,7:30p-9:30p,Anchorage,Four Corner’s Lounge,music,,,system@akconcerts.com,AK Concerts Auto Import,Master Event Database,Approved
2026-08-12 12:00:00,Tyrone Palmer & Friends,2025-07-09,7p-10p,Anchorage,907 Alehouse,music,,,system@akconcerts.com,AK Concerts Auto Import,Master Event Database,Approved
2026-08-12 12:00:00,Local Talent Showcase,2025-07-09,7p-10p,Anchorage,The Cabin,music,,,system@akconcerts.com,AK Concerts Auto Import,Master Event Database,Approved
2026-08-12 12:00:00,Line Dance Wednesdays,2025-07-09,7p-12a,Anchorage,Pink Cadillac,dance,,,system@akconcerts.com,AK Concerts Auto Import,Master Event Database,Approved
2026-08-12 12:00:00,Kuf Knotz & Christine Elise,2025-07-09,7p-9p,Anchorage,Black Bear,music,,,system@akconcerts.com,AK Concerts Auto Import,Master Event Database,Approved
2026-08-12 12:00:00,Mike Stackhouse Live,2025-07-09,7p-9p,Anchorage,The International Hotel & Bar,music,,,system@akconcerts.com,AK Concerts Auto Import,Master Event Database,Approved
2026-08-12 12:00:00,The Golden Heart Revue,2025-07-09,8:15p-9:15p,Anchorage,The Palace Theater,music,,,system@akconcerts.com,AK Concerts Auto Import,Master Event Database,Approved
2026-08-12 12:00:00,Live Music with Schaefer Mueller Duo,2025-07-09,8:30p-12a,Anchorage,Humpy’s,music,,,system@akconcerts.com,AK Concerts Auto Import,Master Event Database,Approved
2026-08-12 12:00:00,Karaoke,2025-07-09,8p-11p,Anchorage,Alaskan Hotel and Bar,music,,,system@akconcerts.com,AK Concerts Auto Import,Master Event Database,Approved
2026-08-12 12:00:00,Open Mic Wednesday,2025-07-09,8p-11p,Anchorage,The Crystal Saloon,music,,,system@akconcerts.com,AK Concerts Auto Import,Master Event Database,Approved
2026-08-12 12:00:00,Country Night,2025-07-09,8p-12a,Anchorage,Koot’s,music,,,system@akconcerts.com,AK Concerts Auto Import,Master Event Database,Approved
2026-08-12 12:00:00,Open Mic Night,2025-07-09,8p-1a,Anchorage,Fairview Inn,music,,,system@akconcerts.com,AK Concerts Auto Import,Master Event Database,Approved
2026-08-12 12:00:00,AK Rockstar Karaoke,2025-07-09,8p-2a,Anchorage,The Carousel Lounge,music,,,system@akconcerts.com,AK Concerts Auto Import,Master Event Database,Approved
2026-08-12 12:00:00,Karaoke,2025-07-09,9p-12a,Anchorage,Mad Myrna’s,music,,,system@akconcerts.com,AK Concerts Auto Import,Master Event Database,Approved
2026-08-12 12:00:00,Karaoke Wednesdays w/ Kellie B,2025-07-09,9p-12a,Anchorage,Van’s Dive Bar,music,,,system@akconcerts.com,AK Concerts Auto Import,Master Event Database,Approved
2026-08-12 12:00:00,Open Mic Night w/ Braden Rollins,2025-07-09,9p-2a,Anchorage,Yukon Bar,music,,,system@akconcerts.com,AK Concerts Auto Import,Master Event Database,Approved
2026-08-12 12:00:00,Karaoke,2025-07-09,9p-2a,Anchorage,Yukon Bar,music,,,system@akconcerts.com,AK Concerts Auto Import,Master Event Database,Approved
2026-08-12 12:00:00,Lisa Denny,2025-07-30,3p-5p,Eagle River,Alaskan Hotel and Bar,music,,,system@akconcerts.com,AK Concerts Auto Import,Master Event Database,Approved
2026-08-12 12:00:00,Japanese Peace Drummer Takumi Kato,2025-07-30,6p-8p,Eagle River,Ketchikan Public Library,music,,,system@akconcerts.com,AK Concerts Auto Import,Master Event Database,Approved
2026-08-12 12:00:00,Public Lands Pint Night: Current Dall Sheep Research,2025-07-30,7p-10p,Eagle River,Black Spruce Brewing,music,,,system@akconcerts.com,AK Concerts Auto Import,Master Event Database,Approved
2026-08-12 12:00:00,Local Talent Showcase,2025-07-30,7p-10p,Eagle River,The Cabin,music,,,system@akconcerts.com,AK Concerts Auto Import,Master Event Database,Approved
2026-08-12 12:00:00,Mike Stackhouse Live,2025-07-30,7p-9p,Eagle River,The International Hotel & Bar,music,,,system@akconcerts.com,AK Concerts Auto Import,Master Event Database,Approved
2026-08-12 12:00:00,The Golden Heart Revue,2025-07-30,8:15p-9:15p,Eagle River,The Palace Theater,music,,,system@akconcerts.com,AK Concerts Auto Import,Master Event Database,Approved
2026-08-12 12:00:00,Glacier Quartet,2025-07-30,8p-10p,Eagle River,The Porcupine Theater,music,,,system@akconcerts.com,AK Concerts Auto Import,Master Event Database,Approved
2026-08-12 12:00:00,Karaoke,2025-07-30,8p-11p,Eagle River,Alaskan Hotel and Bar,music,,,system@akconcerts.com,AK Concerts Auto Import,Master Event Database,Approved
2026-08-12 12:00:00,Open Mic Wednesday,2025-07-30,8p-11p,Eagle River,The Crystal Saloon,music,,,system@akconcerts.com,AK Concerts Auto Import,Master Event Database,Approved
2026-08-12 12:00:00,Shakedown Strings,2025-07-30,9p-12a,Eagle River,Alice’s Champagne Palace,music,,,system@akconcerts.com,AK Concerts Auto Import,Master Event Database,Approved
2026-08-12 12:00:00,Michael Kirkpatrick,2025-07-30,4p-7p,Palmer,Hatcher Pass Lodge,music,,,system@akconcerts.com,AK Concerts Auto Import,Master Event Database,Approved
2026-08-12 12:00:00,West Coast Sing Wednesday,2025-07-30,7:30p-9:30p,Palmer,Four Corner’s Lounge,music,,,system@akconcerts.com,AK Concerts Auto Import,Master Event Database,Approved
2026-08-12 12:00:00,Open Mic,2025-07-30,7:30p-11p,Seward,Schwabenhof,music,,,system@akconcerts.com,AK Concerts Auto Import,Master Event Database,Approved
2026-08-12 12:00:00,Barry Sless and Stephen Englis,2025-07-30,7p-10p,Seward,Mountain High Pizza Pie,music,,,system@akconcerts.com,AK Concerts Auto Import,Master Event Database,Approved
2026-08-12 12:00:00,Open Mic,2025-07-30,8p-1a,Seward,Fairview Inn,music,,,system@akconcerts.com,AK Concerts Auto Import,Master Event Database,Approved
2026-08-12 12:00:00,Karaoke,2025-07-30,9p-2a,Seward,Yukon Bar,music,,,system@akconcerts.com,AK Concerts Auto Import,Master Event Database,Approved
2026-08-12 12:00:00,Open Mic Wife Swap,2025-07-31,10p-1a,Eagle River,Pioneer Bar,music,,,system@akconcerts.com,AK Concerts Auto Import,Master Event Database,Approved
2026-08-12 12:00:00,Karaoke Nights at the Big I,2025-07-31,10p-2a,Eagle River,The International Hotel & Bar,music,,,system@akconcerts.com,AK Concerts Auto Import,Master Event Database,Approved
2026-08-12 12:00:00,Nina Edwards,2025-07-31,4p-6p,Eagle River,Alaskan Hotel and Bar,music,,,system@akconcerts.com,AK Concerts Auto Import,Master Event Database,Approved
2026-08-12 12:00:00,Busking Night with Local Artists,2025-07-31,5p-8p,Eagle River,Vintage Food Truck Park,music,,,system@akconcerts.com,AK Concerts Auto Import,Master Event Database,Approved
2026-08-12 12:00:00,Alaska Wompus Cats,2025-07-31,7:30p-9:30p,Eagle River,Malemute Saloon,music,,,system@akconcerts.com,AK Concerts Auto Import,Master Event Database,Approved
2026-08-12 12:00:00,CORVUS and Composing in the Wilderness Concert,2025-07-31,7p-10p,Eagle River,Davis Concert Hall,music,,,system@akconcerts.com,AK Concerts Auto Import,Master Event Database,Approved
2026-08-12 12:00:00,"Salmonfest Pre-Party w/ Tim Easton, Blackwater Railroad, Katy Guillen & The Drive, and Free Creatures!",2025-07-31,7p-11p,Eagle River,Creekbend Company,festival,,,system@akconcerts.com,AK Concerts Auto Import,Master Event Database,Approved
2026-08-12 12:00:00,Michael Kirkpatrick,2025-07-31,7p-11p,Eagle River,Historic Hope & Seaview Bar,music,,,system@akconcerts.com,AK Concerts Auto Import,Master Event Database,Approved
2026-08-12 12:00:00,The Golden Heart Revue,2025-07-31,8:15p-9:15p,Eagle River,The Palace Theater,music,,,system@akconcerts.com,AK Concerts Auto Import,Master Event Database,Approved
2026-08-12 12:00:00,Karaoke Thursday,2025-07-31,8p-11:30p,Eagle River,The Crystal Saloon,music,,,system@akconcerts.com,AK Concerts Auto Import,Master Event Database,Approved
2026-08-12 12:00:00,Open Mic Night at the Cabin,2025-07-31,8p-11p,Eagle River,The Cabin,music,,,system@akconcerts.com,AK Concerts Auto Import,Master Event Database,Approved
2026-08-12 12:00:00,Line Dancing,2025-07-31,8p-11p,Eagle River,Northern Whimsy Wellness,music,,,system@akconcerts.com,AK Concerts Auto Import,Master Event Database,Approved
2026-08-12 12:00:00,Open Mic,2025-07-31,8p-11p,Eagle River,Alaskan Hotel and Bar,music,,,system@akconcerts.com,AK Concerts Auto Import,Master Event Database,Approved
2026-08-12 12:00:00,Open Mic Night,2025-07-31,9:30p-12a,Eagle River,Golden Saloon,music,,,system@akconcerts.com,AK Concerts Auto Import,Master Event Database,Approved
2026-08-12 12:00:00,Barry Sless & Steve Inglis,2025-07-31,4p-7p,Palmer,Hatcher Pass Lodge,music,,,system@akconcerts.com,AK Concerts Auto Import,Master Event Database,Approved
2026-08-12 12:00:00,High Step Society,2025-07-31,7p-10p,Palmer,Palmer Alehouse,music,,,system@akconcerts.com,AK Concerts Auto Import,Master Event Database,Approved
2026-08-12 12:00:00,Open Jam/Mic Night w/ Host Jesse James,2025-07-31,7p-11p,Palmer,Four Corner’s Lounge,music,,,system@akconcerts.com,AK Concerts Auto Import,Master Event Database,Approved
2026-08-12 12:00:00,Karaoke,2025-07-31,8p-12a,Palmer,Klondike Mike’s and Garcia’s Grill,music,,,system@akconcerts.com,AK Concerts Auto Import,Master Event Database,Approved
2026-08-12 12:00:00,Gold Rush Days Celebration 2025,2025-07-31,2p-8p,Seward,Downtown Valdez,music,,,system@akconcerts.com,AK Concerts Auto Import,Master Event Database,Approved
2026-08-12 12:00:00,Carol Markstrom,2025-07-31,6p-8p,Seward,The Goods,music,,,system@akconcerts.com,AK Concerts Auto Import,Master Event Database,Approved
2026-08-12 12:00:00,Tracorium,2025-07-31,7p-10p,Seward,Mountain High Pizza Pie,music,,,system@akconcerts.com,AK Concerts Auto Import,Master Event Database,Approved
2026-08-12 12:00:00,Roses Pawn Shop,2025-07-31,8p-1a,Seward,Fairview Inn,music,,,system@akconcerts.com,AK Concerts Auto Import,Master Event Database,Approved
2026-08-12 12:00:00,Thursday Night Dance Party w/ DJ WaitWat,2025-07-31,9p-2a,Seward,Yukon Bar,dance,,,system@akconcerts.com,AK Concerts Auto Import,Master Event Database,Approved
2026-08-12 12:00:00,Amelia Doll,2025-08-01,6p-9p,Anchorage,Angry Salmon,music,,,system@akconcerts.com,AK Concerts Auto Import,Master Event Database,Approved
2026-08-12 12:00:00,Kenai Band,2025-08-01,8p-10p,Cooper Landing,Gwin’s Lodge,music,,,system@akconcerts.com,AK Concerts Auto Import,Master Event Database,Approved
2026-08-12 12:00:00,Ukulele Russ & His One-Man Frontier Band,2025-08-01,8p-11p,Cooper Landing,Trophy Lodge,music,,,system@akconcerts.com,AK Concerts Auto Import,Master Event Database,Approved
2026-08-12 12:00:00,It's Not A Phase: Hawthorne Heights Pre(EMO)-Party,2025-08-01,10p-11:30p,Eagle River,The Crystal Saloon,music,,,system@akconcerts.com,AK Concerts Auto Import,Master Event Database,Approved
2026-08-12 12:00:00,Fairaoke,2025-08-01,10p-1a,Eagle River,Pioneer Bar,festival,,,system@akconcerts.com,AK Concerts Auto Import,Master Event Database,Approved
2026-08-12 12:00:00,DJ Mraj Nite,2025-08-01,11p-2a,Eagle River,The International Hotel & Bar,music,,,system@akconcerts.com,AK Concerts Auto Import,Master Event Database,Approved
2026-08-12 12:00:00,Music on the Dock: Takumi Kato,2025-08-01,12p-1p,Eagle River,Ketchikan City Dock,music,,,system@akconcerts.com,AK Concerts Auto Import,Master Event Database,Approved
2026-08-12 12:00:00,Salmonfest 2025,2025-08-01,12p-2a,Eagle River,Kenai Peninsula Fairgrounds,festival,,,system@akconcerts.com,AK Concerts Auto Import,Master Event Database,Approved
2026-08-12 12:00:00,50th Annual Blueberry Festival,2025-08-01,2p-5p,Eagle River,Ketchikan Area Arts & Humanities Council,festival,,,system@akconcerts.com,AK Concerts Auto Import,Master Event Database,Approved
2026-08-12 12:00:00,Kristin Larson,2025-08-01,4p-6p,Eagle River,Alaskan Hotel and Bar,music,,,system@akconcerts.com,AK Concerts Auto Import,Master Event Database,Approved
2026-08-12 12:00:00,Explore the Universe,2025-08-01,5:30p-7p,Eagle River,Marie Drake Planetarium,music,,,system@akconcerts.com,AK Concerts Auto Import,Master Event Database,Approved
2026-08-12 12:00:00,Saturday Cinders,2025-08-01,6p-10p,Eagle River,Dirty Skillet,music,,,system@akconcerts.com,AK Concerts Auto Import,Master Event Database,Approved
2026-08-12 12:00:00,Matt Lewis Band w/ Matt Hopper,2025-08-01,7p-10p,Eagle River,Pakalolo Supply Co.,music,,,system@akconcerts.com,AK Concerts Auto Import,Master Event Database,Approved
2026-08-12 12:00:00,Coast Guard Day Comedy Night,2025-08-01,7p-10p,Eagle River,Billiken Theater,comedy,,,system@akconcerts.com,AK Concerts Auto Import,Master Event Database,Approved
2026-08-12 12:00:00,The Golden Heart Revue,2025-08-01,8:15p-9:15p,Eagle River,The Palace Theater,music,,,system@akconcerts.com,AK Concerts Auto Import,Master Event Database,Approved
2026-08-12 12:00:00,Andy Koch’s Badd Dog Blues Society,2025-08-01,8p-12p,Eagle River,The Harbor Bar,music,,,system@akconcerts.com,AK Concerts Auto Import,Master Event Database,Approved
2026-08-12 12:00:00,Old School Throwback Jams,2025-08-01,8p-1a,Eagle River,The Cabin,music,,,system@akconcerts.com,AK Concerts Auto Import,Master Event Database,Approved
2026-08-12 12:00:00,Earth 2 Travolta,2025-08-01,10p-2a,Palmer,Klondike Mike’s and Garcia’s Grill,music,,,system@akconcerts.com,AK Concerts Auto Import,Master Event Database,Approved
2026-08-12 12:00:00,Friday Flings Market & Live Music,2025-08-01,11a-6p,Palmer,Downtown,music,,,system@akconcerts.com,AK Concerts Auto Import,Master Event Database,Approved
2026-08-12 12:00:00,H3 Hawaiian Reggae,2025-08-01,7p-10p,Palmer,Palmer Alehouse,music,,,system@akconcerts.com,AK Concerts Auto Import,Master Event Database,Approved
2026-08-12 12:00:00,Karaoke,2025-08-01,7p-11p,Palmer,American Legion Post 15,music,,,system@akconcerts.com,AK Concerts Auto Import,Master Event Database,Approved
2026-08-12 12:00:00,Gold Rush Days Celebration 2025,2025-08-01,10a-10p,Seward,Downtown Valdez,music,,,system@akconcerts.com,AK Concerts Auto Import,Master Event Database,Approved
2026-08-12 12:00:00,First Friday Garden Party,2025-08-01,4p-6p,Seward,Seward Community Library & Museum,music,,,system@akconcerts.com,AK Concerts Auto Import,Master Event Database,Approved
2026-08-12 12:00:00,Nothin' but Kharma,2025-08-01,5p-7p,Seward,Village Park,music,,,system@akconcerts.com,AK Concerts Auto Import,Master Event Database,Approved
2026-08-12 12:00:00,Live Music: High Step Society,2025-08-01,6:30p-9:30p,Seward,Flamingo Lounge,music,,,system@akconcerts.com,AK Concerts Auto Import,Master Event Database,Approved
2026-08-12 12:00:00,Concert on the Lake w/ Thompson Square & James Otto,2025-08-01,6p-10p,Seward,Everett’s,music,,,system@akconcerts.com,AK Concerts Auto Import,Master Event Database,Approved
2026-08-12 12:00:00,First Friday Poetry Night: Some Things Stay,2025-08-01,6p-8p,Seward,The Commons Café,music,,,system@akconcerts.com,AK Concerts Auto Import,Master Event Database,Approved
2026-08-12 12:00:00,Brandon Kellum,2025-08-01,6p-9p,Seward,Naptowne Brewery,music,,,system@akconcerts.com,AK Concerts Auto Import,Master Event Database,Approved
2026-08-12 12:00:00,The SpongeBob Musical,2025-08-01,7p-10p,Seward,Sitka Fine Arts Camp,theatre,,,system@akconcerts.com,AK Concerts Auto Import,Master Event Database,Approved
2026-08-12 12:00:00,Leaving for a Loon (Play),2025-08-01,7p-10p,Seward,Magpies on the Fly,theatre,,,system@akconcerts.com,AK Concerts Auto Import,Master Event Database,Approved
2026-08-12 12:00:00,West Coast Swing Dance Lesson,2025-08-01,7p-9p,Seward,Church of Latter-Day Saints,dance,,,system@akconcerts.com,AK Concerts Auto Import,Master Event Database,Approved
2026-08-12 12:00:00,Karaoke Night,2025-08-01,8p-11p,Seward,Schwabenhof,music,,,system@akconcerts.com,AK Concerts Auto Import,Master Event Database,Approved
2026-08-12 12:00:00,Free Music Fridays: Pepper Kit,2025-08-01,8p-12a,Seward,Seward Alehouse,music,,,system@akconcerts.com,AK Concerts Auto Import,Master Event Database,Approved
2026-08-12 12:00:00,Rage to Rhymes: A Night of Nu Metal and Hip Hop,2025-08-01,9p-12a,Seward,Yukon Bar,music,,,system@akconcerts.com,AK Concerts Auto Import,Master Event Database,Approved
2026-08-12 12:00:00,"Cousin Curtiss, The Builders & The Butchers, & Hwy9",2025-08-02,5p-9p,Cooper Landing,Cooper Landing Brewing,music,,,system@akconcerts.com,AK Concerts Auto Import,Master Event Database,Approved
2026-08-12 12:00:00,Hwy9 Live,2025-08-02,9:30p-12a,Cooper Landing,The Sunrise Inn,music,,,system@akconcerts.com,AK Concerts Auto Import,Master Event Database,Approved
2026-08-12 12:00:00,Salmonfest 2025,2025-08-02,11a-2a,Eagle River,Kenai Peninsula Fairgrounds,festival,,,system@akconcerts.com,AK Concerts Auto Import,Master Event Database,Approved
2026-08-12 12:00:00,Kingswardfish,2025-08-02,11p-2a,Eagle River,Pioneer Bar,music,,,system@akconcerts.com,AK Concerts Auto Import,Master Event Database,Approved
2026-08-12 12:00:00,50th Annual Blueberry Festival,2025-08-02,12p-5p,Eagle River,Ketchikan Area Arts & Humanities Council,festival,,,system@akconcerts.com,AK Concerts Auto Import,Master Event Database,Approved
2026-08-12 12:00:00,Saturday Cinders,2025-08-02,6p-10p,Eagle River,Dirty Skillet,music,,,system@akconcerts.com,AK Concerts Auto Import,Master Event Database,Approved
2026-08-12 12:00:00,Island Music Night w/ Ukulele Russ & Rootsy Soul,2025-08-02,6p-2a,Eagle River,The International Hotel & Bar,music,,,system@akconcerts.com,AK Concerts Auto Import,Master Event Database,Approved
2026-08-12 12:00:00,Piano Music by Sunrise Kilcher,2025-08-02,6p-8p,Eagle River,AJ’s Old Town Steakhouse & Tavern,music,,,system@akconcerts.com,AK Concerts Auto Import,Master Event Database,Approved
2026-08-12 12:00:00,Schaefer Mueller & The Neon Highway,2025-08-02,7p-10p,Eagle River,Odd Man Rush,music,,,system@akconcerts.com,AK Concerts Auto Import,Master Event Database,Approved
2026-08-12 12:00:00,Matt Lewis Band w/ Matt Hopper & Jake Chavez,2025-08-02,7p-10p,Eagle River,Arctic Harvest,music,,,system@akconcerts.com,AK Concerts Auto Import,Master Event Database,Approved
2026-08-12 12:00:00,Thompson Square & James Otto,2025-08-02,7p-11p,Eagle River,Tanana Valley State Fairgrounds,music,,,system@akconcerts.com,AK Concerts Auto Import,Master Event Database,Approved
2026-08-12 12:00:00,The Golden Heart Revue,2025-08-02,8:15p-9:15p,Eagle River,The Palace Theater,music,,,system@akconcerts.com,AK Concerts Auto Import,Master Event Database,Approved
2026-08-12 12:00:00,Salsa & Bachata Lessons,2025-08-02,8p-11p,Eagle River,Alaskan Hotel and Bar,dance,,,system@akconcerts.com,AK Concerts Auto Import,Master Event Database,Approved
2026-08-12 12:00:00,Bois Rouge Cajun Band,2025-08-02,9p-12a,Eagle River,Kenai Joes,music,,,system@akconcerts.com,AK Concerts Auto Import,Master Event Database,Approved
2026-08-12 12:00:00,Zen Trembles,2025-08-02,9p-12a,Eagle River,Golden Saloon,music,,,system@akconcerts.com,AK Concerts Auto Import,Master Event Database,Approved
2026-08-12 12:00:00,Hellcat Maggie,2025-08-02,9p-1a,Eagle River,The Cabin,music,,,system@akconcerts.com,AK Concerts Auto Import,Master Event Database,Approved
2026-08-12 12:00:00,Earth 2 Travolta,2025-08-02,10p-2a,Palmer,Klondike Mike’s and Garcia’s Grill,music,,,system@akconcerts.com,AK Concerts Auto Import,Master Event Database,Approved
2026-08-12 12:00:00,Hatcher Pass Community Market,2025-08-02,11a-5p,Palmer,Fishhook Bar and Grill,community,,,system@akconcerts.com,AK Concerts Auto Import,Master Event Database,Approved
2026-08-12 12:00:00,TBA,2025-08-02,4p-7p,Palmer,Hatcher Pass Lodge,music,,,system@akconcerts.com,AK Concerts Auto Import,Master Event Database,Approved
2026-08-12 12:00:00,Dance Lessons with Shufflin’ Country Style & Karaoke After,2025-08-02,7p-10p,Palmer,American Legion Post 15,dance,,,system@akconcerts.com,AK Concerts Auto Import,Master Event Database,Approved
2026-08-12 12:00:00,Nervis Rex,2025-08-02,7p-10p,Palmer,Palmer Alehouse,music,,,system@akconcerts.com,AK Concerts Auto Import,Master Event Database,Approved
2026-08-12 12:00:00,Karaoke,2025-08-02,7p-11p,Palmer,American Legion Post 15,music,,,system@akconcerts.com,AK Concerts Auto Import,Master Event Database,Approved
2026-08-12 12:00:00,Gold Rush Days Celebration 2025,2025-08-02,10a-10p,Seward,Downtown Valdez,music,,,system@akconcerts.com,AK Concerts Auto Import,Master Event Database,Approved
2026-08-12 12:00:00,Thrive Fest,2025-08-02,1p-10p,Seward,Menard Sports Center,festival,,,system@akconcerts.com,AK Concerts Auto Import,Master Event Database,Approved
2026-08-12 12:00:00,Amelia Doll,2025-08-02,6p-9p,Seward,Naptowne Brewery,music,,,system@akconcerts.com,AK Concerts Auto Import,Master Event Database,Approved
2026-08-12 12:00:00,The SpongeBob Musical,2025-08-02,7p-10p,Seward,Sitka Fine Arts Camp,theatre,,,system@akconcerts.com,AK Concerts Auto Import,Master Event Database,Approved
2026-08-12 12:00:00,Leaving for a Loon (Play),2025-08-02,7p-10p,Seward,Magpies on the Fly,theatre,,,system@akconcerts.com,AK Concerts Auto Import,Master Event Database,Approved
2026-08-12 12:00:00,One Love & Mic: A Reggae & Hip-Hop Showcase,2025-08-02,9p-12a,Seward,Yukon Bar,music,,,system@akconcerts.com,AK Concerts Auto Import,Master Event Database,Approved
2026-08-12 12:00:00,Red Onion Charity Drag Show,2025-08-02,9p-1a,Seward,Red Onion Saloon,comedy,,,system@akconcerts.com,AK Concerts Auto Import,Master Event Database,Approved
2026-08-12 12:00:00,Sunday Fresh Market & More w/ Live Music,2025-08-03,10a-2p,Anchorage,O’Malley Center,music,,,system@akconcerts.com,AK Concerts Auto Import,Master Event Database,Approved
2026-08-12 12:00:00,Koots Karaoke,2025-08-03,10p-2a,Anchorage,Koot’s,music,,,system@akconcerts.com,AK Concerts Auto Import,Master Event Database,Approved
2026-08-12 12:00:00,Industry Night w/ Joe Brady,2025-08-03,10p-2a,Anchorage,Pioneer Bar,music,,,system@akconcerts.com,AK Concerts Auto Import,Master Event Database,Approved
2026-08-12 12:00:00,Brunch Music w/ Vinter.Baer,2025-08-03,12p-2p,Anchorage,Writer’s Block Bookstore & Café,music,,,system@akconcerts.com,AK Concerts Auto Import,Master Event Database,Approved
2026-08-12 12:00:00,Spenard Bike Week Opening Ceremony,2025-08-03,1p-8p,Anchorage,House of Harley Davidson,music,,,system@akconcerts.com,AK Concerts Auto Import,Master Event Database,Approved
2026-08-12 12:00:00,Open Mic & Jam,2025-08-03,4:30p-8:30p,Anchorage,VFW Post 1685,music,,,system@akconcerts.com,AK Concerts Auto Import,Master Event Database,Approved
2026-08-12 12:00:00,Celebration of Life: Remembering Ron Brown,2025-08-03,4p-11p,Anchorage,Billiard Palace,music,,,system@akconcerts.com,AK Concerts Auto Import,Master Event Database,Approved
2026-08-12 12:00:00,Garden Grooves,2025-08-03,5p-7p,Anchorage,49th State Brewing,music,,,system@akconcerts.com,AK Concerts Auto Import,Master Event Database,Approved
2026-08-12 12:00:00,Country Dance Nights,2025-08-03,6:30p-10p,Anchorage,Anchorage Social Dance Club,dance,,,system@akconcerts.com,AK Concerts Auto Import,Master Event Database,Approved
2026-08-12 12:00:00,Sunday Blues Jam w/ Rebel Blues Band,2025-08-03,6p-10p,Anchorage,Billiard Palace,music,,,system@akconcerts.com,AK Concerts Auto Import,Master Event Database,Approved
2026-08-12 12:00:00,Open Mic Night,2025-08-03,6p-9p,Anchorage,Susitna Brewing,music,,,system@akconcerts.com,AK Concerts Auto Import,Master Event Database,Approved
2026-08-12 12:00:00,Amelia Doll,2025-08-03,7:30p-11p,Anchorage,Humpy’s,music,,,system@akconcerts.com,AK Concerts Auto Import,Master Event Database,Approved
2026-08-12 12:00:00,Open Mic Night,2025-08-03,7p-11p,Anchorage,Van’s Dive Bar,music,,,system@akconcerts.com,AK Concerts Auto Import,Master Event Database,Approved
2026-08-12 12:00:00,Comedy Open Mic,2025-08-03,8:30p-10p,Anchorage,Koot’s,comedy,,,system@akconcerts.com,AK Concerts Auto Import,Master Event Database,Approved
2026-08-12 12:00:00,Open Jam with Blast From The Past,2025-08-03,8:30p-1a,Anchorage,Time Out Lounge,music,,,system@akconcerts.com,AK Concerts Auto Import,Master Event Database,Approved
2026-08-12 12:00:00,Karaoke,2025-08-03,9p-12a,Anchorage,Mad Myrna’s,music,,,system@akconcerts.com,AK Concerts Auto Import,Master Event Database,Approved
2026-08-12 12:00:00,Sunday Karaoke,2025-08-03,9p-2a,Anchorage,The Carousel Lounge,music,,,system@akconcerts.com,AK Concerts Auto Import,Master Event Database,Approved
2026-08-12 12:00:00,Salmonfest 2025,2025-08-03,11a-10p,Eagle River,Kenai Peninsula Fairgrounds,festival,,,system@akconcerts.com,AK Concerts Auto Import,Master Event Database,Approved
2026-08-12 12:00:00,Sunday Brunch w/ Saturday Cinders,2025-08-03,11a-2p,Eagle River,Creekbend Company,community,,,system@akconcerts.com,AK Concerts Auto Import,Master Event Database,Approved
2026-08-12 12:00:00,Sunday Deck Jam,2025-08-03,2p-5p,Eagle River,Malemute Saloon,music,,,system@akconcerts.com,AK Concerts Auto Import,Master Event Database,Approved
2026-08-12 12:00:00,- Matt Lewis Band w/ Matt Hopper,2025-08-03,4p-7p,Eagle River,Lat 65 Brewery,music,,,system@akconcerts.com,AK Concerts Auto Import,Master Event Database,Approved
2026-08-12 12:00:00,Open Mic Night,2025-08-03,6p-9p,Eagle River,The Creek Street Cabaret,music,,,system@akconcerts.com,AK Concerts Auto Import,Master Event Database,Approved
2026-08-12 12:00:00,Shakedown Strings Live,2025-08-03,7p-10p,Eagle River,Historic Hope & Seaview Bar,music,,,system@akconcerts.com,AK Concerts Auto Import,Master Event Database,Approved
2026-08-12 12:00:00,The Golden Heart Revue,2025-08-03,8:15p-9:15p,Eagle River,The Palace Theater,music,,,system@akconcerts.com,AK Concerts Auto Import,Master Event Database,Approved
2026-08-12 12:00:00,Karaoke,2025-08-03,8p-12a,Eagle River,Chair 5,music,,,system@akconcerts.com,AK Concerts Auto Import,Master Event Database,Approved
2026-08-12 12:00:00,Karaoke,2025-08-03,9p-12a,Palmer,Four Corner’s Lounge,music,,,system@akconcerts.com,AK Concerts Auto Import,Master Event Database,Approved
2026-08-12 12:00:00,Gold Rush Days Celebration 2025,2025-08-03,12p-5p,Seward,Downtown Valdez,music,,,system@akconcerts.com,AK Concerts Auto Import,Master Event Database,Approved
2026-08-12 12:00:00,Boombox Bingo,2025-08-04,6:30p-8:30,Anchorage,Broken Blender,music,,,system@akconcerts.com,AK Concerts Auto Import,Master Event Database,Approved
2026-08-12 12:00:00,Weekly Jazz Jam,2025-08-04,6:30p-9:30p,Anchorage,Fire Island Bakery @ K Street Market,music,,,system@akconcerts.com,AK Concerts Auto Import,Master Event Database,Approved
2026-08-12 12:00:00,Learn to Square Dance,2025-08-04,7p-9p,Anchorage,Anchorage Social Dance Club,dance,,,system@akconcerts.com,AK Concerts Auto Import,Master Event Database,Approved
2026-08-12 12:00:00,Open Mic Night,2025-08-04,8p-12a,Anchorage,The Blue Fox,music,,,system@akconcerts.com,AK Concerts Auto Import,Master Event Database,Approved
2026-08-12 12:00:00,The Monday Mic w/ Boobs,2025-08-04,9p-12a,Anchorage,Koot’s,music,,,system@akconcerts.com,AK Concerts Auto Import,Master Event Database,Approved
2026-08-12 12:00:00,Bois Rouge Cajun Band,2025-08-04,10p-1a,Eagle River,Kharacter’s Alaskan Bar,music,,,system@akconcerts.com,AK Concerts Auto Import,Master Event Database,Approved
2026-08-12 12:00:00,Carol Markstrom,2025-08-04,5p-8p,Eagle River,Kenai Community Library,music,,,system@akconcerts.com,AK Concerts Auto Import,Master Event Database,Approved
2026-08-12 12:00:00,Open Mic Night w/ Jim Maloney & Orion Donicht,2025-08-04,7p-10p,Eagle River,Alice’s Champagne Palace,music,,,system@akconcerts.com,AK Concerts Auto Import,Master Event Database,Approved
2026-08-12 12:00:00,The Golden Heart Revue,2025-08-04,8:15p-9:15p,Eagle River,The Palace Theater,music,,,system@akconcerts.com,AK Concerts Auto Import,Master Event Database,Approved
2026-08-12 12:00:00,Karaoke,2025-08-04,9p-12a,Palmer,Four Corner’s Lounge,music,,,system@akconcerts.com,AK Concerts Auto Import,Master Event Database,Approved
2026-08-12 12:00:00,Cousin Curtiss,2025-08-04,8p-1a,Seward,Fairview Inn,music,,,system@akconcerts.com,AK Concerts Auto Import,Master Event Database,Approved
2026-08-12 12:00:00,Karaoke,2025-08-04,9p-2a,Seward,Yukon Bar,music,,,system@akconcerts.com,AK Concerts Auto Import,Master Event Database,Approved
2026-08-12 12:00:00,Lunch on the Lawn w/ Live Music,2025-08-05,11:30a-1:30p,Anchorage,Anchorage Museum,music,,,system@akconcerts.com,AK Concerts Auto Import,Master Event Database,Approved
2026-08-12 12:00:00,Irish Music and Dancing,2025-08-05,6p-8p,Anchorage,Organic Oasis,music,,,system@akconcerts.com,AK Concerts Auto Import,Master Event Database,Approved
2026-08-12 12:00:00,Tuesday Jazz Jam,2025-08-05,7p-10p,Anchorage,Billiard Palace,music,,,system@akconcerts.com,AK Concerts Auto Import,Master Event Database,Approved
2026-08-12 12:00:00,All Ages Buckarooos Night,2025-08-05,7p-11p,Anchorage,Pink Cadillac,music,,,system@akconcerts.com,AK Concerts Auto Import,Master Event Database,Approved
2026-08-12 12:00:00,Open Jam Night,2025-08-05,7p-11p,Anchorage,Van’s Dive Bar,music,,,system@akconcerts.com,AK Concerts Auto Import,Master Event Database,Approved
2026-08-12 12:00:00,Taco & Tune Tuesday w/ DJ Joe Brady,2025-08-05,7p-9p,Anchorage,Williwaw Social,music,,,system@akconcerts.com,AK Concerts Auto Import,Master Event Database,Approved
2026-08-12 12:00:00,AK Rockstar Karaoke,2025-08-05,8p-2a,Anchorage,The Carousel Lounge,music,,,system@akconcerts.com,AK Concerts Auto Import,Master Event Database,Approved
2026-08-12 12:00:00,The Eternal Cowboys,2025-08-05,9p-12a,Anchorage,Koot’s,music,,,system@akconcerts.com,AK Concerts Auto Import,Master Event Database,Approved
2026-08-12 12:00:00,Storytime at the PRATT: Fun in the Sun!,2025-08-05,10:30a-3p,Eagle River,Pratt Museum,community,,,system@akconcerts.com,AK Concerts Auto Import,Master Event Database,Approved
2026-08-12 12:00:00,Taco Tuesday's with Jim Maloney,2025-08-05,6:30p-10p,Eagle River,Justin Cole’s Down East Saloon,music,,,system@akconcerts.com,AK Concerts Auto Import,Master Event Database,Approved
2026-08-12 12:00:00,Michael Kirkpatrick,2025-08-05,6p-9p,Eagle River,Rendezvous Kodiak,music,,,system@akconcerts.com,AK Concerts Auto Import,Master Event Database,Approved
2026-08-12 12:00:00,Karaoke Night at the Cabin,2025-08-05,7p-10p,Eagle River,The Cabin,music,,,system@akconcerts.com,AK Concerts Auto Import,Master Event Database,Approved
2026-08-12 12:00:00,The Golden Heart Revue,2025-08-05,8:15p-9:15p,Eagle River,The Palace Theater,music,,,system@akconcerts.com,AK Concerts Auto Import,Master Event Database,Approved
2026-08-12 12:00:00,Jazz Jam Tuesday,2025-08-05,8p-11p,Eagle River,The Crystal Saloon,music,,,system@akconcerts.com,AK Concerts Auto Import,Master Event Database,Approved
2026-08-12 12:00:00,Bois Rouge Cajun Band,2025-08-05,9p-12a,Eagle River,Alice’s Champagne Palace,music,,,system@akconcerts.com,AK Concerts Auto Import,Master Event Database,Approved
2026-08-12 12:00:00,"Industry Night: Live DJ, Karaoke, and/or Live Music",2025-08-05,8p-11p,Palmer,Four Corner’s Lounge,music,,,system@akconcerts.com,AK Concerts Auto Import,Master Event Database,Approved
2026-08-12 12:00:00,Storytime at Ken’s!,2025-08-05,10a-11a,Seward,Ken’s Garden Center,community,,,system@akconcerts.com,AK Concerts Auto Import,Master Event Database,Approved
2026-08-12 12:00:00,The Ken Peltier Band,2025-08-05,6p-9p,Seward,Chepo’s Mexican Restaurant,music,,,system@akconcerts.com,AK Concerts Auto Import,Master Event Database,Approved
2026-08-12 12:00:00,Live Music Tyson Tuesdays!,2025-08-05,8p-10p,Seward,Seward Alehouse,music,,,system@akconcerts.com,AK Concerts Auto Import,Master Event Database,Approved
2026-08-12 12:00:00,Karaoke Night,2025-08-05,8p-11p,Seward,Schwabenhof,music,,,system@akconcerts.com,AK Concerts Auto Import,Master Event Database,Approved
2026-08-12 12:00:00,Open Mic Night w/ Braden Rollins,2025-08-05,9p-2a,Seward,Yukon Bar,music,,,system@akconcerts.com,AK Concerts Auto Import,Master Event Database,Approved
2026-08-12 12:00:00,Community Storytime,2025-08-06,10:30a-11a,Anchorage,Alaska Zoo,community,,,system@akconcerts.com,AK Concerts Auto Import,Master Event Database,Approved
2026-08-12 12:00:00,The Eternal Cowboys,2025-08-06,10p-12a,Anchorage,Pioneer Bar,music,,,system@akconcerts.com,AK Concerts Auto Import,Master Event Database,Approved
2026-08-12 12:00:00,Koots Karaoke,2025-08-06,10p-2a,Anchorage,Koot’s,music,,,system@akconcerts.com,AK Concerts Auto Import,Master Event Database,Approved
2026-08-12 12:00:00,Garden Grooves,2025-08-06,5p-7p,Anchorage,49th State Brewing,music,,,system@akconcerts.com,AK Concerts Auto Import,Master Event Database,Approved
2026-08-12 12:00:00,Spenard Bike Week Hogs & Hot Rods,2025-08-06,5p-9p,Anchorage,House of Harley Davidson,music,,,system@akconcerts.com,AK Concerts Auto Import,Master Event Database,Approved
2026-08-12 12:00:00,International Folk Dancing,2025-08-06,6:30p-8p,Anchorage,Anchorage Social Dance Club,music,,,system@akconcerts.com,AK Concerts Auto Import,Master Event Database,Approved
2026-08-12 12:00:00,Tyrone Palmer & Friends,2025-08-06,7p-10p,Anchorage,907 Alehouse,music,,,system@akconcerts.com,AK Concerts Auto Import,Master Event Database,Approved
2026-08-12 12:00:00,Line Dance Wednesdays,2025-08-06,7p-12a,Anchorage,Pink Cadillac,dance,,,system@akconcerts.com,AK Concerts Auto Import,Master Event Database,Approved
2026-08-12 12:00:00,Schafer Mueller Duo,2025-08-06,8:30p-12a,Anchorage,Humpy’s,music,,,system@akconcerts.com,AK Concerts Auto Import,Master Event Database,Approved
2026-08-12 12:00:00,Country Night,2025-08-06,8p-12a,Anchorage,Koot’s,music,,,system@akconcerts.com,AK Concerts Auto Import,Master Event Database,Approved
2026-08-12 12:00:00,Karaoke,2025-08-06,9p-12a,Anchorage,Mad Myrna’s,music,,,system@akconcerts.com,AK Concerts Auto Import,Master Event Database,Approved
2026-08-12 12:00:00,Karaoke Wednesdays w/ Kellie B,2025-08-06,9p-12a,Anchorage,Van’s Dive Bar,music,,,system@akconcerts.com,AK Concerts Auto Import,Master Event Database,Approved
2026-08-12 12:00:00,Lisa Denny,2025-08-06,3p-5p,Eagle River,Alaskan Hotel and Bar,music,,,system@akconcerts.com,AK Concerts Auto Import,Master Event Database,Approved
2026-08-12 12:00:00,Local Talent Showcase,2025-08-06,7p-10p,Eagle River,The Cabin,music,,,system@akconcerts.com,AK Concerts Auto Import,Master Event Database,Approved
2026-08-12 12:00:00,PechaKucha: Stories at the Porcupine,2025-08-06,7p-11p,Eagle River,The Porcupine Theater,music,,,system@akconcerts.com,AK Concerts Auto Import,Master Event Database,Approved
2026-08-12 12:00:00,Mike Stackhouse Live,2025-08-06,7p-9p,Eagle River,The International Hotel & Bar,music,,,system@akconcerts.com,AK Concerts Auto Import,Master Event Database,Approved
2026-08-12 12:00:00,The Golden Heart Revue,2025-08-06,8:15p-9:15p,Eagle River,The Palace Theater,music,,,system@akconcerts.com,AK Concerts Auto Import,Master Event Database,Approved
2026-08-12 12:00:00,Karaoke,2025-08-06,8p-11p,Eagle River,Alaskan Hotel and Bar,music,,,system@akconcerts.com,AK Concerts Auto Import,Master Event Database,Approved
2026-08-12 12:00:00,Michael Kirkpatrick,2025-08-06,8p-11p,Eagle River,The Crystal Saloon,music,,,system@akconcerts.com,AK Concerts Auto Import,Master Event Database,Approved
2026-08-12 12:00:00,Michael Kirkpatrick,2025-08-06,4p-7p,Palmer,Hatcher Pass Lodge,music,,,system@akconcerts.com,AK Concerts Auto Import,Master Event Database,Approved
2026-08-12 12:00:00,West Coast Sing Wednesday,2025-08-06,7:30p-9:30p,Palmer,Four Corner’s Lounge,music,,,system@akconcerts.com,AK Concerts Auto Import,Master Event Database,Approved
2026-08-12 12:00:00,Cousin Curtiss & Harrison B,2025-08-06,7p-10p,Palmer,Palmer Alehouse,music,,,system@akconcerts.com,AK Concerts Auto Import,Master Event Database,Approved
2026-08-12 12:00:00,Young Dubliners & Men With Guns,2025-08-06,6p-9p,Seward,Soldotna Creek Park,music,,,system@akconcerts.com,AK Concerts Auto Import,Master Event Database,Approved
2026-08-12 12:00:00,Campfire Sessions with Jerry Wessling,2025-08-06,6p-9p,Seward,Lulu’s Tents and Events,music,,,system@akconcerts.com,AK Concerts Auto Import,Master Event Database,Approved
2026-08-12 12:00:00,Open Mic,2025-08-06,7:30p-11p,Seward,Schwabenhof,music,,,system@akconcerts.com,AK Concerts Auto Import,Master Event Database,Approved
2026-08-12 12:00:00,Barry Sless and Stephen Inglis,2025-08-06,7p-10p,Seward,Tufted Puffin,music,,,system@akconcerts.com,AK Concerts Auto Import,Master Event Database,Approved
2026-08-12 12:00:00,Open Mic,2025-08-06,8p-1a,Seward,Fairview Inn,music,,,system@akconcerts.com,AK Concerts Auto Import,Master Event Database,Approved
2026-08-12 12:00:00,Karaoke,2025-08-06,9p-2a,Seward,Yukon Bar,music,,,system@akconcerts.com,AK Concerts Auto Import,Master Event Database,Approved
2026-08-12 12:00:00,Cousin Curtiss & Harrison B,2025-08-07,7p-10p,Palmer,Palmer Alehouse,music,,,system@akconcerts.com,AK Concerts Auto Import,Master Event Database,Approved
2026-08-12 12:00:00,Free Creatures,2025-08-08,7p-10p,Palmer,Palmer Alehouse,music,,,system@akconcerts.com,AK Concerts Auto Import,Master Event Database,Approved
2026-08-12 12:00:00,Black Barrel and the Bad Men,2025-08-09,7p-10p,Palmer,Palmer Alehouse,music,,,system@akconcerts.com,AK Concerts Auto Import,Master Event Database,Approved
2026-08-12 12:00:00,Koots Karaoke,2025-10-12,10p-2a,Anchorage,Koot’s,music,,,system@akconcerts.com,AK Concerts Auto Import,Master Event Database,Approved
2026-08-12 12:00:00,Industry Night w/ Joe Brady,2025-10-12,10p-2a,Anchorage,Pioneer Bar,music,,,system@akconcerts.com,AK Concerts Auto Import,Master Event Database,Approved
2026-08-12 12:00:00,Brunch Music with Whitney & Belle,2025-10-12,12p-2p,Anchorage,Writer’s Block Bookstore & Café,music,,,system@akconcerts.com,AK Concerts Auto Import,Master Event Database,Approved
2026-08-12 12:00:00,5th Annual Great Pumpkin Patch,2025-10-12,12p-5p,Anchorage,49th State Brewing,music,,,system@akconcerts.com,AK Concerts Auto Import,Master Event Database,Approved
2026-08-12 12:00:00,Outside Mullingar,2025-10-12,3p-4:30p,Anchorage,Cyrano’s Theater Company,music,,,system@akconcerts.com,AK Concerts Auto Import,Master Event Database,Approved
2026-08-12 12:00:00,Midnight Sun Theatre: 39 Steps,2025-10-12,3p-5p,Anchorage,UAA Fine Arts Building,theatre,,,system@akconcerts.com,AK Concerts Auto Import,Master Event Database,Approved
2026-08-12 12:00:00,Open Mic & Jam,2025-10-12,4:30p-8:30p,Anchorage,VFW Post 1685,music,,,system@akconcerts.com,AK Concerts Auto Import,Master Event Database,Approved
2026-08-12 12:00:00,Alaska Chamber Singers: Ernest Bloch: Avodath Hakodesh,2025-10-12,4p-6p,Anchorage,St. Patrick’s Parish,music,,,system@akconcerts.com,AK Concerts Auto Import,Master Event Database,Approved
2026-08-12 12:00:00,UAA Music Faculty Chamber Recital,2025-10-12,4p-6p,Anchorage,UAA Fine Arts Building,music,,,system@akconcerts.com,AK Concerts Auto Import,Master Event Database,Approved
2026-08-12 12:00:00,Sunday Blues Jam w/ Rebel Blues Band,2025-10-12,6p-10p,Anchorage,Billiard Palace,music,,,system@akconcerts.com,AK Concerts Auto Import,Master Event Database,Approved
2026-08-12 12:00:00,Traditional Irish Music Jam,2025-10-12,6p-8p,Anchorage,Writer’s Block Bookstore & Café,music,,,system@akconcerts.com,AK Concerts Auto Import,Master Event Database,Approved
2026-08-12 12:00:00,Open Mic Night,2025-10-12,7p-11p,Anchorage,Van’s Dive Bar,music,,,system@akconcerts.com,AK Concerts Auto Import,Master Event Database,Approved
2026-08-12 12:00:00,Comedy Open Mic,2025-10-12,8:30p-10p,Anchorage,Koot’s,comedy,,,system@akconcerts.com,AK Concerts Auto Import,Master Event Database,Approved
2026-08-12 12:00:00,Open Jam with Blast From The Past,2025-10-12,8:30p-1a,Anchorage,Time Out Lounge,music,,,system@akconcerts.com,AK Concerts Auto Import,Master Event Database,Approved
2026-08-12 12:00:00,Open Decks,2025-10-12,8p-1a,Anchorage,Koot’s,music,,,system@akconcerts.com,AK Concerts Auto Import,Master Event Database,Approved
2026-08-12 12:00:00,Karaoke,2025-10-12,9p-12a,Anchorage,Mad Myrna’s,music,,,system@akconcerts.com,AK Concerts Auto Import,Master Event Database,Approved
2026-08-12 12:00:00,Sunday Karaoke,2025-10-12,9p-2a,Anchorage,The Carousel Lounge,music,,,system@akconcerts.com,AK Concerts Auto Import,Master Event Database,Approved
2026-08-12 12:00:00,Theater in the Rough: Romeo & Juliet,2025-10-12,2p-3:30p,Big Lake,McPhetres Hall,theatre,,,system@akconcerts.com,AK Concerts Auto Import,Master Event Database,Approved
2026-08-12 12:00:00,The Addams Family Musical,2025-10-12,2p-5p,Big Lake,Hering Auditorium,theatre,,,system@akconcerts.com,AK Concerts Auto Import,Master Event Database,Approved
2026-08-12 12:00:00,Open Mic Night,2025-10-12,6p-9p,Big Lake,Susitna Brewing,music,,,system@akconcerts.com,AK Concerts Auto Import,Master Event Database,Approved
2026-08-12 12:00:00,Open Mic Night,2025-10-12,6p-9p,Big Lake,The Creek Street Cabaret,music,,,system@akconcerts.com,AK Concerts Auto Import,Master Event Database,Approved
2026-08-12 12:00:00,Fairbanks Friendly Feud,2025-10-12,7p-10p,Big Lake,The Cabin,festival,,,system@akconcerts.com,AK Concerts Auto Import,Master Event Database,Approved
2026-08-12 12:00:00,Karaoke,2025-10-12,8p-12a,Big Lake,Chair 5,music,,,system@akconcerts.com,AK Concerts Auto Import,Master Event Database,Approved
2026-08-12 12:00:00,Boombox Bingo,2025-10-13,6:30p-8:30,Anchorage,Broken Blender,music,,,system@akconcerts.com,AK Concerts Auto Import,Master Event Database,Approved
2026-08-12 12:00:00,Weekly Jazz Jam,2025-10-13,6:30p-9:30p,Anchorage,Fire Island Bakery @ K Street Market,music,,,system@akconcerts.com,AK Concerts Auto Import,Master Event Database,Approved
2026-08-12 12:00:00,Learn to Square Dance,2025-10-13,7p-9p,Anchorage,Anchorage Social Dance Club,dance,,,system@akconcerts.com,AK Concerts Auto Import,Master Event Database,Approved
2026-08-12 12:00:00,Open Mic Night,2025-10-13,8p-12a,Anchorage,The Blue Fox,music,,,system@akconcerts.com,AK Concerts Auto Import,Master Event Database,Approved
2026-08-12 12:00:00,The Monday Mic w/ Boobs,2025-10-13,9p-12a,Anchorage,Koot’s,music,,,system@akconcerts.com,AK Concerts Auto Import,Master Event Database,Approved
2026-08-12 12:00:00,Jeff Tweedy,2025-10-13,3:30p-6p,Big Lake,Higher Ground,music,,,system@akconcerts.com,AK Concerts Auto Import,Master Event Database,Approved
2026-08-12 12:00:00,Indigenous Peoples’ Day Celebration,2025-10-13,4p-8p,Big Lake,Kuskokwim Consortium Library,music,,,system@akconcerts.com,AK Concerts Auto Import,Master Event Database,Approved
2026-08-12 12:00:00,Luke & Heather In the Afternoon,2025-10-13,5p-7p,Big Lake,The Crystal Saloon,music,,,system@akconcerts.com,AK Concerts Auto Import,Master Event Database,Approved
2026-08-12 12:00:00,Friends of Mike Morgan Song Circle,2025-10-13,5p-7p,Big Lake,The Goods,music,,,system@akconcerts.com,AK Concerts Auto Import,Master Event Database,Approved
2026-08-12 12:00:00,Open Mic Night w/ Jim Maloney & Orion Donicht,2025-10-13,7p-10p,Big Lake,Alice’s Champagne Palace,music,,,system@akconcerts.com,AK Concerts Auto Import,Master Event Database,Approved
2026-08-12 12:00:00,Community Concert Band Rehearsals,2025-10-13,7p-8:30p,Big Lake,First Assembly Church,music,,,system@akconcerts.com,AK Concerts Auto Import,Master Event Database,Approved
2026-08-12 12:00:00,Irish Music and Dancing,2025-10-14,6p-8p,Anchorage,Organic Oasis,music,,,system@akconcerts.com,AK Concerts Auto Import,Master Event Database,Approved
2026-08-12 12:00:00,Tuesday Jazz Jam,2025-10-14,7p-10p,Anchorage,Billiard Palace,music,,,system@akconcerts.com,AK Concerts Auto Import,Master Event Database,Approved
2026-08-12 12:00:00,All Ages Buckarooos Night,2025-10-14,7p-11p,Anchorage,Pink Cadillac,music,,,system@akconcerts.com,AK Concerts Auto Import,Master Event Database,Approved
2026-08-12 12:00:00,Open Jam Night,2025-10-14,7p-11p,Anchorage,Van’s Dive Bar,music,,,system@akconcerts.com,AK Concerts Auto Import,Master Event Database,Approved
2026-08-12 12:00:00,AK Rockstar Karaoke,2025-10-14,8p-2a,Anchorage,The Carousel Lounge,music,,,system@akconcerts.com,AK Concerts Auto Import,Master Event Database,Approved
2026-08-12 12:00:00,The Eternal Cowboys,2025-10-14,9p-12a,Anchorage,Koot’s,music,,,system@akconcerts.com,AK Concerts Auto Import,Master Event Database,Approved
2026-08-12 12:00:00,Storytime at the PRATT: Earth's Climate,2025-10-14,10:30a-3p,Big Lake,Pratt Museum,community,,,system@akconcerts.com,AK Concerts Auto Import,Master Event Database,Approved
2026-08-12 12:00:00,Songs & Storytime at Ken’s!,2025-10-14,10a-11a,Big Lake,Ken’s Garden Center,community,,,system@akconcerts.com,AK Concerts Auto Import,Master Event Database,Approved
2026-08-12 12:00:00,The Ukulele Group,2025-10-14,3:45p-4:45p,Big Lake,Inn at Creek Street,music,,,system@akconcerts.com,AK Concerts Auto Import,Master Event Database,Approved
2026-08-12 12:00:00,Taco Tuesday's with Jim Maloney,2025-10-14,6:30p-10p,Big Lake,Justin Cole’s Down East Saloon,music,,,system@akconcerts.com,AK Concerts Auto Import,Master Event Database,Approved
2026-08-12 12:00:00,Community Chorus Rehearsals,2025-10-14,6:30p-8:30p,Big Lake,First United Methodist Church,community,,,system@akconcerts.com,AK Concerts Auto Import,Master Event Database,Approved
2026-08-12 12:00:00,Story Slam: Cabin Fever,2025-10-14,7:30p-9p,Big Lake,Alaska Legends Cider & Wine,community,,,system@akconcerts.com,AK Concerts Auto Import,Master Event Database,Approved
2026-08-12 12:00:00,Karaoke Night at the Cabin,2025-10-14,7p-10p,Big Lake,The Cabin,music,,,system@akconcerts.com,AK Concerts Auto Import,Master Event Database,Approved
2026-08-12 12:00:00,Abby Posner Live,2025-10-14,7p-9p,Big Lake,Nonna’s Osteria,music,,,system@akconcerts.com,AK Concerts Auto Import,Master Event Database,Approved
2026-08-12 12:00:00,Jazz Jam Tuesday,2025-10-14,8p-11p,Big Lake,The Crystal Saloon,music,,,system@akconcerts.com,AK Concerts Auto Import,Master Event Database,Approved
2026-08-12 12:00:00,Industry Night with DJ Red,2025-10-14,8p-11p,Big Lake,Four Corner’s Lounge,music,,,system@akconcerts.com,AK Concerts Auto Import,Master Event Database,Approved
2026-08-12 12:00:00,Karaoke Night,2025-10-14,8p-11p,Big Lake,Schwabenhof,music,,,system@akconcerts.com,AK Concerts Auto Import,Master Event Database,Approved
2026-08-12 12:00:00,Community Storytime,2025-10-15,10:30a-11a,Anchorage,Alaska Zoo,community,,,system@akconcerts.com,AK Concerts Auto Import,Master Event Database,Approved
2026-08-12 12:00:00,The Eternal Cowboys,2025-10-15,10p-12a,Anchorage,Pioneer Bar,music,,,system@akconcerts.com,AK Concerts Auto Import,Master Event Database,Approved
2026-08-12 12:00:00,Koots Karaoke,2025-10-15,10p-2a,Anchorage,Koot’s,music,,,system@akconcerts.com,AK Concerts Auto Import,Master Event Database,Approved
2026-08-12 12:00:00,Chancel Choir Practice,2025-10-15,6:30p-7:30p,Anchorage,First Congregational Church of Anchorage,music,,,system@akconcerts.com,AK Concerts Auto Import,Master Event Database,Approved
2026-08-12 12:00:00,International Folk Dancing,2025-10-15,6:30p-8p,Anchorage,Anchorage Social Dance Club,music,,,system@akconcerts.com,AK Concerts Auto Import,Master Event Database,Approved
2026-08-12 12:00:00,The Whisper Campaign Live at Crimson,2025-10-15,6:30p-9:30p,Anchorage,Wildbirch Hotel,music,,,system@akconcerts.com,AK Concerts Auto Import,Master Event Database,Approved
2026-08-12 12:00:00,Tyrone Palmer & Friends,2025-10-15,7p-10p,Anchorage,907 Alehouse,music,,,system@akconcerts.com,AK Concerts Auto Import,Master Event Database,Approved
2026-08-12 12:00:00,Line Dance Wednesdays,2025-10-15,7p-12a,Anchorage,Pink Cadillac,dance,,,system@akconcerts.com,AK Concerts Auto Import,Master Event Database,Approved
2026-08-12 12:00:00,Country Night,2025-10-15,8p-12a,Anchorage,Koot’s,music,,,system@akconcerts.com,AK Concerts Auto Import,Master Event Database,Approved
2026-08-12 12:00:00,Karaoke,2025-10-15,9p-12a,Anchorage,Mad Myrna’s,music,,,system@akconcerts.com,AK Concerts Auto Import,Master Event Database,Approved
2026-08-12 12:00:00,Karaoke Wednesdays w/ Kellie B,2025-10-15,9p-12a,Anchorage,Van’s Dive Bar,music,,,system@akconcerts.com,AK Concerts Auto Import,Master Event Database,Approved
2026-08-12 12:00:00,Luke & Heather In the Afternoon,2025-10-15,5p-7p,Big Lake,The Crystal Saloon,music,,,system@akconcerts.com,AK Concerts Auto Import,Master Event Database,Approved
2026-08-12 12:00:00,Karaoke with Eve,2025-10-15,5p-8p,Big Lake,The Goods,music,,,system@akconcerts.com,AK Concerts Auto Import,Master Event Database,Approved
2026-08-12 12:00:00,Open Mic,2025-10-15,7:30p-11p,Big Lake,Schwabenhof,music,,,system@akconcerts.com,AK Concerts Auto Import,Master Event Database,Approved
2026-08-12 12:00:00,West Coast Sing Wednesday,2025-10-15,7:30p-9:30p,Big Lake,Four Corner’s Lounge,music,,,system@akconcerts.com,AK Concerts Auto Import,Master Event Database,Approved
2026-08-12 12:00:00,Country Line Dancing w/ Greyson & Logan,2025-10-15,7p-11:30p,Big Lake,The Cabin,music,,,system@akconcerts.com,AK Concerts Auto Import,Master Event Database,Approved
2026-08-12 12:00:00,Karaoke Night with Rocky!,2025-10-15,8p-11p,Big Lake,The Spur,music,,,system@akconcerts.com,AK Concerts Auto Import,Master Event Database,Approved
2026-08-12 12:00:00,Karaoke,2025-10-15,8p-11p,Big Lake,Alaskan Hotel and Bar,music,,,system@akconcerts.com,AK Concerts Auto Import,Master Event Database,Approved
2026-08-12 12:00:00,Open Mic,2025-10-15,8p-1a,Big Lake,Fairview Inn,music,,,system@akconcerts.com,AK Concerts Auto Import,Master Event Database,Approved
2026-08-12 12:00:00,Open Mic Night w/ Braden Rollins,2025-10-15,9p-2a,Big Lake,Yukon Bar,music,,,system@akconcerts.com,AK Concerts Auto Import,Master Event Database,Approved
2026-08-12 12:00:00,Open Mic w/ Garret Ennis,2025-10-16,6p-8p,Big Lake,The Goods,music,,,system@akconcerts.com,AK Concerts Auto Import,Master Event Database,Approved
2026-08-12 12:00:00,"SalmonState Screening of ""Ocean with David Attenborough""",2025-11-06,6:30p-8p,Eagle River,Odd Man Rush,music,,,system@akconcerts.com,AK Concerts Auto Import,Master Event Database,Approved
2026-08-12 12:00:00,SalmonState Screening of Ocean with David Attenborough,2025-11-06,6:30p-8p,Eagle River,Odd Man Rush,music,,,system@akconcerts.com,AK Concerts Auto Import,Master Event Database,Approved
2026-08-12 12:00:00,Michael Austin Graduate Violin,2025-11-06,7:30p-9:15p,Eagle River,UAF Charles Davis Concert Hall,music,,,system@akconcerts.com,AK Concerts Auto Import,Master Event Database,Approved
2026-08-12 12:00:00,Line Dancing,2025-11-06,7p-8p,Eagle River,Northern Whimsy Wellness,music,,,system@akconcerts.com,AK Concerts Auto Import,Master Event Database,Approved
2026-08-12 12:00:00,Open Mic Night at the Cabin,2025-11-06,8p-11p,Eagle River,The Cabin,music,,,system@akconcerts.com,AK Concerts Auto Import,Master Event Database,Approved
2026-08-12 12:00:00,Science on Tap,2025-11-06,5:30p-7:30p,Haines,Devil’s Club Brewing,music,,,system@akconcerts.com,AK Concerts Auto Import,Master Event Database,Approved
2026-08-12 12:00:00,Busking Night with Local Artists,2025-11-06,5p-8p,Haines,Vintage Food Truck Park,music,,,system@akconcerts.com,AK Concerts Auto Import,Master Event Database,Approved
2026-08-12 12:00:00,Sea Shanties with Greg Thomas and Friends,2025-11-06,6p-8p,Haines,Alaska Fish House,music,,,system@akconcerts.com,AK Concerts Auto Import,Master Event Database,Approved
2026-08-12 12:00:00,Unplugged: Roland Roberts,2025-11-06,6p-9p,Haines,Palmer Alehouse,music,,,system@akconcerts.com,AK Concerts Auto Import,Master Event Database,Approved
2026-08-12 12:00:00,Open Jam/Mic Night w/ Host Jesse James,2025-11-06,7p-11p,Haines,Four Corner’s Lounge,music,,,system@akconcerts.com,AK Concerts Auto Import,Master Event Database,Approved
2026-08-12 12:00:00,WhaleFest Film Fest: Sitka’s Hidden Wonders,2025-11-06,7p-8p,Haines,Harrigan Centennial Hall,festival,,,system@akconcerts.com,AK Concerts Auto Import,Master Event Database,Approved
2026-08-12 12:00:00,Karaoke with Nita,2025-11-06,8p-1a,Haines,Skeets Dive Bar,music,,,system@akconcerts.com,AK Concerts Auto Import,Master Event Database,Approved
2026-08-12 12:00:00,Karaoke,2025-11-06,8p-2a,Haines,Yukon Bar,music,,,system@akconcerts.com,AK Concerts Auto Import,Master Event Database,Approved
2026-08-12 12:00:00,Karaoke Night,2025-11-06,9p-11:30p,Haines,The Crystal Saloon,music,,,system@akconcerts.com,AK Concerts Auto Import,Master Event Database,Approved
2026-08-12 12:00:00,Open Mic,2025-11-06,9p-11p,Haines,Alaskan Hotel and Bar,music,,,system@akconcerts.com,AK Concerts Auto Import,Master Event Database,Approved
2026-08-12 12:00:00,Karaoke with Angel,2025-11-07,10p-3a,Eagle River,The International Hotel & Bar,music,,,system@akconcerts.com,AK Concerts Auto Import,Master Event Database,Approved
2026-08-12 12:00:00,First Friday: Games & Jams in the Garage,2025-11-07,5p-8p,Eagle River,Gather,music,,,system@akconcerts.com,AK Concerts Auto Import,Master Event Database,Approved
2026-08-12 12:00:00,Slay at the Spur,2025-11-07,6p-7:30p,Eagle River,The Spur,music,,,system@akconcerts.com,AK Concerts Auto Import,Master Event Database,Approved
2026-08-12 12:00:00,Family Night at the Cabin,2025-11-07,6p-9p,Eagle River,The Cabin,music,,,system@akconcerts.com,AK Concerts Auto Import,Master Event Database,Approved
2026-08-12 12:00:00,Portland Cello Project,2025-11-07,7:30p-9:30p,Eagle River,Hering Auditorium,music,,,system@akconcerts.com,AK Concerts Auto Import,Master Event Database,Approved
2026-08-12 12:00:00,Karaoke Night,2025-11-07,7p-11:45p,Eagle River,Warrior Zone,music,,,system@akconcerts.com,AK Concerts Auto Import,Master Event Database,Approved
2026-08-12 12:00:00,Alaska Bald Eagle Festival 2025,2025-11-07,10a-10p,Haines,Around Haines,festival,,,system@akconcerts.com,AK Concerts Auto Import,Master Event Database,Approved
2026-08-12 12:00:00,Storytime & Craft,2025-11-07,12:30p-3:30p,Haines,Seward Community Library & Museum,community,,,system@akconcerts.com,AK Concerts Auto Import,Master Event Database,Approved
2026-08-12 12:00:00,Sitka WhaleFest Science Symposium,2025-11-07,12:30p-4p,Haines,Harrigan Centennial Hall,festival,,,system@akconcerts.com,AK Concerts Auto Import,Master Event Database,Approved
2026-08-12 12:00:00,First Friday Art Sale w/ Music,2025-11-07,4p-7p,Haines,The Mustard Seed Resale Shop,music,,,system@akconcerts.com,AK Concerts Auto Import,Master Event Database,Approved
2026-08-12 12:00:00,First Friday Open House,2025-11-07,5:30p-7p,Haines,Marie Drake Planetarium,music,,,system@akconcerts.com,AK Concerts Auto Import,Master Event Database,Approved
2026-08-12 12:00:00,Family Fun Night,2025-11-07,5p-6:30p,Haines,Diamond Park Field House,music,,,system@akconcerts.com,AK Concerts Auto Import,Master Event Database,Approved
2026-08-12 12:00:00,Geoffrey Haase,2025-11-07,6p-8p,Haines,The Goods,music,,,system@akconcerts.com,AK Concerts Auto Import,Master Event Database,Approved
2026-08-12 12:00:00,The Maritime Grind,2025-11-07,7:30p-9p,Haines,Harrigan Centennial Hall,music,,,system@akconcerts.com,AK Concerts Auto Import,Master Event Database,Approved
2026-08-12 12:00:00,Comedy Show with Adam Tiller,2025-11-07,7:30p-9p,Haines,Everett’s,comedy,,,system@akconcerts.com,AK Concerts Auto Import,Master Event Database,Approved
2026-08-12 12:00:00,Friday Spooky Social Dance,2025-11-07,7p-10:30p,Haines,Raven Yoga Shala Juneau,dance,,,system@akconcerts.com,AK Concerts Auto Import,Master Event Database,Approved
2026-08-12 12:00:00,Sweeney Todd: The Demon Barber of Fleet Street,2025-11-07,7p-10p,Haines,Glenn Massay Theater,music,,,system@akconcerts.com,AK Concerts Auto Import,Master Event Database,Approved
2026-08-12 12:00:00,Karaoke,2025-11-07,7p-11p,Haines,American Legion Post 15,music,,,system@akconcerts.com,AK Concerts Auto Import,Master Event Database,Approved
2026-08-12 12:00:00,Kodiak Galley Tables Storytelling: Back In My Day,2025-11-07,7p-9p,Haines,Emerald Isle Market,community,,,system@akconcerts.com,AK Concerts Auto Import,Master Event Database,Approved
2026-08-12 12:00:00,Live Music w/ Sam Sonnemann & Friends,2025-11-07,7p-9p,Haines,Skagway Brewing,music,,,system@akconcerts.com,AK Concerts Auto Import,Master Event Database,Approved
2026-08-12 12:00:00,Springsteen: Deliver Me from Nowhere,2025-11-07,7p-9p,Haines,Valdez Cinema,music,,,system@akconcerts.com,AK Concerts Auto Import,Master Event Database,Approved
2026-08-12 12:00:00,Fear Boner ft The Bone Heads & Fysh Houck,2025-11-07,8p-1a,Haines,Alaskan Hotel and Bar,music,,,system@akconcerts.com,AK Concerts Auto Import,Master Event Database,Approved
2026-08-12 12:00:00,Friday Night with DJ Blaque,2025-11-07,9p-1a,Haines,Klondike Mike’s and Garcia’s Grill,music,,,system@akconcerts.com,AK Concerts Auto Import,Master Event Database,Approved
2026-08-12 12:00:00,Burlesque Bingo w/ Delilah Danger,2025-11-08,10p-12a,Eagle River,The International Hotel & Bar,music,,,system@akconcerts.com,AK Concerts Auto Import,Master Event Database,Approved
2026-08-12 12:00:00,2025 Alaska Crafted Festival,2025-11-08,3p-6p,Eagle River,Odd Man Rush,festival,,,system@akconcerts.com,AK Concerts Auto Import,Master Event Database,Approved
2026-08-12 12:00:00,"Open Skate: Pixar's ""Coco"" Movie",2025-11-08,6p-8p,Eagle River,Polar Ice,music,,,system@akconcerts.com,AK Concerts Auto Import,Master Event Database,Approved
2026-08-12 12:00:00,Open Skate: Pixar's Coco Movie,2025-11-08,6p-8p,Eagle River,Polar Ice,music,,,system@akconcerts.com,AK Concerts Auto Import,Master Event Database,Approved
2026-08-12 12:00:00,Line Dancing Classes,2025-11-08,7p-9p,Eagle River,Warrior Zone,community,,,system@akconcerts.com,AK Concerts Auto Import,Master Event Database,Approved
2026-08-12 12:00:00,Second Saturday Shenanigans,2025-11-08,10:30a-11:30a,Haines,The Kodiak Marketplace,music,,,system@akconcerts.com,AK Concerts Auto Import,Master Event Database,Approved
2026-08-12 12:00:00,Alaska Bald Eagle Festival 2025,2025-11-08,10a-10p,Haines,Around Haines,festival,,,system@akconcerts.com,AK Concerts Auto Import,Master Event Database,Approved
2026-08-12 12:00:00,Eagle Festival: Eagle Fun Run,2025-11-08,10a-11a,Haines,Haines Visitor Center,festival,,,system@akconcerts.com,AK Concerts Auto Import,Master Event Database,Approved
2026-08-12 12:00:00,Second Saturday: Free Entry to the Museum,2025-11-08,10a-3p,Haines,Pratt Museum,music,,,system@akconcerts.com,AK Concerts Auto Import,Master Event Database,Approved
2026-08-12 12:00:00,Hot Club of Juneau,2025-11-08,10p-1a,Haines,The Crystal Saloon,music,,,system@akconcerts.com,AK Concerts Auto Import,Master Event Database,Approved
2026-08-12 12:00:00,Sitka WhaleFest Science Symposium,2025-11-08,1p-4p,Haines,Harrigan Centennial Hall,festival,,,system@akconcerts.com,AK Concerts Auto Import,Master Event Database,Approved
2026-08-12 12:00:00,Special Saturday Art Sale w/ Music,2025-11-08,2p-4p,Haines,The Mustard Seed Resale Shop,music,,,system@akconcerts.com,AK Concerts Auto Import,Master Event Database,Approved
2026-08-12 12:00:00,Sweeney Todd: The Demon Barber of Fleet Street,2025-11-08,2p-5p & 7p-10p,Haines,Glenn Massay Theater,music,,,system@akconcerts.com,AK Concerts Auto Import,Master Event Database,Approved
2026-08-12 12:00:00,Beers by the Bay 2025 Fundraiser,2025-11-08,4p-10p,Haines,Alaska SeaLife Center,music,,,system@akconcerts.com,AK Concerts Auto Import,Master Event Database,Approved
2026-08-12 12:00:00,Grassteroids,2025-11-08,4p-7p,Haines,Hatcher Pass Lodge,music,,,system@akconcerts.com,AK Concerts Auto Import,Master Event Database,Approved
2026-08-12 12:00:00,Juneau Hunger Jam,2025-11-08,6p-10,Haines,Resurrection Lutheran Church,music,,,system@akconcerts.com,AK Concerts Auto Import,Master Event Database,Approved
2026-08-12 12:00:00,Piano Music by Sunrise Kilcher,2025-11-08,6p-8p,Haines,AJ’s Old Town Steakhouse & Tavern,music,,,system@akconcerts.com,AK Concerts Auto Import,Master Event Database,Approved
2026-08-12 12:00:00,2025 Annual Awards Recognition Dinner,2025-11-08,6p-9:30p,Haines,Afognak Native Corporation,music,,,system@akconcerts.com,AK Concerts Auto Import,Master Event Database,Approved
2026-08-12 12:00:00,2025 Celebration of the Stars: A Star Spangled Ketchikan,2025-11-08,6p-9p,Haines,Ted Ferry Civic Center,music,,,system@akconcerts.com,AK Concerts Auto Import,Master Event Database,Approved
2026-08-12 12:00:00,Cabbage Hop Dance Party,2025-11-08,6p-9p,Haines,Lekker Coffee House and Bakery,dance,,,system@akconcerts.com,AK Concerts Auto Import,Master Event Database,Approved
2026-08-12 12:00:00,Masquerade with Juneau Lyric Opera,2025-11-08,7p-11p,Haines,Hangar on the Warf,theatre,,,system@akconcerts.com,AK Concerts Auto Import,Master Event Database,Approved
2026-08-12 12:00:00,Karaoke,2025-11-08,7p-11p,Haines,American Legion Post 15,music,,,system@akconcerts.com,AK Concerts Auto Import,Master Event Database,Approved
2026-08-12 12:00:00,River Talk: “The Bird is the Word”,2025-11-08,7p-8:30p,Haines,Haines Visitor Center,music,,,system@akconcerts.com,AK Concerts Auto Import,Master Event Database,Approved
2026-08-12 12:00:00,"Springsteen: Deliver Me from Nowhere 1p-3p, 4p-6p, &",2025-11-08,7p-9p,Haines,Valdez Cinema,music,,,system@akconcerts.com,AK Concerts Auto Import,Master Event Database,Approved
2026-08-12 12:00:00,Sitka WhaleFest Fun Run & Walk,2025-11-08,8a-10a,Haines,Whale Park,festival,,,system@akconcerts.com,AK Concerts Auto Import,Master Event Database,Approved
2026-08-12 12:00:00,Karaoke Night,2025-11-08,8p-11p,Haines,Schwabenhof,music,,,system@akconcerts.com,AK Concerts Auto Import,Master Event Database,Approved
2026-08-12 12:00:00,Line Dance Lessons,2025-11-08,8p-1a,Haines,Skeets Dive Bar,dance,,,system@akconcerts.com,AK Concerts Auto Import,Master Event Database,Approved
2026-08-12 12:00:00,Sneaux Cats,2025-11-08,9p-12a,Haines,Alice’s Champagne Palace,music,,,system@akconcerts.com,AK Concerts Auto Import,Master Event Database,Approved
2026-08-12 12:00:00,Karaoke Night,2025-11-08,9p-1a,Haines,Pioneer Bar,music,,,system@akconcerts.com,AK Concerts Auto Import,Master Event Database,Approved
2026-08-12 12:00:00,The Glacier Blues Band Live,2025-11-08,9p-1a,Haines,Fairview Inn,music,,,system@akconcerts.com,AK Concerts Auto Import,Master Event Database,Approved
2026-08-12 12:00:00,Beers By The Bay Afterparty w/ Bananahands,2025-11-08,9p-2a,Haines,Yukon Bar,music,,,system@akconcerts.com,AK Concerts Auto Import,Master Event Database,Approved
2026-08-12 12:00:00,Karaoke,2025-11-08,9p-2a,Haines,Yukon Bar,music,,,system@akconcerts.com,AK Concerts Auto Import,Master Event Database,Approved
2026-08-12 12:00:00,Koots Karaoke,2025-11-09,10p-2a,Anchorage,Koot’s,music,,,system@akconcerts.com,AK Concerts Auto Import,Master Event Database,Approved
2026-08-12 12:00:00,Industry Night w/ Joe Brady,2025-11-09,10p-2a,Anchorage,Pioneer Bar,music,,,system@akconcerts.com,AK Concerts Auto Import,Master Event Database,Approved
2026-08-12 12:00:00,Open Mic Night,2025-11-09,6p-9p,Anchorage,Susitna Brewing,music,,,system@akconcerts.com,AK Concerts Auto Import,Master Event Database,Approved
2026-08-12 12:00:00,Open Jam with Blast From The Past,2025-11-09,8:30p-1a,Anchorage,Time Out Lounge,music,,,system@akconcerts.com,AK Concerts Auto Import,Master Event Database,Approved
2026-08-12 12:00:00,Sunday Karaoke,2025-11-09,9p-2a,Anchorage,The Carousel Lounge,music,,,system@akconcerts.com,AK Concerts Auto Import,Master Event Database,Approved
2026-08-12 12:00:00,Stech Memorial Organ Dedication Recital,2025-11-09,4p-6p,Eagle River,UAF Charles Davis Concert Hall,music,,,system@akconcerts.com,AK Concerts Auto Import,Master Event Database,Approved
2026-08-12 12:00:00,Karaoke,2025-11-09,8p-12a,Eagle River,Chair 5,music,,,system@akconcerts.com,AK Concerts Auto Import,Master Event Database,Approved
2026-08-12 12:00:00,Sitka WhaleFest Science Symposium,2025-11-09,1p-4p,Haines,Harrigan Centennial Hall,festival,,,system@akconcerts.com,AK Concerts Auto Import,Master Event Database,Approved
2026-08-12 12:00:00,Sweeney Todd: The Demon Barber of Fleet Street,2025-11-09,2p-5p,Haines,Glenn Massay Theater,music,,,system@akconcerts.com,AK Concerts Auto Import,Master Event Database,Approved
2026-08-12 12:00:00,Open Mic Night,2025-11-09,6p-9p,Haines,The Creek Street Cabaret,music,,,system@akconcerts.com,AK Concerts Auto Import,Master Event Database,Approved
2026-08-12 12:00:00,Alaska Bald Eagle Festival 2025,2025-11-09,7a-6p,Haines,Around Haines,festival,,,system@akconcerts.com,AK Concerts Auto Import,Master Event Database,Approved
2026-08-12 12:00:00,"Springsteen: Deliver Me from Nowhere 1p-3p, 4p-6p, &",2025-11-09,7p-9p,Haines,Valdez Cinema,music,,,system@akconcerts.com,AK Concerts Auto Import,Master Event Database,Approved
2026-08-12 12:00:00,Boombox Bingo,2025-11-10,6:30p-8:30,Anchorage,Broken Blender,music,,,system@akconcerts.com,AK Concerts Auto Import,Master Event Database,Approved
2026-08-12 12:00:00,Alaska Youth Orchestras: AYO Fall Celebration Concert,2025-11-10,6:30p-8p,Anchorage,Alaska Center for the Performing Arts,music,,,system@akconcerts.com,AK Concerts Auto Import,Master Event Database,Approved
2026-08-12 12:00:00,Weekly Jazz Jam,2025-11-10,6:30p-9:30p,Anchorage,Fire Island Bakery @ K Street Market,music,,,system@akconcerts.com,AK Concerts Auto Import,Master Event Database,Approved
2026-08-12 12:00:00,Learn to Square Dance,2025-11-10,7p-9p,Anchorage,Anchorage Social Dance Club,dance,,,system@akconcerts.com,AK Concerts Auto Import,Master Event Database,Approved
2026-08-12 12:00:00,Open Mic Night,2025-11-10,8p-12a,Anchorage,The Blue Fox,music,,,system@akconcerts.com,AK Concerts Auto Import,Master Event Database,Approved
2026-08-12 12:00:00,The Monday Mic w/ Boobs,2025-11-10,9p-12a,Anchorage,Koot’s,music,,,system@akconcerts.com,AK Concerts Auto Import,Master Event Database,Approved
2026-08-12 12:00:00,Storytime: An Arctic Story “The Animals of the Frozen North”,2025-11-10,11a-1p,Haines,Kenai Cultural Center,community,,,system@akconcerts.com,AK Concerts Auto Import,Master Event Database,Approved
2026-08-12 12:00:00,Luke & Heather In the Afternoon,2025-11-10,5p-7p,Haines,The Crystal Saloon,music,,,system@akconcerts.com,AK Concerts Auto Import,Master Event Database,Approved
2026-08-12 12:00:00,Friends of Mike Morgan Song Circle,2025-11-10,5p-7p,Haines,The Goods,music,,,system@akconcerts.com,AK Concerts Auto Import,Master Event Database,Approved
2026-08-12 12:00:00,Open Mic Night w/ Jim Maloney & Orion Donicht,2025-11-10,7p-10p,Haines,Alice’s Champagne Palace,music,,,system@akconcerts.com,AK Concerts Auto Import,Master Event Database,Approved
2026-08-12 12:00:00,Community Concert Band Rehearsals,2025-11-10,7p-8:30p,Haines,First Assembly Church,music,,,system@akconcerts.com,AK Concerts Auto Import,Master Event Database,Approved
2026-08-12 12:00:00,New Archangel Dancers Recruitment Nights,2025-11-10,7p-9p,Haines,New Archangel Dancers,dance,,,system@akconcerts.com,AK Concerts Auto Import,Master Event Database,Approved
2026-08-12 12:00:00,Veteran’s Day Special: Free Admission for Vets & Active Duty,2025-11-11,10a-4p,Anchorage,Alaska Zoo,music,,,system@akconcerts.com,AK Concerts Auto Import,Master Event Database,Approved
2026-08-12 12:00:00,Irish Music and Dancing,2025-11-11,6p-8p,Anchorage,Organic Oasis,music,,,system@akconcerts.com,AK Concerts Auto Import,Master Event Database,Approved
2026-08-12 12:00:00,Tuesday Jazz Jam,2025-11-11,7p-10p,Anchorage,Billiard Palace,music,,,system@akconcerts.com,AK Concerts Auto Import,Master Event Database,Approved
2026-08-12 12:00:00,All Ages Buckarooos Night,2025-11-11,7p-11p,Anchorage,Pink Cadillac,music,,,system@akconcerts.com,AK Concerts Auto Import,Master Event Database,Approved
2026-08-12 12:00:00,Open Jam Night,2025-11-11,7p-11p,Anchorage,Van’s Dive Bar,music,,,system@akconcerts.com,AK Concerts Auto Import,Master Event Database,Approved
2026-08-12 12:00:00,AK Rockstar Karaoke,2025-11-11,8p-2a,Anchorage,The Carousel Lounge,music,,,system@akconcerts.com,AK Concerts Auto Import,Master Event Database,Approved
2026-08-12 12:00:00,The Eternal Cowboys,2025-11-11,9p-12a,Anchorage,Koot’s,music,,,system@akconcerts.com,AK Concerts Auto Import,Master Event Database,Approved
2026-08-12 12:00:00,Karaoke Night at the Cabin,2025-11-11,7p-10p,Eagle River,The Cabin,music,,,system@akconcerts.com,AK Concerts Auto Import,Master Event Database,Approved
2026-08-12 12:00:00,Storytime at the PRATT: Native American Heritage Month,2025-11-11,10:30a-3p,Haines,Pratt Museum,community,,,system@akconcerts.com,AK Concerts Auto Import,Master Event Database,Approved
2026-08-12 12:00:00,Songs & Storytime at Ken’s!,2025-11-11,10a-11a,Haines,Ken’s Garden Center,community,,,system@akconcerts.com,AK Concerts Auto Import,Master Event Database,Approved
2026-08-12 12:00:00,Nick Shoulders Live,2025-11-11,4p-6p,Haines,Higher Ground,music,,,system@akconcerts.com,AK Concerts Auto Import,Master Event Database,Approved
2026-08-12 12:00:00,Taco Tuesday's with Jim Maloney,2025-11-11,6:30p-10p,Haines,Justin Cole’s Down East Saloon,music,,,system@akconcerts.com,AK Concerts Auto Import,Master Event Database,Approved
2026-08-12 12:00:00,Community Chorus Rehearsals,2025-11-11,6:30p-8:30p,Haines,First United Methodist Church,community,,,system@akconcerts.com,AK Concerts Auto Import,Master Event Database,Approved
2026-08-12 12:00:00,Story Slam: “Robbing Peter to Pay Paul”,2025-11-11,7p-9p,Haines,Alaska Legends Cider & Wine,community,,,system@akconcerts.com,AK Concerts Auto Import,Master Event Database,Approved
2026-08-12 12:00:00,Jazz Jam Tuesday,2025-11-11,8p-11p,Haines,The Crystal Saloon,music,,,system@akconcerts.com,AK Concerts Auto Import,Master Event Database,Approved
2026-08-12 12:00:00,Industry Night with DJ Red,2025-11-11,8p-11p,Haines,Four Corner’s Lounge,music,,,system@akconcerts.com,AK Concerts Auto Import,Master Event Database,Approved
2026-08-12 12:00:00,Community Storytime,2025-11-12,10:30a-11a,Anchorage,Alaska Zoo,community,,,system@akconcerts.com,AK Concerts Auto Import,Master Event Database,Approved
2026-08-12 12:00:00,The Eternal Cowboys,2025-11-12,10p-12a,Anchorage,Pioneer Bar,music,,,system@akconcerts.com,AK Concerts Auto Import,Master Event Database,Approved
2026-08-12 12:00:00,Koots Karaoke,2025-11-12,10p-2a,Anchorage,Koot’s,music,,,system@akconcerts.com,AK Concerts Auto Import,Master Event Database,Approved
2026-08-12 12:00:00,Chancel Choir Practice,2025-11-12,6:30p-7:30p,Anchorage,First Congregational Church of Anchorage,music,,,system@akconcerts.com,AK Concerts Auto Import,Master Event Database,Approved
2026-08-12 12:00:00,International Folk Dancing,2025-11-12,6:30p-8p,Anchorage,Anchorage Social Dance Club,music,,,system@akconcerts.com,AK Concerts Auto Import,Master Event Database,Approved
2026-08-12 12:00:00,Stand-Up & Comedy Writing Workshop,2025-11-12,6:30p-8p,Anchorage,Writer’s Block Bookstore & Café,comedy,,,system@akconcerts.com,AK Concerts Auto Import,Master Event Database,Approved
2026-08-12 12:00:00,Community Wildfire Town Hall,2025-11-12,6p-7p,Anchorage,Loussac Public Library,community,,,system@akconcerts.com,AK Concerts Auto Import,Master Event Database,Approved
2026-08-12 12:00:00,Wildlife Wednesdays Free Science Lecture Series: Karelian Bear Dogs,2025-11-12,7-8p,Anchorage,Alaska Zoo,music,,,system@akconcerts.com,AK Concerts Auto Import,Master Event Database,Approved
2026-08-12 12:00:00,Tyrone Palmer & Friends,2025-11-12,7p-10p,Anchorage,907 Alehouse,music,,,system@akconcerts.com,AK Concerts Auto Import,Master Event Database,Approved
2026-08-12 12:00:00,Line Dance Wednesdays,2025-11-12,7p-12a,Anchorage,Pink Cadillac,dance,,,system@akconcerts.com,AK Concerts Auto Import,Master Event Database,Approved
2026-08-12 12:00:00,Country Night,2025-11-12,8p-12a,Anchorage,Koot’s,music,,,system@akconcerts.com,AK Concerts Auto Import,Master Event Database,Approved
2026-08-12 12:00:00,Karaoke,2025-11-12,9p-12a,Anchorage,Mad Myrna’s,music,,,system@akconcerts.com,AK Concerts Auto Import,Master Event Database,Approved
2026-08-12 12:00:00,Karaoke Wednesdays,2025-11-12,9p-12a,Anchorage,Van’s Dive Bar,music,,,system@akconcerts.com,AK Concerts Auto Import,Master Event Database,Approved
2026-08-12 12:00:00,Country Line Dancing w/ Greyson & Logan,2025-11-12,7p-11:30p,Eagle River,The Cabin,music,,,system@akconcerts.com,AK Concerts Auto Import,Master Event Database,Approved
2026-08-12 12:00:00,Karaoke Night with Rocky!,2025-11-12,8p-11p,Eagle River,The Spur,music,,,system@akconcerts.com,AK Concerts Auto Import,Master Event Database,Approved
2026-08-12 12:00:00,The Ukulele Group,2025-11-12,3:45p-4:45p,Haines,Inn at Creek Street,music,,,system@akconcerts.com,AK Concerts Auto Import,Master Event Database,Approved
2026-08-12 12:00:00,Luke & Heather In the Afternoon,2025-11-12,5p-7p,Haines,The Crystal Saloon,music,,,system@akconcerts.com,AK Concerts Auto Import,Master Event Database,Approved
2026-08-12 12:00:00,Karaoke with Eve,2025-11-12,5p-8p,Haines,The Goods,music,,,system@akconcerts.com,AK Concerts Auto Import,Master Event Database,Approved
2026-08-12 12:00:00,Community Potluck & Food Pantry Fundraiser,2025-11-12,6p-9p,Haines,Porcupine Theatre,community,,,system@akconcerts.com,AK Concerts Auto Import,Master Event Database,Approved
2026-08-12 12:00:00,Open Mic,2025-11-12,7:30p-11p,Haines,Schwabenhof,music,,,system@akconcerts.com,AK Concerts Auto Import,Master Event Database,Approved
2026-08-12 12:00:00,West Coast Sing Wednesday,2025-11-12,7:30p-9:30p,Haines,Four Corner’s Lounge,music,,,system@akconcerts.com,AK Concerts Auto Import,Master Event Database,Approved
2026-08-12 12:00:00,Open Mic Night,2025-11-12,8p-11:30p,Haines,The Crystal Saloon,music,,,system@akconcerts.com,AK Concerts Auto Import,Master Event Database,Approved
2026-08-12 12:00:00,Karaoke,2025-11-12,8p-11p,Haines,Alaskan Hotel and Bar,music,,,system@akconcerts.com,AK Concerts Auto Import,Master Event Database,Approved
2026-08-12 12:00:00,Open Mic,2025-11-12,8p-1a,Haines,Fairview Inn,music,,,system@akconcerts.com,AK Concerts Auto Import,Master Event Database,Approved
2026-08-12 12:00:00,Open Mic Night w/ Braden Rollins,2025-11-12,9p-2a,Haines,Yukon Bar,music,,,system@akconcerts.com,AK Concerts Auto Import,Master Event Database,Approved
2026-08-12 12:00:00,Open Mic Night,2025-11-13,6p-8p,Haines,The Goods,music,,,system@akconcerts.com,AK Concerts Auto Import,Master Event Database,Approved
2026-08-12 12:00:00,Unplugged: Schaefer Mueller,2025-11-13,6p-9p,Haines,Palmer Alehouse,music,,,system@akconcerts.com,AK Concerts Auto Import,Master Event Database,Approved
2026-08-12 12:00:00,Open Jam/Mic Night w/ Host Jesse James,2025-11-13,7p-11p,Haines,Four Corner’s Lounge,music,,,system@akconcerts.com,AK Concerts Auto Import,Master Event Database,Approved
2026-08-12 12:00:00,Tom Letson,2025-11-14,8p-11p,Haines,Riverside Bar,music,,,system@akconcerts.com,AK Concerts Auto Import,Master Event Database,Approved
2026-08-12 12:00:00,Family Storytime,2026-02-11,10:30a-11:30a,Eagle River,Gerrish Library,community,,,system@akconcerts.com,AK Concerts Auto Import,Master Event Database,Approved
2026-08-12 12:00:00,Bouncing Babes Story Time,2026-02-11,10:30a-11a,Eagle River,Soldotna Library,community,,,system@akconcerts.com,AK Concerts Auto Import,Master Event Database,Approved
2026-08-12 12:00:00,The Ukulele Group,2026-02-11,3:45p-4:45p,Eagle River,Inn at Creek Street,music,,,system@akconcerts.com,AK Concerts Auto Import,Master Event Database,Approved
2026-08-12 12:00:00,Karaoke Nights,2026-02-11,5:30p-8p,Eagle River,The Goods,music,,,system@akconcerts.com,AK Concerts Auto Import,Master Event Database,Approved
2026-08-12 12:00:00,David Webster: A Life in 12 Bars,2026-02-11,6p-?,Eagle River,Porcupine Theater,music,,,system@akconcerts.com,AK Concerts Auto Import,Master Event Database,Approved
2026-08-12 12:00:00,Open Mic,2026-02-11,7:30p-11p,Eagle River,Schwabenhof,music,,,system@akconcerts.com,AK Concerts Auto Import,Master Event Database,Approved
2026-08-12 12:00:00,West Coast Sing Wednesday,2026-02-11,7:30p-9:30p,Eagle River,Four Corner’s Lounge,music,,,system@akconcerts.com,AK Concerts Auto Import,Master Event Database,Approved
2026-08-12 12:00:00,Sitka Music Festival: Winter Classics,2026-02-11,7p-8:30p,Eagle River,Holy Name Catholic Church,festival,,,system@akconcerts.com,AK Concerts Auto Import,Master Event Database,Approved
2026-08-12 12:00:00,Open Mic Night,2026-02-11,8p-11:30p,Eagle River,The Crystal Saloon,music,,,system@akconcerts.com,AK Concerts Auto Import,Master Event Database,Approved
2026-08-12 12:00:00,Karaoke Night with Rocky!,2026-02-11,8p-11p,Eagle River,The Spur,music,,,system@akconcerts.com,AK Concerts Auto Import,Master Event Database,Approved
2026-08-12 12:00:00,Karaoke,2026-02-11,8p-11p,Eagle River,Alaskan Hotel and Bar,music,,,system@akconcerts.com,AK Concerts Auto Import,Master Event Database,Approved
2026-08-12 12:00:00,Open Mic Night,2026-02-11,8p-1a,Eagle River,Fairview Inn,music,,,system@akconcerts.com,AK Concerts Auto Import,Master Event Database,Approved
2026-08-12 12:00:00,Open Mic Night,2026-02-11,8p-2a,Eagle River,Yukon Bar,music,,,system@akconcerts.com,AK Concerts Auto Import,Master Event Database,Approved
2026-08-12 12:00:00,Stand-Up Comedy w/ Dana Gould,2026-02-11,8p-9:30p,Eagle River,North Pole Alehouse,comedy,,,system@akconcerts.com,AK Concerts Auto Import,Master Event Database,Approved
2026-08-12 12:00:00,After Hours Alaska,2026-02-11,9p-11p,Eagle River,105.3 FM KRBD,music,,,system@akconcerts.com,AK Concerts Auto Import,Master Event Database,Approved
2026-08-12 12:00:00,DJ Cross,2026-02-12,10p-1a,Anchorage,Pioneer Bar,music,,,system@akconcerts.com,AK Concerts Auto Import,Master Event Database,Approved
2026-08-12 12:00:00,Song Circle of Love w/ Irish Club of Alaska,2026-02-12,6p-8p,Anchorage,New Sagaya City Market,music,,,system@akconcerts.com,AK Concerts Auto Import,Master Event Database,Approved
2026-08-12 12:00:00,Kage Free’s Velvet Hours feat Melissa Mitchell,2026-02-12,6p-9p,Anchorage,Williwaw Social,music,,,system@akconcerts.com,AK Concerts Auto Import,Master Event Database,Approved
2026-08-12 12:00:00,Karaoke,2026-02-12,7p-11p,Anchorage,Broken Blender,music,,,system@akconcerts.com,AK Concerts Auto Import,Master Event Database,Approved
2026-08-12 12:00:00,Ladies Night at Pink Cadillac w/ DJ Rico,2026-02-12,7p-12a,Anchorage,Pink Cadillac,music,,,system@akconcerts.com,AK Concerts Auto Import,Master Event Database,Approved
2026-08-12 12:00:00,The Fantasticks,2026-02-12,7p-9p,Anchorage,Cyrano’s Theatre Company,music,,,system@akconcerts.com,AK Concerts Auto Import,Master Event Database,Approved
2026-08-12 12:00:00,Little Shop of Horrors Live,2026-02-12,7p-9p,Anchorage,West High School,music,,,system@akconcerts.com,AK Concerts Auto Import,Master Event Database,Approved
2026-08-12 12:00:00,Black & Tan Open Jam,2026-02-12,8p-11p,Anchorage,Blarney Stone,music,,,system@akconcerts.com,AK Concerts Auto Import,Master Event Database,Approved
2026-08-12 12:00:00,Karaoke Night,2026-02-12,8p-12a,Anchorage,Flattop Pizza & Pool,music,,,system@akconcerts.com,AK Concerts Auto Import,Master Event Database,Approved
2026-08-12 12:00:00,AK Rockstar Karaoke,2026-02-12,8p-2a,Anchorage,The Carousel Lounge,music,,,system@akconcerts.com,AK Concerts Auto Import,Master Event Database,Approved
2026-08-12 12:00:00,Joey Fender,2026-02-12,9p-?,Anchorage,Koot’s,music,,,system@akconcerts.com,AK Concerts Auto Import,Master Event Database,Approved
2026-08-12 12:00:00,Secret Admirer Movie: Mystery Movie Date Night 6p-8p?,2026-02-12,TBD,Anchorage,Beartooth Theatrepub,music,,,system@akconcerts.com,AK Concerts Auto Import,Master Event Database,Approved
2026-08-12 12:00:00,Preschool Storytime,2026-02-12,10:30a-11:15p & 1:30p-2:15p,Eagle River,Fairbanks Library,community,,,system@akconcerts.com,AK Concerts Auto Import,Master Event Database,Approved
2026-08-12 12:00:00,Pre-School Story Time,2026-02-12,10:30a-11a,Eagle River,Soldotna Library,community,,,system@akconcerts.com,AK Concerts Auto Import,Master Event Database,Approved
2026-08-12 12:00:00,Family Storytime,2026-02-12,10:30a-11p,Eagle River,Chugiak-Eagle River Library,community,,,system@akconcerts.com,AK Concerts Auto Import,Master Event Database,Approved
2026-08-12 12:00:00,Beyond the Exhibit: Kenai's Ice Age Fossils,2026-02-12,12p-?,Eagle River,Kenai Chamber of Commerce &Visitor Center,music,,,system@akconcerts.com,AK Concerts Auto Import,Master Event Database,Approved
2026-08-12 12:00:00,Valentine’s Day Dance,2026-02-12,3p-5p,Eagle River,"Wasilla Area Seniors, Inc",dance,,,system@akconcerts.com,AK Concerts Auto Import,Master Event Database,Approved
2026-08-12 12:00:00,The Briefcase: An Art Mask Presentation,2026-02-12,5:30p-?,Eagle River,Mendenhall Valley Library,music,,,system@akconcerts.com,AK Concerts Auto Import,Master Event Database,Approved
2026-08-12 12:00:00,Community Classes: Love Your Brain,2026-02-12,5:30p-7:30p,Eagle River,Downtown Library,community,,,system@akconcerts.com,AK Concerts Auto Import,Master Event Database,Approved
2026-08-12 12:00:00,Town League Race Series & Live Music: Ayden See,2026-02-12,5p-10p,Eagle River,Alyeska Resort,music,,,system@akconcerts.com,AK Concerts Auto Import,Master Event Database,Approved
2026-08-12 12:00:00,"From Fairbanks, With Love: A Valentine’s Postcard Event",2026-02-12,5p-8p,Eagle River,Gather,festival,,,system@akconcerts.com,AK Concerts Auto Import,Master Event Database,Approved
2026-08-12 12:00:00,Lifts for Love: Chairlift Speed Dating!,2026-02-12,5p-8p,Eagle River,Alyeska Resort,music,,,system@akconcerts.com,AK Concerts Auto Import,Master Event Database,Approved
2026-08-12 12:00:00,"Fins, Fur, & Feathers of the Amazon & Galapagos",2026-02-12,6:30p-?,Eagle River,UAS Egan Lecture Hall,music,,,system@akconcerts.com,AK Concerts Auto Import,Master Event Database,Approved
2026-08-12 12:00:00,Thursday Night Dance Social: Salsa,2026-02-12,6:30p-8:30p,Eagle River,Chapel by the Lake,dance,,,system@akconcerts.com,AK Concerts Auto Import,Master Event Database,Approved
2026-08-12 12:00:00,Frosty Feet Valentine’s Beer Run,2026-02-12,6p-?,Eagle River,Hoodoo Brewing Company,community,,,system@akconcerts.com,AK Concerts Auto Import,Master Event Database,Approved
2026-08-12 12:00:00,Piano Music by Erica,2026-02-12,6p-8p,Eagle River,AJ’s Old Town Steakhouse & Tavern,music,,,system@akconcerts.com,AK Concerts Auto Import,Master Event Database,Approved
2026-08-12 12:00:00,Valentine’s Wine Tasting & Live Music,2026-02-12,6p-9p,Eagle River,Soba Restaurant,music,,,system@akconcerts.com,AK Concerts Auto Import,Master Event Database,Approved
2026-08-12 12:00:00,Unplugged: Matt Hopper,2026-02-12,6p-9p,Eagle River,Palmer Alehouse,music,,,system@akconcerts.com,AK Concerts Auto Import,Master Event Database,Approved
2026-08-12 12:00:00,Grahm Jones,2026-02-12,7:30p-8p,Eagle River,UAF Charles Davis Concert Hall,music,,,system@akconcerts.com,AK Concerts Auto Import,Master Event Database,Approved
2026-08-12 12:00:00,Stand Up Comedy w/ Dana Gould,2026-02-12,7p-9p,Eagle River,The Spur,comedy,,,system@akconcerts.com,AK Concerts Auto Import,Master Event Database,Approved
2026-08-12 12:00:00,Ketchikan Arts & Humanities Council: Arts Report,2026-02-12,8:20a-8:35a,Eagle River,105.3 FM KRBD,music,,,system@akconcerts.com,AK Concerts Auto Import,Master Event Database,Approved
2026-08-12 12:00:00,Karaoke Night,2026-02-12,8p-12a,Eagle River,The Crystal Saloon,music,,,system@akconcerts.com,AK Concerts Auto Import,Master Event Database,Approved
2026-08-12 12:00:00,Karaoke Thursdays with Rocky Barnette,2026-02-12,8p-12a,Eagle River,North Pole Alehouse,music,,,system@akconcerts.com,AK Concerts Auto Import,Master Event Database,Approved
2026-08-12 12:00:00,Karaoke,2026-02-12,8p-2a,Eagle River,Yukon Bar,music,,,system@akconcerts.com,AK Concerts Auto Import,Master Event Database,Approved
2026-08-12 12:00:00,Open Mic,2026-02-12,9p-11p,Eagle River,Alaskan Hotel and Bar,music,,,system@akconcerts.com,AK Concerts Auto Import,Master Event Database,Approved
2026-08-12 12:00:00,Karaoke Night,2026-02-12,9p-12:30a,Eagle River,Alibi Bar & Café,music,,,system@akconcerts.com,AK Concerts Auto Import,Master Event Database,Approved
2026-08-12 12:00:00,Odds Are Good,2026-02-13,10p-?,Anchorage,Barry’s Baranof Lounge,music,,,system@akconcerts.com,AK Concerts Auto Import,Master Event Database,Approved
2026-08-12 12:00:00,Schaefer Mueller & The Neon Highway,2026-02-13,10p-1a,Anchorage,Pink Cadillac,music,,,system@akconcerts.com,AK Concerts Auto Import,Master Event Database,Approved
2026-08-12 12:00:00,Dump Them: An Anti-Valentines Day Dance Party w/ DJ Remax,2026-02-13,10p-2p,Anchorage,Williwaw Social,dance,,,system@akconcerts.com,AK Concerts Auto Import,Master Event Database,Approved
2026-08-12 12:00:00,Chinese Immersion Schools Chinese New Year Performance,2026-02-13,11a-12:30p,Anchorage,Bartlett High School,music,,,system@akconcerts.com,AK Concerts Auto Import,Master Event Database,Approved
2026-08-12 12:00:00,Zoo Lights,2026-02-13,5p-8p,Anchorage,Alaska Zoo,music,,,system@akconcerts.com,AK Concerts Auto Import,Master Event Database,Approved
2026-08-12 12:00:00,Snowball 2026 w/ Hope Social Club,2026-02-13,6:30p-11p,Anchorage,49th State Brewing,music,,,system@akconcerts.com,AK Concerts Auto Import,Master Event Database,Approved
2026-08-12 12:00:00,Friday the 13th All-Ages Improv Show,2026-02-13,6:30p-8:30p,Anchorage,Williwaw Social,music,,,system@akconcerts.com,AK Concerts Auto Import,Master Event Database,Approved
2026-08-12 12:00:00,Joe Craig & Terry Curran,2026-02-13,6:30p-9p,Anchorage,Gumbo House,music,,,system@akconcerts.com,AK Concerts Auto Import,Master Event Database,Approved
2026-08-12 12:00:00,Live Jazz with Rick Zelinsky,2026-02-13,6:30p-9p,Anchorage,O’Malley’s on the Green,music,,,system@akconcerts.com,AK Concerts Auto Import,Master Event Database,Approved
2026-08-12 12:00:00,Unangax Dancers & Storytelling,2026-02-13,6p-7:30p,Anchorage,Alaska Native Heritage Center,dance,,,system@akconcerts.com,AK Concerts Auto Import,Master Event Database,Approved
2026-08-12 12:00:00,Wolf Pack Disco Dance Fundraiser w/ DJ John,2026-02-13,6p-8p,Anchorage,Rogers Park Elementary,dance,,,system@akconcerts.com,AK Concerts Auto Import,Master Event Database,Approved
2026-08-12 12:00:00,Aurora Glow Dance w/ DJ Spencer Lee,2026-02-13,6p-8p,Anchorage,Sand Lake Elementary,dance,,,system@akconcerts.com,AK Concerts Auto Import,Master Event Database,Approved
2026-08-12 12:00:00,Harry Potter and the Chamber of Secrets in Concert,2026-02-13,7:30p-10p,Anchorage,Alaska Center for the Performing Arts,music,,,system@akconcerts.com,AK Concerts Auto Import,Master Event Database,Approved
2026-08-12 12:00:00,Bria Skonberg,2026-02-13,7:30p-9:20p,Anchorage,Alaska Center for the Performing Arts,music,,,system@akconcerts.com,AK Concerts Auto Import,Master Event Database,Approved
2026-08-12 12:00:00,Pulse Dance Company: Myth Behavin’,2026-02-13,7:30p-9:30p,Anchorage,UAA Main Stage,dance,,,system@akconcerts.com,AK Concerts Auto Import,Master Event Database,Approved
2026-08-12 12:00:00,"Boots, Beer, & Ballads Country Night w/ DJ Rico",2026-02-13,7p-10p,Anchorage,Pink Cadillac,music,,,system@akconcerts.com,AK Concerts Auto Import,Master Event Database,Approved
2026-08-12 12:00:00,Friday Night Dance Social,2026-02-13,7p-11p,Anchorage,Anchorage Social Dance Club,dance,,,system@akconcerts.com,AK Concerts Auto Import,Master Event Database,Approved
2026-08-12 12:00:00,Karaoke Friday at the Eagles!,2026-02-13,7p-12a,Anchorage,The Fraternal Order of Eagles Aerie 4207,music,,,system@akconcerts.com,AK Concerts Auto Import,Master Event Database,Approved
2026-08-12 12:00:00,Chugiak & Eagle River Drama: The Music Man,2026-02-13,7p-9:30p,Anchorage,Chugiak High School,music,,,system@akconcerts.com,AK Concerts Auto Import,Master Event Database,Approved
2026-08-12 12:00:00,Midnight Sun Theater: Pyrates!,2026-02-13,7p-9p,Anchorage,UAA Fine Arts Building,theatre,,,system@akconcerts.com,AK Concerts Auto Import,Master Event Database,Approved
2026-08-12 12:00:00,Divorce Court of the Dead: A Comedy Roast Battle,2026-02-13,7p-9p,Anchorage,The Whale’s Tail,comedy,,,system@akconcerts.com,AK Concerts Auto Import,Master Event Database,Approved
2026-08-12 12:00:00,John Larson & The Pit Viperz,2026-02-13,8:30p-?,Anchorage,Van’s Dive Bar,music,,,system@akconcerts.com,AK Concerts Auto Import,Master Event Database,Approved
2026-08-12 12:00:00,IndigiVIBES: A Love Letter to Queer Indigenous Joy and Liberation,2026-02-13,8p-10:30p,Anchorage,Momentum Studios,music,,,system@akconcerts.com,AK Concerts Auto Import,Master Event Database,Approved
2026-08-12 12:00:00,Sweet Cheeks Cabaret: Hot & Bothered - A Burlesque ode to Rom-Com,2026-02-13,8p-10p,Anchorage,Broken Blender,music,,,system@akconcerts.com,AK Concerts Auto Import,Master Event Database,Approved
2026-08-12 12:00:00,R&B: Rhythm & Bobba Valentine’s Vibes,2026-02-13,8p-11p,Anchorage,49th Supply Co,music,,,system@akconcerts.com,AK Concerts Auto Import,Master Event Database,Approved
2026-08-12 12:00:00,Karaoke w/ DJ Charms,2026-02-13,8p-12a,Anchorage,Broken Blender,music,,,system@akconcerts.com,AK Concerts Auto Import,Master Event Database,Approved
2026-08-12 12:00:00,West Coast Swing Lesson,2026-02-13,8p-9p,Anchorage,Arctic Academie de Danse,dance,,,system@akconcerts.com,AK Concerts Auto Import,Master Event Database,Approved
2026-08-12 12:00:00,"Los Anchorage vol. 4 w/ Flow Lounge, SixStar, JDWP, Twiin, D.Loading, and Perdue",2026-02-13,9:30a-2:30a,Anchorage,Koot’s,music,,,system@akconcerts.com,AK Concerts Auto Import,Master Event Database,Approved
2026-08-12 12:00:00,DJ JRock,2026-02-13,9:30p-12a,Anchorage,Flattop Pizza & Pool,music,,,system@akconcerts.com,AK Concerts Auto Import,Master Event Database,Approved
2026-08-12 12:00:00,Live Music w/ The Acoustic Oosik,2026-02-13,9:30p-1a,Anchorage,Humpy’s,music,,,system@akconcerts.com,AK Concerts Auto Import,Master Event Database,Approved
2026-08-12 12:00:00,Mad Myrna's Diva Variety Show,2026-02-13,9p-11:30p,Anchorage,Mad Myrna’s,music,,,system@akconcerts.com,AK Concerts Auto Import,Master Event Database,Approved
2026-08-12 12:00:00,Friday Night Dance Social,2026-02-13,9p-11p,Anchorage,Arctic Academie de Danse,dance,,,system@akconcerts.com,AK Concerts Auto Import,Master Event Database,Approved
2026-08-12 12:00:00,Friday Night Dance Lounge,2026-02-13,9p-1a,Anchorage,Alaska Dance Promotions,dance,,,system@akconcerts.com,AK Concerts Auto Import,Master Event Database,Approved
2026-08-12 12:00:00,Danger Money Band,2026-02-13,9p-1a,Anchorage,The Carousel Lounge,music,,,system@akconcerts.com,AK Concerts Auto Import,Master Event Database,Approved
2026-08-12 12:00:00,Blast From The Past,2026-02-13,9p-2:30a,Anchorage,Time Out Lounge,music,,,system@akconcerts.com,AK Concerts Auto Import,Master Event Database,Approved
2026-08-12 12:00:00,A Burlesque ode to Rom-Com,2026-02-13,TBD,Anchorage,Sweet Cheeks Cabaret: Hot & Bothered,music,,,system@akconcerts.com,AK Concerts Auto Import,Master Event Database,Approved
2026-08-12 12:00:00,Coach Kern's 67 Feels Like Heaven Party 10:30p-2a?,2026-02-13,TBD,Anchorage,Koot’s,music,,,system@akconcerts.com,AK Concerts Auto Import,Master Event Database,Approved
2026-08-12 12:00:00,Cold Fusion 10:30p-2a?,2026-02-13,TBD,Anchorage,Koot’s,music,,,system@akconcerts.com,AK Concerts Auto Import,Master Event Database,Approved
2026-08-12 12:00:00,Lucky in Love (or Not) w/ Marc Brown,2026-02-13,10p-2a,Eagle River,The International Hotel & Bar,music,,,system@akconcerts.com,AK Concerts Auto Import,Master Event Database,Approved
2026-08-12 12:00:00,Darkstar,2026-02-13,10p-2a,Eagle River,Kharacter’s,music,,,system@akconcerts.com,AK Concerts Auto Import,Master Event Database,Approved
2026-08-12 12:00:00,Free Family Ice Skating,2026-02-13,1p-4p,Eagle River,Daubenspeck Family Park,music,,,system@akconcerts.com,AK Concerts Auto Import,Master Event Database,Approved
2026-08-12 12:00:00,Family Movie Night,2026-02-13,3p-5:30p,Eagle River,Gerrish Library,music,,,system@akconcerts.com,AK Concerts Auto Import,Master Event Database,Approved
2026-08-12 12:00:00,Free Screening: For the Love of JAMHI,2026-02-13,4:30p-6p,Eagle River,Glacier Cinemas,music,,,system@akconcerts.com,AK Concerts Auto Import,Master Event Database,Approved
2026-08-12 12:00:00,5 Hearts on Franklin: A Valentines Voyage,2026-02-13,4p-8:30p,Eagle River,Franklin Street,music,,,system@akconcerts.com,AK Concerts Auto Import,Master Event Database,Approved
2026-08-12 12:00:00,Fireside Lecture: Submerged Archeology,2026-02-13,5:30p-?,Eagle River,Mendenhall Glacier Visitor Center,music,,,system@akconcerts.com,AK Concerts Auto Import,Master Event Database,Approved
2026-08-12 12:00:00,"""Weirdcore"" The 40th Annual Wearable Art Show",2026-02-13,5p-7p,Eagle River,Main Street Gallery,music,,,system@akconcerts.com,AK Concerts Auto Import,Master Event Database,Approved
2026-08-12 12:00:00,Weirdcore The 40th Annual Wearable Art Show,2026-02-13,5p-7p,Eagle River,Main Street Gallery,music,,,system@akconcerts.com,AK Concerts Auto Import,Master Event Database,Approved
2026-08-12 12:00:00,Sunny Porch Community Folk Revival & Recording Release Party,2026-02-13,5p-8p,Eagle River,The Crystal Saloon,community,,,system@akconcerts.com,AK Concerts Auto Import,Master Event Database,Approved
2026-08-12 12:00:00,Friday Night Sober Lounge,2026-02-13,6p-10p,Eagle River,Kachemak Bay Recovery Connection,music,,,system@akconcerts.com,AK Concerts Auto Import,Master Event Database,Approved
2026-08-12 12:00:00,"Pluto, the Kuiper Belt and the Oort Clout",2026-02-13,6p-7p,Eagle River,Marie Drake Planetarium,music,,,system@akconcerts.com,AK Concerts Auto Import,Master Event Database,Approved
2026-08-12 12:00:00,Hwy9,2026-02-13,7:30p-?,Eagle River,VFW 9785,music,,,system@akconcerts.com,AK Concerts Auto Import,Master Event Database,Approved
2026-08-12 12:00:00,Complexities of Love Variety Show,2026-02-13,7p-10:15p,Eagle River,Sheldon Community Arts Hanger,music,,,system@akconcerts.com,AK Concerts Auto Import,Master Event Database,Approved
2026-08-12 12:00:00,Karaoke,2026-02-13,7p-11p,Eagle River,American Legion Post 15,music,,,system@akconcerts.com,AK Concerts Auto Import,Master Event Database,Approved
2026-08-12 12:00:00,Shaun Pacarro (from H3),2026-02-13,7p-11p,Eagle River,Silver Fox Inn,music,,,system@akconcerts.com,AK Concerts Auto Import,Master Event Database,Approved
2026-08-12 12:00:00,Karaoke Night,2026-02-13,7p-12a,Eagle River,Warrior Zone,music,,,system@akconcerts.com,AK Concerts Auto Import,Master Event Database,Approved
2026-08-12 12:00:00,Stand Up Comedy w/ Dana Gould,2026-02-13,7p-9p,Eagle River,Pioneer Park Theater,comedy,,,system@akconcerts.com,AK Concerts Auto Import,Master Event Database,Approved
2026-08-12 12:00:00,The Creel Play by Kate Rich,2026-02-13,7p-9p,Eagle River,Kenai Arts Center,theatre,,,system@akconcerts.com,AK Concerts Auto Import,Master Event Database,Approved
2026-08-12 12:00:00,Square Dance w/ the Free Radicals,2026-02-13,7p-9p,Eagle River,The Creek Street Cabaret,dance,,,system@akconcerts.com,AK Concerts Auto Import,Master Event Database,Approved
2026-08-12 12:00:00,Karaoke Night,2026-02-13,8p-11p,Eagle River,Schwabenhof,music,,,system@akconcerts.com,AK Concerts Auto Import,Master Event Database,Approved
2026-08-12 12:00:00,Live at the Sitz: Jerry Wessling Band,2026-02-13,9p-12a,Eagle River,The Sitzmark Bar & Grill,music,,,system@akconcerts.com,AK Concerts Auto Import,Master Event Database,Approved
2026-08-12 12:00:00,Live at the Sitz: Jerry Wessling Band,2026-02-13,9p-12a,Eagle River,Sitzmark,music,,,system@akconcerts.com,AK Concerts Auto Import,Master Event Database,Approved
2026-08-12 12:00:00,Open Mic,2026-02-13,9p-1a,Eagle River,Pioneer Bar,music,,,system@akconcerts.com,AK Concerts Auto Import,Master Event Database,Approved
2026-08-12 12:00:00,Valentine's Ballroom Bash,2026-02-13,9p-1a,Eagle River,Four Corner’s Lounge,music,,,system@akconcerts.com,AK Concerts Auto Import,Master Event Database,Approved
2026-08-12 12:00:00,Music At the Catch,2026-02-13,9p-1a,Eagle River,The CATCH Restaurant & Bar,music,,,system@akconcerts.com,AK Concerts Auto Import,Master Event Database,Approved
2026-08-12 12:00:00,A Very Cheesey Valentine's Eve Karaoke 5p-??,2026-02-13,TBD,Eagle River,The Goods,music,,,system@akconcerts.com,AK Concerts Auto Import,Master Event Database,Approved
2026-08-12 12:00:00,Bell Bottoms & Broken Hearts w/ The Vintage Retro,2026-02-14,10:30p-2:30a,Anchorage,Koot’s,music,,,system@akconcerts.com,AK Concerts Auto Import,Master Event Database,Approved
2026-08-12 12:00:00,Valentine's Dance Party w/ DJ Cross,2026-02-14,10p-2a,Anchorage,Williwaw Social,dance,,,system@akconcerts.com,AK Concerts Auto Import,Master Event Database,Approved
2026-08-12 12:00:00,Be My Valentine Storytime,2026-02-14,11a-12p,Anchorage,Loussac Library,community,,,system@akconcerts.com,AK Concerts Auto Import,Master Event Database,Approved
2026-08-12 12:00:00,The Music Man,2026-02-14,1p-3:30p & 7p-9:30p,Anchorage,Chugiak High School,music,,,system@akconcerts.com,AK Concerts Auto Import,Master Event Database,Approved
2026-08-12 12:00:00,Silas Wade Live,2026-02-14,1p-3p,Anchorage,Arctic Valley Ski Area,music,,,system@akconcerts.com,AK Concerts Auto Import,Master Event Database,Approved
2026-08-12 12:00:00,Weekly Family Skate w/ Music & Hot Chocolate,2026-02-14,1p-3p,Anchorage,Westchester Lagoon,music,,,system@akconcerts.com,AK Concerts Auto Import,Master Event Database,Approved
2026-08-12 12:00:00,MusiCal Live,2026-02-14,3:30p-5:30p,Anchorage,Arctic Valley Ski Area,theatre,,,system@akconcerts.com,AK Concerts Auto Import,Master Event Database,Approved
2026-08-12 12:00:00,"Candlelight: Valentine's Day Special ft. ""Romeo and Juliet""",2026-02-14,4p-5p,Anchorage,49th State Brewing,music,,,system@akconcerts.com,AK Concerts Auto Import,Master Event Database,Approved
2026-08-12 12:00:00,Candlelight: Valentine's Day Special ft. Romeo and Juliet,2026-02-14,4p-5p,Anchorage,49th State Brewing,music,,,system@akconcerts.com,AK Concerts Auto Import,Master Event Database,Approved
2026-08-12 12:00:00,Spring Fling: 80’s Night,2026-02-14,5p-8p,Anchorage,Alaska Botanical Garden,music,,,system@akconcerts.com,AK Concerts Auto Import,Master Event Database,Approved
2026-08-12 12:00:00,For Love and Music: A Valentine's Day Special w/ Choice Bit of Calico & Good Company,2026-02-14,5p-9:45p,Anchorage,Williwaw Social,music,,,system@akconcerts.com,AK Concerts Auto Import,Master Event Database,Approved
2026-08-12 12:00:00,Prom 1988! A Valentines Day Costume Dance Party w/ Blackwater Railroad & The Whiskey Fish,2026-02-14,6:30p-?,Anchorage,49th State Brewing,dance,,,system@akconcerts.com,AK Concerts Auto Import,Master Event Database,Approved
2026-08-12 12:00:00,Scared Scriptless Improv Valentine's Show,2026-02-14,6:30p-9:30p,Anchorage,The Nave Spenard,comedy,,,system@akconcerts.com,AK Concerts Auto Import,Master Event Database,Approved
2026-08-12 12:00:00,14th Annual DJTA Walk of Lights 2026,2026-02-14,6p-8p,Anchorage,Liewer Community Trail,music,,,system@akconcerts.com,AK Concerts Auto Import,Master Event Database,Approved
2026-08-12 12:00:00,Piano Bar Saturdays w/ MJ Riemann,2026-02-14,6p-9p,Anchorage,Gumbo House,music,,,system@akconcerts.com,AK Concerts Auto Import,Master Event Database,Approved
2026-08-12 12:00:00,"Machu Picchu by INCA, The Peruvian Ensemble",2026-02-14,7:30p-9:30p,Anchorage,Alaska Center for the Performing Arts,music,,,system@akconcerts.com,AK Concerts Auto Import,Master Event Database,Approved
2026-08-12 12:00:00,Little Shop of Horrors Live,2026-02-14,7p-9p,Anchorage,West High School,music,,,system@akconcerts.com,AK Concerts Auto Import,Master Event Database,Approved
2026-08-12 12:00:00,Aquarius Party with DJ Big Gay Mike,2026-02-14,8p-?,Anchorage,Organic Oasis,music,,,system@akconcerts.com,AK Concerts Auto Import,Master Event Database,Approved
2026-08-12 12:00:00,Heated Rivalry Dance Party,2026-02-14,8p-12:30p,Anchorage,Beartooth Theatrepub,dance,,,system@akconcerts.com,AK Concerts Auto Import,Master Event Database,Approved
2026-08-12 12:00:00,DJ JRock,2026-02-14,9:30p-12a,Anchorage,Flattop Pizza & Pool,music,,,system@akconcerts.com,AK Concerts Auto Import,Master Event Database,Approved
2026-08-12 12:00:00,Black Heart Ball w/ Live Music from The Red Flags,2026-02-14,9:30p-1a,Anchorage,Humpy’s,music,,,system@akconcerts.com,AK Concerts Auto Import,Master Event Database,Approved
2026-08-12 12:00:00,Dance Lessons & Social Dance,2026-02-14,9:30p-2a,Anchorage,Anchorage Social Dance Club,dance,,,system@akconcerts.com,AK Concerts Auto Import,Master Event Database,Approved
2026-08-12 12:00:00,Eerie Flats,2026-02-14,9p-?,Anchorage,Van’s Dive Bar,music,,,system@akconcerts.com,AK Concerts Auto Import,Master Event Database,Approved
2026-08-12 12:00:00,Weekly Karaoke Contest,2026-02-14,9p-1:30a,Anchorage,Oriental Garden,music,,,system@akconcerts.com,AK Concerts Auto Import,Master Event Database,Approved
2026-08-12 12:00:00,Live Music Lonely Hearts Party,2026-02-14,9p-12a,Anchorage,Blarney Stone,music,,,system@akconcerts.com,AK Concerts Auto Import,Master Event Database,Approved
2026-08-12 12:00:00,Danger Money's Farewell Show & Bill's Birthday Bash,2026-02-14,9p-1a,Anchorage,The Carousel Lounge,music,,,system@akconcerts.com,AK Concerts Auto Import,Master Event Database,Approved
2026-08-12 12:00:00,Double Vision 2026 An EDM B2B Night,2026-02-14,9p-2a,Anchorage,Koot’s,music,,,system@akconcerts.com,AK Concerts Auto Import,Master Event Database,Approved
2026-08-12 12:00:00,Second Saturday Shenanigans,2026-02-14,10:30p-11:30,Eagle River,Kodiak Marketplace,music,,,system@akconcerts.com,AK Concerts Auto Import,Master Event Database,Approved
2026-08-12 12:00:00,Sweetheart’s Relay 2-miler,2026-02-14,10a-?,Eagle River,Savikko Park,music,,,system@akconcerts.com,AK Concerts Auto Import,Master Event Database,Approved
2026-08-12 12:00:00,Valentines Photo Booth & Meeting w/ Bluey,2026-02-14,10a-5p,Eagle River,Ken’s Garden Center,music,,,system@akconcerts.com,AK Concerts Auto Import,Master Event Database,Approved
2026-08-12 12:00:00,Cupid After Dark with DJ Theme,2026-02-14,10p-?,Eagle River,The International Hotel & Bar,music,,,system@akconcerts.com,AK Concerts Auto Import,Master Event Database,Approved
2026-08-12 12:00:00,Pit Viperz,2026-02-14,10p-2a,Eagle River,Kharacter’s,music,,,system@akconcerts.com,AK Concerts Auto Import,Master Event Database,Approved
2026-08-12 12:00:00,Haines Winterfest,2026-02-14,11a-?,Eagle River,Southeast Alaska State Fairgrounds,festival,,,system@akconcerts.com,AK Concerts Auto Import,Master Event Database,Approved
2026-08-12 12:00:00,Valentine’s Day Crafts & Dance Party,2026-02-14,11a-4p,Eagle River,Fairbanks Children’s Museum,dance,,,system@akconcerts.com,AK Concerts Auto Import,Master Event Database,Approved
2026-08-12 12:00:00,Second Saturday Free Entry,2026-02-14,11a-4p,Eagle River,Pratt Museum,music,,,system@akconcerts.com,AK Concerts Auto Import,Master Event Database,Approved
2026-08-12 12:00:00,Valentine’s GHOST Wheel Throwing Experience,2026-02-14,3p-5p & 6p-8p,Eagle River,The Pottery Jungle,music,,,system@akconcerts.com,AK Concerts Auto Import,Master Event Database,Approved
2026-08-12 12:00:00,Valentines Skate Night,2026-02-14,4p-6p,Eagle River,Starter Block,music,,,system@akconcerts.com,AK Concerts Auto Import,Master Event Database,Approved
2026-08-12 12:00:00,Daddy Daughter Dance,2026-02-14,4p-6p,Eagle River,Sterling Community Center,dance,,,system@akconcerts.com,AK Concerts Auto Import,Master Event Database,Approved
2026-08-12 12:00:00,Bandandy,2026-02-14,4p-7p,Eagle River,Hatcher Pass Lodge,music,,,system@akconcerts.com,AK Concerts Auto Import,Master Event Database,Approved
2026-08-12 12:00:00,A Cozy Date Night with Steady Going,2026-02-14,5:30p-7:30,Eagle River,Devil’s Club Brewing,music,,,system@akconcerts.com,AK Concerts Auto Import,Master Event Database,Approved
2026-08-12 12:00:00,Murder on the Bayou: Mardi Gras Mystery Party,2026-02-14,5p-8p,Eagle River,Last Frontier CAC,music,,,system@akconcerts.com,AK Concerts Auto Import,Master Event Database,Approved
2026-08-12 12:00:00,Date Night Paint Night & Charcuterie,2026-02-14,5p-8p,Eagle River,Valdez Brewing,music,,,system@akconcerts.com,AK Concerts Auto Import,Master Event Database,Approved
2026-08-12 12:00:00,Open Skate w/ Gnomeo & Juliet Movie,2026-02-14,6p-8p,Eagle River,Polar Ice,music,,,system@akconcerts.com,AK Concerts Auto Import,Master Event Database,Approved
2026-08-12 12:00:00,Piano Music by Sunrise Kilcher,2026-02-14,6p-8p,Eagle River,AJ’s Old Town Steakhouse & Tavern,music,,,system@akconcerts.com,AK Concerts Auto Import,Master Event Database,Approved
2026-08-12 12:00:00,Valentine Pre-Fixe Dinner w/ Music by Poly Alfonso,2026-02-14,6p-9p,Eagle River,The Hearth Eatery,music,,,system@akconcerts.com,AK Concerts Auto Import,Master Event Database,Approved
2026-08-12 12:00:00,Valentine’s Date Night & Horseback Rides,2026-02-14,6p-9p,Eagle River,Silver Legacy Stables,music,,,system@akconcerts.com,AK Concerts Auto Import,Master Event Database,Approved
2026-08-12 12:00:00,"Juneau Vaudeville Presents: ""Love & Lust""",2026-02-14,7:30p-?,Eagle River,The Crystal Saloon,music,,,system@akconcerts.com,AK Concerts Auto Import,Master Event Database,Approved
2026-08-12 12:00:00,Juneau Vaudeville Presents: Love & Lust,2026-02-14,7:30p-?,Eagle River,The Crystal Saloon,music,,,system@akconcerts.com,AK Concerts Auto Import,Master Event Database,Approved
2026-08-12 12:00:00,Music on the Couch at the Cabaret,2026-02-14,7:30p-9p,Eagle River,The Creek Street Cabaret,music,,,system@akconcerts.com,AK Concerts Auto Import,Master Event Database,Approved
2026-08-12 12:00:00,Haines Winterfest: Kat to Koot 2026,2026-02-14,7a-?,Eagle River,Fairweather Ski Works,festival,,,system@akconcerts.com,AK Concerts Auto Import,Master Event Database,Approved
2026-08-12 12:00:00,Complexities of Love Variety Show,2026-02-14,7p-10:15p,Eagle River,Sheldon Community Arts Hanger,music,,,system@akconcerts.com,AK Concerts Auto Import,Master Event Database,Approved
2026-08-12 12:00:00,Unplugged: Ken Peltier and Friends,2026-02-14,7p-10p,Eagle River,Palmer Alehouse,music,,,system@akconcerts.com,AK Concerts Auto Import,Master Event Database,Approved
2026-08-12 12:00:00,Valentine’s Day 80’s Prom w/ I Like Robots,2026-02-14,7p-11p,Eagle River,Odd Man Rush,music,,,system@akconcerts.com,AK Concerts Auto Import,Master Event Database,Approved
2026-08-12 12:00:00,Karaoke,2026-02-14,7p-11p,Eagle River,American Legion Post 15,music,,,system@akconcerts.com,AK Concerts Auto Import,Master Event Database,Approved
2026-08-12 12:00:00,The Creel Play by Kate Rich,2026-02-14,7p-8:15p,Eagle River,Pier One Theatre Inc.,theatre,,,system@akconcerts.com,AK Concerts Auto Import,Master Event Database,Approved
2026-08-12 12:00:00,Second Saturdays at Seven: Cabaret Night,2026-02-14,7p-8:30p,Eagle River,The Palace Theater,music,,,system@akconcerts.com,AK Concerts Auto Import,Master Event Database,Approved
2026-08-12 12:00:00,Tom Letson & Ned Gaines,2026-02-14,7p-9p,Eagle River,Lat 65 Brewing Co.,music,,,system@akconcerts.com,AK Concerts Auto Import,Master Event Database,Approved
2026-08-12 12:00:00,Stand Up Comedy w/ Dana Gould,2026-02-14,7p-9p,Eagle River,Pioneer Park Theater,comedy,,,system@akconcerts.com,AK Concerts Auto Import,Master Event Database,Approved
2026-08-12 12:00:00,Between the Sheets Trivia,2026-02-14,7p-9p,Eagle River,Alice’s Champagne Palace,music,,,system@akconcerts.com,AK Concerts Auto Import,Master Event Database,Approved
2026-08-12 12:00:00,Wearable Art Extravaganza: Camp,2026-02-14,8p-10p,Eagle River,Centennial Hall Convention Center,music,,,system@akconcerts.com,AK Concerts Auto Import,Master Event Database,Approved
2026-08-12 12:00:00,Dance Party,2026-02-14,8p-1a,Eagle River,Fairview Inn,dance,,,system@akconcerts.com,AK Concerts Auto Import,Master Event Database,Approved
2026-08-12 12:00:00,X-Country Ski Winter Adventures,2026-02-14,9a-3p,Eagle River,Chena Lake,music,,,system@akconcerts.com,AK Concerts Auto Import,Master Event Database,Approved
2026-08-12 12:00:00,2010's Hit Late Night Party w/ DJ Delli,2026-02-14,9p-?,Eagle River,The Cabin,music,,,system@akconcerts.com,AK Concerts Auto Import,Master Event Database,Approved
2026-08-12 12:00:00,Live at the Sitz: Jerry Wessling Band,2026-02-14,9p-12a,Eagle River,The Sitzmark Bar & Grill,music,,,system@akconcerts.com,AK Concerts Auto Import,Master Event Database,Approved
2026-08-12 12:00:00,Valentine's Bash with Carlos!/UNO,2026-02-14,9p-12a,Eagle River,North Pole Alehouse,music,,,system@akconcerts.com,AK Concerts Auto Import,Master Event Database,Approved
2026-08-12 12:00:00,Live at the Sitz: Jerry Wessling Band,2026-02-14,9p-12a,Eagle River,Sitzmark,music,,,system@akconcerts.com,AK Concerts Auto Import,Master Event Database,Approved
2026-08-12 12:00:00,Karaoke Night,2026-02-14,9p-1a,Eagle River,Pioneer Bar,music,,,system@akconcerts.com,AK Concerts Auto Import,Master Event Database,Approved
2026-08-12 12:00:00,Music At the Catch,2026-02-14,9p-1a,Eagle River,The CATCH Restaurant & Bar,music,,,system@akconcerts.com,AK Concerts Auto Import,Master Event Database,Approved
2026-08-12 12:00:00,Karaoke,2026-02-14,9p-2a,Eagle River,Yukon Bar,music,,,system@akconcerts.com,AK Concerts Auto Import,Master Event Database,Approved
2026-08-12 12:00:00,Koots Karaoke,2026-02-15,10p-2a,Anchorage,Koot’s,music,,,system@akconcerts.com,AK Concerts Auto Import,Master Event Database,Approved
2026-08-12 12:00:00,Industry Night w/ Joe Brady,2026-02-15,10p-2a,Anchorage,Pioneer Bar,music,,,system@akconcerts.com,AK Concerts Auto Import,Master Event Database,Approved
2026-08-12 12:00:00,Adrienne McVey Live,2026-02-15,12p-2:30p,Anchorage,Arctic Valley Ski Area,music,,,system@akconcerts.com,AK Concerts Auto Import,Master Event Database,Approved
2026-08-12 12:00:00,2026 Chinese New Year’s Celebration,2026-02-15,12p-4p,Anchorage,Dimond High School,music,,,system@akconcerts.com,AK Concerts Auto Import,Master Event Database,Approved
2026-08-12 12:00:00,Dragon & Lion Dance Training,2026-02-15,3p-5p,Anchorage,Asian Cultural Center,dance,,,system@akconcerts.com,AK Concerts Auto Import,Master Event Database,Approved
2026-08-12 12:00:00,The Fantasticks,2026-02-15,3p-5p,Anchorage,Cyrano’s Theatre Company,music,,,system@akconcerts.com,AK Concerts Auto Import,Master Event Database,Approved
2026-08-12 12:00:00,Open Mic & Jam,2026-02-15,4:30p-8:30p,Anchorage,VFW Post 1685,music,,,system@akconcerts.com,AK Concerts Auto Import,Master Event Database,Approved
2026-08-12 12:00:00,A Tribute to Wicked Wanda,2026-02-15,4p-8p,Anchorage,Koot’s,music,,,system@akconcerts.com,AK Concerts Auto Import,Master Event Database,Approved
2026-08-12 12:00:00,Country Dance Nights: Line Dancing & Swing,2026-02-15,6:30p-10p,Anchorage,Anchorage Social Dance Club,dance,,,system@akconcerts.com,AK Concerts Auto Import,Master Event Database,Approved
2026-08-12 12:00:00,Sunday Blues Jam w/ Rebel Blues Band,2026-02-15,6p-10p,Anchorage,Billiard Palace,music,,,system@akconcerts.com,AK Concerts Auto Import,Master Event Database,Approved
2026-08-12 12:00:00,Open Mic Night,2026-02-15,6p-9,Anchorage,Susitna Brewing,music,,,system@akconcerts.com,AK Concerts Auto Import,Master Event Database,Approved
2026-08-12 12:00:00,Auditions for Ruthless!,2026-02-15,6p-9p,Anchorage,Anchorage Community Theatre,music,,,system@akconcerts.com,AK Concerts Auto Import,Master Event Database,Approved
2026-08-12 12:00:00,Comedy Open Mic,2026-02-15,8:30p-10p,Anchorage,Koot’s,comedy,,,system@akconcerts.com,AK Concerts Auto Import,Master Event Database,Approved
2026-08-12 12:00:00,Open Jam with Blast From The Past,2026-02-15,8:30p-1a,Anchorage,Time Out Lounge,music,,,system@akconcerts.com,AK Concerts Auto Import,Master Event Database,Approved
2026-08-12 12:00:00,Open Mic Night,2026-02-15,8p-11p,Anchorage,Van’s Dive Bar,music,,,system@akconcerts.com,AK Concerts Auto Import,Master Event Database,Approved
2026-08-12 12:00:00,Karaoke,2026-02-15,9p-12a,Anchorage,Mad Myrna’s,music,,,system@akconcerts.com,AK Concerts Auto Import,Master Event Database,Approved
2026-08-12 12:00:00,Sunday Karaoke,2026-02-15,9p-2a,Anchorage,The Carousel Lounge,music,,,system@akconcerts.com,AK Concerts Auto Import,Master Event Database,Approved
2026-08-12 12:00:00,2026 Tour of Tsalteshi,2026-02-15,11:30a-4p,Eagle River,Tsalteshi Trails,music,,,system@akconcerts.com,AK Concerts Auto Import,Master Event Database,Approved
2026-08-12 12:00:00,Miles Klehini Ski Classic,2026-02-15,12a-?,Eagle River,Mile 25,community,,,system@akconcerts.com,AK Concerts Auto Import,Master Event Database,Approved
2026-08-12 12:00:00,Argentine Tango Lesson & Open Dance,2026-02-15,1p-3p,Eagle River,The Spur,dance,,,system@akconcerts.com,AK Concerts Auto Import,Master Event Database,Approved
2026-08-12 12:00:00,Mat-Su Orchestra Fundraising Performance,2026-02-15,3p-?,Eagle River,Palmer Train Depot,music,,,system@akconcerts.com,AK Concerts Auto Import,Master Event Database,Approved
2026-08-12 12:00:00,Wearable Art Extravaganza: Camp,2026-02-15,3p-5p,Eagle River,Centennial Hall Convention Center,music,,,system@akconcerts.com,AK Concerts Auto Import,Master Event Database,Approved
2026-08-12 12:00:00,4th Annual Valentine's Ties & Tiaras,2026-02-15,3p-6p,Eagle River,Pioneer Park Centennial Center,music,,,system@akconcerts.com,AK Concerts Auto Import,Master Event Database,Approved
2026-08-12 12:00:00,Open Mic Night,2026-02-15,6:30p-9:30p,Eagle River,The Creek Street Cabaret,music,,,system@akconcerts.com,AK Concerts Auto Import,Master Event Database,Approved
2026-08-12 12:00:00,Sunday Social Dancing & Lessons,2026-02-15,6p-9p,Eagle River,Red Dog Saloon,music,,,system@akconcerts.com,AK Concerts Auto Import,Master Event Database,Approved
2026-08-12 12:00:00,The Creel Play by Kate Rich,2026-02-15,7p-8:15p,Eagle River,Pier One Theatre Inc.,theatre,,,system@akconcerts.com,AK Concerts Auto Import,Master Event Database,Approved
2026-08-12 12:00:00,Karaoke,2026-02-15,8p-?,Eagle River,Four Corner’s Lounge,music,,,system@akconcerts.com,AK Concerts Auto Import,Master Event Database,Approved
2026-08-12 12:00:00,Weekly Jazz Jam,2026-02-16,6:30p-9:30p,Anchorage,Fire Island Bakery @ K Street Market,music,,,system@akconcerts.com,AK Concerts Auto Import,Master Event Database,Approved
2026-08-12 12:00:00,Sweet Cheeks Cabaret: Burlesque Basics Class w/ DeeDee S.Emme,2026-02-16,7p-8p,Anchorage,Studio 49,community,,,system@akconcerts.com,AK Concerts Auto Import,Master Event Database,Approved
2026-08-12 12:00:00,Learn to Square Dance,2026-02-16,7p-9p,Anchorage,Anchorage Social Dance Club,dance,,,system@akconcerts.com,AK Concerts Auto Import,Master Event Database,Approved
2026-08-12 12:00:00,The Monday Mic w/ Boobs,2026-02-16,9p-12a,Anchorage,Koot’s,music,,,system@akconcerts.com,AK Concerts Auto Import,Master Event Database,Approved
2026-08-12 12:00:00,JR Ski Patrol Day (Ages 13-17),2026-02-16,10a-1p,Eagle River,Skeetawk,music,,,system@akconcerts.com,AK Concerts Auto Import,Master Event Database,Approved
2026-08-12 12:00:00,Friends of Mike Morgan Song Circle,2026-02-16,5p-7p,Eagle River,The Goods,music,,,system@akconcerts.com,AK Concerts Auto Import,Master Event Database,Approved
2026-08-12 12:00:00,Stories of Free Rivers & Wild Salmon,2026-02-16,6:30p-8:30p,Eagle River,Palmer Train Depot,music,,,system@akconcerts.com,AK Concerts Auto Import,Master Event Database,Approved
2026-08-12 12:00:00,Gospel Choir Workshops,2026-02-16,6:30p-8p,Eagle River,Juneau Arts & Culture Center,music,,,system@akconcerts.com,AK Concerts Auto Import,Master Event Database,Approved
2026-08-12 12:00:00,Sitka Music Festival Perfomance,2026-02-17,12p-?,Anchorage,Anchorage Museum,festival,,,system@akconcerts.com,AK Concerts Auto Import,Master Event Database,Approved
2026-08-12 12:00:00,Mardi Gras w/ music by The Blue Dixie Combo,2026-02-17,6:30p-?,Anchorage,49th State Brewing,music,,,system@akconcerts.com,AK Concerts Auto Import,Master Event Database,Approved
2026-08-12 12:00:00,Beginner Kizomba Class,2026-02-17,6p-7p,Anchorage,Alaska Dance Promotions,community,,,system@akconcerts.com,AK Concerts Auto Import,Master Event Database,Approved
2026-08-12 12:00:00,All Ages Buckarooos Night,2026-02-17,7p-11p,Anchorage,Pink Cadillac,music,,,system@akconcerts.com,AK Concerts Auto Import,Master Event Database,Approved
2026-08-12 12:00:00,AK Rockstar Karaoke,2026-02-17,8p-2a,Anchorage,The Carousel Lounge,music,,,system@akconcerts.com,AK Concerts Auto Import,Master Event Database,Approved
2026-08-12 12:00:00,The Eternal Cowboys,2026-02-17,9p-12a,Anchorage,Koot’s,music,,,system@akconcerts.com,AK Concerts Auto Import,Master Event Database,Approved
2026-08-12 12:00:00,Storytime at the Pratt: Black History Month,2026-02-17,10:30a-11:30a,Eagle River,Pratt Museum,community,,,system@akconcerts.com,AK Concerts Auto Import,Master Event Database,Approved
2026-08-12 12:00:00,Toddler Story Time,2026-02-17,10:30a-11a,Eagle River,Soldotna Library,community,,,system@akconcerts.com,AK Concerts Auto Import,Master Event Database,Approved
2026-08-12 12:00:00,Storytime at Ken’s,2026-02-17,10a-11a,Eagle River,Ken’s Garden Center,community,,,system@akconcerts.com,AK Concerts Auto Import,Master Event Database,Approved
2026-08-12 12:00:00,Taco Tuesday's with Jim Maloney,2026-02-17,6:30p-10p,Eagle River,Justin Cole’s Down East Saloon,music,,,system@akconcerts.com,AK Concerts Auto Import,Master Event Database,Approved
2026-08-12 12:00:00,Winter Nights: Community Game Night,2026-02-17,6:30p-8p,Eagle River,Alaska Sea Life Center,community,,,system@akconcerts.com,AK Concerts Auto Import,Master Event Database,Approved
2026-08-12 12:00:00,"Pedals, Pints, & Poles",2026-02-17,6p-9p,Eagle River,Lat 65 Brewing Co.,music,,,system@akconcerts.com,AK Concerts Auto Import,Master Event Database,Approved
2026-08-12 12:00:00,Industry Night with DJ Red,2026-02-17,8p-?,Eagle River,Four Corner’s Lounge,music,,,system@akconcerts.com,AK Concerts Auto Import,Master Event Database,Approved
2026-08-12 12:00:00,Jazz Jam Tuesday,2026-02-17,8p-11p,Eagle River,The Crystal Saloon,music,,,system@akconcerts.com,AK Concerts Auto Import,Master Event Database,Approved
2026-08-12 12:00:00,Free Community Storytime,2026-02-18,10:30a-11a,Anchorage,Alaska Zoo,community,,,system@akconcerts.com,AK Concerts Auto Import,Master Event Database,Approved
2026-08-12 12:00:00,The Eternal Cowboys,2026-02-18,10p-1a,Anchorage,Pioneer Bar,music,,,system@akconcerts.com,AK Concerts Auto Import,Master Event Database,Approved
2026-08-12 12:00:00,Koots Karaoke,2026-02-18,10p-2a,Anchorage,Koot’s,music,,,system@akconcerts.com,AK Concerts Auto Import,Master Event Database,Approved
2026-08-12 12:00:00,UAA Dance & Cheer Class: Junior Varsity,2026-02-18,5:30p-6:445p,Anchorage,Fairview Recreation Center,dance,,,system@akconcerts.com,AK Concerts Auto Import,Master Event Database,Approved
2026-08-12 12:00:00,Skater Tots: Free Skate Rentals,2026-02-18,5:30p-7:30p,Anchorage,Chanshtnu Muldoon Park,music,,,system@akconcerts.com,AK Concerts Auto Import,Master Event Database,Approved
2026-08-12 12:00:00,International Folk Dancing,2026-02-18,6:30p-8p,Anchorage,Anchorage Social Dance Club,music,,,system@akconcerts.com,AK Concerts Auto Import,Master Event Database,Approved
2026-08-12 12:00:00,Alaska Fighting Championship 173,2026-02-18,7:30p-11p,Anchorage,Sullivan Arena,music,,,system@akconcerts.com,AK Concerts Auto Import,Master Event Database,Approved
2026-08-12 12:00:00,Line Dance Wednesdays,2026-02-18,7p-12a,Anchorage,Pink Cadillac,dance,,,system@akconcerts.com,AK Concerts Auto Import,Master Event Database,Approved
2026-08-12 12:00:00,Anchorage DJ Meetup Hosted by DJ Spencer Lee,2026-02-18,7p-9p,Anchorage,Crimson,music,,,system@akconcerts.com,AK Concerts Auto Import,Master Event Database,Approved
2026-08-12 12:00:00,Country Night,2026-02-18,8p-2a,Anchorage,Koot’s,music,,,system@akconcerts.com,AK Concerts Auto Import,Master Event Database,Approved
2026-08-12 12:00:00,Karaoke,2026-02-18,9p-1a,Anchorage,Van’s Dive Bar,music,,,system@akconcerts.com,AK Concerts Auto Import,Master Event Database,Approved
2026-08-12 12:00:00,West High Choir Benefit Concert and Silent Auction 6p-??,2026-02-18,TBD,Anchorage,West High School,music,,,system@akconcerts.com,AK Concerts Auto Import,Master Event Database,Approved
2026-08-12 12:00:00,Family Storytime,2026-02-18,10:30a-11:30a,Eagle River,Gerrish Library,community,,,system@akconcerts.com,AK Concerts Auto Import,Master Event Database,Approved
2026-08-12 12:00:00,Bouncing Babes Story Time,2026-02-18,10:30a-11a,Eagle River,Soldotna Library,community,,,system@akconcerts.com,AK Concerts Auto Import,Master Event Database,Approved
2026-08-12 12:00:00,Kenai Chamber Small Business Symposium & Awards Ceremony,2026-02-18,10a-3p,Eagle River,Kenai Chamber of Commerce &Visitor Center,music,,,system@akconcerts.com,AK Concerts Auto Import,Master Event Database,Approved
2026-08-12 12:00:00,The Ukulele Group,2026-02-18,3:45p-4:45p,Eagle River,Inn at Creek Street,music,,,system@akconcerts.com,AK Concerts Auto Import,Master Event Database,Approved
2026-08-12 12:00:00,Karaoke Nights,2026-02-18,5:30p-8p,Eagle River,The Goods,music,,,system@akconcerts.com,AK Concerts Auto Import,Master Event Database,Approved
2026-08-12 12:00:00,Popular Music Trivia,2026-02-18,6:30p-7:30p,Eagle River,Kodiak Island Brewing Company,music,,,system@akconcerts.com,AK Concerts Auto Import,Master Event Database,Approved
2026-08-12 12:00:00,Open Mic,2026-02-18,7:30p-11p,Eagle River,Schwabenhof,music,,,system@akconcerts.com,AK Concerts Auto Import,Master Event Database,Approved
2026-08-12 12:00:00,West Coast Sing Wednesday,2026-02-18,7:30p-9:30p,Eagle River,Four Corner’s Lounge,music,,,system@akconcerts.com,AK Concerts Auto Import,Master Event Database,Approved
2026-08-12 12:00:00,The Glacier Quartet,2026-02-18,7p-?,Eagle River,Porcupine Theater,music,,,system@akconcerts.com,AK Concerts Auto Import,Master Event Database,Approved
2026-08-12 12:00:00,Comedy For A Cause w/ Damien Speranza: Alaska Firefighters,2026-02-18,7p-9p,Eagle River,Palmer Alehouse,comedy,,,system@akconcerts.com,AK Concerts Auto Import,Master Event Database,Approved
2026-08-12 12:00:00,Open Mic Night,2026-02-18,8p-11:30p,Eagle River,The Crystal Saloon,music,,,system@akconcerts.com,AK Concerts Auto Import,Master Event Database,Approved
2026-08-12 12:00:00,Karaoke Night with Rocky!,2026-02-18,8p-11p,Eagle River,The Spur,music,,,system@akconcerts.com,AK Concerts Auto Import,Master Event Database,Approved
2026-08-12 12:00:00,Karaoke,2026-02-18,8p-11p,Eagle River,Alaskan Hotel and Bar,music,,,system@akconcerts.com,AK Concerts Auto Import,Master Event Database,Approved
2026-08-12 12:00:00,Open Mic Night,2026-02-18,8p-1a,Eagle River,Fairview Inn,music,,,system@akconcerts.com,AK Concerts Auto Import,Master Event Database,Approved
2026-08-12 12:00:00,Open Mic Night,2026-02-18,8p-2a,Eagle River,Yukon Bar,music,,,system@akconcerts.com,AK Concerts Auto Import,Master Event Database,Approved
2026-08-12 12:00:00,Chugiak & Eagle River Drama: The Music Man,2026-02-19,7p-9:30p,Anchorage,Chugiak High School,music,,,system@akconcerts.com,AK Concerts Auto Import,Master Event Database,Approved
2026-08-12 12:00:00,Chugiak & Eagle River Drama: The Music Man,2026-02-20,7p-9:30p,Anchorage,Chugiak High School,music,,,system@akconcerts.com,AK Concerts Auto Import,Master Event Database,Approved
2026-08-12 12:00:00,Chugiak & Eagle River Drama: The Music Man,2026-02-21,7p-9:30p,Anchorage,Chugiak High School,music,,,system@akconcerts.com,AK Concerts Auto Import,Master Event Database,Approved
2026-08-12 12:00:00,Karaoke Night with Rocky!,2026-03-11,8p-11p,Eagle River,The Spur,music,,,system@akconcerts.com,AK Concerts Auto Import,Master Event Database,Approved
2026-08-12 12:00:00,The Ukulele Group,2026-03-11,3:45p-4:45p,Juneau,Inn at Creek Street,music,,,system@akconcerts.com,AK Concerts Auto Import,Master Event Database,Approved
2026-08-12 12:00:00,Open Mic,2026-03-11,7:30p-11p,Juneau,Schwabenhof,music,,,system@akconcerts.com,AK Concerts Auto Import,Master Event Database,Approved
2026-08-12 12:00:00,West Coast Sing Wednesday,2026-03-11,7:30p-9:30p,Juneau,Four Corner’s Lounge,music,,,system@akconcerts.com,AK Concerts Auto Import,Master Event Database,Approved
2026-08-12 12:00:00,Bon Debarras,2026-03-11,7p-3p,Juneau,Sheldon Community Arts Hanger,music,,,system@akconcerts.com,AK Concerts Auto Import,Master Event Database,Approved
2026-08-12 12:00:00,Open Mic Night,2026-03-11,8p-11:30p,Juneau,The Crystal Saloon,music,,,system@akconcerts.com,AK Concerts Auto Import,Master Event Database,Approved
2026-08-12 12:00:00,Karaoke,2026-03-11,8p-11p,Juneau,Alaskan Hotel and Bar,music,,,system@akconcerts.com,AK Concerts Auto Import,Master Event Database,Approved
2026-08-12 12:00:00,Open Mic Night,2026-03-11,8p-1a,Juneau,Fairview Inn,music,,,system@akconcerts.com,AK Concerts Auto Import,Master Event Database,Approved
2026-08-12 12:00:00,Open Mic Night,2026-03-11,8p-2a,Juneau,Yukon Bar,music,,,system@akconcerts.com,AK Concerts Auto Import,Master Event Database,Approved
2026-08-12 12:00:00,Preschool Storytime,2026-03-12,10:30a-11:15p & 1:30p-2:15p,Eagle River,Fairbanks Library,community,,,system@akconcerts.com,AK Concerts Auto Import,Master Event Database,Approved
2026-08-12 12:00:00,Family Storytime,2026-03-12,10:30a-11p,Eagle River,Chugiak-Eagle River Library,community,,,system@akconcerts.com,AK Concerts Auto Import,Master Event Database,Approved
2026-08-12 12:00:00,Tanana Lakes Springfest,2026-03-12,11a-3p,Eagle River,Tanana Lakes Recreation Area,festival,,,system@akconcerts.com,AK Concerts Auto Import,Master Event Database,Approved
2026-08-12 12:00:00,Open Skate: Paw Patrol,2026-03-12,2:45p-4:45p,Eagle River,Polar Ice,music,,,system@akconcerts.com,AK Concerts Auto Import,Master Event Database,Approved
2026-08-12 12:00:00,St. Patrick’s Beer Run & Shoe Demo,2026-03-12,5:45p-?,Eagle River,HooDoo Brewing,community,,,system@akconcerts.com,AK Concerts Auto Import,Master Event Database,Approved
2026-08-12 12:00:00,Stand-Up Comedy w/ Geoffrey Asmus,2026-03-12,9p-10p,Eagle River,HooDoo Brewing,comedy,,,system@akconcerts.com,AK Concerts Auto Import,Master Event Database,Approved
2026-08-12 12:00:00,Piano Music by Erica,2026-03-12,6p-8p,Girdwood,AJ’s Old Town Steakhouse & Tavern,music,,,system@akconcerts.com,AK Concerts Auto Import,Master Event Database,Approved
2026-08-12 12:00:00,Karaoke Night,2026-03-12,9p-12:30a,Girdwood,Alibi Bar & Café,music,,,system@akconcerts.com,AK Concerts Auto Import,Master Event Database,Approved
2026-08-12 12:00:00,Pre-School Story Time,2026-03-12,10:30a-11a,Juneau,Soldotna Library,community,,,system@akconcerts.com,AK Concerts Auto Import,Master Event Database,Approved
2026-08-12 12:00:00,Juneau Audubon Society presents: Birds and Artificial Light At Night,2026-03-12,6:30p-?,Juneau,Marie Drake Planetarium,music,,,system@akconcerts.com,AK Concerts Auto Import,Master Event Database,Approved
2026-08-12 12:00:00,Thursday Night Dance Social: Texas Two-Step,2026-03-12,6:30p-8:30p,Juneau,Chapel by the Lake,dance,,,system@akconcerts.com,AK Concerts Auto Import,Master Event Database,Approved
2026-08-12 12:00:00,Krew Fewd 2,2026-03-12,6p-?,Juneau,Sheldon Community Arts Hanger,music,,,system@akconcerts.com,AK Concerts Auto Import,Master Event Database,Approved
2026-08-12 12:00:00,Unplugged: The Robotz + Turbo and the Butterfly,2026-03-12,6p-9p,Juneau,Palmer Alehouse,music,,,system@akconcerts.com,AK Concerts Auto Import,Master Event Database,Approved
2026-08-12 12:00:00,Ketchikan Arts & Humanities Council: Arts Report,2026-03-12,8:20a-8:35a,Juneau,105.3 FM KRBD,music,,,system@akconcerts.com,AK Concerts Auto Import,Master Event Database,Approved
2026-08-12 12:00:00,Karaoke Night,2026-03-12,8p-12a,Juneau,The Crystal Saloon,music,,,system@akconcerts.com,AK Concerts Auto Import,Master Event Database,Approved
2026-08-12 12:00:00,Karaoke Thursdays with Rocky Barnette,2026-03-12,8p-12a,Juneau,North Pole Alehouse,music,,,system@akconcerts.com,AK Concerts Auto Import,Master Event Database,Approved
2026-08-12 12:00:00,Karaoke,2026-03-12,8p-2a,Juneau,Yukon Bar,music,,,system@akconcerts.com,AK Concerts Auto Import,Master Event Database,Approved
2026-08-12 12:00:00,Open Mic,2026-03-12,9p-11p,Juneau,Alaskan Hotel and Bar,music,,,system@akconcerts.com,AK Concerts Auto Import,Master Event Database,Approved
2026-08-12 12:00:00,Schaefer Mueller Live,2026-03-13,6p-9p,Anchorage,Susitna Brewing,music,,,system@akconcerts.com,AK Concerts Auto Import,Master Event Database,Approved
2026-08-12 12:00:00,Latin Night w/ DJ Osito,2026-03-13,10p-?,Eagle River,The International Hotel & Bar,music,,,system@akconcerts.com,AK Concerts Auto Import,Master Event Database,Approved
2026-08-12 12:00:00,Dustbowl Revival and Hot Club of Cowtown,2026-03-13,7:30p-?,Eagle River,Hering Auditorium,music,,,system@akconcerts.com,AK Concerts Auto Import,Master Event Database,Approved
2026-08-12 12:00:00,Acoustic Oosik & Wrick Luv,2026-03-13,7p-11p,Eagle River,Odd Man Rush,music,,,system@akconcerts.com,AK Concerts Auto Import,Master Event Database,Approved
2026-08-12 12:00:00,Karaoke Night,2026-03-13,7p-12a,Eagle River,Warrior Zone,music,,,system@akconcerts.com,AK Concerts Auto Import,Master Event Database,Approved
2026-08-12 12:00:00,Stand-Up Comedy w/ Geoffrey Asmus,2026-03-13,8p-10p,Eagle River,The Basement,comedy,,,system@akconcerts.com,AK Concerts Auto Import,Master Event Database,Approved
2026-08-12 12:00:00,Live Music with Cody Burch,2026-03-13,7p-9:30p,Girdwood,Kachemak Bay Recovery Connection,music,,,system@akconcerts.com,AK Concerts Auto Import,Master Event Database,Approved
2026-08-12 12:00:00,Live at the Sitz: SunDog,2026-03-13,9p-12a,Girdwood,The Sitzmark Bar & Grill,music,,,system@akconcerts.com,AK Concerts Auto Import,Master Event Database,Approved
2026-08-12 12:00:00,Live at the Sitz: SunDog,2026-03-13,9p-12a,Girdwood,Sitzmark,music,,,system@akconcerts.com,AK Concerts Auto Import,Master Event Database,Approved
2026-08-12 12:00:00,Open Mic,2026-03-13,9p-1a,Girdwood,Pioneer Bar,music,,,system@akconcerts.com,AK Concerts Auto Import,Master Event Database,Approved
2026-08-12 12:00:00,Karaoke w/ Edencraft,2026-03-13,5:30p-8p,Juneau,The Goods,music,,,system@akconcerts.com,AK Concerts Auto Import,Master Event Database,Approved
2026-08-12 12:00:00,Live Music w/ Allie Keck,2026-03-13,5p-8p,Juneau,Alaskana Social Club,music,,,system@akconcerts.com,AK Concerts Auto Import,Master Event Database,Approved
2026-08-12 12:00:00,2nd Annual Luck of the Food Trucks,2026-03-13,6p-9p,Juneau,Vintage Food Truck Park,music,,,system@akconcerts.com,AK Concerts Auto Import,Master Event Database,Approved
2026-08-12 12:00:00,Oosik Movie Night: The Last King,2026-03-13,7:30p-?,Juneau,Sheldon Community Arts Hanger,music,,,system@akconcerts.com,AK Concerts Auto Import,Master Event Database,Approved
2026-08-12 12:00:00,Juneau Big Band: Dust Off the Rust,2026-03-13,7p-10p,Juneau,Juneau Arts & Culture Center,music,,,system@akconcerts.com,AK Concerts Auto Import,Master Event Database,Approved
2026-08-12 12:00:00,Unplugged: Ken Peltier & Friends,2026-03-13,7p-10p,Juneau,Palmer Alehouse,music,,,system@akconcerts.com,AK Concerts Auto Import,Master Event Database,Approved
2026-08-12 12:00:00,Karaoke,2026-03-13,7p-11p,Juneau,American Legion Post 15,music,,,system@akconcerts.com,AK Concerts Auto Import,Master Event Database,Approved
2026-08-12 12:00:00,HarpDaddy meets Jesse James,2026-03-13,7p-11p,Juneau,Silver Fox Inn,music,,,system@akconcerts.com,AK Concerts Auto Import,Master Event Database,Approved
2026-08-12 12:00:00,Square Dance w/ the Free Radicals,2026-03-13,7p-9p,Juneau,The Creek Street Cabaret,dance,,,system@akconcerts.com,AK Concerts Auto Import,Master Event Database,Approved
2026-08-12 12:00:00,Romeo & Juliet,2026-03-13,7p-9p,Juneau,Kodiak Arts Council,music,,,system@akconcerts.com,AK Concerts Auto Import,Master Event Database,Approved
2026-08-12 12:00:00,Karaoke Night,2026-03-13,8p-11p,Juneau,Schwabenhof,music,,,system@akconcerts.com,AK Concerts Auto Import,Master Event Database,Approved
2026-08-12 12:00:00,Schaefer Mueller & The Neon Highway,2026-03-13,9p-1a,Juneau,Four Corner’s Lounge,music,,,system@akconcerts.com,AK Concerts Auto Import,Master Event Database,Approved
2026-08-12 12:00:00,SCA Kingdom of the West: Eskalya Pi Day,2026-03-14,10:30a-5p,Anchorage,Jewel Lake Parish,music,,,system@akconcerts.com,AK Concerts Auto Import,Master Event Database,Approved
2026-08-12 12:00:00,Velvet La La,2026-03-14,10:30p-2a,Anchorage,Koot’s,music,,,system@akconcerts.com,AK Concerts Auto Import,Master Event Database,Approved
2026-08-12 12:00:00,Sweet Cheeks Cabaret: Burlesque Basics Class w/ DeeDee S.Emme,2026-03-14,11a-12p,Anchorage,Studio 49,community,,,system@akconcerts.com,AK Concerts Auto Import,Master Event Database,Approved
2026-08-12 12:00:00,"NOCHE DE BANDA, Corridos Y CUMBIA",2026-03-14,11p-3a,Anchorage,Pink Cadillac,music,,,system@akconcerts.com,AK Concerts Auto Import,Master Event Database,Approved
2026-08-12 12:00:00,Heartburn Chili Cook Off,2026-03-14,12p-3p,Anchorage,Anchorage House of Harley Davidson,music,,,system@akconcerts.com,AK Concerts Auto Import,Master Event Database,Approved
2026-08-12 12:00:00,"Spenard Song Circle Annual Fundraiser Songwriter Workshop, Open Mic, & Performances by Emma Hill, Evan Phillips, & Rosie Rush",2026-03-14,2p-9p,Anchorage,The Nave Spenard,music,,,system@akconcerts.com,AK Concerts Auto Import,Master Event Database,Approved
2026-08-12 12:00:00,Spring Break with Pete Kartsounes Live,2026-03-14,3:30p-6:30p,Anchorage,Arctic Valley Ski Area,music,,,system@akconcerts.com,AK Concerts Auto Import,Master Event Database,Approved
2026-08-12 12:00:00,Fur Rondy Melodrama: Pirates of the Aleutians- Saloon Girls Gone Wild,2026-03-14,3p-5p & 7:30p-9:30p,Anchorage,49th State Brewing,music,,,system@akconcerts.com,AK Concerts Auto Import,Master Event Database,Approved
2026-08-12 12:00:00,The Good ol' Good Ones and Jacob & Ken,2026-03-14,6p-11:30,Anchorage,Blarney Stone,music,,,system@akconcerts.com,AK Concerts Auto Import,Master Event Database,Approved
2026-08-12 12:00:00,ComedySportz: All-Ages Improv Comedy,2026-03-14,6p-8:30p,Anchorage,Williwaw Social,comedy,,,system@akconcerts.com,AK Concerts Auto Import,Master Event Database,Approved
2026-08-12 12:00:00,All-Ages Annnual Spring Break Dance,2026-03-14,6p-8p,Anchorage,The Workshop,dance,,,system@akconcerts.com,AK Concerts Auto Import,Master Event Database,Approved
2026-08-12 12:00:00,Irish Food Specials & Live Irish Music w/ Bosca Ceoil,2026-03-14,6p-9p,Anchorage,49th State Brewing,music,,,system@akconcerts.com,AK Concerts Auto Import,Master Event Database,Approved
2026-08-12 12:00:00,Piano Bar Saturdays w/ MJ Riemann,2026-03-14,6p-9p,Anchorage,Gumbo House,music,,,system@akconcerts.com,AK Concerts Auto Import,Master Event Database,Approved
2026-08-12 12:00:00,Dustbowl Revival & Hot Club of Cowtown,2026-03-14,7:30p-10p,Anchorage,Alaska Center for the Performing Arts,music,,,system@akconcerts.com,AK Concerts Auto Import,Master Event Database,Approved
2026-08-12 12:00:00,Urban Kiz Dance Lesson & Social Dance,2026-03-14,7p-11p,Anchorage,Arctic Academie de Danse,dance,,,system@akconcerts.com,AK Concerts Auto Import,Master Event Database,Approved
2026-08-12 12:00:00,Rubber Ptarmigan: Frambwahaha Comedy Show,2026-03-14,7p-8:30p,Anchorage,Turnagain Brewing,comedy,,,system@akconcerts.com,AK Concerts Auto Import,Master Event Database,Approved
2026-08-12 12:00:00,Zoo Lights,2026-03-14,7p-9:30p,Anchorage,Alaska Zoo,music,,,system@akconcerts.com,AK Concerts Auto Import,Master Event Database,Approved
2026-08-12 12:00:00,Marvel: Alaska’s First Female Aviator,2026-03-14,7p-9p,Anchorage,Anchorage Community Theatre,music,,,system@akconcerts.com,AK Concerts Auto Import,Master Event Database,Approved
2026-08-12 12:00:00,Mad Myrna's Presents: Grease,2026-03-14,7p-9p,Anchorage,Mad Myrna’s,music,,,system@akconcerts.com,AK Concerts Auto Import,Master Event Database,Approved
2026-08-12 12:00:00,2026 Shamrock Shuffle,2026-03-14,8a-?,Anchorage,Beartooth Theatrepub,music,,,system@akconcerts.com,AK Concerts Auto Import,Master Event Database,Approved
2026-08-12 12:00:00,"Turbo Hell, The Ouija BeeGees, and Dreamcat",2026-03-14,8p-?,Anchorage,Van’s Dive Bar,music,,,system@akconcerts.com,AK Concerts Auto Import,Master Event Database,Approved
2026-08-12 12:00:00,"Sweet Cheeks Cabaret: Vaudeville Vibes, A Variety Show",2026-03-14,8p-10p,Anchorage,Broken Blender,music,,,system@akconcerts.com,AK Concerts Auto Import,Master Event Database,Approved
2026-08-12 12:00:00,Karaoke w/ DJ Charms,2026-03-14,8p-12a,Anchorage,Broken Blender,music,,,system@akconcerts.com,AK Concerts Auto Import,Master Event Database,Approved
2026-08-12 12:00:00,Pints & Pub Songs with Rogues & Wenches,2026-03-14,8p-1a,Anchorage,Humpy’s,music,,,system@akconcerts.com,AK Concerts Auto Import,Master Event Database,Approved
2026-08-12 12:00:00,St. PRACTICE Day Dance Party w/ DJ Militant & DJ Cross,2026-03-14,8p-2a,Anchorage,Williwaw Social,dance,,,system@akconcerts.com,AK Concerts Auto Import,Master Event Database,Approved
2026-08-12 12:00:00,DJ JRock,2026-03-14,9:30p-12a,Anchorage,Flattop Pizza & Pool,music,,,system@akconcerts.com,AK Concerts Auto Import,Master Event Database,Approved
2026-08-12 12:00:00,Dance Lessons & Social Dance,2026-03-14,9:30p-2a,Anchorage,Anchorage Social Dance Club,dance,,,system@akconcerts.com,AK Concerts Auto Import,Master Event Database,Approved
2026-08-12 12:00:00,Methodology Snowboard Event,2026-03-14,9p-?,Anchorage,Hilltop Ski Area,music,,,system@akconcerts.com,AK Concerts Auto Import,Master Event Database,Approved
2026-08-12 12:00:00,Weekly Karaoke Contest,2026-03-14,9p-1:30a,Anchorage,Oriental Garden,music,,,system@akconcerts.com,AK Concerts Auto Import,Master Event Database,Approved
2026-08-12 12:00:00,Mad Myrna's Diva Variety Show,2026-03-14,9p-11:30p,Anchorage,Mad Myrna’s,music,,,system@akconcerts.com,AK Concerts Auto Import,Master Event Database,Approved
2026-08-12 12:00:00,Live Music w/ Santoro,2026-03-14,9p-1a,Anchorage,The Carousel Lounge,music,,,system@akconcerts.com,AK Concerts Auto Import,Master Event Database,Approved
2026-08-12 12:00:00,Spenard Boiler Room XV,2026-03-14,9p-2:30a,Anchorage,Koot’s,music,,,system@akconcerts.com,AK Concerts Auto Import,Master Event Database,Approved
2026-08-12 12:00:00,Get Lucky Underwear Party w/ Bodelia James,2026-03-14,9p-2:30a,Anchorage,The Raven Bar,music,,,system@akconcerts.com,AK Concerts Auto Import,Master Event Database,Approved
2026-08-12 12:00:00,Blast From The Past,2026-03-14,9p-2:30a,Anchorage,Time Out Lounge,music,,,system@akconcerts.com,AK Concerts Auto Import,Master Event Database,Approved
2026-08-12 12:00:00,Marc Brown and The Blues Crew,2026-03-14,10p-?,Eagle River,The International Hotel & Bar,music,,,system@akconcerts.com,AK Concerts Auto Import,Master Event Database,Approved
2026-08-12 12:00:00,Missoula Children Theatre's Red Riding Hood,2026-03-14,3p-?,Eagle River,Pioneer Park Theatre,theatre,,,system@akconcerts.com,AK Concerts Auto Import,Master Event Database,Approved
2026-08-12 12:00:00,Murder on the Bayou: Mardi Gras Mystery Party,2026-03-14,5p-8p,Eagle River,Last Frontier CAC,music,,,system@akconcerts.com,AK Concerts Auto Import,Master Event Database,Approved
2026-08-12 12:00:00,Open Skate: St. Patty's The Luck of the Irish,2026-03-14,6p-8p,Eagle River,Polar Ice,music,,,system@akconcerts.com,AK Concerts Auto Import,Master Event Database,Approved
2026-08-12 12:00:00,St.Paddy's w/ Steve Brown & the Bailers,2026-03-14,7:30p-?,Eagle River,Lat 65 Brewing Co.,music,,,system@akconcerts.com,AK Concerts Auto Import,Master Event Database,Approved
2026-08-12 12:00:00,Cabaret Night: Second Saturdays at Seven,2026-03-14,7p-8:30p,Eagle River,Palace Theater,music,,,system@akconcerts.com,AK Concerts Auto Import,Master Event Database,Approved
2026-08-12 12:00:00,Stand-Up Comedy w/ Geoffrey Asmus,2026-03-14,7p-9p,Eagle River,Pakalolo Coffee Shop,comedy,,,system@akconcerts.com,AK Concerts Auto Import,Master Event Database,Approved
2026-08-12 12:00:00,The Ken Peltier Band,2026-03-14,8p-10p,Eagle River,Odd Man Rush,music,,,system@akconcerts.com,AK Concerts Auto Import,Master Event Database,Approved
2026-08-12 12:00:00,Second Saturday at the Pratt: Free Admission,2026-03-14,11a-4p,Girdwood,Pratt Museum,music,,,system@akconcerts.com,AK Concerts Auto Import,Master Event Database,Approved
2026-08-12 12:00:00,Piano Music by Sunrise Kilcher,2026-03-14,6p-8p,Girdwood,AJ’s Old Town Steakhouse & Tavern,music,,,system@akconcerts.com,AK Concerts Auto Import,Master Event Database,Approved
2026-08-12 12:00:00,Live at the Sitz: SunDog,2026-03-14,9p-12a,Girdwood,The Sitzmark Bar & Grill,music,,,system@akconcerts.com,AK Concerts Auto Import,Master Event Database,Approved
2026-08-12 12:00:00,Live at the Sitz: SunDog,2026-03-14,9p-12a,Girdwood,Sitzmark,music,,,system@akconcerts.com,AK Concerts Auto Import,Master Event Database,Approved
2026-08-12 12:00:00,Karaoke Night,2026-03-14,9p-1a,Girdwood,Pioneer Bar,music,,,system@akconcerts.com,AK Concerts Auto Import,Master Event Database,Approved
2026-08-12 12:00:00,Second Saturday St. Patrick’s Shenanigans,2026-03-14,10:30p-?,Juneau,Kodiak Market Place,music,,,system@akconcerts.com,AK Concerts Auto Import,Master Event Database,Approved
2026-08-12 12:00:00,Aurora Realms: A Gamer Convention,2026-03-14,11a-6p,Juneau,Borough Community Gym,music,,,system@akconcerts.com,AK Concerts Auto Import,Master Event Database,Approved
2026-08-12 12:00:00,Sled for Hope 2026,2026-03-14,12p-?,Juneau,Willow Community Center,music,,,system@akconcerts.com,AK Concerts Auto Import,Master Event Database,Approved
2026-08-12 12:00:00,St. Paddys Pie-Day Shenanigans w/ Moon Doggies Live,2026-03-14,2p-9p,Juneau,Valdez Brewing,music,,,system@akconcerts.com,AK Concerts Auto Import,Master Event Database,Approved
2026-08-12 12:00:00,Bug In A Rug,2026-03-14,4p-7p,Juneau,Hatcher Pass Lodge,music,,,system@akconcerts.com,AK Concerts Auto Import,Master Event Database,Approved
2026-08-12 12:00:00,St. Patrick’s Saturday w/ Live Music & Food,2026-03-14,4p-8p,Juneau,Bleeding Heart Brewery,music,,,system@akconcerts.com,AK Concerts Auto Import,Master Event Database,Approved
2026-08-12 12:00:00,St. Paddy’s Beer Choir,2026-03-14,6:30p-?,Juneau,Devil’s Club Brewing,music,,,system@akconcerts.com,AK Concerts Auto Import,Master Event Database,Approved
2026-08-12 12:00:00,Schaefer Mueller,2026-03-14,6p-9p,Juneau,Last Frontier Brewing,music,,,system@akconcerts.com,AK Concerts Auto Import,Master Event Database,Approved
2026-08-12 12:00:00,Blue Nagoon ft. Short Notice,2026-03-14,7:30p-?,Juneau,The Crystal Saloon,music,,,system@akconcerts.com,AK Concerts Auto Import,Master Event Database,Approved
2026-08-12 12:00:00,Comedy & Cocktails,2026-03-14,7:30p-?,Juneau,Breeze Inn Seward,comedy,,,system@akconcerts.com,AK Concerts Auto Import,Master Event Database,Approved
2026-08-12 12:00:00,Contra Dance w/ Full Circle,2026-03-14,7:30p-10:30p,Juneau,St. Ann’s Parish Hall,dance,,,system@akconcerts.com,AK Concerts Auto Import,Master Event Database,Approved
2026-08-12 12:00:00,The Original Artist Grind,2026-03-14,7p-?,Juneau,Sitka Performing Arts Center,music,,,system@akconcerts.com,AK Concerts Auto Import,Master Event Database,Approved
2026-08-12 12:00:00,Roland Roberts Band: Oosik Afterparty,2026-03-14,7p-?,Juneau,Sheldon Community Arts Hanger,music,,,system@akconcerts.com,AK Concerts Auto Import,Master Event Database,Approved
2026-08-12 12:00:00,Karaoke,2026-03-14,7p-11p,Juneau,American Legion Post 15,music,,,system@akconcerts.com,AK Concerts Auto Import,Master Event Database,Approved
2026-08-12 12:00:00,Glacier Blues Band,2026-03-14,7p-11p,Juneau,Silver Fox Inn,music,,,system@akconcerts.com,AK Concerts Auto Import,Master Event Database,Approved
2026-08-12 12:00:00,Romeo & Juliet,2026-03-14,7p-9p,Juneau,Kodiak Arts Council,music,,,system@akconcerts.com,AK Concerts Auto Import,Master Event Database,Approved
2026-08-12 12:00:00,Sitka EDM: Aurora Show,2026-03-14,8:30p-12a,Juneau,Odess Theater,music,,,system@akconcerts.com,AK Concerts Auto Import,Master Event Database,Approved
2026-08-12 12:00:00,Fire on McGinnis,2026-03-14,8p-11p,Juneau,Red Dog Saloon,music,,,system@akconcerts.com,AK Concerts Auto Import,Master Event Database,Approved
2026-08-12 12:00:00,The Getting Stranger,2026-03-14,8p-1a,Juneau,Fairview Inn,music,,,system@akconcerts.com,AK Concerts Auto Import,Master Event Database,Approved
2026-08-12 12:00:00,St. Patrick’s Day w/ DJ Traxx,2026-03-14,9p-?,Juneau,North Pole Alehouse,music,,,system@akconcerts.com,AK Concerts Auto Import,Master Event Database,Approved
2026-08-12 12:00:00,Schaefer Mueller & The Neon Highway,2026-03-14,9p-1a,Juneau,Four Corner’s Lounge,music,,,system@akconcerts.com,AK Concerts Auto Import,Master Event Database,Approved
2026-08-12 12:00:00,Karaoke,2026-03-14,9p-2a,Juneau,Yukon Bar,music,,,system@akconcerts.com,AK Concerts Auto Import,Master Event Database,Approved
2026-08-12 12:00:00,St. Patrick's Dance Party w/ DJ Hankerchief,2026-03-14,9p-2a,Juneau,Yukon Bar,dance,,,system@akconcerts.com,AK Concerts Auto Import,Master Event Database,Approved
2026-08-12 12:00:00,Koots Karaoke,2026-03-15,10p-2a,Anchorage,Koot’s,music,,,system@akconcerts.com,AK Concerts Auto Import,Master Event Database,Approved
2026-08-12 12:00:00,Industry Night w/ Joe Brady,2026-03-15,10p-2a,Anchorage,Pioneer Bar,music,,,system@akconcerts.com,AK Concerts Auto Import,Master Event Database,Approved
2026-08-12 12:00:00,Ales for Tails: Brunch for A Cause,2026-03-15,11a-?,Anchorage,The Wildbirch Hotel,community,,,system@akconcerts.com,AK Concerts Auto Import,Master Event Database,Approved
2026-08-12 12:00:00,MST’s Improv Dojo,2026-03-15,12:30p-2p,Anchorage,Midnight Sun Theater,music,,,system@akconcerts.com,AK Concerts Auto Import,Master Event Database,Approved
2026-08-12 12:00:00,Spring Break with Pete Kartsounes Live,2026-03-15,12:30p-3:30p,Anchorage,Arctic Valley Ski Area,music,,,system@akconcerts.com,AK Concerts Auto Import,Master Event Database,Approved
2026-08-12 12:00:00,Maslenitsa,2026-03-15,1p-4p,Anchorage,Point Waranzof,music,,,system@akconcerts.com,AK Concerts Auto Import,Master Event Database,Approved
2026-08-12 12:00:00,The Oscars Watch Party,2026-03-15,2p-?,Anchorage,Beartooth Theatrepub,music,,,system@akconcerts.com,AK Concerts Auto Import,Master Event Database,Approved
2026-08-12 12:00:00,Rousted By Bulls Live,2026-03-15,3:30p-6:30p,Anchorage,Arctic Valley Ski Area,music,,,system@akconcerts.com,AK Concerts Auto Import,Master Event Database,Approved
2026-08-12 12:00:00,Marvel: Alaska’s First Female Aviator,2026-03-15,3p-5p,Anchorage,Anchorage Community Theatre,music,,,system@akconcerts.com,AK Concerts Auto Import,Master Event Database,Approved
2026-08-12 12:00:00,Benefit Night for Tyrone Palmer,2026-03-15,4:30p-8:30p,Anchorage,VFW Post 1685,music,,,system@akconcerts.com,AK Concerts Auto Import,Master Event Database,Approved
2026-08-12 12:00:00,Country Dance Nights: Line Dancing & Swing,2026-03-15,6:30p-10p,Anchorage,Anchorage Social Dance Club,dance,,,system@akconcerts.com,AK Concerts Auto Import,Master Event Database,Approved
2026-08-12 12:00:00,Sunday Blues Jam w/ Rebel Blues Band,2026-03-15,6p-10p,Anchorage,Billiard Palace,music,,,system@akconcerts.com,AK Concerts Auto Import,Master Event Database,Approved
2026-08-12 12:00:00,Irish Food Specials & Live Irish Music w/ Andrea Childers,2026-03-15,6p-9p,Anchorage,49th State Brewing,music,,,system@akconcerts.com,AK Concerts Auto Import,Master Event Database,Approved
2026-08-12 12:00:00,Open Mic Night,2026-03-15,6p-9p,Anchorage,Susitna Brewing,music,,,system@akconcerts.com,AK Concerts Auto Import,Master Event Database,Approved
2026-08-12 12:00:00,International Cha Cha Lesson & Open Dance,2026-03-15,7:45p-10p,Anchorage,Changepoint,dance,,,system@akconcerts.com,AK Concerts Auto Import,Master Event Database,Approved
2026-08-12 12:00:00,Comedy Open Mic,2026-03-15,8:30p-10p,Anchorage,Koot’s,comedy,,,system@akconcerts.com,AK Concerts Auto Import,Master Event Database,Approved
2026-08-12 12:00:00,Open Jam with Blast From The Past,2026-03-15,8:30p-1a,Anchorage,Time Out Lounge,music,,,system@akconcerts.com,AK Concerts Auto Import,Master Event Database,Approved
2026-08-12 12:00:00,Open Mic Night,2026-03-15,8p-11p,Anchorage,Van’s Dive Bar,music,,,system@akconcerts.com,AK Concerts Auto Import,Master Event Database,Approved
2026-08-12 12:00:00,Karaoke,2026-03-15,9p-12a,Anchorage,Mad Myrna’s,music,,,system@akconcerts.com,AK Concerts Auto Import,Master Event Database,Approved
2026-08-12 12:00:00,Sunday Karaoke,2026-03-15,9p-2a,Anchorage,The Carousel Lounge,music,,,system@akconcerts.com,AK Concerts Auto Import,Master Event Database,Approved
2026-08-12 12:00:00,Stoney Comedy Brunch w/ Geoffrey Asmus,2026-03-15,12p-2p,Eagle River,Pakalolo Coffee Shop,comedy,,,system@akconcerts.com,AK Concerts Auto Import,Master Event Database,Approved
2026-08-12 12:00:00,Loteria Night,2026-03-15,5p-8p,Eagle River,Jalapeno’s Mexican Restaurant,music,,,system@akconcerts.com,AK Concerts Auto Import,Master Event Database,Approved
2026-08-12 12:00:00,St. Paddy's Day Parade!,2026-03-15,2p-3:30p,Juneau,Salmon Landing,music,,,system@akconcerts.com,AK Concerts Auto Import,Master Event Database,Approved
2026-08-12 12:00:00,Romeo & Juliet,2026-03-15,2p-4p,Juneau,Kodiak Arts Council,music,,,system@akconcerts.com,AK Concerts Auto Import,Master Event Database,Approved
2026-08-12 12:00:00,Juneau Piano Series: Andrew Brownell,2026-03-15,3p-4:30p,Juneau,Juneau Arts & Culture Center,music,,,system@akconcerts.com,AK Concerts Auto Import,Master Event Database,Approved
2026-08-12 12:00:00,Sunday Social Dancing & Lessons,2026-03-15,6p-9p,Juneau,Red Dog Saloon,music,,,system@akconcerts.com,AK Concerts Auto Import,Master Event Database,Approved
2026-08-12 12:00:00,Open Mic Night w/ Joe Williams,2026-03-15,6p-9p,Juneau,The Creek Street Cabaret,music,,,system@akconcerts.com,AK Concerts Auto Import,Master Event Database,Approved
2026-08-12 12:00:00,Karaoke,2026-03-15,8p-?,Juneau,Four Corner’s Lounge,music,,,system@akconcerts.com,AK Concerts Auto Import,Master Event Database,Approved
2026-08-12 12:00:00,Weekly Jazz Jam,2026-03-16,6:30p-9:30p,Anchorage,Fire Island Bakery @ K Street Market,music,,,system@akconcerts.com,AK Concerts Auto Import,Master Event Database,Approved
2026-08-12 12:00:00,Auditions for “Gaslight (Angel Street)”,2026-03-16,6p-?,Anchorage,Writer’s Block Bookstore & Cafe,music,,,system@akconcerts.com,AK Concerts Auto Import,Master Event Database,Approved
2026-08-12 12:00:00,Sweet Cheeks Cabaret: Burlesque Basics Class w/ DeeDee S.Emme,2026-03-16,7p-8p,Anchorage,Studio 49,community,,,system@akconcerts.com,AK Concerts Auto Import,Master Event Database,Approved
2026-08-12 12:00:00,Learn to Square Dance,2026-03-16,7p-9p,Anchorage,Anchorage Social Dance Club,dance,,,system@akconcerts.com,AK Concerts Auto Import,Master Event Database,Approved
2026-08-12 12:00:00,The Monday Mic w/ Boobs,2026-03-16,9p-12a,Anchorage,Koot’s,music,,,system@akconcerts.com,AK Concerts Auto Import,Master Event Database,Approved
2026-08-12 12:00:00,"Story Time: ""Salmon Stream""",2026-03-16,11a-?,Juneau,Kenai Chamber of Commerce &Visitor Center,community,,,system@akconcerts.com,AK Concerts Auto Import,Master Event Database,Approved
2026-08-12 12:00:00,Story Time: Salmon Stream,2026-03-16,11a-?,Juneau,Kenai Chamber of Commerce &Visitor Center,community,,,system@akconcerts.com,AK Concerts Auto Import,Master Event Database,Approved
2026-08-12 12:00:00,Friends of Mike Morgan Song Circle,2026-03-16,5p-7p,Juneau,The Goods,music,,,system@akconcerts.com,AK Concerts Auto Import,Master Event Database,Approved
2026-08-12 12:00:00,Preschool Storytime: Music,2026-03-17,10:30a-11p,Anchorage,JBER Library,music,,,system@akconcerts.com,AK Concerts Auto Import,Master Event Database,Approved
2026-08-12 12:00:00,All Ages Buckarooos Night,2026-03-17,7p-11p,Anchorage,Pink Cadillac,music,,,system@akconcerts.com,AK Concerts Auto Import,Master Event Database,Approved
2026-08-12 12:00:00,Trail Tales Storytelling Series,2026-03-17,7p-9p,Anchorage,Anchorage Museum,community,,,system@akconcerts.com,AK Concerts Auto Import,Master Event Database,Approved
2026-08-12 12:00:00,Live Irish Music from Whiskey Jacks,2026-03-17,8p-?,Anchorage,Van’s Dive Bar,music,,,system@akconcerts.com,AK Concerts Auto Import,Master Event Database,Approved
2026-08-12 12:00:00,AK Rockstar Karaoke,2026-03-17,8p-2a,Anchorage,The Carousel Lounge,music,,,system@akconcerts.com,AK Concerts Auto Import,Master Event Database,Approved
2026-08-12 12:00:00,The Eternal Cowboys,2026-03-17,9p-12a,Anchorage,Koot’s,music,,,system@akconcerts.com,AK Concerts Auto Import,Master Event Database,Approved
2026-08-12 12:00:00,Post Library Story Time,2026-03-17,11a-12p,Eagle River,Wainwright Last Community Activity Center,community,,,system@akconcerts.com,AK Concerts Auto Import,Master Event Database,Approved
2026-08-12 12:00:00,St. Patrick's Day w/ Red Hackle Band,2026-03-17,3p-?,Eagle River,The International Hotel & Bar,music,,,system@akconcerts.com,AK Concerts Auto Import,Master Event Database,Approved
2026-08-12 12:00:00,"Pedals, Pints, & Poles",2026-03-17,6p-9p,Eagle River,Lat 65 Brewing Co.,music,,,system@akconcerts.com,AK Concerts Auto Import,Master Event Database,Approved
2026-08-12 12:00:00,Anchorage Firefighters IAFF Local 1264's Pipes & Drums Band,2026-03-17,7p-?,Eagle River,Odd Man Rush,music,,,system@akconcerts.com,AK Concerts Auto Import,Master Event Database,Approved
2026-08-12 12:00:00,Storytime at the Pratt: Outstanding Otters,2026-03-17,10:30a-11:30a,Girdwood,Pratt Museum,community,,,system@akconcerts.com,AK Concerts Auto Import,Master Event Database,Approved
2026-08-12 12:00:00,Taco Tuesday's with Jim Maloney,2026-03-17,6:30p-10p,Girdwood,Justin Cole’s Down East Saloon,music,,,system@akconcerts.com,AK Concerts Auto Import,Master Event Database,Approved
2026-08-12 12:00:00,Toddler Story Time,2026-03-17,10:30a-11a,Juneau,Soldotna Library,community,,,system@akconcerts.com,AK Concerts Auto Import,Master Event Database,Approved
2026-08-12 12:00:00,Storytime at Ken’s,2026-03-17,10a-11a,Juneau,Ken’s Garden Center,community,,,system@akconcerts.com,AK Concerts Auto Import,Master Event Database,Approved
2026-08-12 12:00:00,St. Patrick's Day Dinner w/ Live Music,2026-03-17,5p-8p,Juneau,Sitka Elks #1662,music,,,system@akconcerts.com,AK Concerts Auto Import,Master Event Database,Approved
2026-08-12 12:00:00,Jesse Ruben Live,2026-03-17,7p,Juneau,Nonna’s Osteria,music,,,system@akconcerts.com,AK Concerts Auto Import,Master Event Database,Approved
2026-08-12 12:00:00,Michael Kirkpatrick,2026-03-17,8p-?,Juneau,The Crystal Saloon,music,,,system@akconcerts.com,AK Concerts Auto Import,Master Event Database,Approved
2026-08-12 12:00:00,Bear Bones & DJ Thomas Brooks,2026-03-17,8p-?,Juneau,The Creek Street Cabaret,music,,,system@akconcerts.com,AK Concerts Auto Import,Master Event Database,Approved
2026-08-12 12:00:00,Industry Night with DJ Red,2026-03-17,8p-?,Juneau,Four Corner’s Lounge,music,,,system@akconcerts.com,AK Concerts Auto Import,Master Event Database,Approved
2026-08-12 12:00:00,Jazz Jam Tuesday,2026-03-17,8p-11p,Juneau,The Crystal Saloon,music,,,system@akconcerts.com,AK Concerts Auto Import,Master Event Database,Approved
2026-08-12 12:00:00,Free Community Storytime,2026-03-18,10:30a-11a,Anchorage,Alaska Zoo,community,,,system@akconcerts.com,AK Concerts Auto Import,Master Event Database,Approved
2026-08-12 12:00:00,The Eternal Cowboys,2026-03-18,10p-1a,Anchorage,Pioneer Bar,music,,,system@akconcerts.com,AK Concerts Auto Import,Master Event Database,Approved
2026-08-12 12:00:00,Koots Karaoke,2026-03-18,10p-2a,Anchorage,Koot’s,music,,,system@akconcerts.com,AK Concerts Auto Import,Master Event Database,Approved
2026-08-12 12:00:00,International Folk Dancing,2026-03-18,6:30p-8p,Anchorage,Anchorage Social Dance Club,music,,,system@akconcerts.com,AK Concerts Auto Import,Master Event Database,Approved
2026-08-12 12:00:00,Poetry Parlay,2026-03-18,6p-8p,Anchorage,Organic Oasis,music,,,system@akconcerts.com,AK Concerts Auto Import,Master Event Database,Approved
2026-08-12 12:00:00,Community Crafting and Movie Night: Spirited Away,2026-03-18,6p-9p,Anchorage,The Art Lounge AK,community,,,system@akconcerts.com,AK Concerts Auto Import,Master Event Database,Approved
2026-08-12 12:00:00,"UAA Jazz Ensemble Presents Voices of Jazz, A Celebration of Jazz Songs",2026-03-18,7:30p-9p,Anchorage,UAA Main Stage Theatre,music,,,system@akconcerts.com,AK Concerts Auto Import,Master Event Database,Approved
2026-08-12 12:00:00,Tyrone & Friends,2026-03-18,7p-10p,Anchorage,907 Alehouse,music,,,system@akconcerts.com,AK Concerts Auto Import,Master Event Database,Approved
2026-08-12 12:00:00,Line Dance Wednesdays,2026-03-18,7p-12a,Anchorage,Pink Cadillac,dance,,,system@akconcerts.com,AK Concerts Auto Import,Master Event Database,Approved
2026-08-12 12:00:00,Country Night,2026-03-18,8p-2a,Anchorage,Koot’s,music,,,system@akconcerts.com,AK Concerts Auto Import,Master Event Database,Approved
2026-08-12 12:00:00,Karaoke,2026-03-18,9p-1a,Anchorage,Van’s Dive Bar,music,,,system@akconcerts.com,AK Concerts Auto Import,Master Event Database,Approved
2026-08-12 12:00:00,Karaoke Night with Rocky!,2026-03-18,8p-11p,Eagle River,The Spur,music,,,system@akconcerts.com,AK Concerts Auto Import,Master Event Database,Approved
2026-08-12 12:00:00,Bouncing Babes Story Time,2026-03-18,10:30a-11a,Juneau,Soldotna Library,community,,,system@akconcerts.com,AK Concerts Auto Import,Master Event Database,Approved
2026-08-12 12:00:00,The Ukulele Group,2026-03-18,3:45p-4:45p,Juneau,Inn at Creek Street,music,,,system@akconcerts.com,AK Concerts Auto Import,Master Event Database,Approved
2026-08-12 12:00:00,Karaoke Nights,2026-03-18,5:30p-8p,Juneau,The Goods,music,,,system@akconcerts.com,AK Concerts Auto Import,Master Event Database,Approved
2026-08-12 12:00:00,Open Mic,2026-03-18,7:30p-11p,Juneau,Schwabenhof,music,,,system@akconcerts.com,AK Concerts Auto Import,Master Event Database,Approved
2026-08-12 12:00:00,West Coast Sing Wednesday,2026-03-18,7:30p-9:30p,Juneau,Four Corner’s Lounge,music,,,system@akconcerts.com,AK Concerts Auto Import,Master Event Database,Approved
2026-08-12 12:00:00,Open Mic Night,2026-03-18,8p-11:30p,Juneau,The Crystal Saloon,music,,,system@akconcerts.com,AK Concerts Auto Import,Master Event Database,Approved
2026-08-12 12:00:00,Karaoke,2026-03-18,8p-11p,Juneau,Alaskan Hotel and Bar,music,,,system@akconcerts.com,AK Concerts Auto Import,Master Event Database,Approved
2026-08-12 12:00:00,Open Mic Night,2026-03-18,8p-1a,Juneau,Fairview Inn,music,,,system@akconcerts.com,AK Concerts Auto Import,Master Event Database,Approved
2026-08-12 12:00:00,Open Mic Night,2026-03-18,8p-2a,Juneau,Yukon Bar,music,,,system@akconcerts.com,AK Concerts Auto Import,Master Event Database,Approved
2026-08-12 12:00:00,Comedy Show w/ Eddie Ifft,2026-03-20,7:30p-?,Juneau,Everett’s Restaurant,comedy,,,system@akconcerts.com,AK Concerts Auto Import,Master Event Database,Approved
2026-08-12 12:00:00,Up A Mountain,2026-03-21,6p-9p,Hope,Creekbend Company,music,,,system@akconcerts.com,AK Concerts Auto Import,Master Event Database,Approved
2026-08-12 12:00:00,Karaoke Night w/ KJ Smoke,2026-07-15,8p-12a,Eagle River,Homestead Lounge,music,,https://akconcets.us20.list-manage.com/track/click?u=7bd13a48fecb63b6d795caadf&id=e982562f83&e=be0392aff7,system@akconcerts.com,AK Concerts Auto Import,Master Event Database,Approved
2026-08-12 12:00:00,Golden Heart Revue,2026-07-15,8:15p-9:15p,Fairbanks,The Palace Theater,music,,https://www.akvisit.com/palace-theatre?fbclid=IwY2xjawR7CNdleHRuA2FlbQIxMABicmlkETFZQTc5Q1NiWm16bDhNY0RZc3J0YwZhcHBfaWQQMjIyMDM5MTc4ODIwMDg5MgABHrK_LgMLEgXX7mcIrxnzr8jTJ9RaI_Lt7mvGG48tR-IMPMLVZRSzqN26Ewga_aem_RqdeQf5Ku3SEWvV41NwhHg,system@akconcerts.com,AK Concerts Auto Import,Master Event Database,Approved
2026-08-12 12:00:00,Karaoke Night with Rocky!,2026-07-15,8p-11p,Fairbanks,The Spur,music,,https://akconcets.us20.list-manage.com/track/click?u=7bd13a48fecb63b6d795caadf&id=e982562f83&e=be0392aff7,system@akconcerts.com,AK Concerts Auto Import,Master Event Database,Approved
2026-08-12 12:00:00,Open Mic Night,2026-07-15,8p-11:30p,Juneau,The Crystal Saloon,music,,https://www.facebook.com/photo/?fbid=1507990474662996&set=a.752367223558662,system@akconcerts.com,AK Concerts Auto Import,Master Event Database,Approved
2026-08-12 12:00:00,Karaoke,2026-07-15,8p-11p,Juneau,Alaskan Hotel and Bar,music,,https://www.facebook.com/BrokenBlenderAK,system@akconcerts.com,AK Concerts Auto Import,Master Event Database,Approved
2026-08-12 12:00:00,"Music on the Dock: Dave, Hannah, and Chazz",2026-07-15,12p-1p,Ketchikan,Ketchikan Dock,music,,https://www.ketchikanarts.org/programs-events/music-on-the-dock-summer-concert-series.html,system@akconcerts.com,AK Concerts Auto Import,Master Event Database,Approved
2026-08-12 12:00:00,The Ukulele Group,2026-07-15,3:45p-4:45p,Ketchikan,Inn at Creek Street,music,,https://www.ketchikanarts.org/events-performances/full-arts-calendar.html/event/2026/06/03/1780533900/the-ukelele-group-/521570,system@akconcerts.com,AK Concerts Auto Import,Master Event Database,Approved
2026-08-12 12:00:00,Mario Carboni Live,2026-07-15,5p-7p,Palmer,Bleeding Heart Brewery,music,,https://www.facebook.com/events/2217529165745705/?acontext=%7B%22event_action_history%22%3A%5b%7B%22mechanism%22%3A%22discovery_custom_tab%22%2C%22surface%22%3A%22bookmark%22%7D%5d%2C%22ref_notif_type%22%3Anull%7D,system@akconcerts.com,AK Concerts Auto Import,Master Event Database,Approved
2026-08-12 12:00:00,West Coast Sing Wednesday,2026-07-15,7:30p-9:30p,Palmer,Four Corner’s Lounge,music,,https://www.facebook.com/photo/?fbid=1411992579757709&set=gm.1053059570049116,system@akconcerts.com,AK Concerts Auto Import,Master Event Database,Approved
2026-08-12 12:00:00,Karaoke with Raunchy Rachel,2026-07-15,9p-1a,Seward,Yukon Bar,music,,https://akconcets.us20.list-manage.com/track/click?u=7bd13a48fecb63b6d795caadf&id=e982562f83&e=be0392aff7,system@akconcerts.com,AK Concerts Auto Import,Master Event Database,Approved
2026-08-12 12:00:00,Bouncing Babes Story Time,2026-07-15,10:30a-11a,Soldotna,Soldotna Library,community,,https://www.facebook.com/events/843086674966253/843086688299585/?acontext=%7B%22event_action_history%22%3A%5b%7B%22extra_data%22%3A%22%22%2C%22mechanism%22%3A%22surface%22%2C%22surface%22%3A%22permalink%22%7D%2C%7B%22extra_data%22%3A%22%22%2C%22mech,system@akconcerts.com,AK Concerts Auto Import,Master Event Database,Approved
2026-08-12 12:00:00,Levitt Amp Music Series: Kuf Knotz & Christine Elise w/ Guy Patterson Opening,2026-07-15,6p-9p,Soldotna,Soldotna Creek Park,music,,https://www.vansdivebaralaska.com/music-schedule,system@akconcerts.com,AK Concerts Auto Import,Master Event Database,Approved
2026-08-12 12:00:00,Jimmy Sandy,2026-07-15,6p-8,Talkeetna,Denali Brewing Company,music,,https://www.facebook.com/photo/?fbid=1590844869717640&set=pb.100063764251860.-2207520000,system@akconcerts.com,AK Concerts Auto Import,Master Event Database,Approved
2026-08-12 12:00:00,Open Mic,2026-07-15,7:30p-11p,Wasilla,Schwabenhof,music,,https://akconcets.us20.list-manage.com/track/click?u=7bd13a48fecb63b6d795caadf&id=2020d45d02&e=be0392aff7,system@akconcerts.com,AK Concerts Auto Import,Master Event Database,Approved
2026-08-12 12:00:00,Free Baseball Game: Chugiak-Eagle River Chinooks vs the Oilers,2026-07-16,6p-?,Chugiak,Lee Jordan Field,community,,https://www.facebook.com/events/1320416256920916/?acontext=%7B%22event_action_history%22%3A%5b%7B%22mechanism%22%3A%22discovery_custom_tab%22%2C%22surface%22%3A%22bookmark%22%7D%5d%2C%22ref_notif_type%22%3Anull%7D,system@akconcerts.com,AK Concerts Auto Import,Master Event Database,Approved
2026-08-12 12:00:00,Seth Malone Band (Request Night),2026-07-16,7p-10p,Cooper Landing,Gwin’s Lodge,music,,https://www.facebook.com/photo/?fbid=1625154909614942&set=a.954924113304695,system@akconcerts.com,AK Concerts Auto Import,Master Event Database,Approved
2026-08-12 12:00:00,Magic by Robbie Cannon,2026-07-16,12p-1p,Eagle River,Chugiak-Eagle River Library,music,,https://www.facebook.com/events/1012360481382853/,system@akconcerts.com,AK Concerts Auto Import,Master Event Database,Approved
2026-08-12 12:00:00,Dance Lessons with Shufflin Country Style,2026-07-16,8p-9p,Eagle River,Homestead Lounge,dance,,https://www.facebook.com/photo/?fbid=956976277112870&set=gm.992446826503991,system@akconcerts.com,AK Concerts Auto Import,Master Event Database,Approved
2026-08-12 12:00:00,Country Night w/ DJ AumanJoy,2026-07-16,9p-2a,Eagle River,Homestead Lounge,music,,https://www.facebook.com/HomesteadLounge,system@akconcerts.com,AK Concerts Auto Import,Master Event Database,Approved
2026-08-12 12:00:00,Open Mic Night,2026-07-16,7:30p-11:30p,Ester,Malemute Saloon & Gold Camp,music,,https://www.facebook.com/photo/?fbid=1507990474662996&set=a.752367223558662,system@akconcerts.com,AK Concerts Auto Import,Master Event Database,Approved
2026-08-12 12:00:00,Backyard Country BBQ w/ The Band Perry,2026-07-16,5-?,Fairbanks,Tanana Valley State Fair Grounds,music,,https://www.facebook.com/events/1564385905104121/?acontext=%7B%22event_action_history%22%3A%5b%7B%22mechanism%22%3A%22discovery_custom_tab%22%2C%22surface%22%3A%22bookmark%22%7D%5d%2C%22ref_notif_type%22%3Anull%7D,system@akconcerts.com,AK Concerts Auto Import,Master Event Database,Approved
2026-08-12 12:00:00,Free Youth Concert Band Rehearsals,2026-07-16,5p-6p,Fairbanks,Fairbanks Community Band Hall,music,,https://www.facebook.com/events/1521883622657906/1521883639324571/?acontext=%7B%22event_action_history%22%3A%5b%7B%22mechanism%22%3A%22surface%22%2C%22surface%22%3A%22permalink%22%7D%5d%2C%22ref_notif_type%22%3Anull%7D,system@akconcerts.com,AK Concerts Auto Import,Master Event Database,Approved
2026-08-12 12:00:00,Golden Heart Revue,2026-07-16,8:15p-9:15p,Fairbanks,The Palace Theater,music,,https://www.akvisit.com/palace-theatre?fbclid=IwY2xjawR7CNdleHRuA2FlbQIxMABicmlkETFZQTc5Q1NiWm16bDhNY0RZc3J0YwZhcHBfaWQQMjIyMDM5MTc4ODIwMDg5MgABHrK_LgMLEgXX7mcIrxnzr8jTJ9RaI_Lt7mvGG48tR-IMPMLVZRSzqN26Ewga_aem_RqdeQf5Ku3SEWvV41NwhHg,system@akconcerts.com,AK Concerts Auto Import,Master Event Database,Approved
2026-08-12 12:00:00,Open Mic Night,2026-07-16,8p-11p,Fairbanks,The Marlin,music,,https://www.facebook.com/photo/?fbid=1507990474662996&set=a.752367223558662,system@akconcerts.com,AK Concerts Auto Import,Master Event Database,Approved
2026-08-12 12:00:00,Karaoke with Angel,2026-07-16,8p-2a,Fairbanks,The International Hotel & Bar,music,,https://akconcets.us20.list-manage.com/track/click?u=7bd13a48fecb63b6d795caadf&id=e982562f83&e=be0392aff7,system@akconcerts.com,AK Concerts Auto Import,Master Event Database,Approved
2026-08-12 12:00:00,Natalie Gelman Live,2026-07-16,6p-9p,Girdwood,Gerrish Community Library,music,,https://www.facebook.com/events/988716667353734/?acontext=%7B%22event_action_history%22%3A%5b%7B%22mechanism%22%3A%22discovery_custom_tab%22%2C%22surface%22%3A%22bookmark%22%7D%5d%2C%22ref_notif_type%22%3Anull%7D,system@akconcerts.com,AK Concerts Auto Import,Master Event Database,Approved
2026-08-12 12:00:00,Natalie Gelman LIVE,2026-07-16,6p-9p,Girdwood,Jack Sprat,music,,https://www.facebook.com/events/988716667353734/?acontext=%7B%22event_action_history%22%3A%5b%7B%22mechanism%22%3A%22discovery_custom_tab%22%2C%22surface%22%3A%22bookmark%22%7D%5d%2C%22ref_notif_type%22%3Anull%7D,system@akconcerts.com,AK Concerts Auto Import,Master Event Database,Approved
2026-08-12 12:00:00,"Guided tours of the Botanical Gardens, Homestead Garden, & Forest Trails.",2026-07-16,11a-12p,Homer,Pratt Museum,music,,https://www.facebook.com/events/27331907429732951/27331907486399612/?acontext=%7B%22event_action_history%22%3A%5b%7B%22extra_data%22%3A%22%22%2C%22mechanism%22%3A%22surface%22%2C%22surface%22%3A%22permalink%22%7D%2C%7B%22extra_data%22%3A%22%22%2C%22,system@akconcerts.com,AK Concerts Auto Import,Master Event Database,Approved
2026-08-12 12:00:00,Community Jam Sessions,2026-07-16,6:30p-9p,Homer,Homer Council on the Arts,music,,https://www.facebook.com/events/987084407583120/987084464249781/?acontext=%7B%22event_action_history%22%3A%5b%7B%22extra_data%22%3A%22%22%2C%22mechanism%22%3A%22surface%22%2C%22surface%22%3A%22permalink%22%7D%2C%7B%22extra_data%22%3A%22%22%2C%22mech,system@akconcerts.com,AK Concerts Auto Import,Master Event Database,Approved
2026-08-12 12:00:00,Piano Music by Erica,2026-07-16,6p-8p,Homer,AJ’s Old Town Steakhouse & Tavern,music,,https://www.homeralaska.org/event/piano-by-sunrise-kilcher/19/,system@akconcerts.com,AK Concerts Auto Import,Master Event Database,Approved
2026-08-12 12:00:00,Our Town by Thornton Wilder,2026-07-16,7:30p-10p,Homer,Pier One Theatre,music,,https://www.facebook.com/events/1571372071056224/1571372104389554/?active_tab=about,system@akconcerts.com,AK Concerts Auto Import,Master Event Database,Approved
2026-08-12 12:00:00,"USETHEMAP, Louser, & DiscopianS",2026-07-16,7:30p-9:30p,Homer,The Porcupine Theater,music,,https://www.facebook.com/events/1030543806076472/,system@akconcerts.com,AK Concerts Auto Import,Master Event Database,Approved
2026-08-12 12:00:00,Karaoke Night,2026-07-16,9p-12:30a,Homer,Alibi Bar & Café,music,,https://akconcets.us20.list-manage.com/track/click?u=7bd13a48fecb63b6d795caadf&id=e982562f83&e=be0392aff7,system@akconcerts.com,AK Concerts Auto Import,Master Event Database,Approved
2026-08-12 12:00:00,Argentine Tango Dance Series,2026-07-16,6:30p-8:30p,Juneau,Juneau Social Dance,dance,,https://www.facebook.com/events/27462717590082205/27462717613415536/?acontext=%7B%22event_action_history%22%3A%5b%7B%22mechanism%22%3A%22surface%22%2C%22surface%22%3A%22permalink%22%7D%5d%2C%22ref_notif_type%22%3Anull%7D,system@akconcerts.com,AK Concerts Auto Import,Master Event Database,Approved
2026-08-12 12:00:00,Karaoke Night,2026-07-16,8p-12a,Juneau,The Crystal Saloon,music,,https://akconcets.us20.list-manage.com/track/click?u=7bd13a48fecb63b6d795caadf&id=e982562f83&e=be0392aff7,system@akconcerts.com,AK Concerts Auto Import,Master Event Database,Approved
2026-08-12 12:00:00,Open Mic,2026-07-16,9p-11p,Juneau,Alaskan Hotel and Bar,music,,https://akconcets.us20.list-manage.com/track/click?u=7bd13a48fecb63b6d795caadf&id=2020d45d02&e=be0392aff7,system@akconcerts.com,AK Concerts Auto Import,Master Event Database,Approved
2026-08-12 12:00:00,Milfs Night Out with Ellie Nelson,2026-07-16,7p-9p,Kenai,Skeet’s Dive Bar,music,,https://www.instagram.com/p/DaG8UJ4Bijd/,system@akconcerts.com,AK Concerts Auto Import,Master Event Database,Approved
2026-08-12 12:00:00,Music on the Dock: Evan Porter,2026-07-16,12p-1p,Ketchikan,Ketchikan Dock,music,,https://www.ketchikanarts.org/events-performances/,system@akconcerts.com,AK Concerts Auto Import,Master Event Database,Approved
2026-08-12 12:00:00,Ketchikan Arts & Humanities Council: Arts Report,2026-07-16,8:20a-8:35a,Ketchikan,105.3 FM KRBD,music,,https://www.ketchikanarts.org/events-performances/full-arts-calendar.html,system@akconcerts.com,AK Concerts Auto Import,Master Event Database,Approved
2026-08-12 12:00:00,Open Mic Night,2026-07-16,8p-10p,Ketchikan,Totem Bar,music,,https://www.facebook.com/photo/?fbid=1507990474662996&set=a.752367223558662,system@akconcerts.com,AK Concerts Auto Import,Master Event Database,Approved
2026-08-12 12:00:00,Open Mic Night,2026-07-16,TBD,McCarthy,The Golden Saloon,music,,https://www.facebook.com/photo/?fbid=1507990474662996&set=a.752367223558662,system@akconcerts.com,AK Concerts Auto Import,Master Event Database,Approved
2026-08-12 12:00:00,Karaoke Thursdays with Rocky Barnette,2026-07-16,8p-12a,North Pole,North Pole Alehouse,music,,https://akconcets.us20.list-manage.com/track/click?u=7bd13a48fecb63b6d795caadf&id=e982562f83&e=be0392aff7,system@akconcerts.com,AK Concerts Auto Import,Master Event Database,Approved
2026-08-12 12:00:00,Wayward Shot & Red Flags,2026-07-16,7p-10p,Palmer,Palmer Alehouse,music,,https://www.facebook.com/events/1859832864979762/,system@akconcerts.com,AK Concerts Auto Import,Master Event Database,Approved
2026-08-12 12:00:00,Dance Night w/ DJ Waitwat,2026-07-16,9p-2a,Seward,Yukon Bar,dance,,https://www.facebook.com/photo.php?fbid=1495877732548962&set=pb.100063802472762.-2207520000&type=3,system@akconcerts.com,AK Concerts Auto Import,Master Event Database,Approved
2026-08-12 12:00:00,Summer Reading Program: History & Archeology w/ the NPS,2026-07-16,10:30a-11:30a,Skagway,Skagway Library,community,,https://www.facebook.com/events/27438069035811649/27438069075811645/?active_tab=about,system@akconcerts.com,AK Concerts Auto Import,Master Event Database,Approved
2026-08-12 12:00:00,Preschool Storytime,2026-07-16,10:30a-11a,Soldotna,Soldotna Library,community,,https://www.facebook.com/events/26994401710190027/26994401746856690/?acontext=%7B%22event_action_history%22%3A%5b%7B%22mechanism%22%3A%22surface%22%2C%22surface%22%3A%22permalink%22%7D%5d%2C%22ref_notif_type%22%3Anull%7D,system@akconcerts.com,AK Concerts Auto Import,Master Event Database,Approved
2026-08-12 12:00:00,Mario Carboni,2026-07-16,7p-10p,Talkeetna,Mountain High Pizza Pie,music,,https://www.facebook.com/events/2217529165745705/?acontext=%7B%22event_action_history%22%3A%5b%7B%22mechanism%22%3A%22discovery_custom_tab%22%2C%22surface%22%3A%22bookmark%22%7D%5d%2C%22ref_notif_type%22%3Anull%7D,system@akconcerts.com,AK Concerts Auto Import,Master Event Database,Approved
2026-08-12 12:00:00,"Songwriters In The Round w/ Matt Hopper, Aspenyarrow, Malia Hoagland, and Dawson Gentleman",2026-07-16,6:30p-9p,Wasilla,Everett’s,music,,https://www.facebook.com/events/930046933470229/?acontext=%7B%22event_action_history%22%3A%5b%7B%22mechanism%22%3A%22discovery_custom_tab%22%2C%22surface%22%3A%22bookmark%22%7D%5d%2C%22ref_notif_type%22%3Anull%7D,system@akconcerts.com,AK Concerts Auto Import,Master Event Database,Approved
2026-08-12 12:00:00,Storytime & Songs in the Park,2026-07-17,10:30a-1:30p,Eagle River,Chugiak-Eagle River Library,community,,https://www.facebook.com/events/958920490083498/958920513416829/,system@akconcerts.com,AK Concerts Auto Import,Master Event Database,Approved
2026-08-12 12:00:00,The Cosmic Party,2026-07-17,7p-11p,Eagle River,Odd Man Rush,music,,https://www.facebook.com/events/1296701228711448/,system@akconcerts.com,AK Concerts Auto Import,Master Event Database,Approved
2026-08-12 12:00:00,DJ AumanJoy,2026-07-17,9p-2a,Eagle River,Homestead Lounge,music,,https://www.facebook.com/HomesteadLounge,system@akconcerts.com,AK Concerts Auto Import,Master Event Database,Approved
2026-08-12 12:00:00,Casey Smith Project,2026-07-17,7:30p-11:30p,Ester,Malemute Saloon & Gold Camp,music,,https://malemutesaloon.com/schedule/,system@akconcerts.com,AK Concerts Auto Import,Master Event Database,Approved
2026-08-12 12:00:00,Music Together Generations Class,2026-07-17,11:30a-12:15p,Fairbanks,Raven Landing Senior Community,music,,https://www.facebook.com/events/1698370238161849/1698370254828514/?acontext=%7B%22event_action_history%22%3A%5b%7B%22mechanism%22%3A%22surface%22%2C%22surface%22%3A%22permalink%22%7D%5d%2C%22ref_notif_type%22%3Anull%7D,system@akconcerts.com,AK Concerts Auto Import,Master Event Database,Approved
2026-08-12 12:00:00,Boy Bands vs Girl Bands Open Skate,2026-07-17,4p-5:30p,Fairbanks,Polar Ice,music,,https://www.akconcerts.com/bands,system@akconcerts.com,AK Concerts Auto Import,Master Event Database,Approved
2026-08-12 12:00:00,6th Annual Pioneer Park Wine Mixer & Salmon Jam,2026-07-17,5:30p-10:30p,Fairbanks,Alaska Salmon Bake,music,,https://www.facebook.com/events/1407969337831597,system@akconcerts.com,AK Concerts Auto Import,Master Event Database,Approved
2026-08-12 12:00:00,Mamma Mia Open Skate,2026-07-17,6p-8p,Fairbanks,Polar Ice,music,,https://www.facebook.com/events/1330673068580289/,system@akconcerts.com,AK Concerts Auto Import,Master Event Database,Approved
2026-08-12 12:00:00,Golden Heart Revue,2026-07-17,8:15p-9:15p,Fairbanks,The Palace Theater,music,,https://www.akvisit.com/palace-theatre?fbclid=IwY2xjawR7CNdleHRuA2FlbQIxMABicmlkETFZQTc5Q1NiWm16bDhNY0RZc3J0YwZhcHBfaWQQMjIyMDM5MTc4ODIwMDg5MgABHrK_LgMLEgXX7mcIrxnzr8jTJ9RaI_Lt7mvGG48tR-IMPMLVZRSzqN26Ewga_aem_RqdeQf5Ku3SEWvV41NwhHg,system@akconcerts.com,AK Concerts Auto Import,Master Event Database,Approved
2026-08-12 12:00:00,Bag Lady Sue,2026-07-17,8p-2a,Fairbanks,The International Hotel & Bar,music,,https://www.facebook.com/events/1203288841697416/?acontext=%7B%22event_action_history%22%3A%5b%7B%22mechanism%22%3A%22discovery_custom_tab%22%2C%22surface%22%3A%22bookmark%22%7D%5d%2C%22ref_notif_type%22%3Anull%7D,system@akconcerts.com,AK Concerts Auto Import,Master Event Database,Approved
2026-08-12 12:00:00,Open Mic Night,2026-07-17,9p-1a,Haines,Pioneer Bar,music,,https://www.facebook.com/photo/?fbid=1507990474662996&set=a.752367223558662,system@akconcerts.com,AK Concerts Auto Import,Master Event Database,Approved
2026-08-12 12:00:00,Acoustic Oosik,2026-07-17,10p-2a,Homer,Kharacters Alaskan Bar,music,,https://www.facebook.com/kharacters.bar,system@akconcerts.com,AK Concerts Auto Import,Master Event Database,Approved
2026-08-12 12:00:00,Ivan Dennis Live,2026-07-17,6p-10p,Homer,Homestead Restaurant,music,,https://www.facebook.com/events/697165803418202/,system@akconcerts.com,AK Concerts Auto Import,Master Event Database,Approved
2026-08-12 12:00:00,Our Town by Thornton Wilder,2026-07-17,7:30p-10p,Homer,Pier One Theatre,music,,https://www.facebook.com/events/1571372071056224/1571372104389554/?active_tab=about,system@akconcerts.com,AK Concerts Auto Import,Master Event Database,Approved
2026-08-12 12:00:00,"The National Parks, Sam Burchfield & Bre Kennedy",2026-07-17,11a-2p,Hope,Creekbend Co.,music,,https://www.creekbendco.com/event,system@akconcerts.com,AK Concerts Auto Import,Master Event Database,Approved
2026-08-12 12:00:00,Anson Eggerss,2026-07-17,6p-10p,Hope,Dirty Skillet,music,,https://www.dirtyskillet.com/music,system@akconcerts.com,AK Concerts Auto Import,Master Event Database,Approved
2026-08-12 12:00:00,Rugby Night,2026-07-17,6:30p-8:30p,Juneau,Juneau-Douglas High School,music,,https://www.facebook.com/events/1227911459242350/1227911472575682/?acontext=%7B%22event_action_history%22%3A%5b%7B%22extra_data%22%3A%22%22%2C%22mechanism%22%3A%22surface%22%2C%22surface%22%3A%22permalink%22%7D%2C%7B%22extra_data%22%3A%22%22%2C%22me,system@akconcerts.com,AK Concerts Auto Import,Master Event Database,Approved
2026-08-12 12:00:00,Rainforest Romp Contra Dance Weekend,2026-07-17,7:30p-10:30p,Juneau,St. Anne’s Parish Hall,dance,,https://www.facebook.com/events/914692727804915,system@akconcerts.com,AK Concerts Auto Import,Master Event Database,Approved
2026-08-12 12:00:00,Studio 54 x GiGi: Gigi'd Birthday Drag Show & Dance,2026-07-17,8p-?,Juneau,Alaskan Hotel and Bar,comedy,,https://www.facebook.com/events/2060905101129143/?acontext=%7B%22event_action_history%22%3A%5b%7B%22mechanism%22%3A%22discovery_custom_tab%22%2C%22surface%22%3A%22bookmark%22%7D%5d%2C%22ref_notif_type%22%3Anull%7D,system@akconcerts.com,AK Concerts Auto Import,Master Event Database,Approved
2026-08-12 12:00:00,American Peasants,2026-07-17,7p-11p,Kenai,Vagabond Inn,music,,https://www.facebook.com/profile.php?id=100057161362056,system@akconcerts.com,AK Concerts Auto Import,Master Event Database,Approved
2026-08-12 12:00:00,Live Music w/ Guy Patterson,2026-07-17,9p-?,Kenai,Skeet’s Dive Bar,music,,https://www.vansdivebaralaska.com/music-schedule,system@akconcerts.com,AK Concerts Auto Import,Master Event Database,Approved
2026-08-12 12:00:00,2026 Fish Pirate`s Daughter,2026-07-17,7p-9:30p,Ketchikan,Ted Ferry Civic Center,music,,https://firstcityplayers.org/buy-tickets-%5Bvbo%5D,system@akconcerts.com,AK Concerts Auto Import,Master Event Database,Approved
2026-08-12 12:00:00,Original Alternative Pop w/ Abby London,2026-07-17,7p-9p,Ketchikan,The Creek Street Cabaret,music,,https://www.facebook.com/events/1373023591372973/,system@akconcerts.com,AK Concerts Auto Import,Master Event Database,Approved
2026-08-12 12:00:00,Live Music in the Café,2026-07-17,7p-9p,Ketchikan,The New York Café,music,,https://www.ketchikanarts.org/events-performances/,system@akconcerts.com,AK Concerts Auto Import,Master Event Database,Approved
2026-08-12 12:00:00,Justin Morris & Company,2026-07-17,7p-12a,Kodiak,The Rendezvous,music,,https://www.kodiakrendezvous.com/live-music,system@akconcerts.com,AK Concerts Auto Import,Master Event Database,Approved
2026-08-12 12:00:00,Red Flags Live,2026-07-17,TBD,McCarthy,The Golden Saloon,music,,https://www.mccarthylodge.com/mccarthy-events/,system@akconcerts.com,AK Concerts Auto Import,Master Event Database,Approved
2026-08-12 12:00:00,Friday Fling Live Music w/ Mantra Luna & Sergio Adams,2026-07-17,11a-6p,Palmer,Downtown Palmer,music,,https://www.facebook.com/FridayFlings,system@akconcerts.com,AK Concerts Auto Import,Master Event Database,Approved
2026-08-12 12:00:00,ABBAlaska,2026-07-17,7p-10p,Palmer,Palmer Alehouse,music,,https://www.facebook.com/events/1557927062622857/,system@akconcerts.com,AK Concerts Auto Import,Master Event Database,Approved
2026-08-12 12:00:00,Karaoke,2026-07-17,7p-11p,Palmer,American Legion Post 15,music,,https://www.facebook.com/BrokenBlenderAK,system@akconcerts.com,AK Concerts Auto Import,Master Event Database,Approved
2026-08-12 12:00:00,Live Music w/ JD Cox,2026-07-17,TBD,Seldovia,Linwood Bar & Grill,music,,https://www.linwoodbar.com/events/,system@akconcerts.com,AK Concerts Auto Import,Master Event Database,Approved
2026-08-12 12:00:00,Storytime & Craft Activities,2026-07-17,12:30p-1p,Seward,Seward Community Library & Museum,community,,https://www.facebook.com/events/1596397651615519/1596397678282183/?acontext=%7B%22event_action_history%22%3A%5b%7B%22mechanism%22%3A%22surface%22%2C%22surface%22%3A%22permalink%22%7D%5d%2C%22ref_notif_type%22%3Anull%7D,system@akconcerts.com,AK Concerts Auto Import,Master Event Database,Approved
2026-08-12 12:00:00,Live Music w/ Kuf Knotz & Christine Elise,2026-07-17,6:30p-9:30p,Seward,Flamingo Lounge,music,,,system@akconcerts.com,AK Concerts Auto Import,Master Event Database,Approved
2026-08-12 12:00:00,Nikki & The Skyrockets w/ UseTheMap & Louser,2026-07-17,9p-2a,Seward,Yukon Bar,music,,https://www.facebook.com/events/1736922737338830,system@akconcerts.com,AK Concerts Auto Import,Master Event Database,Approved
2026-08-12 12:00:00,"Divas, Drinks, & Dancing w/ Red Onion Saloon",2026-07-17,9p-?,Soldotna,Red Onion Saloon,music,,https://www.facebook.com/photo/?fbid=1605527931578537&set=pcb.1605529138245083,system@akconcerts.com,AK Concerts Auto Import,Master Event Database,Approved
2026-08-12 12:00:00,Owen Macdonald Live,2026-07-17,9p-1a,Soldotna,The Duck Inn,music,,https://www.facebook.com/photo?fbid=1654167456714555&set=a.502707521860560,system@akconcerts.com,AK Concerts Auto Import,Master Event Database,Approved
2026-08-12 12:00:00,Good Company,2026-07-17,6p-9p,Sterling,Naptowne Brewing Company,music,,https://www.facebook.com/photo.php?fbid=1350898113758213&set=pb.100065141125889.-2207520000&type=3,system@akconcerts.com,AK Concerts Auto Import,Master Event Database,Approved
2026-08-12 12:00:00,Live At Five Summer Concerts: John Roberts Y Pan Blanco,2026-07-17,5p-7p,Talkeetna,Talkeetna Village Park,music,,https://fairviewtalkeetna.com/pages/live-music,system@akconcerts.com,AK Concerts Auto Import,Master Event Database,Approved
2026-08-12 12:00:00,Mario Carboni,2026-07-17,7p-10p,Talkeetna,Mountain High Pizza Pie,music,,https://www.facebook.com/events/2217529165745705/?acontext=%7B%22event_action_history%22%3A%5b%7B%22mechanism%22%3A%22discovery_custom_tab%22%2C%22surface%22%3A%22bookmark%22%7D%5d%2C%22ref_notif_type%22%3Anull%7D,system@akconcerts.com,AK Concerts Auto Import,Master Event Database,Approved
2026-08-12 12:00:00,Blackwater Railroad Company w/ Sunflower Season,2026-07-17,7p-11p,Talkeetna,Fairview Inn,music,,https://www.facebook.com/events/2276668402739076/?acontext=%7B%22event_action_history%22%3A%5b%7B%22mechanism%22%3A%22discovery_custom_tab%22%2C%22surface%22%3A%22bookmark%22%7D%5d%2C%22ref_notif_type%22%3Anull%7D,system@akconcerts.com,AK Concerts Auto Import,Master Event Database,Approved
2026-08-12 12:00:00,John Roberts y Pan Blanco,2026-07-17,9p-1a,Talkeetna,Fairview Inn,music,,https://fairviewtalkeetna.com/pages/live-music,system@akconcerts.com,AK Concerts Auto Import,Master Event Database,Approved
2026-08-12 12:00:00,Live Music w/ Scott Helle,2026-07-17,6p-9p,Wasilla,Alaskana Social Club,music,,https://www.facebook.com/events/1383414717013836/?acontext=%7B%22event_action_history%22%3A%5b%7B%22mechanism%22%3A%22discovery_custom_tab%22%2C%22surface%22%3A%22bookmark%22%7D%5d%2C%22ref_notif_type%22%3Anull%7D,system@akconcerts.com,AK Concerts Auto Import,Master Event Database,Approved
2026-08-12 12:00:00,Karaoke Night,2026-07-17,8p-11p,Wasilla,Schwabenhof,music,,https://akconcets.us20.list-manage.com/track/click?u=7bd13a48fecb63b6d795caadf&id=e982562f83&e=be0392aff7,system@akconcerts.com,AK Concerts Auto Import,Master Event Database,Approved
2026-08-12 12:00:00,Electric Sands 2026 Music Festival,2026-07-17,8p-5a,Wasilla,Smith Drive,festival,,https://www.eventbrite.com/e/dystraxion-presents-electric-sands-2026-tickets-1563880391349?aff=ehometext,system@akconcerts.com,AK Concerts Auto Import,Master Event Database,Approved
2026-08-12 12:00:00,Tru Rhythm Entertainment: You Got Served,2026-07-18,10p-2a,Anchorage,Koot's,music,,https://www.facebook.com/events/1564384791686660/?acontext=%7B%22event_action_history%22%3A%5b%7B%22surface%22%3A%22search%22%7D%2C%7B%22mechanism%22%3A%22attachment%22%2C%22surface%22%3A%22newsfeed%22%7D%5d%2C%22ref_notif_type%22%3Anull%7D,system@akconcerts.com,AK Concerts Auto Import,Master Event Database,Approved
2026-08-12 12:00:00,Tru Rhythm Entertainment: You Got Served,2026-07-18,10p-2a,Anchorage,Koots,music,,https://www.facebook.com/events/1564384791686660/?acontext=%7B%22event_action_history%22%3A%5b%7B%22surface%22%3A%22search%22%7D%2C%7B%22mechanism%22%3A%22attachment%22%2C%22surface%22%3A%22newsfeed%22%7D%5d%2C%22ref_notif_type%22%3Anull%7D,system@akconcerts.com,AK Concerts Auto Import,Master Event Database,Approved
2026-08-12 12:00:00,Live Music at the Market,2026-07-18,11a-5p,Anchorage,Anchorage Weekend Market,music,,https://www.facebook.com/AnchorageWeekendDowntownMarket,system@akconcerts.com,AK Concerts Auto Import,Master Event Database,Approved
2026-08-12 12:00:00,Latin Night w/ DJ Mile,2026-07-18,11p-3a,Anchorage,Pink Cadillac,music,,https://www.facebook.com/events/909196661488345,system@akconcerts.com,AK Concerts Auto Import,Master Event Database,Approved
2026-08-12 12:00:00,Canicross Meetup,2026-07-18,12p-?,Anchorage,Kincaid Park,community,,https://www.facebook.com/events/4758077921092580/?acontext=%7B%22event_action_history%22%3A%5b%7B%22mechanism%22%3A%22discovery_custom_tab%22%2C%22surface%22%3A%22bookmark%22%7D%5d%2C%22ref_notif_type%22%3Anull%7D,system@akconcerts.com,AK Concerts Auto Import,Master Event Database,Approved
2026-08-12 12:00:00,Hooligan Fest: All Ages Music & Arts Festival,2026-07-18,12p-10:30p,Anchorage,Delaney Park Strip,festival,,https://www.facebook.com/events/delaney-park-strip/hooligan-fest-all-ages-music-arts-festival/1537946304633059/,system@akconcerts.com,AK Concerts Auto Import,Master Event Database,Approved
2026-08-12 12:00:00,Jazz on the Lawn w/ Alaska Jazz Workshop,2026-07-18,12p-2p,Anchorage,Anchorage Museum,music,,https://www.facebook.com/events/27022389210733263/27022389244066593/?acontext=%7B%22event_action_history%22%3A%5b%7B%22mechanism%22%3A%22surface%22%2C%22surface%22%3A%22permalink%22%7D%5d%2C%22ref_notif_type%22%3Anull%7D,system@akconcerts.com,AK Concerts Auto Import,Master Event Database,Approved
2026-08-12 12:00:00,Summer Outdoor Market,2026-07-18,12p-6p,Anchorage,Double Shovel Cider Co.,community,,https://www.facebook.com/events/1295749335879398/?acontext=%7B%22event_action_history%22%3A%5b%7B%22mechanism%22%3A%22discovery_custom_tab%22%2C%22surface%22%3A%22bookmark%22%7D%5d%2C%22ref_notif_type%22%3Anull%7D,system@akconcerts.com,AK Concerts Auto Import,Master Event Database,Approved
2026-08-12 12:00:00,Rock The Hill Music Festival,2026-07-18,1p-10p,Anchorage,Hilltop Ski Area,festival,,https://www.facebook.com/events/3197353453797961,system@akconcerts.com,AK Concerts Auto Import,Master Event Database,Approved
2026-08-12 12:00:00,907 Pro Wrestling: MidSummer Meltdown,2026-07-18,3p-6p,Anchorage,Arctic Rec Center,music,,https://www.facebook.com/events/1673335720597069/?acontext=%7B%22event_action_history%22%3A%5b%7B%22mechanism%22%3A%22discovery_custom_tab%22%2C%22surface%22%3A%22bookmark%22%7D%5d%2C%22ref_notif_type%22%3Anull%7D,system@akconcerts.com,AK Concerts Auto Import,Master Event Database,Approved
2026-08-12 12:00:00,"ABC Rooftop Dance Party w/ Rachel Monae, Bodelia James, Kizmet, & LSGNA",2026-07-18,4p-9p,Anchorage,Anchorage Brewing Company,dance,,https://www.eventbrite.com/e/potassium-productions-anchorage-brewing-company-rooftop-takeover-tickets-1992559875225?aff=ehometext,system@akconcerts.com,AK Concerts Auto Import,Master Event Database,Approved
2026-08-12 12:00:00,Garden Grooves: Music in the Beer Garden,2026-07-18,5p-7p,Anchorage,49th State Brewery,music,,https://www.facebook.com/photo/?fbid=1267333412235644&set=gm.1017207420732481,system@akconcerts.com,AK Concerts Auto Import,Master Event Database,Approved
2026-08-12 12:00:00,Hot Honey Burlesque Show w/ Mayven Missbehavin' & Bird of Paradse,2026-07-18,5p-7p,Anchorage,49th State Brewery,music,,https://tickets.centertix.com/eventperformances.asp?evt=2169&_gl=1%2Aj4kn97%2A_gcl_au%2AMTIzMTQ2MTU0NC4xNzc5ODk2NjM1&fbclid=IwY2xjawTDpYFleHRuA2FlbQIxMABicmlkETFKektHaGdzWmpsbnAzZHVxc3J0YwZhcHBfaWQQMjIyMDM5MTc4ODIwMDg5MgABHqJAOHFIZ5qzU4p8nroy-RSHX,system@akconcerts.com,AK Concerts Auto Import,Master Event Database,Approved
2026-08-12 12:00:00,Pop Piano Bar w/ MJ Riemann,2026-07-18,6p-9p,Anchorage,Gumbo House,music,,https://www.facebook.com/photo/?fbid=1556274459834673&set=a.500137705448359,system@akconcerts.com,AK Concerts Auto Import,Master Event Database,Approved
2026-08-12 12:00:00,"Halloween in July: Ghouls Gone Wild w/ The Robotz, Epic!, DJ Militant, DJ Akira, & DJ Dev",2026-07-18,7:30p-2:30a,Anchorage,Koot’s,music,,https://www.facebook.com/events/2068671713861422/?acontext=%7B%22event_action_history%22%3A%5b%7B%22mechanism%22%3A%22discovery_custom_tab%22%2C%22surface%22%3A%22bookmark%22%7D%5d%2C%22ref_notif_type%22%3Anull%7D,system@akconcerts.com,AK Concerts Auto Import,Master Event Database,Approved
2026-08-12 12:00:00,Dance Social,2026-07-18,7p-11p,Anchorage,Anchorage Social Dance Club,dance,,https://www.facebook.com/35PlusClub/posts/pfbid0P3DAjVBjcJUeKMh6BHeyzaw1okomixpw7yhapb7nfusfQXpb7YpEiaVj83rNxeA8l,system@akconcerts.com,AK Concerts Auto Import,Master Event Database,Approved
2026-08-12 12:00:00,"Fine, Great & Sunflower Season",2026-07-18,8p-?,Anchorage,Bernie’s Bungalow Lounge,music,,https://www.instagram.com/p/Dax5hDuhv2Q/,system@akconcerts.com,AK Concerts Auto Import,Master Event Database,Approved
2026-08-12 12:00:00,Karaoke w/ DJ Charms,2026-07-18,8p-12a,Anchorage,Broken Blender,music,,https://www.facebook.com/BrokenBlenderAK,system@akconcerts.com,AK Concerts Auto Import,Master Event Database,Approved
2026-08-12 12:00:00,Muldoon Community Market,2026-07-18,9:30a-3p,Anchorage,Muldoon Chanshtnu Park,community,,https://www.facebook.com/events/942322318857990/942322338857988/?acontext=%7B%22event_action_history%22%3A%5b%7B%22extra_data%22%3A%22%22%2C%22mechanism%22%3A%22surface%22%2C%22surface%22%3A%22permalink%22%7D%2C%7B%22extra_data%22%3A%22%22%2C%22mech,system@akconcerts.com,AK Concerts Auto Import,Master Event Database,Approved
2026-08-12 12:00:00,DJ JRock,2026-07-18,9:30p-12a,Anchorage,Flattop Pizza & Pool,music,,https://www.facebook.com/photo.php?fbid=1432955235502986&set=pb.100063655689037.-2207520000&type=3,system@akconcerts.com,AK Concerts Auto Import,Master Event Database,Approved
2026-08-12 12:00:00,Live Music w/ John J. Roberts Y Pan Blanco,2026-07-18,9:30p-1a,Anchorage,Humpy’s,music,,https://www.facebook.com/events/1061042166453984/,system@akconcerts.com,AK Concerts Auto Import,Master Event Database,Approved
2026-08-12 12:00:00,Weekly Karaoke Contest,2026-07-18,9p-1:30a,Anchorage,Oriental Garden,music,,https://www.facebook.com/Orientalgardenbestchinese,system@akconcerts.com,AK Concerts Auto Import,Master Event Database,Approved
2026-08-12 12:00:00,Mad Myrna's Diva Variety Show,2026-07-18,9p-11:30p,Anchorage,Mad Myrna’s,music,,https://madmyrnas.com/events,system@akconcerts.com,AK Concerts Auto Import,Master Event Database,Approved
2026-08-12 12:00:00,Nikki & The Skyrockets (from NJ),2026-07-18,9p-1a,Anchorage,The Carousel Lounge,music,,https://www.carouselalaska.com/events,system@akconcerts.com,AK Concerts Auto Import,Master Event Database,Approved
2026-08-12 12:00:00,"UseTheMap, The Nameless, & Louser",2026-07-18,9p-1a,Anchorage,Van’s Dive Bar,music,,https://www.vansdivebaralaska.com/music-schedule,system@akconcerts.com,AK Concerts Auto Import,Master Event Database,Approved
2026-08-12 12:00:00,Blast From The Past,2026-07-18,9p-2:30a,Anchorage,Time Out Lounge,music,,https://www.facebook.com/photo?fbid=10211867422076197&set=pcb.10211867422276202,system@akconcerts.com,AK Concerts Auto Import,Master Event Database,Approved
2026-08-12 12:00:00,Storytime & Crafternoon,2026-07-18,1p-3p,Barrow,Tuzzy Consortium Library,community,,https://www.facebook.com/TuzzyConsortiumLibrary/,system@akconcerts.com,AK Concerts Auto Import,Master Event Database,Approved
2026-08-12 12:00:00,Ken Peltier Band,2026-07-18,6:30p-10p,Cooper Landing,Cooper Landing Brewing,music,,https://www.eventbrite.com/e/ken-peltier-band-tickets-1985756827125?aff=ehometext,system@akconcerts.com,AK Concerts Auto Import,Master Event Database,Approved
2026-08-12 12:00:00,Ester Fest 2026,2026-07-18,2p-10p,Ester,Ester Community Park,festival,,https://www.facebook.com/events/2394765841034268/?acontext=%7B%22event_action_history%22%3A%5b%7B%22mechanism%22%3A%22discovery_custom_tab%22%2C%22surface%22%3A%22bookmark%22%7D%5d%2C%22ref_notif_type%22%3Anull%7D,system@akconcerts.com,AK Concerts Auto Import,Master Event Database,Approved
2026-08-12 12:00:00,Back Street Social Club,2026-07-18,7:30p-11:30p,Ester,Malemute Saloon & Gold Camp,music,,https://malemutesaloon.com/schedule/,system@akconcerts.com,AK Concerts Auto Import,Master Event Database,Approved
2026-08-12 12:00:00,Golden Days Kick Off Pet Adoption Event,2026-07-18,12p-6p,Fairbanks,Humble Roots Beer Project,music,,https://www.facebook.com/events/2042889772998254/?acontext=%7B%22event_action_history%22%3A%5b%7B%22mechanism%22%3A%22discovery_custom_tab%22%2C%22surface%22%3A%22bookmark%22%7D%5d%2C%22ref_notif_type%22%3Anull%7D,system@akconcerts.com,AK Concerts Auto Import,Master Event Database,Approved
2026-08-12 12:00:00,Katseye Vs Black Pink Open Skate,2026-07-18,5:30p-7:30p,Fairbanks,Polar Ice,music,,https://www.facebook.com/events/1016265284661234/,system@akconcerts.com,AK Concerts Auto Import,Master Event Database,Approved
2026-08-12 12:00:00,Crazy Train: America's Ozzy Osbourne Experience,2026-07-18,5p-8p,Fairbanks,The Spur,music,,https://www.facebook.com/events/2241280099741148/?acontext=%7B%22event_action_history%22%3A%5b%7B%22mechanism%22%3A%22discovery_custom_tab%22%2C%22surface%22%3A%22bookmark%22%7D%5d%2C%22ref_notif_type%22%3Anull%7D,system@akconcerts.com,AK Concerts Auto Import,Master Event Database,Approved
2026-08-12 12:00:00,Golden Gays Y2K Drag Show,2026-07-18,7p-11:45p,Fairbanks,The Last Round Up Steak House,comedy,,https://www.facebook.com/events/1743917077051634/?acontext=%7B%22event_action_history%22%3A%5b%7B%22mechanism%22%3A%22discovery_custom_tab%22%2C%22surface%22%3A%22bookmark%22%7D%5d%2C%22ref_notif_type%22%3Anull%7D,system@akconcerts.com,AK Concerts Auto Import,Master Event Database,Approved
2026-08-12 12:00:00,Golden Heart Revue,2026-07-18,8:15p-9:15p,Fairbanks,The Palace Theater,music,,https://www.akvisit.com/palace-theatre?fbclid=IwY2xjawR7CNdleHRuA2FlbQIxMABicmlkETFZQTc5Q1NiWm16bDhNY0RZc3J0YwZhcHBfaWQQMjIyMDM5MTc4ODIwMDg5MgABHrK_LgMLEgXX7mcIrxnzr8jTJ9RaI_Lt7mvGG48tR-IMPMLVZRSzqN26Ewga_aem_RqdeQf5Ku3SEWvV41NwhHg,system@akconcerts.com,AK Concerts Auto Import,Master Event Database,Approved
2026-08-12 12:00:00,Bag Lady Sue,2026-07-18,8p-2a,Fairbanks,The International Hotel & Bar,music,,https://www.facebook.com/events/1203288841697416/?acontext=%7B%22event_action_history%22%3A%5b%7B%22mechanism%22%3A%22discovery_custom_tab%22%2C%22surface%22%3A%22bookmark%22%7D%5d%2C%22ref_notif_type%22%3Anull%7D,system@akconcerts.com,AK Concerts Auto Import,Master Event Database,Approved
2026-08-12 12:00:00,Karaoke Night,2026-07-18,9p-1a,Haines,Pioneer Bar,music,,https://akconcets.us20.list-manage.com/track/click?u=7bd13a48fecb63b6d795caadf&id=e982562f83&e=be0392aff7,system@akconcerts.com,AK Concerts Auto Import,Master Event Database,Approved
2026-08-12 12:00:00,Guy Patterson,2026-07-18,10p-2a,Homer,Kharacters Alaskan Bar,music,,https://www.vansdivebaralaska.com/music-schedule,system@akconcerts.com,AK Concerts Auto Import,Master Event Database,Approved
2026-08-12 12:00:00,"Guided tours of the Botanical Gardens, Homestead Garden, & Forest Trails.",2026-07-18,11a-12p,Homer,Pratt Museum,music,,https://www.facebook.com/events/27331907429732951/27331907486399612/?acontext=%7B%22event_action_history%22%3A%5b%7B%22extra_data%22%3A%22%22%2C%22mechanism%22%3A%22surface%22%2C%22surface%22%3A%22permalink%22%7D%2C%7B%22extra_data%22%3A%22%22%2C%22,system@akconcerts.com,AK Concerts Auto Import,Master Event Database,Approved
2026-08-12 12:00:00,Piano Music by Sunrise Kilcher,2026-07-18,6p-8p,Homer,AJ’s Old Town Steakhouse & Tavern,music,,https://www.homeralaska.org/event/piano-by-sunrise-kilcher/19/,system@akconcerts.com,AK Concerts Auto Import,Master Event Database,Approved
2026-08-12 12:00:00,Our Town by Thornton Wilder,2026-07-18,7:30p-10p,Homer,Pier One Theatre,music,,https://www.facebook.com/events/1571372071056224/1571372104389554/?active_tab=about,system@akconcerts.com,AK Concerts Auto Import,Master Event Database,Approved
2026-08-12 12:00:00,"The National Parks, Sam Burchfield & Bre Kennedy",2026-07-18,11a-2p,Hope,Creekbend Co.,music,,https://www.creekbendco.com/event,system@akconcerts.com,AK Concerts Auto Import,Master Event Database,Approved
2026-08-12 12:00:00,Anson Eggerss,2026-07-18,6p-10p,Hope,Dirty Skillet,music,,https://www.dirtyskillet.com/music,system@akconcerts.com,AK Concerts Auto Import,Master Event Database,Approved
2026-08-12 12:00:00,"Pancake Feed, Cake Walk, & Puzzle Competition",2026-07-18,8:30a-6p,Hope,Hope Social Hall,music,,https://hopewagonrun.com/weekend-events/,system@akconcerts.com,AK Concerts Auto Import,Master Event Database,Approved
2026-08-12 12:00:00,Andy Koch's Badd Dog Blues Society,2026-07-18,7:30p-10p,Juneau,Alaskan Hotel and Bar,music,,https://www.facebook.com/events/1367675531957665/?acontext=%7B%22event_action_history%22%3A%5b%7B%22mechanism%22%3A%22discovery_custom_tab%22%2C%22surface%22%3A%22bookmark%22%7D%5d%2C%22ref_notif_type%22%3Anull%7D,system@akconcerts.com,AK Concerts Auto Import,Master Event Database,Approved
2026-08-12 12:00:00,Rainforest Romp Contra Dance Weekend,2026-07-18,8p-11p,Juneau,St. Anne’s Parish Hall,dance,,https://www.facebook.com/events/914692727804915,system@akconcerts.com,AK Concerts Auto Import,Master Event Database,Approved
2026-08-12 12:00:00,The Return Of Astronomar Ft. Sa'Moona,2026-07-18,9p-?,Juneau,The Crystal Saloon,music,,https://www.facebook.com/photo?fbid=1002054442428677&set=a.160104659956997,system@akconcerts.com,AK Concerts Auto Import,Master Event Database,Approved
2026-08-12 12:00:00,Seth Freeman,2026-07-18,8p-11p,Kenai,Vagabond Inn,music,,https://www.facebook.com/profile.php?id=100057161362056,system@akconcerts.com,AK Concerts Auto Import,Master Event Database,Approved
2026-08-12 12:00:00,Live Music w/ Seth Malone,2026-07-18,9p-?,Kenai,Skeet’s Dive Bar,music,,https://www.facebook.com/photo/?fbid=1625154909614942&set=a.954924113304695,system@akconcerts.com,AK Concerts Auto Import,Master Event Database,Approved
2026-08-12 12:00:00,Gays Eating Garlic Bread in the Park,2026-07-18,12p-2p,Ketchikan,Ketchikan City Park,music,,https://www.facebook.com/events/27508251792196811/?acontext=%7B%22event_action_history%22%3A%5b%7B%22mechanism%22%3A%22discovery_custom_tab%22%2C%22surface%22%3A%22bookmark%22%7D%5d%2C%22ref_notif_type%22%3Anull%7D,system@akconcerts.com,AK Concerts Auto Import,Master Event Database,Approved
2026-08-12 12:00:00,Virgin Voyages: Brilliant Lady Land Party,2026-07-18,12p-6p,Ketchikan,Arctic Bar,music,,https://www.facebook.com/events/1466272915541691/1466276532207996/?active_tab=about,system@akconcerts.com,AK Concerts Auto Import,Master Event Database,Approved
2026-08-12 12:00:00,Summer Saturdays at the Museum,2026-07-18,1p-3p,Ketchikan,Tongass Historical Museum,music,,https://www.facebook.com/events/873907959081409/873908012414737/?acontext=%7B%22event_action_history%22%3A%5b%7B%22mechanism%22%3A%22surface%22%2C%22surface%22%3A%22permalink%22%7D%5d%2C%22ref_notif_type%22%3Anull%7D,system@akconcerts.com,AK Concerts Auto Import,Master Event Database,Approved
2026-08-12 12:00:00,2026 Fish Pirate`s Daughter,2026-07-18,7p-9:30p,Ketchikan,Ted Ferry Civic Center,music,,https://firstcityplayers.org/buy-tickets-%5Bvbo%5D,system@akconcerts.com,AK Concerts Auto Import,Master Event Database,Approved
2026-08-12 12:00:00,Justin Morris & Company,2026-07-18,7p-12a,Kodiak,The Rendezvous,music,,https://www.kodiakrendezvous.com/live-music,system@akconcerts.com,AK Concerts Auto Import,Master Event Database,Approved
2026-08-12 12:00:00,Red Flags Live,2026-07-18,TBD,McCarthy,The Golden Saloon,music,,https://www.mccarthylodge.com/mccarthy-events/,system@akconcerts.com,AK Concerts Auto Import,Master Event Database,Approved
2026-08-12 12:00:00,Mario Carboni,2026-07-18,4p-7p,Palmer,Hatcher Pass Lodge,music,,https://www.facebook.com/events/2217529165745705/?acontext=%7B%22event_action_history%22%3A%5b%7B%22mechanism%22%3A%22discovery_custom_tab%22%2C%22surface%22%3A%22bookmark%22%7D%5d%2C%22ref_notif_type%22%3Anull%7D,system@akconcerts.com,AK Concerts Auto Import,Master Event Database,Approved
2026-08-12 12:00:00,Yachtly Crew,2026-07-18,7p-10p,Palmer,Palmer Alehouse,music,,https://www.facebook.com/events/1006671702001516/,system@akconcerts.com,AK Concerts Auto Import,Master Event Database,Approved
2026-08-12 12:00:00,Two-Step and Country Swing Dance Lessons!,2026-07-18,7p-8p,Palmer,American Legion Post 15,dance,,https://www.facebook.com/photo/?fbid=956981223779042&set=gm.1748027286563468,system@akconcerts.com,AK Concerts Auto Import,Master Event Database,Approved
2026-08-12 12:00:00,Karaoke,2026-07-18,8p-11p,Palmer,American Legion Post 15,music,,https://www.facebook.com/BrokenBlenderAK,system@akconcerts.com,AK Concerts Auto Import,Master Event Database,Approved
2026-08-12 12:00:00,Live Music w/ JD Cox,2026-07-18,TBD,Seldovia,Linwood Bar & Grill,music,,https://www.linwoodbar.com/events/,system@akconcerts.com,AK Concerts Auto Import,Master Event Database,Approved
2026-08-12 12:00:00,"Summer Reading Program: Red, White, & Blue Storytime",2026-07-18,10:30a-11:30a,Skagway,Skagway Library,community,,https://www.facebook.com/events/27438069035811649/27438069075811645/?active_tab=about,system@akconcerts.com,AK Concerts Auto Import,Master Event Database,Approved
2026-08-12 12:00:00,Disability Pride,2026-07-18,1p-4p,Soldotna,Soldotna Creek Park,music,,https://www.facebook.com/events/972600525442331/?acontext=%7B%22event_action_history%22%3A%5b%7B%22mechanism%22%3A%22discovery_custom_tab%22%2C%22surface%22%3A%22bookmark%22%7D%5d%2C%22ref_notif_type%22%3Anull%7D,system@akconcerts.com,AK Concerts Auto Import,Master Event Database,Approved
2026-08-12 12:00:00,Karaoke w/ Edencraft,2026-07-18,5p-8p,Soldotna,The Goods,music,,https://akconcets.us20.list-manage.com/track/click?u=7bd13a48fecb63b6d795caadf&id=e982562f83&e=be0392aff7,system@akconcerts.com,AK Concerts Auto Import,Master Event Database,Approved
2026-08-12 12:00:00,Kids Concert w/ John Roberts,2026-07-18,12p-?,Talkeetna,Talkeetna Public Library,music,,https://www.facebook.com/photo/?fbid=1596787165782884&set=a.500635148731430,system@akconcerts.com,AK Concerts Auto Import,Master Event Database,Approved
2026-08-12 12:00:00,Talkeetna Pride Fest 2026,2026-07-18,12p-?,Talkeetna,Talkeetna Village Park,festival,,https://www.facebook.com/events/780904414652259/?acontext=%7B%22event_action_history%22%3A%5b%7B%22mechanism%22%3A%22discovery_custom_tab%22%2C%22surface%22%3A%22bookmark%22%7D%5d%2C%22ref_notif_type%22%3Anull%7D,system@akconcerts.com,AK Concerts Auto Import,Master Event Database,Approved
2026-08-12 12:00:00,Natalie Gelman,2026-07-18,6p-8,Talkeetna,Denali Brewing Company,music,,https://www.facebook.com/events/988716667353734/?acontext=%7B%22event_action_history%22%3A%5b%7B%22mechanism%22%3A%22discovery_custom_tab%22%2C%22surface%22%3A%22bookmark%22%7D%5d%2C%22ref_notif_type%22%3Anull%7D,system@akconcerts.com,AK Concerts Auto Import,Master Event Database,Approved
2026-08-12 12:00:00,Denali Cooks,2026-07-18,7p-?,Talkeetna,Mountain High Pizza Pie,music,,https://www.pizzapietalkeetna.com/event-type/live-music/?fbclid=IwY2xjawRvBv9leHRuA2FlbQIxMABicmlkETE4T3g0UnoxVExiYTJjdXdQc3J0YwZhcHBfaWQQMjIyMDM5MTc4ODIwMDg5MgABHjyB1eWoEUpiOvGrlQarejNeQ12UXmcHnrBjwbrtFOPH0Rv2MmpWh1UA2AxS_aem_ls3CB8uZ3Xj26XD5nR9-,system@akconcerts.com,AK Concerts Auto Import,Master Event Database,Approved
2026-08-12 12:00:00,Broadway in Talkeetna w/ Kaitlin Lawrence,2026-07-18,7p-?,Talkeetna,Sheldon Community Arts Hanger,theatre,,https://www.facebook.com/denali.artscouncil,system@akconcerts.com,AK Concerts Auto Import,Master Event Database,Approved
2026-08-12 12:00:00,Ronnie V. & The Family Band,2026-07-18,9p-1a,Talkeetna,Fairview Inn,music,,https://fairviewtalkeetna.com/pages/live-music,system@akconcerts.com,AK Concerts Auto Import,Master Event Database,Approved
2026-08-12 12:00:00,“Wigging Out” Pride Party w/ DJ2Stroke,2026-07-18,9p-1a,Talkeetna,Talkeetna Inn,music,,https://www.facebook.com/events/1786301805861928/?acontext=%7B%22event_action_history%22%3A%5b%7B%22mechanism%22%3A%22discovery_custom_tab%22%2C%22surface%22%3A%22bookmark%22%7D%5d%2C%22ref_notif_type%22%3Anull%7D,system@akconcerts.com,AK Concerts Auto Import,Master Event Database,Approved
2026-08-12 12:00:00,Moose Nugget Regatta,2026-07-18,12p-4p,Wasilla,Wasilla Lake,festival,,https://www.facebook.com/events/2097647684116336/?acontext=%7B%22event_action_history%22%3A%5b%7B%22mechanism%22%3A%22discovery_custom_tab%22%2C%22surface%22%3A%22bookmark%22%7D%5d%2C%22ref_notif_type%22%3Anull%7D,system@akconcerts.com,AK Concerts Auto Import,Master Event Database,Approved
2026-08-12 12:00:00,Electric Sands 2026 Music Festival,2026-07-18,4p-6a,Wasilla,Smith Drive,festival,,https://www.eventbrite.com/e/dystraxion-presents-electric-sands-2026-tickets-1563880391349?aff=ehometext,system@akconcerts.com,AK Concerts Auto Import,Master Event Database,Approved
2026-08-12 12:00:00,Live Music with Roadhouse Refugees,2026-07-18,TBD,Wasilla,Tug Bar & Liquor- Goose Bay Inn,music,,https://www.facebook.com/photo/?fbid=1497931395460551&set=a.208825104371193,system@akconcerts.com,AK Concerts Auto Import,Master Event Database,Approved
2026-08-12 12:00:00,Mud Factor 2026 Obstacle 5K & Fun Run,2026-07-19,10:30a-?,Anchorage,Kincaid Park,community,,,system@akconcerts.com,AK Concerts Auto Import,Master Event Database,Approved
2026-08-12 12:00:00,Koots Karaoke,2026-07-19,10p-2a,Anchorage,Koot’s,music,,https://akconcets.us20.list-manage.com/track/click?u=7bd13a48fecb63b6d795caadf&id=51fd3075bf&e=be0392aff7,system@akconcerts.com,AK Concerts Auto Import,Master Event Database,Approved
2026-08-12 12:00:00,Industry Night w/ Joe Brady,2026-07-19,10p-2a,Anchorage,Pioneer Bar,music,,https://www.facebook.com/profile.php?id=100035394206580,system@akconcerts.com,AK Concerts Auto Import,Master Event Database,Approved
2026-08-12 12:00:00,Live Music at the Market,2026-07-19,11a-5p,Anchorage,Anchorage Weekend Market,music,,https://www.facebook.com/AnchorageWeekendDowntownMarket,system@akconcerts.com,AK Concerts Auto Import,Master Event Database,Approved
2026-08-12 12:00:00,Play with Pulse! Free Community Dance Classes,2026-07-19,1p-2p,Anchorage,Pulse Dance Company,dance,,https://www.facebook.com/events/944281558212074/944281588212071/?acontext=%7B%22event_action_history%22%3A%5b%7B%22extra_data%22%3A%22%22%2C%22mechanism%22%3A%22surface%22%2C%22surface%22%3A%22permalink%22%7D%2C%7B%22extra_data%22%3A%22%22%2C%22mech,system@akconcerts.com,AK Concerts Auto Import,Master Event Database,Approved
2026-08-12 12:00:00,Open Mic & Jam,2026-07-19,4:30p-8:30p,Anchorage,VFW Post 1685,music,,https://www.facebook.com/tyrone.palmer.722744,system@akconcerts.com,AK Concerts Auto Import,Master Event Database,Approved
2026-08-12 12:00:00,Garden Grooves: Music in the Beer Garden,2026-07-19,5p-7p,Anchorage,49th State Brewery,music,,https://www.facebook.com/photo/?fbid=1267333412235644&set=gm.1017207420732481,system@akconcerts.com,AK Concerts Auto Import,Master Event Database,Approved
2026-08-12 12:00:00,Country Dance Nights: Line Dancing & Swing,2026-07-19,6:30p-9:30p,Anchorage,Anchorage Social Dance Club,dance,,https://www.facebook.com/35PlusClub/posts/pfbid0WJizwEbNi85duFkPSHFUsdVjmCMNhvohUubFJ3YdcCa5a49CmcfsWq4FKLK63J9xl,system@akconcerts.com,AK Concerts Auto Import,Master Event Database,Approved
2026-08-12 12:00:00,Sunday Blues Jam w/ Rebel Blues Band,2026-07-19,6p-10p,Anchorage,Billiard Palace,music,,https://www.facebook.com/events/2204843740345501/2204843823678826/?acontext=%7B%22event_action_history%22%3A%5b%7B%22mechanism%22%3A%22surface%22%2C%22surface%22%3A%22permalink%22%7D%5d%2C%22ref_notif_type%22%3Anull%7D,system@akconcerts.com,AK Concerts Auto Import,Master Event Database,Approved
2026-08-12 12:00:00,All Ages Buckarooos Night,2026-07-19,6p-10p,Anchorage,Pink Cadillac,music,,https://www.facebook.com/events/1668434181079131/1668434264412456/?active_tab=about,system@akconcerts.com,AK Concerts Auto Import,Master Event Database,Approved
2026-08-12 12:00:00,Comedy Open Mic,2026-07-19,8:30p-10p,Anchorage,Koot’s,comedy,,https://akconcets.us20.list-manage.com/track/click?u=7bd13a48fecb63b6d795caadf&id=2020d45d02&e=be0392aff7,system@akconcerts.com,AK Concerts Auto Import,Master Event Database,Approved
2026-08-12 12:00:00,Open Jam with Blast From The Past,2026-07-19,8:30p-1a,Anchorage,Time Out Lounge,music,,https://www.facebook.com/photo?fbid=10211867422076197&set=pcb.10211867422276202,system@akconcerts.com,AK Concerts Auto Import,Master Event Database,Approved
2026-08-12 12:00:00,Open Mic Night,2026-07-19,8p-11p,Anchorage,Van’s Dive Bar,music,,https://www.facebook.com/photo/?fbid=1507990474662996&set=a.752367223558662,system@akconcerts.com,AK Concerts Auto Import,Master Event Database,Approved
2026-08-12 12:00:00,2026 Skinny Raven Half Marathon & 10K,2026-07-19,9a-?,Anchorage,Centennial Rose Garden,community,,https://www.facebook.com/events/1222472633161037/?acontext=%7B%22event_action_history%22%3A%5b%7B%22mechanism%22%3A%22discovery_custom_tab%22%2C%22surface%22%3A%22bookmark%22%7D%5d%2C%22ref_notif_type%22%3Anull%7D,system@akconcerts.com,AK Concerts Auto Import,Master Event Database,Approved
2026-08-12 12:00:00,Karaoke,2026-07-19,9p-12a,Anchorage,Mad Myrna’s,music,,https://www.facebook.com/BrokenBlenderAK,system@akconcerts.com,AK Concerts Auto Import,Master Event Database,Approved
2026-08-12 12:00:00,Sunday Karaoke,2026-07-19,9p-2a,Anchorage,The Carousel Lounge,music,,https://www.facebook.com/akrockstarkaraoke/events,system@akconcerts.com,AK Concerts Auto Import,Master Event Database,Approved
2026-08-12 12:00:00,Open Mic Night,2026-07-19,6p-9p,Big Lake,Susitna Brewing,music,,https://www.facebook.com/photo/?fbid=1507990474662996&set=a.752367223558662,system@akconcerts.com,AK Concerts Auto Import,Master Event Database,Approved
2026-08-12 12:00:00,Sunday Deck Open Jam,2026-07-19,2p-5p,Ester,Malemute Saloon & Gold Camp,music,,https://malemutesaloon.com/schedule/,system@akconcerts.com,AK Concerts Auto Import,Master Event Database,Approved
2026-08-12 12:00:00,Golden Heart Revue,2026-07-19,8:15p-9:15p,Fairbanks,The Palace Theater,music,,https://www.akvisit.com/palace-theatre?fbclid=IwY2xjawR7CNdleHRuA2FlbQIxMABicmlkETFZQTc5Q1NiWm16bDhNY0RZc3J0YwZhcHBfaWQQMjIyMDM5MTc4ODIwMDg5MgABHrK_LgMLEgXX7mcIrxnzr8jTJ9RaI_Lt7mvGG48tR-IMPMLVZRSzqN26Ewga_aem_RqdeQf5Ku3SEWvV41NwhHg,system@akconcerts.com,AK Concerts Auto Import,Master Event Database,Approved
2026-08-12 12:00:00,Karaoke,2026-07-19,9p-?,Fairbanks,The Marlin,music,,https://www.facebook.com/BrokenBlenderAK,system@akconcerts.com,AK Concerts Auto Import,Master Event Database,Approved
2026-08-12 12:00:00,Chris Needham Matinee,2026-07-19,5p-7p,Homer,Kharacters Alaskan Bar,music,,https://www.facebook.com/kharacters.bar,system@akconcerts.com,AK Concerts Auto Import,Master Event Database,Approved
2026-08-12 12:00:00,Hope & Sunrise 5K Wagon Trail Run,2026-07-19,11a-?,Hope,Hope Social Hall,community,,https://www.facebook.com/events/848724897920155/?acontext=%7B%22event_action_history%22%3A%5b%7B%22mechanism%22%3A%22discovery_custom_tab%22%2C%22surface%22%3A%22bookmark%22%7D%5d%2C%22ref_notif_type%22%3Anull%7D,system@akconcerts.com,AK Concerts Auto Import,Master Event Database,Approved
2026-08-12 12:00:00,Sunday Brunch with Shaun P from H3,2026-07-19,11a-2p,Hope,Creekbend Co.,community,,https://www.creekbendco.com/event,system@akconcerts.com,AK Concerts Auto Import,Master Event Database,Approved
2026-08-12 12:00:00,"Race Registration, Bib Pickup, & Bake Sale",2026-07-19,9a-11a,Hope,Hope Social Hall,music,,https://hopewagonrun.com/weekend-events/,system@akconcerts.com,AK Concerts Auto Import,Master Event Database,Approved
2026-08-12 12:00:00,Rainforest Romp Contra Dance Weekend,2026-07-19,10a-5p,Juneau,St. Anne’s Parish Hall,dance,,https://www.facebook.com/events/914692727804915,system@akconcerts.com,AK Concerts Auto Import,Master Event Database,Approved
2026-08-12 12:00:00,Annual Wildlife Cruise,2026-07-19,2p-5p,Juneau,Statter Harbor,music,,https://www.facebook.com/events/1525988088972323/?acontext=%7B%22event_action_history%22%3A%5b%7B%22mechanism%22%3A%22discovery_custom_tab%22%2C%22surface%22%3A%22bookmark%22%7D%5d%2C%22ref_notif_type%22%3Anull%7D,system@akconcerts.com,AK Concerts Auto Import,Master Event Database,Approved
2026-08-12 12:00:00,"KXLL Presents: Japan To Alaska: Ft The Rain Dogs, Fine, Great, & T-Loc",2026-07-19,8p-?,Juneau,The Crystal Saloon,music,,https://www.eventbrite.com/e/kxll-presents-japan-to-alaska-ft-the-rain-dogs-fine-great-t-loc-tickets-1992675418819?aff=ehometext,system@akconcerts.com,AK Concerts Auto Import,Master Event Database,Approved
2026-08-12 12:00:00,Open Mic Night w/ Joe Williams,2026-07-19,6p-9p,Ketchikan,The Creek Street Cabaret,music,,https://www.facebook.com/photo/?fbid=1507990474662996&set=a.752367223558662,system@akconcerts.com,AK Concerts Auto Import,Master Event Database,Approved
2026-08-12 12:00:00,Karaoke,2026-07-19,8p-?,Palmer,Four Corner’s Lounge,music,,https://www.facebook.com/BrokenBlenderAK,system@akconcerts.com,AK Concerts Auto Import,Master Event Database,Approved
2026-08-12 12:00:00,Karaoke,2026-07-19,9p-1a,Seward,Yukon Bar,music,,https://www.facebook.com/BrokenBlenderAK,system@akconcerts.com,AK Concerts Auto Import,Master Event Database,Approved
2026-08-12 12:00:00,Steve Durr,2026-07-19,1p-2:30p & 5p-6:30p,Talkeetna,Mountain High Pizza Pie,music,,https://www.pizzapietalkeetna.com/event-type/live-music/?fbclid=IwY2xjawRvBv9leHRuA2FlbQIxMABicmlkETE4T3g0UnoxVExiYTJjdXdQc3J0YwZhcHBfaWQQMjIyMDM5MTc4ODIwMDg5MgABHjyB1eWoEUpiOvGrlQarejNeQ12UXmcHnrBjwbrtFOPH0Rv2MmpWh1UA2AxS_aem_ls3CB8uZ3Xj26XD5nR9-,system@akconcerts.com,AK Concerts Auto Import,Master Event Database,Approved
2026-08-12 12:00:00,Electric Sands 2026 Music Festival,2026-07-19,3p-11p,Wasilla,Smith Drive,festival,,https://www.eventbrite.com/e/dystraxion-presents-electric-sands-2026-tickets-1563880391349?aff=ehometext,system@akconcerts.com,AK Concerts Auto Import,Master Event Database,Approved
2026-08-12 12:00:00,Live Music w/ John Cook,2026-07-19,TBD,Wasilla,Tug Bar & Liquor- Goose Bay Inn,music,,https://www.facebook.com/photo/?fbid=1497931395460551&set=a.208825104371193,system@akconcerts.com,AK Concerts Auto Import,Master Event Database,Approved
2026-08-12 12:00:00,Garden Grooves: Music in the Beer Garden,2026-07-20,5p-7p,Anchorage,49th State Brewery,music,,https://www.facebook.com/photo/?fbid=1267333412235644&set=gm.1017207420732481,system@akconcerts.com,AK Concerts Auto Import,Master Event Database,Approved
2026-08-12 12:00:00,Weekly Jazz Jam,2026-07-20,6:30p-9:30p,Anchorage,Fire Island Bakery @ K Street Market,music,,https://akjazzworkshop.org/calendar/,system@akconcerts.com,AK Concerts Auto Import,Master Event Database,Approved
2026-08-12 12:00:00,Learn to Square Dance,2026-07-20,7p-9p,Anchorage,Anchorage Social Dance Club,dance,,https://www.akconcerts.com/learn,system@akconcerts.com,AK Concerts Auto Import,Master Event Database,Approved
2026-08-12 12:00:00,Bachata Dance Patterns,2026-07-20,8:30p-9:30p,Anchorage,Alaska Dance Promotions,dance,,https://www.facebook.com/events/1363802471592782/1363802534926109/?acontext=%7B%22event_action_history%22%3A%5b%7B%22extra_data%22%3A%22%22%2C%22mechanism%22%3A%22surface%22%2C%22surface%22%3A%22permalink%22%7D%2C%7B%22extra_data%22%3A%22%22%2C%22me,system@akconcerts.com,AK Concerts Auto Import,Master Event Database,Approved
2026-08-12 12:00:00,Guy Patterson,2026-07-20,8p-?,Anchorage,Van’s Dive Bar,music,,https://www.vansdivebaralaska.com/music-schedule,system@akconcerts.com,AK Concerts Auto Import,Master Event Database,Approved
2026-08-12 12:00:00,Toddler Time,2026-07-20,11a-12p,Bethel,Kuskokwim Consortium Library,music,,https://www.facebook.com/events/1988217601791631/1988217631791628/?active_tab=about,system@akconcerts.com,AK Concerts Auto Import,Master Event Database,Approved
2026-08-12 12:00:00,Free Baseball Game: Chugiak-Eagle River Chinooks vs the Miners,2026-07-20,6p-?,Chugiak,Lee Jordan Field,community,,https://www.facebook.com/events/27844071105234185/?acontext=%7B%22event_action_history%22%3A%5b%7B%22mechanism%22%3A%22discovery_custom_tab%22%2C%22surface%22%3A%22bookmark%22%7D%5d%2C%22ref_notif_type%22%3Anull%7D,system@akconcerts.com,AK Concerts Auto Import,Master Event Database,Approved
2026-08-12 12:00:00,Karaoke Mondays,2026-07-20,6p-9p,Eagle River,Odd Man Rush,music,,https://akconcets.us20.list-manage.com/track/click?u=7bd13a48fecb63b6d795caadf&id=e982562f83&e=be0392aff7,system@akconcerts.com,AK Concerts Auto Import,Master Event Database,Approved
2026-08-12 12:00:00,Free Youth Jazz Band Rehearsals,2026-07-20,5p-6p,Fairbanks,Fairbanks Community Band Hall,music,,https://www.facebook.com/events/1341908911193449/1341908927860114/?acontext=%7B%22event_action_history%22%3A%5b%7B%22mechanism%22%3A%22surface%22%2C%22surface%22%3A%22permalink%22%7D%5d%2C%22ref_notif_type%22%3Anull%7D,system@akconcerts.com,AK Concerts Auto Import,Master Event Database,Approved
2026-08-12 12:00:00,Golden Heart Revue,2026-07-20,8:15p-9:15p,Fairbanks,The Palace Theater,music,,https://www.akvisit.com/palace-theatre?fbclid=IwY2xjawR7CNdleHRuA2FlbQIxMABicmlkETFZQTc5Q1NiWm16bDhNY0RZc3J0YwZhcHBfaWQQMjIyMDM5MTc4ODIwMDg5MgABHrK_LgMLEgXX7mcIrxnzr8jTJ9RaI_Lt7mvGG48tR-IMPMLVZRSzqN26Ewga_aem_RqdeQf5Ku3SEWvV41NwhHg,system@akconcerts.com,AK Concerts Auto Import,Master Event Database,Approved
2026-08-12 12:00:00,Josh Fortenbery,2026-07-20,5p-7p,Juneau,The Crystal Saloon,music,,https://www.facebook.com/events/2434341350376564/2434341363709896/?acontext=%7B%22event_action_history%22%3A%5b%7B%22mechanism%22%3A%22surface%22%2C%22surface%22%3A%22permalink%22%7D%5d%2C%22ref_notif_type%22%3Anull%7D,system@akconcerts.com,AK Concerts Auto Import,Master Event Database,Approved
2026-08-12 12:00:00,Storytime & Craft: If You Give A Moose A Muffin,2026-07-20,11a-?,Kenai,Kenai Chamber of Commerce & Visitor Center,community,,https://www.facebook.com/events/1154734120192170,system@akconcerts.com,AK Concerts Auto Import,Master Event Database,Approved
2026-08-12 12:00:00,Seward Strings,2026-07-20,1p-4p,Seward,Seward Senior Center,music,,https://www.facebook.com/SewardSeniors,system@akconcerts.com,AK Concerts Auto Import,Master Event Database,Approved
2026-08-12 12:00:00,Live Music w/ John Robert y Pan Blanco,2026-07-20,6:30p-9:30p,Seward,Flamingo Lounge,music,,,system@akconcerts.com,AK Concerts Auto Import,Master Event Database,Approved
2026-08-12 12:00:00,Karaoke with Megan Killoran,2026-07-20,9p-1a,Seward,Yukon Bar,music,,https://akconcets.us20.list-manage.com/track/click?u=7bd13a48fecb63b6d795caadf&id=e982562f83&e=be0392aff7,system@akconcerts.com,AK Concerts Auto Import,Master Event Database,Approved
2026-08-12 12:00:00,Friends of Mike Morgan Song Circle,2026-07-20,5p-7p,Soldotna,The Goods,music,,https://www.facebook.com/events/2211445169673257/2211445193006588/?acontext=%7B%22event_action_history%22%3A%5b%7B%22extra_data%22%3A%22%22%2C%22mechanism%22%3A%22surface%22%2C%22surface%22%3A%22permalink%22%7D%2C%7B%22extra_data%22%3A%22%22%2C%22me,system@akconcerts.com,AK Concerts Auto Import,Master Event Database,Approved
2026-08-12 12:00:00,Karaoke,2026-07-20,9p-1a,Talkeetna,Fairview Inn,music,,https://www.facebook.com/BrokenBlenderAK,system@akconcerts.com,AK Concerts Auto Import,Master Event Database,Approved
2026-08-12 12:00:00,Lunch on the Lawn: Live Music w/ Jennifer Barnaba & Steven Laister,2026-07-21,11:30a-1:30p,Anchorage,Anchorage Museum,music,,https://www.facebook.com/events/3945876455714851/3945876482381515/?acontext=%7B%22event_action_history%22%3A%5b%7B%22extra_data%22%3A%22%22%2C%22mechanism%22%3A%22surface%22%2C%22surface%22%3A%22permalink%22%7D%2C%7B%22extra_data%22%3A%22%22%2C%22me,system@akconcerts.com,AK Concerts Auto Import,Master Event Database,Approved
2026-08-12 12:00:00,Summer Mini-Golf at/in the Library,2026-07-21,2:30p-3:30p,Anchorage,Loussac Library,community,,https://www.facebook.com/events/1573652387515299,system@akconcerts.com,AK Concerts Auto Import,Master Event Database,Approved
2026-08-12 12:00:00,Garden Grooves: Music in the Beer Garden,2026-07-21,5p-7p,Anchorage,49th State Brewery,music,,https://www.facebook.com/photo/?fbid=1267333412235644&set=gm.1017207420732481,system@akconcerts.com,AK Concerts Auto Import,Master Event Database,Approved
2026-08-12 12:00:00,Family Storytime,2026-07-21,6p-6:30p,Anchorage,Mountain View Public Library,community,,https://www.facebook.com/events/4209337435985219/4209337512651878/?acontext=%7B%22event_action_history%22%3A%5b%7B%22mechanism%22%3A%22surface%22%2C%22surface%22%3A%22permalink%22%7D%5d%2C%22ref_notif_type%22%3Anull%7D,system@akconcerts.com,AK Concerts Auto Import,Master Event Database,Approved
2026-08-12 12:00:00,Irish Music & Dancing,2026-07-21,6p-8p,Anchorage,Organic Oasis,music,,https://www.facebook.com/organicoasisAK,system@akconcerts.com,AK Concerts Auto Import,Master Event Database,Approved
2026-08-12 12:00:00,Rope Dart Lessons w/ Jerrill,2026-07-21,8:30p-10p,Anchorage,Oriental Healing Arts Center,music,,https://www.facebook.com/photo/?fbid=1705391324273626&set=gm.830839779862518,system@akconcerts.com,AK Concerts Auto Import,Master Event Database,Approved
2026-08-12 12:00:00,AK Rockstar Karaoke,2026-07-21,8p-2a,Anchorage,The Carousel Lounge,music,,https://akconcets.us20.list-manage.com/track/click?u=7bd13a48fecb63b6d795caadf&id=e982562f83&e=be0392aff7,system@akconcerts.com,AK Concerts Auto Import,Master Event Database,Approved
2026-08-12 12:00:00,Two Step Tuesday w/ DJ Lele Beats,2026-07-21,9p-12a,Anchorage,Blarney Stone,dance,,https://www.facebook.com/photo/?fbid=936585406046428&set=pcb.936585452713090,system@akconcerts.com,AK Concerts Auto Import,Master Event Database,Approved
2026-08-12 12:00:00,The Eternal Cowboys,2026-07-21,9p-12a,Anchorage,Koot’s,music,,https://www.facebook.com/EternalCowboys,system@akconcerts.com,AK Concerts Auto Import,Master Event Database,Approved
2026-08-12 12:00:00,Lunch Bites: Corvus for Kids,2026-07-21,12p-?,Fairbanks,Fairbanks Children’s Museum,music,,https://www.facebook.com/events/1430639975400538/?acontext=%7B%22event_action_history%22%3A%5b%7B%22mechanism%22%3A%22discovery_custom_tab%22%2C%22surface%22%3A%22bookmark%22%7D%5d%2C%22ref_notif_type%22%3Anull%7D,system@akconcerts.com,AK Concerts Auto Import,Master Event Database,Approved
2026-08-12 12:00:00,Karaoke Night,2026-07-21,7p-10p,Fairbanks,The Cabin,music,,https://akconcets.us20.list-manage.com/track/click?u=7bd13a48fecb63b6d795caadf&id=e982562f83&e=be0392aff7,system@akconcerts.com,AK Concerts Auto Import,Master Event Database,Approved
2026-08-12 12:00:00,Golden Heart Revue,2026-07-21,8:15p-9:15p,Fairbanks,The Palace Theater,music,,https://www.akvisit.com/palace-theatre?fbclid=IwY2xjawR7CNdleHRuA2FlbQIxMABicmlkETFZQTc5Q1NiWm16bDhNY0RZc3J0YwZhcHBfaWQQMjIyMDM5MTc4ODIwMDg5MgABHrK_LgMLEgXX7mcIrxnzr8jTJ9RaI_Lt7mvGG48tR-IMPMLVZRSzqN26Ewga_aem_RqdeQf5Ku3SEWvV41NwhHg,system@akconcerts.com,AK Concerts Auto Import,Master Event Database,Approved
2026-08-12 12:00:00,Storytime at the Pratt: Celebrating Summer,2026-07-21,10:30a-11:30a,Homer,Pratt Museum,community,,https://www.facebook.com/events/1657086898673232/1657086915339897/?acontext=%7B%22event_action_history%22%3A%5b%7B%22extra_data%22%3A%22%22%2C%22mechanism%22%3A%22surface%22%2C%22surface%22%3A%22permalink%22%7D%2C%7B%22extra_data%22%3A%22%22%2C%22me,system@akconcerts.com,AK Concerts Auto Import,Master Event Database,Approved
2026-08-12 12:00:00,Taco Tuesday's with Jim Maloney,2026-07-21,6:30p-10p,Homer,Justin Cole’s Down East Saloon,music,,https://akconcets.us20.list-manage.com/track/click?u=7bd13a48fecb63b6d795caadf&id=d4aeb6bcfd&e=be0392aff7,system@akconcerts.com,AK Concerts Auto Import,Master Event Database,Approved
2026-08-12 12:00:00,Free Tlingit Language Classes,2026-07-21,2p-3p,Juneau,Zach Gordon Youth Center,community,,https://www.facebook.com/events/1010020791677649/1010020808344314/?active_tab=about,system@akconcerts.com,AK Concerts Auto Import,Master Event Database,Approved
2026-08-12 12:00:00,Jazz Jam Tuesday,2026-07-21,8p-11p,Juneau,The Crystal Saloon,music,,https://www.crystalsaloon.com/events,system@akconcerts.com,AK Concerts Auto Import,Master Event Database,Approved
2026-08-12 12:00:00,Nurse Storytime,2026-07-21,10:30a-11a,Kenai,Kenai Community Library,community,,https://www.facebook.com/events/1013769658218890,system@akconcerts.com,AK Concerts Auto Import,Master Event Database,Approved
2026-08-12 12:00:00,Music on the Dock: Scattered Sunshine Trombone Choir,2026-07-21,12p-1p,Ketchikan,Ketchikan Dock,music,,https://www.ketchikanarts.org/programs-events/music-on-the-dock-summer-concert-series.html,system@akconcerts.com,AK Concerts Auto Import,Master Event Database,Approved
2026-08-12 12:00:00,The Ukulele Group,2026-07-21,3:45p-4:45p,Ketchikan,Inn at Creek Street,music,,https://www.ketchikanarts.org/events-performances/full-arts-calendar.html/event/2026/06/03/1780533900/the-ukelele-group-/521570,system@akconcerts.com,AK Concerts Auto Import,Master Event Database,Approved
2026-08-12 12:00:00,Tuesday Pub Run w/ Tundra Trotters,2026-07-21,6:15p-9p,North Pole,North Pole Alehouse,community,,https://www.facebook.com/events/1210834251124828/1210834337791486/?acontext=%7B%22event_action_history%22%3A%5b%7B%22extra_data%22%3A%22%22%2C%22mechanism%22%3A%22surface%22%2C%22surface%22%3A%22permalink%22%7D%2C%7B%22extra_data%22%3A%22%22%2C%22me,system@akconcerts.com,AK Concerts Auto Import,Master Event Database,Approved
2026-08-12 12:00:00,Open Mic Night w/ Drew Sablon,2026-07-21,6p-9p,Palmer,Fishhook Bar & Grill,music,,https://www.facebook.com/photo/?fbid=1507990474662996&set=a.752367223558662,system@akconcerts.com,AK Concerts Auto Import,Master Event Database,Approved
2026-08-12 12:00:00,Industry Night with DJ Red,2026-07-21,8p-?,Palmer,Four Corner’s Lounge,music,,https://www.facebook.com/FourCornersLounge,system@akconcerts.com,AK Concerts Auto Import,Master Event Database,Approved
2026-08-12 12:00:00,Open Mic Night,2026-07-21,8p-2a,Seward,Yukon Bar,music,,https://www.facebook.com/photo/?fbid=1507990474662996&set=a.752367223558662,system@akconcerts.com,AK Concerts Auto Import,Master Event Database,Approved
2026-08-12 12:00:00,Toddler Story Time,2026-07-21,10:30a-11a,Soldotna,Soldotna Library,community,,https://www.facebook.com/events/1503656801148774/1503656824482105/?acontext=%7B%22event_action_history%22%3A%5b%7B%22mechanism%22%3A%22surface%22%2C%22surface%22%3A%22permalink%22%7D%5d%2C%22ref_notif_type%22%3Anull%7D,system@akconcerts.com,AK Concerts Auto Import,Master Event Database,Approved
2026-08-12 12:00:00,Storytime at Ken’s,2026-07-21,10a-11a,Wasilla,Ken’s Garden Center,community,,https://www.facebook.com/events/1439153171253533/1439153327920184/?active_tab=about,system@akconcerts.com,AK Concerts Auto Import,Master Event Database,Approved
2026-08-12 12:00:00,Live Music w/ Jerry Wessling,2026-07-21,6p-9p,Wasilla,Everett’s,music,,https://www.facebook.com/events/1056348563732364/1056348587065695/?acontext=%7B%22event_action_history%22%3A%5b%7B%22extra_data%22%3A%22%22%2C%22mechanism%22%3A%22surface%22%2C%22surface%22%3A%22permalink%22%7D%2C%7B%22extra_data%22%3A%22%22%2C%22me,system@akconcerts.com,AK Concerts Auto Import,Master Event Database,Approved
2026-08-12 12:00:00,Karaoke Night,2026-07-21,8p-11p,Wasilla,Schwabenhof,music,,https://akconcets.us20.list-manage.com/track/click?u=7bd13a48fecb63b6d795caadf&id=e982562f83&e=be0392aff7,system@akconcerts.com,AK Concerts Auto Import,Master Event Database,Approved
2026-08-12 12:00:00,Free Community Storytime,2026-07-22,10:30a-11a,Anchorage,Alaska Zoo,community,,https://www.facebook.com/events/2118396738965650/2118396878965636/?acontext=%7B%22event_action_history%22%3A%5b%7B%22extra_data%22%3A%22%22%2C%22mechanism%22%3A%22surface%22%2C%22surface%22%3A%22permalink%22%7D%2C%7B%22extra_data%22%3A%22%22%2C%22me,system@akconcerts.com,AK Concerts Auto Import,Master Event Database,Approved
2026-08-12 12:00:00,Parachute Storytime,2026-07-22,10:30a-11a,Anchorage,Muldoon Library,community,,https://www.facebook.com/events/1890280328351005/1890280351684336/?acontext=%7B%22event_action_history%22%3A%5b%7B%22extra_data%22%3A%22%22%2C%22mechanism%22%3A%22surface%22%2C%22surface%22%3A%22permalink%22%7D%2C%7B%22extra_data%22%3A%22%22%2C%22me,system@akconcerts.com,AK Concerts Auto Import,Master Event Database,Approved
2026-08-12 12:00:00,The Eternal Cowboys,2026-07-22,10p-1a,Anchorage,Pioneer Bar,music,,https://www.facebook.com/EternalCowboys,system@akconcerts.com,AK Concerts Auto Import,Master Event Database,Approved
2026-08-12 12:00:00,Koots Karaoke,2026-07-22,10p-2a,Anchorage,Koot’s,music,,https://akconcets.us20.list-manage.com/track/click?u=7bd13a48fecb63b6d795caadf&id=51fd3075bf&e=be0392aff7,system@akconcerts.com,AK Concerts Auto Import,Master Event Database,Approved
2026-08-12 12:00:00,Summer Discovery: Visit From Campbell Creek Science Center,2026-07-22,11:30a-?,Anchorage,Muldoon Library,music,,https://www.facebook.com/events/1034613166176066/?acontext=%7B%22event_action_history%22%3A%5b%7B%22mechanism%22%3A%22discovery_custom_tab%22%2C%22surface%22%3A%22bookmark%22%7D%5d%2C%22ref_notif_type%22%3Anull%7D,system@akconcerts.com,AK Concerts Auto Import,Master Event Database,Approved
2026-08-12 12:00:00,ATY Summer Pop-In Dance Series,2026-07-22,5:30p-6:30p,Anchorage,Alaska Theatre of Youth,dance,,https://www.facebook.com/events/979036658443816/979036695110479/?acontext=%7B%22event_action_history%22%3A%5b%7B%22extra_data%22%3A%22%22%2C%22mechanism%22%3A%22surface%22%2C%22surface%22%3A%22permalink%22%7D%2C%7B%22extra_data%22%3A%22%22%2C%22mech,system@akconcerts.com,AK Concerts Auto Import,Master Event Database,Approved
2026-08-12 12:00:00,Garden Grooves: Music in the Beer Garden,2026-07-22,5p-7p,Anchorage,49th State Brewery,music,,https://www.facebook.com/photo/?fbid=1267333412235644&set=gm.1017207420732481,system@akconcerts.com,AK Concerts Auto Import,Master Event Database,Approved
2026-08-12 12:00:00,International Folk Dancing,2026-07-22,6:30p-8p,Anchorage,Anchorage Social Dance Club,music,,https://www.facebook.com/35PlusClub/posts/pfbid0WJizwEbNi85duFkPSHFUsdVjmCMNhvohUubFJ3YdcCa5a49CmcfsWq4FKLK63J9xl,system@akconcerts.com,AK Concerts Auto Import,Master Event Database,Approved
2026-08-12 12:00:00,Live Music at Crimson w/ The Whisper Campaign,2026-07-22,6:30p-9:30p,Anchorage,Wildbirch Hotel,music,,,system@akconcerts.com,AK Concerts Auto Import,Master Event Database,Approved
2026-08-12 12:00:00,Seth Malone,2026-07-22,6p-9p,Anchorage,Manhattan’s Restaurant & Lounge,music,,https://www.facebook.com/photo/?fbid=1625154909614942&set=a.954924113304695,system@akconcerts.com,AK Concerts Auto Import,Master Event Database,Approved
2026-08-12 12:00:00,Tyrone & Friends,2026-07-22,7p-10p,Anchorage,907 Alehouse,music,,https://www.facebook.com/tyrone.palmer.722744,system@akconcerts.com,AK Concerts Auto Import,Master Event Database,Approved
2026-08-12 12:00:00,Comedy Open Mic,2026-07-22,7p-10p,Anchorage,Koot’s,comedy,,https://akconcets.us20.list-manage.com/track/click?u=7bd13a48fecb63b6d795caadf&id=2020d45d02&e=be0392aff7,system@akconcerts.com,AK Concerts Auto Import,Master Event Database,Approved
2026-08-12 12:00:00,Line Dance Wednesdays,2026-07-22,7p-12a,Anchorage,Pink Cadillac,dance,,https://www.facebook.com/photo/?fbid=955556717518560&set=gm.1372978934760019,system@akconcerts.com,AK Concerts Auto Import,Master Event Database,Approved
2026-08-12 12:00:00,Live Music with Jared Woods,2026-07-22,8p-11:30p,Anchorage,Humpy’s,music,,https://www.facebook.com/HumpysAlaska/posts/pfbid02ohZ1ZiZC8nNchkTSncCeeoiu3pT9WE3BvapCj1CjaTnwsyD9xy2GQKrxCMSpy5Dfl,system@akconcerts.com,AK Concerts Auto Import,Master Event Database,Approved
2026-08-12 12:00:00,AK Rockstar Karaoke,2026-07-22,8p-2a,Anchorage,The Carousel Lounge,music,,https://akconcets.us20.list-manage.com/track/click?u=7bd13a48fecb63b6d795caadf&id=e982562f83&e=be0392aff7,system@akconcerts.com,AK Concerts Auto Import,Master Event Database,Approved
2026-08-12 12:00:00,Karaoke,2026-07-22,9p-12a,Anchorage,Mad Myrna’s,music,,https://www.facebook.com/BrokenBlenderAK,system@akconcerts.com,AK Concerts Auto Import,Master Event Database,Approved
2026-08-12 12:00:00,Karaoke,2026-07-22,9p-1a,Anchorage,Van’s Dive Bar,music,,https://www.facebook.com/BrokenBlenderAK,system@akconcerts.com,AK Concerts Auto Import,Master Event Database,Approved
2026-08-12 12:00:00,Free Baseball Game: Chugiak-Eagle River Chinooks vs Glacier Pilots,2026-07-22,6p-?,Chugiak,Lee Jordan Field,community,,https://www.facebook.com/events/1522154296050476/?acontext=%7B%22event_action_history%22%3A%5b%7B%22mechanism%22%3A%22discovery_custom_tab%22%2C%22surface%22%3A%22bookmark%22%7D%5d%2C%22ref_notif_type%22%3Anull%7D,system@akconcerts.com,AK Concerts Auto Import,Master Event Database,Approved
2026-08-12 12:00:00,Summer Reading Program,2026-07-22,1p-2:30p,Cordova,Cordova Public Library,community,,https://www.facebook.com/events/27438069035811649/27438069075811645/?active_tab=about,system@akconcerts.com,AK Concerts Auto Import,Master Event Database,Approved
2026-08-12 12:00:00,Karaoke Night w/ KJ Smoke,2026-07-22,8p-12a,Eagle River,Homestead Lounge,music,,https://akconcets.us20.list-manage.com/track/click?u=7bd13a48fecb63b6d795caadf&id=e982562f83&e=be0392aff7,system@akconcerts.com,AK Concerts Auto Import,Master Event Database,Approved
2026-08-12 12:00:00,Wednesday Dance Practice,2026-07-22,6p-9p,Ester,Fairbanks Tango,dance,,https://www.facebook.com/events/1043559824868668/1043559841535333/?active_tab=about,system@akconcerts.com,AK Concerts Auto Import,Master Event Database,Approved
2026-08-12 12:00:00,Music in the Story Garden,2026-07-22,6p-7p,Fairbanks,Noel Wien Library,music,,https://www.facebook.com/events/1320844496040669/?acontext=%7B%22event_action_history%22%3A%5b%7B%22mechanism%22%3A%22discovery_custom_tab%22%2C%22surface%22%3A%22bookmark%22%7D%5d%2C%22ref_notif_type%22%3Anull%7D,system@akconcerts.com,AK Concerts Auto Import,Master Event Database,Approved
2026-08-12 12:00:00,Free Concert: Blue Ridge Gathering,2026-07-22,7p-?,Fairbanks,Golden Heart Plaza & Monument,music,,https://www.facebook.com/events/2130850914149535/?acontext=%7B%22event_action_history%22%3A%5b%7B%22mechanism%22%3A%22discovery_custom_tab%22%2C%22surface%22%3A%22bookmark%22%7D%5d%2C%22ref_notif_type%22%3Anull%7D,system@akconcerts.com,AK Concerts Auto Import,Master Event Database,Approved
2026-08-12 12:00:00,Golden Heart Revue,2026-07-22,8:15p-9:15p,Fairbanks,The Palace Theater,music,,https://www.akvisit.com/palace-theatre?fbclid=IwY2xjawR7CNdleHRuA2FlbQIxMABicmlkETFZQTc5Q1NiWm16bDhNY0RZc3J0YwZhcHBfaWQQMjIyMDM5MTc4ODIwMDg5MgABHrK_LgMLEgXX7mcIrxnzr8jTJ9RaI_Lt7mvGG48tR-IMPMLVZRSzqN26Ewga_aem_RqdeQf5Ku3SEWvV41NwhHg,system@akconcerts.com,AK Concerts Auto Import,Master Event Database,Approved
2026-08-12 12:00:00,Karaoke Night with Rocky!,2026-07-22,8p-11p,Fairbanks,The Spur,music,,https://akconcets.us20.list-manage.com/track/click?u=7bd13a48fecb63b6d795caadf&id=e982562f83&e=be0392aff7,system@akconcerts.com,AK Concerts Auto Import,Master Event Database,Approved
2026-08-12 12:00:00,Family Storytime,2026-07-22,10:30a-11:30a,Girdwood,Gerrish Community Library,community,,https://www.facebook.com/events/4209337435985219/4209337512651878/?acontext=%7B%22event_action_history%22%3A%5b%7B%22mechanism%22%3A%22surface%22%2C%22surface%22%3A%22permalink%22%7D%5d%2C%22ref_notif_type%22%3Anull%7D,system@akconcerts.com,AK Concerts Auto Import,Master Event Database,Approved
2026-08-12 12:00:00,The Metropolitan Opera: The Merry Window 1p-4,2026-07-22,6:30p-9:30p,Homer,The Porcupine Theater,theatre,,https://porcupinetheater.com/movies/the-metropolitan-opera-the-merry-widow/?fbclid=IwY2xjawTCh8tleHRuA2FlbQIxMABicmlkETF6NGxnTHBEZU1PYVI3VEE3c3J0YwZhcHBfaWQQMjIyMDM5MTc4ODIwMDg5MgABHusQRcb_2HcLp-DNfx-ZKB65sjZoM2sbefuAAx9vEjOMrr4PmtS0M6PqfzVC_aem_J,system@akconcerts.com,AK Concerts Auto Import,Master Event Database,Approved
2026-08-12 12:00:00,Live Music w/ Ben Peters,2026-07-22,6p-9p,Homer,Homestead Restaurant,music,,https://www.facebook.com/events/1481867250400832/,system@akconcerts.com,AK Concerts Auto Import,Master Event Database,Approved
2026-08-12 12:00:00,Free Show: Bears in Alaska,2026-07-22,7p-8:15p,Juneau,Marie Drake Planetarium,music,,https://www.facebook.com/events/3980430022263473,system@akconcerts.com,AK Concerts Auto Import,Master Event Database,Approved
2026-08-12 12:00:00,Open Mic Night,2026-07-22,8p-11:30p,Juneau,The Crystal Saloon,music,,https://www.facebook.com/photo/?fbid=1507990474662996&set=a.752367223558662,system@akconcerts.com,AK Concerts Auto Import,Master Event Database,Approved
2026-08-12 12:00:00,Karaoke,2026-07-22,8p-11p,Juneau,Alaskan Hotel and Bar,music,,https://www.facebook.com/BrokenBlenderAK,system@akconcerts.com,AK Concerts Auto Import,Master Event Database,Approved
2026-08-12 12:00:00,Adult Prom Night,2026-07-22,6p-9p,Palmer,Lulu’s Tents & Events,music,,https://www.facebook.com/events/1318222616481845/1318222639815176/?acontext=%7B%22event_action_history%22%3A%5b%7B%22mechanism%22%3A%22surface%22%2C%22surface%22%3A%22permalink%22%7D%5d%2C%22ref_notif_type%22%3Anull%7D,system@akconcerts.com,AK Concerts Auto Import,Master Event Database,Approved
2026-08-12 12:00:00,West Coast Sing Wednesday,2026-07-22,7:30p-9:30p,Palmer,Four Corner’s Lounge,music,,https://www.facebook.com/photo/?fbid=1411992579757709&set=gm.1053059570049116,system@akconcerts.com,AK Concerts Auto Import,Master Event Database,Approved
2026-08-12 12:00:00,Karaoke with Raunchy Rachel,2026-07-22,9p-1a,Seward,Yukon Bar,music,,https://akconcets.us20.list-manage.com/track/click?u=7bd13a48fecb63b6d795caadf&id=e982562f83&e=be0392aff7,system@akconcerts.com,AK Concerts Auto Import,Master Event Database,Approved
2026-08-12 12:00:00,Bouncing Babes Story Time,2026-07-22,10:30a-11a,Soldotna,Soldotna Library,community,,https://www.facebook.com/events/843086674966253/843086688299585/?acontext=%7B%22event_action_history%22%3A%5b%7B%22extra_data%22%3A%22%22%2C%22mechanism%22%3A%22surface%22%2C%22surface%22%3A%22permalink%22%7D%2C%7B%22extra_data%22%3A%22%22%2C%22mech,system@akconcerts.com,AK Concerts Auto Import,Master Event Database,Approved
2026-08-12 12:00:00,"Levitt Amp Music Series: Black Barrel & The Bad Men, Luci & Jackson, & Shonathin Hoskins",2026-07-22,6p-9p,Soldotna,Soldotna Creek Park,music,,https://www.facebook.com/events/1649648349484643/,system@akconcerts.com,AK Concerts Auto Import,Master Event Database,Approved
2026-08-12 12:00:00,Larry Zarella,2026-07-22,6p-8,Talkeetna,Denali Brewing Company,music,,https://www.facebook.com/photo/?fbid=1590844869717640&set=pb.100063764251860.-2207520000,system@akconcerts.com,AK Concerts Auto Import,Master Event Database,Approved
2026-08-12 12:00:00,Open Mic,2026-07-22,7:30p-11p,Wasilla,Schwabenhof,music,,https://akconcets.us20.list-manage.com/track/click?u=7bd13a48fecb63b6d795caadf&id=2020d45d02&e=be0392aff7,system@akconcerts.com,AK Concerts Auto Import,Master Event Database,Approved
2026-08-12 12:00:00,Music on the Dock: The String Beings,2026-07-23,12p-1p,Ketchikan,Ketchikan Dock,music,,https://www.ketchikanarts.org/programs-events/music-on-the-dock-summer-concert-series.html,system@akconcerts.com,AK Concerts Auto Import,Master Event Database,Approved
2026-08-12 12:00:00,Live Music with Marjorie Evers & Austin Hays,2026-07-23,6p-8p,Ketchikan,Bush Pilots’ Lounge,music,,https://www.facebook.com/events/991412623671001,system@akconcerts.com,AK Concerts Auto Import,Master Event Database,Approved
2026-08-12 12:00:00,Storytime & Play,2026-08-03,10:30a-11a,Soldotna,Farnsworth Park,theatre,,https://www.facebook.com/events/3481855768648747/3481855775315413/?acontext=%7B%22event_action_history%22%3A%5b%7B%22mechanism%22%3A%22surface%22%2C%22surface%22%3A%22permalink%22%7D%5d%2C%22ref_notif_type%22%3Anull%7D,system@akconcerts.com,AK Concerts Auto Import,Master Event Database,Approved
2026-08-12 12:00:00,Karaoke Night w/ KJ Smoke,2026-08-05,8p-12a,Eagle River,Homestead Lounge,music,,https://akconcets.us20.list-manage.com/track/click?u=7bd13a48fecb63b6d795caadf&id=e982562f83&e=be0392aff7,system@akconcerts.com,AK Concerts Auto Import,Master Event Database,Approved
2026-08-12 12:00:00,Open Mic Night,2026-08-05,8p-11:30p,Juneau,The Crystal Saloon,music,,https://www.facebook.com/photo/?fbid=1507990474662996&set=a.752367223558662,system@akconcerts.com,AK Concerts Auto Import,Master Event Database,Approved
2026-08-12 12:00:00,Karaoke with Raunchy Rachel,2026-08-05,9p-1a,Seward,Yukon Bar,music,,https://akconcets.us20.list-manage.com/track/click?u=7bd13a48fecb63b6d795caadf&id=e982562f83&e=be0392aff7,system@akconcerts.com,AK Concerts Auto Import,Master Event Database,Approved
2026-08-12 12:00:00,Sonoran Sunsets,2026-08-06,7p-10p,Cooper Landing,Gwin’s Lodge,music,,https://www.facebook.com/gwinslodge/posts/pfbid08uAn6J7BuJF4LR6apErqu7LrvbcHvFK3mUwdUSdKMc3BP1e1JoX4LVou4qgtTPnAl,system@akconcerts.com,AK Concerts Auto Import,Master Event Database,Approved
2026-08-12 12:00:00,Dance Lessons with Shufflin Country Style,2026-08-06,8p-9p,Eagle River,Homestead Lounge,dance,,https://www.facebook.com/photo/?fbid=956976277112870&set=gm.992446826503991,system@akconcerts.com,AK Concerts Auto Import,Master Event Database,Approved
2026-08-12 12:00:00,Country Night w/ DJ AumanJoy,2026-08-06,9p-2a,Eagle River,Homestead Lounge,music,,https://www.facebook.com/HomesteadLounge,system@akconcerts.com,AK Concerts Auto Import,Master Event Database,Approved
2026-08-12 12:00:00,Free Youth Concert Band Rehearsals,2026-08-06,5p-6p,Fairbanks,Fairbanks Community Band Hall,music,,https://www.facebook.com/events/1521883622657906/1521883635991238/?acontext=%7B%22event_action_history%22%3A%5b%7B%22extra_data%22%3A%22%22%2C%22mechanism%22%3A%22surface%22%2C%22surface%22%3A%22permalink%22%7D%2C%7B%22extra_data%22%3A%22%22%2C%22me,system@akconcerts.com,AK Concerts Auto Import,Master Event Database,Approved
2026-08-12 12:00:00,Golden Heart Revue,2026-08-06,8:15p-9:15p,Fairbanks,The Palace Theater,music,,https://www.akvisit.com/palace-theatre?fbclid=IwY2xjawR7CNdleHRuA2FlbQIxMABicmlkETFZQTc5Q1NiWm16bDhNY0RZc3J0YwZhcHBfaWQQMjIyMDM5MTc4ODIwMDg5MgABHrK_LgMLEgXX7mcIrxnzr8jTJ9RaI_Lt7mvGG48tR-IMPMLVZRSzqN26Ewga_aem_RqdeQf5Ku3SEWvV41NwhHg,system@akconcerts.com,AK Concerts Auto Import,Master Event Database,Approved
2026-08-12 12:00:00,Tanana Valley State Fair,2026-08-06,8a-10p,Fairbanks,Tanana Valley State Fair Grounds,festival,,https://www.tvsfa.org/events,system@akconcerts.com,AK Concerts Auto Import,Master Event Database,Approved
2026-08-12 12:00:00,Karaoke with Angel,2026-08-06,8p-2a,Fairbanks,The International Hotel & Bar,music,,https://akconcets.us20.list-manage.com/track/click?u=7bd13a48fecb63b6d795caadf&id=e982562f83&e=be0392aff7,system@akconcerts.com,AK Concerts Auto Import,Master Event Database,Approved
2026-08-12 12:00:00,"Ride Bikes, Drink Beer",2026-08-06,6:30p-?,Girdwood,Girdwood Brewing Company,music,,https://www.facebook.com/events/980353717958999/980353771292327/?active_tab=about,system@akconcerts.com,AK Concerts Auto Import,Master Event Database,Approved
2026-08-12 12:00:00,Up A Mountain Duo,2026-08-06,6p-?,Girdwood,Jack Sprat,music,,https://www.facebook.com/events/1297498735159167/?acontext=%7B%22event_action_history%22%3A%5b%7B%22mechanism%22%3A%22discovery_custom_tab%22%2C%22surface%22%3A%22bookmark%22%7D%5d%2C%22ref_notif_type%22%3Anull%7D,system@akconcerts.com,AK Concerts Auto Import,Master Event Database,Approved
2026-08-12 12:00:00,"Guided tours of the Botanical Gardens, Homestead Garden, & Forest Trails.",2026-08-06,11a-12p,Homer,Pratt Museum,music,,https://www.facebook.com/events/27331907429732951/27331907509732943/?acontext=%7B%22event_action_history%22%3A%5b%7B%22extra_data%22%3A%22%22%2C%22mechanism%22%3A%22surface%22%2C%22surface%22%3A%22permalink%22%7D%2C%7B%22extra_data%22%3A%22%22%2C%22,system@akconcerts.com,AK Concerts Auto Import,Master Event Database,Approved
2026-08-12 12:00:00,Community Jam Sessions,2026-08-06,6:30p-9p,Homer,Homer Council on the Arts,music,,https://www.facebook.com/events/987084407583120/987084454249782/?acontext=%7B%22event_action_history%22%3A%5b%7B%22mechanism%22%3A%22surface%22%2C%22surface%22%3A%22permalink%22%7D%5d%2C%22ref_notif_type%22%3Anull%7D,system@akconcerts.com,AK Concerts Auto Import,Master Event Database,Approved
2026-08-12 12:00:00,Piano Music by Erica,2026-08-06,6p-8p,Homer,AJ’s Old Town Steakhouse & Tavern,music,,https://www.homeralaska.org/event/piano-by-sunrise-kilcher/19/,system@akconcerts.com,AK Concerts Auto Import,Master Event Database,Approved
2026-08-12 12:00:00,Karaoke Night,2026-08-06,9p-12:30a,Homer,Alibi Bar & Café,music,,https://akconcets.us20.list-manage.com/track/click?u=7bd13a48fecb63b6d795caadf&id=e982562f83&e=be0392aff7,system@akconcerts.com,AK Concerts Auto Import,Master Event Database,Approved
2026-08-12 12:00:00,Vinyl Afternoon's w/ Dj Roman Martinez,2026-08-06,5p-7p,Juneau,The Crystal Saloon,music,,https://www.facebook.com/photo/?fbid=1008203218480466&set=a.160104659956997,system@akconcerts.com,AK Concerts Auto Import,Master Event Database,Approved
2026-08-12 12:00:00,Ian Maksin: Songs of the Vagabond Cello,2026-08-06,7:30p-?,Juneau,Kuneix Hidi Northen Light United Church,music,,https://www.facebook.com/events/1014818561498917/?acontext=%7B%22event_action_history%22%3A%5b%7B%22mechanism%22%3A%22discovery_custom_tab%22%2C%22surface%22%3A%22bookmark%22%7D%5d%2C%22ref_notif_type%22%3Anull%7D,system@akconcerts.com,AK Concerts Auto Import,Master Event Database,Approved
2026-08-12 12:00:00,Whiskey Class w/ The Planktonics,2026-08-06,7p-11p,Juneau,Alaskan Hotel and Bar,community,,https://www.facebook.com/photo/?fbid=1754549059314805&set=a.758212905615097,system@akconcerts.com,AK Concerts Auto Import,Master Event Database,Approved
2026-08-12 12:00:00,Karaoke Night,2026-08-06,8p-12a,Juneau,The Crystal Saloon,music,,https://akconcets.us20.list-manage.com/track/click?u=7bd13a48fecb63b6d795caadf&id=e982562f83&e=be0392aff7,system@akconcerts.com,AK Concerts Auto Import,Master Event Database,Approved
2026-08-12 12:00:00,Summer Reading Celebration,2026-08-06,2p-4p,Kenai,Kenai Community Library,music,,https://www.facebook.com/events/2032395834067424/?acontext=%7B%22event_action_history%22%3A%5b%7B%22mechanism%22%3A%22your_upcoming_events_unit%22%2C%22surface%22%3A%22bookmark%22%7D%5d%2C%22ref_notif_type%22%3Anull%7D,system@akconcerts.com,AK Concerts Auto Import,Master Event Database,Approved
2026-08-12 12:00:00,Open Primary Gubernatorial Canidate Debate,2026-08-06,5:30p-8p,Kenai,Kenai Chamber of Commerce & Visitor Center,music,,https://www.facebook.com/events/901104452519579/,system@akconcerts.com,AK Concerts Auto Import,Master Event Database,Approved
2026-08-12 12:00:00,Big Irish Jay Hollingsworth Comedy Show,2026-08-06,6p-9p,Kenai,Main Street Tap & Grill,comedy,,https://www.rubberptarmigan.com/events/big-irish-jay-hollingsworth-main-street-tap-grill-2026,system@akconcerts.com,AK Concerts Auto Import,Master Event Database,Approved
2026-08-12 12:00:00,Ketchikan Arts & Humanities Council: Arts Report,2026-08-06,8:20a-8:35a,Ketchikan,105.3 FM KRBD,music,,https://www.ketchikanarts.org/events-performances/full-arts-calendar.html,system@akconcerts.com,AK Concerts Auto Import,Master Event Database,Approved
2026-08-12 12:00:00,Open Mic Night,2026-08-06,8p-10p,Ketchikan,Totem Bar,music,,https://www.facebook.com/photo/?fbid=1507990474662996&set=a.752367223558662,system@akconcerts.com,AK Concerts Auto Import,Master Event Database,Approved
2026-08-12 12:00:00,Open Mic Night,2026-08-06,TBD,McCarthy,The Golden Saloon,music,,https://www.facebook.com/photo/?fbid=1507990474662996&set=a.752367223558662,system@akconcerts.com,AK Concerts Auto Import,Master Event Database,Approved
2026-08-12 12:00:00,Karaoke Thursdays with Rocky Barnette,2026-08-06,8p-12a,North Pole,North Pole Alehouse,music,,https://akconcets.us20.list-manage.com/track/click?u=7bd13a48fecb63b6d795caadf&id=e982562f83&e=be0392aff7,system@akconcerts.com,AK Concerts Auto Import,Master Event Database,Approved
2026-08-12 12:00:00,Barry Sless & Stephen Inglis,2026-08-06,2p-5p,Palmer,Hatcher Pass Lodge,music,,https://www.mccarthylodge.com/mccarthy-events/,system@akconcerts.com,AK Concerts Auto Import,Master Event Database,Approved
2026-08-12 12:00:00,Dance Night w/ DJ Waitwat,2026-08-06,9p-2a,Seward,Yukon Bar,dance,,https://www.facebook.com/photo.php?fbid=1495877732548962&set=pb.100063802472762.-2207520000&type=3,system@akconcerts.com,AK Concerts Auto Import,Master Event Database,Approved
2026-08-12 12:00:00,Summer Reading Program: Animal Survival Game Dinosaur Edition,2026-08-06,10:30a-12:30p,Skagway,Skagway Library,community,,https://www.facebook.com/events/2093546461210407/?acontext=%7B%22event_action_history%22%3A%5b%7B%22mechanism%22%3A%22discovery_custom_tab%22%2C%22surface%22%3A%22bookmark%22%7D%5d%2C%22ref_notif_type%22%3Anull%7D,system@akconcerts.com,AK Concerts Auto Import,Master Event Database,Approved
2026-08-12 12:00:00,Preschool Storytime,2026-08-06,10:30a-11a,Soldotna,Soldotna Library,community,,https://www.facebook.com/events/26994401710190027/26994401743523357/,system@akconcerts.com,AK Concerts Auto Import,Master Event Database,Approved
2026-08-12 12:00:00,Hope Cassity,2026-08-06,6p-9p,Sterling,Naptowne Brewing Company,music,,https://www.facebook.com/gwinslodge/posts/pfbid08uAn6J7BuJF4LR6apErqu7LrvbcHvFK3mUwdUSdKMc3BP1e1JoX4LVou4qgtTPnAl,system@akconcerts.com,AK Concerts Auto Import,Master Event Database,Approved
2026-08-12 12:00:00,Tim Easton House Show,2026-08-06,6p-?,Talkeetna,Spatterdock Rd.,music,,https://malemutesaloon.com/schedule/,system@akconcerts.com,AK Concerts Auto Import,Master Event Database,Approved
2026-08-12 12:00:00,"Tata's, Tutu's, & Xtra Tuffs Bra Decorating Party",2026-08-06,6p-?,Valdez,Valdez Brewing,music,,https://www.facebook.com/events/872664205492660/,system@akconcerts.com,AK Concerts Auto Import,Master Event Database,Approved
2026-08-12 12:00:00,Live Music With Drew Sablon,2026-08-06,6p-9p,Wasilla,Everett’s,music,,https://www.facebook.com/photo/?fbid=1600628335398914&set=gm.1661143841831616,system@akconcerts.com,AK Concerts Auto Import,Master Event Database,Approved
2026-08-12 12:00:00,Hope Cassity,2026-08-07,7p-10p,Cooper Landing,Gwin’s Lodge,music,,https://www.facebook.com/gwinslodge/posts/pfbid08uAn6J7BuJF4LR6apErqu7LrvbcHvFK3mUwdUSdKMc3BP1e1JoX4LVou4qgtTPnAl,system@akconcerts.com,AK Concerts Auto Import,Master Event Database,Approved
2026-08-12 12:00:00,DJ AumanJoy,2026-08-07,9p-2a,Eagle River,Homestead Lounge,music,,https://www.facebook.com/HomesteadLounge,system@akconcerts.com,AK Concerts Auto Import,Master Event Database,Approved
2026-08-12 12:00:00,Tim Easton,2026-08-07,7p-11p,Ester,Malemute Saloon & Gold Camp,music,,https://malemutesaloon.com/schedule/,system@akconcerts.com,AK Concerts Auto Import,Master Event Database,Approved
2026-08-12 12:00:00,Summer Cycle Music Together Generations Class,2026-08-07,11:30a-12:15p,Fairbanks,Raven Landing Senior Center,music,,https://www.facebook.com/events/1737992094062055/?acontext=%7B%22event_action_history%22%3A%5b%7B%22mechanism%22%3A%22your_upcoming_events_unit%22%2C%22surface%22%3A%22bookmark%22%7D%5d%2C%22ref_notif_type%22%3Anull%7D,system@akconcerts.com,AK Concerts Auto Import,Master Event Database,Approved
2026-08-12 12:00:00,First Friday Party w/ Live Music,2026-08-07,5p-8,Fairbanks,Gather,music,,https://www.facebook.com/events/28669224756000903?post_id=28671156229141089&acontext=%7B%22event_action_history%22%3A%5b%7B%22surface%22%3A%22search%22%7D%2C%7B%22mechanism%22%3A%22attachment_media%22%2C%22surface%22%3A%22newsfeed%22%7D%5d%2C%22ref_no,system@akconcerts.com,AK Concerts Auto Import,Master Event Database,Approved
2026-08-12 12:00:00,Golden Heart Revue,2026-08-07,8:15p-9:15p,Fairbanks,The Palace Theater,music,,https://www.akvisit.com/palace-theatre?fbclid=IwY2xjawR7CNdleHRuA2FlbQIxMABicmlkETFZQTc5Q1NiWm16bDhNY0RZc3J0YwZhcHBfaWQQMjIyMDM5MTc4ODIwMDg5MgABHrK_LgMLEgXX7mcIrxnzr8jTJ9RaI_Lt7mvGG48tR-IMPMLVZRSzqN26Ewga_aem_RqdeQf5Ku3SEWvV41NwhHg,system@akconcerts.com,AK Concerts Auto Import,Master Event Database,Approved
2026-08-12 12:00:00,Tanana Valley State Fair,2026-08-07,8a-10p,Fairbanks,Tanana Valley State Fair Grounds,festival,,https://www.tvsfa.org/events,system@akconcerts.com,AK Concerts Auto Import,Master Event Database,Approved
2026-08-12 12:00:00,Collin Donley Live,2026-08-07,9p-12a,Fairbanks,The Cabin,music,,https://www.facebook.com/photo/?fbid=885504217337775&set=gm.856329890579727,system@akconcerts.com,AK Concerts Auto Import,Master Event Database,Approved
2026-08-12 12:00:00,The Goddamn Ranchhand Band,2026-08-07,9p-1a,Fairbanks,The Marlin,music,,https://www.facebook.com/events/1555683509934406/?acontext=%7B%22event_action_history%22%3A%5b%7B%22mechanism%22%3A%22attachment%22%2C%22surface%22%3A%22newsfeed%22%7D%5d%2C%22ref_notif_type%22%3Anull%7D,system@akconcerts.com,AK Concerts Auto Import,Master Event Database,Approved
2026-08-12 12:00:00,Open Mic Night,2026-08-07,9p-1a,Haines,Pioneer Bar,music,,https://www.facebook.com/photo/?fbid=1507990474662996&set=a.752367223558662,system@akconcerts.com,AK Concerts Auto Import,Master Event Database,Approved
2026-08-12 12:00:00,Jacques Longpre,2026-08-07,10p-2p,Homer,Kharacters Alaskan Bar,music,,https://www.facebook.com/kharacters.bar,system@akconcerts.com,AK Concerts Auto Import,Master Event Database,Approved
2026-08-12 12:00:00,Sense And Sensibility,2026-08-07,7:30p-?,Homer,Pier One Theater,music,,https://pieronetheatre.org/events/sense-and-sensibility,system@akconcerts.com,AK Concerts Auto Import,Master Event Database,Approved
2026-08-12 12:00:00,Last Call: DJ Fractal's Last Show in AK,2026-08-07,9:30p-1:30a,Homer,Alibi Bar & Café,music,,https://www.facebook.com/events/37541222298802291/?acontext=%7B%22event_action_history%22%3A%5b%7B%22mechanism%22%3A%22calendar_tab_event%22%2C%22surface%22%3A%22bookmark_calendar%22%7D%5d%2C%22ref_notif_type%22%3Anull%7D,system@akconcerts.com,AK Concerts Auto Import,Master Event Database,Approved
2026-08-12 12:00:00,Saturday Cinders,2026-08-07,6p-10p,Hope,Dirty Skillet,music,,https://dirtyskillet.com/music,system@akconcerts.com,AK Concerts Auto Import,Master Event Database,Approved
2026-08-12 12:00:00,Reverend Peyton's Big Damn Band,2026-08-07,7p-11p,Hope,Creekbend Co.,music,,https://www.creekbendco.com/event,system@akconcerts.com,AK Concerts Auto Import,Master Event Database,Approved
2026-08-12 12:00:00,Steady Going,2026-08-07,10p-?,Juneau,Alaskan Hotel and Bar,music,,https://www.instagram.com/p/DbeIkHLSIlT/,system@akconcerts.com,AK Concerts Auto Import,Master Event Database,Approved
2026-08-12 12:00:00,Fernet Coin Release Party ft. Sundew & The Rain Dogs,2026-08-07,10p-?,Juneau,The Crystal Saloon,music,,https://www.facebook.com/thecrystalsaloon,system@akconcerts.com,AK Concerts Auto Import,Master Event Database,Approved
2026-08-12 12:00:00,Solo Steve Norwood,2026-08-07,9p-?,Kenai,Skeet’s Dive Bar,music,,https://www.instagram.com/p/Dbhn0XNB84h/,system@akconcerts.com,AK Concerts Auto Import,Master Event Database,Approved
2026-08-12 12:00:00,Shelby Yount Jazz Vocalist,2026-08-07,7p-?,Ketchikan,The Creek Street Cabaret,music,,https://www.facebook.com/events/1694231361803001/,system@akconcerts.com,AK Concerts Auto Import,Master Event Database,Approved
2026-08-12 12:00:00,Live Music in the Café,2026-08-07,7p-9p,Ketchikan,The New York Café,music,,https://www.ketchikanarts.org/events-performances/full-arts-calendar.html/event/2026/08/07/1786161600/live-music-the-new-york-cafe/559110,system@akconcerts.com,AK Concerts Auto Import,Master Event Database,Approved
2026-08-12 12:00:00,Black Barrel and the Bad Men,2026-08-07,7p-12a,Kodiak,The Rendezvous,music,,https://www.kodiakrendezvous.com/live-music,system@akconcerts.com,AK Concerts Auto Import,Master Event Database,Approved
2026-08-12 12:00:00,Barry Sless & Stephen Inglis,2026-08-07,TBD,McCarthy,The Golden Saloon,music,,https://www.mccarthylodge.com/mccarthy-events/,system@akconcerts.com,AK Concerts Auto Import,Master Event Database,Approved
2026-08-12 12:00:00,Friday Fling Live Music Will Johnson,2026-08-07,11a-6p,Palmer,Downtown Palmer,music,,https://www.facebook.com/FridayFlings,system@akconcerts.com,AK Concerts Auto Import,Master Event Database,Approved
2026-08-12 12:00:00,The Jerry Wessling Band,2026-08-07,7p-10p,Palmer,Palmer Alehouse,music,,https://www.facebook.com/events/2540219679749437/,system@akconcerts.com,AK Concerts Auto Import,Master Event Database,Approved
2026-08-12 12:00:00,Karaoke,2026-08-07,7p-11p,Palmer,American Legion Post 15,music,,https://www.facebook.com/akrockstarkaraoke/events,system@akconcerts.com,AK Concerts Auto Import,Master Event Database,Approved
2026-08-12 12:00:00,Super Saturated Sugar Strings,2026-08-07,7p-9:30,Palmer,The Musk Ox Farm,music,,https://www.facebook.com/events/1390284176466779/?acontext=%7B%22event_action_history%22%3A%5b%7B%22mechanism%22%3A%22calendar_tab_event%22%2C%22surface%22%3A%22bookmark_calendar%22%7D%5d%2C%22ref_notif_type%22%3Anull%7D,system@akconcerts.com,AK Concerts Auto Import,Master Event Database,Approved
2026-08-12 12:00:00,Live Music w/ Sonoran Sunsets,2026-08-07,TBD,Seldovia,Linwood Bar & Grill,music,,https://www.facebook.com/gwinslodge/posts/pfbid08uAn6J7BuJF4LR6apErqu7LrvbcHvFK3mUwdUSdKMc3BP1e1JoX4LVou4qgtTPnAl,system@akconcerts.com,AK Concerts Auto Import,Master Event Database,Approved
2026-08-12 12:00:00,Live Music w/ Raised by Elephants,2026-08-07,6:30p-9:30p,Seward,Flamingo Lounge,music,,https://www.eventbrite.com/e/live-at-the-flamingo-raised-by-elephants-tickets-1993588170885?aff=ebdsoporgprofile,system@akconcerts.com,AK Concerts Auto Import,Master Event Database,Approved
2026-08-12 12:00:00,Ayla Ray w/ The Chris Christy Quintet,2026-08-07,9p-2a,Seward,Yukon Bar,music,,https://www.facebook.com/photo/?fbid=1580563350521141&set=a.589423516301801,system@akconcerts.com,AK Concerts Auto Import,Master Event Database,Approved
2026-08-12 12:00:00,Live Music w/ Whiskey Class,2026-08-07,7p-?,Skagway,Skagway Brewing,music,,https://www.facebook.com/photo/?fbid=1639245718206033&set=pcb.1639245981539340,system@akconcerts.com,AK Concerts Auto Import,Master Event Database,Approved
2026-08-12 12:00:00,3rd Annual Lord of the Wings,2026-08-07,5:30p-7:30p,Sterling,Lakeside Falls,music,,https://www.facebook.com/events/1413990217155518/?acontext=%7B%22event_action_history%22%3A%5b%7B%22mechanism%22%3A%22discovery_custom_tab%22%2C%22surface%22%3A%22bookmark%22%7D%5d%2C%22ref_notif_type%22%3Anull%7D,system@akconcerts.com,AK Concerts Auto Import,Master Event Database,Approved
2026-08-12 12:00:00,Live At Five Summer Concerts: Nervis Rex,2026-08-07,5p-7p,Talkeetna,Talkeetna Village Park,music,,https://fairviewtalkeetna.com/pages/live-music,system@akconcerts.com,AK Concerts Auto Import,Master Event Database,Approved
2026-08-12 12:00:00,Nervis Rex,2026-08-07,9p-1a,Talkeetna,Fairview Inn,music,,https://fairviewtalkeetna.com/pages/live-music,system@akconcerts.com,AK Concerts Auto Import,Master Event Database,Approved
2026-08-12 12:00:00,Live Music w/ Lia Everett,2026-08-07,6p-9p,Wasilla,Last Frontier Brewing Company,music,,https://www.facebook.com/events/2622824768132549/?acontext=%7B%22event_action_history%22%3A%5b%7B%22mechanism%22%3A%22discovery_custom_tab%22%2C%22surface%22%3A%22bookmark%22%7D%5d%2C%22ref_notif_type%22%3Anull%7D,system@akconcerts.com,AK Concerts Auto Import,Master Event Database,Approved
2026-08-12 12:00:00,Big Irish Jay Hollingsworth Comedy Show,2026-08-07,7p-9p,Wasilla,Everett’s,comedy,,https://www.rubberptarmigan.com/events/big-irish-jay-hollingsworth-main-street-tap-grill-2026,system@akconcerts.com,AK Concerts Auto Import,Master Event Database,Approved
2026-08-12 12:00:00,Karaoke Night,2026-08-07,8p-11p,Wasilla,Schwabenhof,music,,https://akconcets.us20.list-manage.com/track/click?u=7bd13a48fecb63b6d795caadf&id=e982562f83&e=be0392aff7,system@akconcerts.com,AK Concerts Auto Import,Master Event Database,Approved
2026-08-12 12:00:00,Storytime & Crafternoon,2026-08-08,1p-3p,Barrow,Tuzzy Consortium Library,community,,https://www.facebook.com/TuzzyConsortiumLibrary/,system@akconcerts.com,AK Concerts Auto Import,Master Event Database,Approved
2026-08-12 12:00:00,Big Lake Community Farmer’s Market,2026-08-08,12p-6p,Big Lake,Common Ground Alaska Farm,community,,https://www.facebook.com/events/1505191268049063/1505191301382393/?acontext=%7B%22event_action_history%22%3A%5b%7B%22mechanism%22%3A%22surface%22%2C%22surface%22%3A%22permalink%22%7D%5d%2C%22ref_notif_type%22%3Anull%7D,system@akconcerts.com,AK Concerts Auto Import,Master Event Database,Approved
2026-08-12 12:00:00,Jesse James,2026-08-08,7p-10p,Cooper Landing,Gwin’s Lodge,music,,https://www.facebook.com/gwinslodge/posts/pfbid08uAn6J7BuJF4LR6apErqu7LrvbcHvFK3mUwdUSdKMc3BP1e1JoX4LVou4qgtTPnAl,system@akconcerts.com,AK Concerts Auto Import,Master Event Database,Approved
2026-08-12 12:00:00,Storytime on the Bus,2026-08-08,11a-?,Eagle River,Chugiak-Eagle River Library,community,,https://www.facebook.com/events/3428441044002629/,system@akconcerts.com,AK Concerts Auto Import,Master Event Database,Approved
2026-08-12 12:00:00,DJ Auman Joy,2026-08-08,8p-2a,Eagle River,Homestead Lounge,music,,https://www.facebook.com/HomesteadLounge,system@akconcerts.com,AK Concerts Auto Import,Master Event Database,Approved
2026-08-12 12:00:00,Science for Alaska: AK’s Cold Winter in a Warming Climate,2026-08-08,11:30a-12:30p,Fairbanks,Explore Fairbanks,music,,https://www.facebook.com/events/1056637257543047/1056637280876378/?acontext=%7B%22event_action_history%22%3A%5b%7B%22mechanism%22%3A%22calendar_tab_event%22%2C%22surface%22%3A%22bookmark_calendar%22%7D%5d%2C%22ref_notif_type%22%3Anull%7D,system@akconcerts.com,AK Concerts Auto Import,Master Event Database,Approved
2026-08-12 12:00:00,Golden Heart Revue,2026-08-08,8:15p-9:15p,Fairbanks,The Palace Theater,music,,https://www.akvisit.com/palace-theatre?fbclid=IwY2xjawR7CNdleHRuA2FlbQIxMABicmlkETFZQTc5Q1NiWm16bDhNY0RZc3J0YwZhcHBfaWQQMjIyMDM5MTc4ODIwMDg5MgABHrK_LgMLEgXX7mcIrxnzr8jTJ9RaI_Lt7mvGG48tR-IMPMLVZRSzqN26Ewga_aem_RqdeQf5Ku3SEWvV41NwhHg,system@akconcerts.com,AK Concerts Auto Import,Master Event Database,Approved
2026-08-12 12:00:00,Tanana Valley State Fair,2026-08-08,8a-10p,Fairbanks,Tanana Valley State Fair Grounds,festival,,https://www.tvsfa.org/events,system@akconcerts.com,AK Concerts Auto Import,Master Event Database,Approved
2026-08-12 12:00:00,The Supply Chain Live Pop Punk & Emo Tribute,2026-08-08,8p-2a,Fairbanks,The International Hotel & Bar,music,,,system@akconcerts.com,AK Concerts Auto Import,Master Event Database,Approved
2026-08-12 12:00:00,Karaoke Night Punk /Emo Night,2026-08-08,9p-1a,Haines,Pioneer Bar,music,,https://akconcets.us20.list-manage.com/track/click?u=7bd13a48fecb63b6d795caadf&id=e982562f83&e=be0392aff7,system@akconcerts.com,AK Concerts Auto Import,Master Event Database,Approved
2026-08-12 12:00:00,Pushki Pickers,2026-08-08,10p-2p,Homer,Kharacters Alaskan Bar,music,,https://www.facebook.com/kharacters.bar,system@akconcerts.com,AK Concerts Auto Import,Master Event Database,Approved
2026-08-12 12:00:00,"Guided tours of the Botanical Gardens, Homestead Garden, & Forest Trails.",2026-08-08,11a-12p,Homer,Pratt Museum,music,,https://www.facebook.com/events/27331907429732951/27331907509732943/?acontext=%7B%22event_action_history%22%3A%5b%7B%22extra_data%22%3A%22%22%2C%22mechanism%22%3A%22surface%22%2C%22surface%22%3A%22permalink%22%7D%2C%7B%22extra_data%22%3A%22%22%2C%22,system@akconcerts.com,AK Concerts Auto Import,Master Event Database,Approved
2026-08-12 12:00:00,Piano Music by Sunrise Kilcher,2026-08-08,6p-8p,Homer,AJ’s Old Town Steakhouse & Tavern,music,,https://www.homeralaska.org/event/piano-by-sunrise-kilcher/19/,system@akconcerts.com,AK Concerts Auto Import,Master Event Database,Approved
2026-08-12 12:00:00,Sense And Sensibility,2026-08-08,7:30p-?,Homer,Pier One Theater,music,,https://pieronetheatre.org/events/sense-and-sensibility,system@akconcerts.com,AK Concerts Auto Import,Master Event Database,Approved
2026-08-12 12:00:00,Family Fishing Day,2026-08-08,12p-?,Hope,Seaview Historic Café & Campground,music,,https://www.facebook.com/events/2080809609522804/?acontext=%7B%22event_action_history%22%3A%5b%7B%22mechanism%22%3A%22discovery_custom_tab%22%2C%22surface%22%3A%22bookmark%22%7D%5d%2C%22ref_notif_type%22%3Anull%7D,system@akconcerts.com,AK Concerts Auto Import,Master Event Database,Approved
2026-08-12 12:00:00,Saturday Cinders,2026-08-08,6p-10p,Hope,Dirty Skillet,music,,https://dirtyskillet.com/music,system@akconcerts.com,AK Concerts Auto Import,Master Event Database,Approved
2026-08-12 12:00:00,Reverend Peyton's Big Damn Band,2026-08-08,7p-11p,Hope,Creekbend Co.,music,,https://www.creekbendco.com/event,system@akconcerts.com,AK Concerts Auto Import,Master Event Database,Approved
2026-08-12 12:00:00,Noche Latina ft DJ Omar,2026-08-08,10p-?,Juneau,The Crystal Saloon,music,,https://www.facebook.com/thecrystalsaloon,system@akconcerts.com,AK Concerts Auto Import,Master Event Database,Approved
2026-08-12 12:00:00,"Malone, Doucet, & McManamy Live",2026-08-08,6p-?,Kasilof,Kasilof Dock RV Park,music,,https://www.facebook.com/events/1018904524101202/,system@akconcerts.com,AK Concerts Auto Import,Master Event Database,Approved
2026-08-12 12:00:00,Beyond the Exhibit: Native Plant Walk,2026-08-08,12p-?,Kenai,Kenai Chamber of Commerce & Visitor Center,music,,https://www.facebook.com/events/1636198671130466/,system@akconcerts.com,AK Concerts Auto Import,Master Event Database,Approved
2026-08-12 12:00:00,"Stand Up Comedy w/ Sabrina Speers, Mike Comer, Drew Gordon, & More!",2026-08-08,6p-9p,Kenai,Kenai Elks Lodge,comedy,,https://www.rubberptarmigan.com/events/standup-comedy-show-kenai-elks-lodge,system@akconcerts.com,AK Concerts Auto Import,Master Event Database,Approved
2026-08-12 12:00:00,Virgin Voyages: Brilliant Lady Land Party,2026-08-08,12p-6p,Ketchikan,Arctic Bar,music,,https://www.facebook.com/events/1466272915541691/1466276535541329/?active_tab=about,system@akconcerts.com,AK Concerts Auto Import,Master Event Database,Approved
2026-08-12 12:00:00,Summer Saturdays at the Museum,2026-08-08,1p-3p,Ketchikan,Tongass Historical Museum,music,,https://www.facebook.com/events/873907959081409/873907992414739/?active_tab=about,system@akconcerts.com,AK Concerts Auto Import,Master Event Database,Approved
2026-08-12 12:00:00,Black Barrel and the Bad Men,2026-08-08,7p-12a,Kodiak,The Rendezvous,music,,https://www.kodiakrendezvous.com/live-music,system@akconcerts.com,AK Concerts Auto Import,Master Event Database,Approved
2026-08-12 12:00:00,McCarthy Rose Live Theater,2026-08-08,7p-?,McCarthy,The Golden Saloon,theatre,,https://www.mccarthylodge.com/mccarthy-events/,system@akconcerts.com,AK Concerts Auto Import,Master Event Database,Approved
2026-08-12 12:00:00,Barry Sless & Stephen Inglis,2026-08-08,TBD,McCarthy,The Golden Saloon,music,,https://www.mccarthylodge.com/mccarthy-events/,system@akconcerts.com,AK Concerts Auto Import,Master Event Database,Approved
2026-08-12 12:00:00,World’s Biggest Backpack Give Day 2026,2026-08-08,10a-2p,North Pole,Summit Church,music,,https://www.facebook.com/events/2588737454893147/?acontext=%7B%22event_action_history%22%3A%5b%7B%22mechanism%22%3A%22discovery_custom_tab%22%2C%22surface%22%3A%22bookmark%22%7D%5d%2C%22ref_notif_type%22%3Anull%7D,system@akconcerts.com,AK Concerts Auto Import,Master Event Database,Approved
2026-08-12 12:00:00,Seth Freeman Band,2026-08-08,4p-7p,Palmer,Hatcher Pass Lodge,music,,https://www.facebook.com/photo/?fbid=1580563350521141&set=a.589423516301801,system@akconcerts.com,AK Concerts Auto Import,Master Event Database,Approved
2026-08-12 12:00:00,The Ken Peltier Band,2026-08-08,7p-10p,Palmer,Palmer Alehouse,music,,https://www.facebook.com/events/4659782330916669,system@akconcerts.com,AK Concerts Auto Import,Master Event Database,Approved
2026-08-12 12:00:00,Two-Step and Country Swing Dance Lessons!,2026-08-08,7p-8p,Palmer,American Legion Post 15,dance,,https://www.facebook.com/photo/?fbid=956981223779042&set=gm.1748027286563468,system@akconcerts.com,AK Concerts Auto Import,Master Event Database,Approved
2026-08-12 12:00:00,Karaoke,2026-08-08,8p-11p,Palmer,American Legion Post 15,music,,https://www.facebook.com/akrockstarkaraoke/events,system@akconcerts.com,AK Concerts Auto Import,Master Event Database,Approved
2026-08-12 12:00:00,Live Music w/ Sonoran Sunsets,2026-08-08,TBD,Seldovia,Linwood Bar & Grill,music,,https://www.facebook.com/gwinslodge/posts/pfbid08uAn6J7BuJF4LR6apErqu7LrvbcHvFK3mUwdUSdKMc3BP1e1JoX4LVou4qgtTPnAl,system@akconcerts.com,AK Concerts Auto Import,Master Event Database,Approved
2026-08-12 12:00:00,Ayla Ray w/ The Chris Christy Quintet,2026-08-08,9p-2a,Seward,Yukon Bar,music,,https://www.facebook.com/photo/?fbid=1580563350521141&set=a.589423516301801,system@akconcerts.com,AK Concerts Auto Import,Master Event Database,Approved
2026-08-12 12:00:00,Music Time,2026-08-08,3p-5p,Skagway,Skagway Library,music,,https://www.facebook.com/skagwaypubliclibrary,system@akconcerts.com,AK Concerts Auto Import,Master Event Database,Approved
2026-08-12 12:00:00,Karaoke w/ Edencraft,2026-08-08,5p-8p,Soldotna,The Goods,music,,https://akconcets.us20.list-manage.com/track/click?u=7bd13a48fecb63b6d795caadf&id=e982562f83&e=be0392aff7,system@akconcerts.com,AK Concerts Auto Import,Master Event Database,Approved
2026-08-12 12:00:00,Steve Norwood,2026-08-08,6p-9p,Sterling,Naptowne Brewing Company,music,,https://www.instagram.com/p/Dbhn0XNB84h/,system@akconcerts.com,AK Concerts Auto Import,Master Event Database,Approved
2026-08-12 12:00:00,Jerry Wessling Band,2026-08-08,6p-8,Talkeetna,Denali Brewing Company,music,,https://www.facebook.com/events/2540219679749437/,system@akconcerts.com,AK Concerts Auto Import,Master Event Database,Approved
2026-08-12 12:00:00,The Pit Viperz,2026-08-08,9p-1a,Talkeetna,Fairview Inn,music,,https://fairviewtalkeetna.com/pages/live-music,system@akconcerts.com,AK Concerts Auto Import,Master Event Database,Approved
2026-08-12 12:00:00,2nd Annual OCDetailing Show & Shine,2026-08-08,10a-3p,Wasilla,Everett’s,music,,https://www.facebook.com/events/1791149082061695/?acontext=%7B%22event_action_history%22%3A%5b%7B%22mechanism%22%3A%22discovery_custom_tab%22%2C%22surface%22%3A%22bookmark%22%7D%5d%2C%22ref_notif_type%22%3Anull%7D,system@akconcerts.com,AK Concerts Auto Import,Master Event Database,Approved
2026-08-12 12:00:00,All Alaska Reptile & Exotics Expo,2026-08-08,11a-7p,Wasilla,Curtis D Memorial Sports Center,music,,https://www.facebook.com/events/901787599600844/?acontext=%7B%22event_action_history%22%3A%5b%7B%22mechanism%22%3A%22discovery_custom_tab%22%2C%22surface%22%3A%22bookmark%22%7D%5d%2C%22ref_notif_type%22%3Anull%7D,system@akconcerts.com,AK Concerts Auto Import,Master Event Database,Approved
2026-08-12 12:00:00,Music on the Farm w/ Blackwater Railroad,2026-08-08,3p-8p,Wasilla,Kids Cupboard,music,,https://www.facebook.com/events/1318153199773180/?acontext=%7B%22event_action_history%22%3A%5b%7B%22mechanism%22%3A%22discovery_custom_tab%22%2C%22surface%22%3A%22bookmark%22%7D%5d%2C%22ref_notif_type%22%3Anull%7D,system@akconcerts.com,AK Concerts Auto Import,Master Event Database,Approved
2026-08-12 12:00:00,Dave Johnson Live,2026-08-08,6p-9p,Wasilla,Last Frontier Brewing Company,music,,https://www.facebook.com/events/1206546348283959,system@akconcerts.com,AK Concerts Auto Import,Master Event Database,Approved
2026-08-12 12:00:00,Comedian Lelean Klassen: Pressin’ On Comedy Tour,2026-08-08,7p-9p,Wasilla,Summit Worship Center,comedy,,https://www.facebook.com/events/997502723007874/?acontext=%7B%22event_action_history%22%3A%5b%7B%22mechanism%22%3A%22discovery_custom_tab%22%2C%22surface%22%3A%22bookmark%22%7D%5d%2C%22ref_notif_type%22%3Anull%7D,system@akconcerts.com,AK Concerts Auto Import,Master Event Database,Approved
2026-08-12 12:00:00,Live Music with Glacier Blues Band,2026-08-08,TBD,Wasilla,Tug Bar & Liquor- Goose Bay Inn,music,,https://www.facebook.com/photo/?fbid=1497931395460551&set=a.208825104371193,system@akconcerts.com,AK Concerts Auto Import,Master Event Database,Approved
2026-08-12 12:00:00,Koots Karaoke,2026-08-09,10p-2a,Anchorage,Koot’s,music,,https://akconcets.us20.list-manage.com/track/click?u=7bd13a48fecb63b6d795caadf&id=51fd3075bf&e=be0392aff7,system@akconcerts.com,AK Concerts Auto Import,Master Event Database,Approved
2026-08-12 12:00:00,Industry Night w/ Joe Brady,2026-08-09,10p-2a,Anchorage,Pioneer Bar,music,,https://www.facebook.com/profile.php?id=100035394206580,system@akconcerts.com,AK Concerts Auto Import,Master Event Database,Approved
2026-08-12 12:00:00,Live Music at the Market,2026-08-09,11a-5p,Anchorage,Anchorage Weekend Market,music,,https://www.facebook.com/AnchorageWeekendDowntownMarket,system@akconcerts.com,AK Concerts Auto Import,Master Event Database,Approved
2026-08-12 12:00:00,2026 Japanese Summer Festival,2026-08-09,12p-3p,Anchorage,Kincaid Chalet,festival,,https://www.facebook.com/events/2168902037233354/?acontext=%7B%22event_action_history%22%3A%5b%7B%22mechanism%22%3A%22discovery_custom_tab%22%2C%22surface%22%3A%22bookmark%22%7D%5d%2C%22ref_notif_type%22%3Anull%7D,system@akconcerts.com,AK Concerts Auto Import,Master Event Database,Approved
2026-08-12 12:00:00,ALC Concert Series: Anchorage Jazz Ensemble,2026-08-09,4:30p-6p,Anchorage,Anchorage Lutheran Church,music,,https://www.eventbrite.com/e/alc-concert-series-anchorage-jazz-ensemble-tickets-1994252748655,system@akconcerts.com,AK Concerts Auto Import,Master Event Database,Approved
2026-08-12 12:00:00,Open Mic & Jam,2026-08-09,4:30p-8:30p,Anchorage,VFW Post 1685,music,,https://www.facebook.com/tyrone.palmer.722744,system@akconcerts.com,AK Concerts Auto Import,Master Event Database,Approved
2026-08-12 12:00:00,Garden Grooves: Music in the Beer Garden,2026-08-09,5p-7p,Anchorage,49th State Brewery,music,,https://www.facebook.com/photo/?fbid=1267333412235644&set=gm.1017207420732481,system@akconcerts.com,AK Concerts Auto Import,Master Event Database,Approved
2026-08-12 12:00:00,Country Dance Nights: Line Dancing & Swing,2026-08-09,6:30p-9:30p,Anchorage,Anchorage Social Dance Club,dance,,https://www.facebook.com/35PlusClub/posts/pfbid0WJizwEbNi85duFkPSHFUsdVjmCMNhvohUubFJ3YdcCa5a49CmcfsWq4FKLK63J9xl,system@akconcerts.com,AK Concerts Auto Import,Master Event Database,Approved
2026-08-12 12:00:00,Sunday Blues Jam w/ Rebel Blues Band,2026-08-09,6p-10p,Anchorage,Billiard Palace,music,,https://www.facebook.com/events/2204843740345501/2204843797012162/?acontext=%7B%22event_action_history%22%3A%5b%7B%22extra_data%22%3A%22%22%2C%22mechanism%22%3A%22surface%22%2C%22surface%22%3A%22permalink%22%7D%2C%7B%22extra_data%22%3A%22%22%2C%22me,system@akconcerts.com,AK Concerts Auto Import,Master Event Database,Approved
2026-08-12 12:00:00,All Ages Buckarooos Night,2026-08-09,6p-10p,Anchorage,Pink Cadillac,music,,https://www.facebook.com/events/1668434181079131/1668434254412457/?acontext=%7B%22event_action_history%22%3A%5b%7B%22mechanism%22%3A%22surface%22%2C%22surface%22%3A%22permalink%22%7D%5d%2C%22ref_notif_type%22%3Anull%7D,system@akconcerts.com,AK Concerts Auto Import,Master Event Database,Approved
2026-08-12 12:00:00,Comedy Open Mic,2026-08-09,8:30p-10p,Anchorage,Koot’s,comedy,,https://akconcets.us20.list-manage.com/track/click?u=7bd13a48fecb63b6d795caadf&id=2020d45d02&e=be0392aff7,system@akconcerts.com,AK Concerts Auto Import,Master Event Database,Approved
2026-08-12 12:00:00,Open Jam with Blast From The Past,2026-08-09,8:30p-1a,Anchorage,Time Out Lounge,music,,https://akconcets.us20.list-manage.com/track/click?u=7bd13a48fecb63b6d795caadf&id=91844526ab&e=be0392aff7,system@akconcerts.com,AK Concerts Auto Import,Master Event Database,Approved
2026-08-12 12:00:00,Open Mic Night,2026-08-09,8p-11p,Anchorage,Van’s Dive Bar,music,,https://www.facebook.com/photo/?fbid=1507990474662996&set=a.752367223558662,system@akconcerts.com,AK Concerts Auto Import,Master Event Database,Approved
2026-08-12 12:00:00,Sunday Karaoke,2026-08-09,8p-2a,Anchorage,The Carousel Lounge,music,,https://www.facebook.com/akrockstarkaraoke/events,system@akconcerts.com,AK Concerts Auto Import,Master Event Database,Approved
2026-08-12 12:00:00,Tri the Y Kids Triathlon,2026-08-09,9a-1p,Anchorage,YMCA,music,,https://www.facebook.com/events/1356672679730189/?acontext=%7B%22event_action_history%22%3A%5b%7B%22mechanism%22%3A%22discovery_custom_tab%22%2C%22surface%22%3A%22bookmark%22%7D%5d%2C%22ref_notif_type%22%3Anull%7D,system@akconcerts.com,AK Concerts Auto Import,Master Event Database,Approved
2026-08-12 12:00:00,Arctic Thunder Open House & Air Show Celebrating America’s 250th,2026-08-09,9a-5p,Anchorage,JBER,music,,https://www.jber.jb.mil/Info/Arctic-Thunder-Open-House/,system@akconcerts.com,AK Concerts Auto Import,Master Event Database,Approved
2026-08-12 12:00:00,Karaoke,2026-08-09,9p-12a,Anchorage,Mad Myrna’s,music,,https://www.facebook.com/akrockstarkaraoke/events,system@akconcerts.com,AK Concerts Auto Import,Master Event Database,Approved
2026-08-12 12:00:00,Open Mic Night,2026-08-09,6p-9p,Big Lake,Susitna Brewing,music,,https://www.facebook.com/photo/?fbid=1507990474662996&set=a.752367223558662,system@akconcerts.com,AK Concerts Auto Import,Master Event Database,Approved
2026-08-12 12:00:00,Power Plant Comedy w/ Stephen Wheeler,2026-08-09,7p-9:30p,Cooper Landing,Cooper Landing Brewing,comedy,,https://www.facebook.com/photo.php?fbid=1539379864813086&set=pb.100062232621386.-2207520000&type=3,system@akconcerts.com,AK Concerts Auto Import,Master Event Database,Approved
2026-08-12 12:00:00,Sunday Deck Open Jam,2026-08-09,2p-5p,Ester,Malemute Saloon & Gold Camp,music,,https://malemutesaloon.com/schedule/,system@akconcerts.com,AK Concerts Auto Import,Master Event Database,Approved
2026-08-12 12:00:00,Ragtime Piano,2026-08-09,6p-8p,Ester,Malemute Saloon & Gold Camp,music,,https://malemutesaloon.com/schedule/,system@akconcerts.com,AK Concerts Auto Import,Master Event Database,Approved
2026-08-12 12:00:00,Golden Heart Revue,2026-08-09,8:15p-9:15p,Fairbanks,The Palace Theater,music,,https://www.akvisit.com/palace-theatre?fbclid=IwY2xjawR7CNdleHRuA2FlbQIxMABicmlkETFZQTc5Q1NiWm16bDhNY0RZc3J0YwZhcHBfaWQQMjIyMDM5MTc4ODIwMDg5MgABHrK_LgMLEgXX7mcIrxnzr8jTJ9RaI_Lt7mvGG48tR-IMPMLVZRSzqN26Ewga_aem_RqdeQf5Ku3SEWvV41NwhHg,system@akconcerts.com,AK Concerts Auto Import,Master Event Database,Approved
2026-08-12 12:00:00,Tanana Valley State Fair,2026-08-09,8a-10p,Fairbanks,Tanana Valley State Fair Grounds,festival,,https://www.tvsfa.org/events,system@akconcerts.com,AK Concerts Auto Import,Master Event Database,Approved
2026-08-12 12:00:00,Karaoke,2026-08-09,9p-?,Fairbanks,The Marlin,music,,https://www.facebook.com/akrockstarkaraoke/events,system@akconcerts.com,AK Concerts Auto Import,Master Event Database,Approved
2026-08-12 12:00:00,Sense And Sensibility,2026-08-09,3p-?,Homer,Pier One Theater,music,,https://pieronetheatre.org/events/sense-and-sensibility,system@akconcerts.com,AK Concerts Auto Import,Master Event Database,Approved
2026-08-12 12:00:00,Luke Smith,2026-08-09,5p-7p,Homer,Kharacters Alaskan Bar,music,,https://www.facebook.com/kharacters.bar,system@akconcerts.com,AK Concerts Auto Import,Master Event Database,Approved
2026-08-12 12:00:00,Sunday Brunch with Saturday Cinders,2026-08-09,11a-2p,Hope,Creekbend Co.,community,,https://dirtyskillet.com/music,system@akconcerts.com,AK Concerts Auto Import,Master Event Database,Approved
2026-08-12 12:00:00,Open Mic Night w/ Joe Williams,2026-08-09,6p-9p,Ketchikan,The Creek Street Cabaret,music,,https://www.facebook.com/photo/?fbid=1507990474662996&set=a.752367223558662,system@akconcerts.com,AK Concerts Auto Import,Master Event Database,Approved
2026-08-12 12:00:00,Ayla Ray,2026-08-09,2p-5p,Palmer,Hatcher Pass Lodge,music,,https://www.facebook.com/photo/?fbid=1580563350521141&set=a.589423516301801,system@akconcerts.com,AK Concerts Auto Import,Master Event Database,Approved
2026-08-12 12:00:00,Karaoke,2026-08-09,8p-?,Palmer,Four Corner’s Lounge,music,,https://www.facebook.com/akrockstarkaraoke/events,system@akconcerts.com,AK Concerts Auto Import,Master Event Database,Approved
2026-08-12 12:00:00,Karaoke,2026-08-09,9p-1a,Seward,Yukon Bar,music,,https://www.facebook.com/akrockstarkaraoke/events,system@akconcerts.com,AK Concerts Auto Import,Master Event Database,Approved
2026-08-12 12:00:00,Music Time,2026-08-09,3p-5p,Skagway,Skagway Library,music,,https://www.facebook.com/skagwaypubliclibrary,system@akconcerts.com,AK Concerts Auto Import,Master Event Database,Approved
2026-08-12 12:00:00,Brewery to the Bathroom .5k “The Race for the Rest of Us”,2026-08-09,11a-?,Soldotna,Kenai River Brewing Company,community,,https://www.facebook.com/events/2757658777908747/?acontext=%7B%22event_action_history%22%3A%5b%7B%22mechanism%22%3A%22discovery_custom_tab%22%2C%22surface%22%3A%22bookmark%22%7D%5d%2C%22ref_notif_type%22%3Anull%7D,system@akconcerts.com,AK Concerts Auto Import,Master Event Database,Approved
2026-08-12 12:00:00,Steve Durr,2026-08-09,1p-2:30p & 5p-6:30p,Talkeetna,Mountain High Pizza Pie,music,,https://www.pizzapietalkeetna.com/event-type/live-music/?fbclid=IwY2xjawRvBv9leHRuA2FlbQIxMABicmlkETE4T3g0UnoxVExiYTJjdXdQc3J0YwZhcHBfaWQQMjIyMDM5MTc4ODIwMDg5MgABHjyB1eWoEUpiOvGrlQarejNeQ12UXmcHnrBjwbrtFOPH0Rv2MmpWh1UA2AxS_aem_ls3CB8uZ3Xj26XD5nR9-,system@akconcerts.com,AK Concerts Auto Import,Master Event Database,Approved
2026-08-12 12:00:00,Taylor Swift Tribute Brunch,2026-08-09,11a-2p,Wasilla,Everett’s,community,,https://www.facebook.com/HopeCommunityResources/posts/pfbid02X4NN11EfRpBSiWdxGyHUfvrsaqtUpz8A61kmTeEahNv6rrhzBSEFogzHkQkTdPZcl,system@akconcerts.com,AK Concerts Auto Import,Master Event Database,Approved
2026-08-12 12:00:00,Live Music w/ David Johnson,2026-08-09,TBD,Wasilla,Tug Bar & Liquor- Goose Bay Inn,music,,https://www.facebook.com/photo/?fbid=1497931395460551&set=a.208825104371193,system@akconcerts.com,AK Concerts Auto Import,Master Event Database,Approved
2026-08-12 12:00:00,PAWSitive Reading w/ Therapy Dogs,2026-08-10,3p-4p,Anchorage,Loussac Library,music,,https://www.anchoragelibrary.org/events/classes-schedules/community-events/,system@akconcerts.com,AK Concerts Auto Import,Master Event Database,Approved
2026-08-12 12:00:00,Garden Grooves: Music in the Beer Garden,2026-08-10,5p-7p,Anchorage,49th State Brewery,music,,https://www.facebook.com/photo/?fbid=1267333412235644&set=gm.1017207420732481,system@akconcerts.com,AK Concerts Auto Import,Master Event Database,Approved
2026-08-12 12:00:00,Weekly Jazz Jam,2026-08-10,6:30p-9:30p,Anchorage,Fire Island Bakery @ K Street Market,music,,https://akjazzworkshop.org/calendar/,system@akconcerts.com,AK Concerts Auto Import,Master Event Database,Approved
2026-08-12 12:00:00,Learn to Square Dance,2026-08-10,7p-9p,Anchorage,Anchorage Social Dance Club,dance,,https://www.akconcerts.com/learn,system@akconcerts.com,AK Concerts Auto Import,Master Event Database,Approved
2026-08-12 12:00:00,Bachata Dance Patterns,2026-08-10,8:30p-9:30p,Anchorage,Alaska Dance Promotions,dance,,https://www.facebook.com/events/1363802471592782/1363802584926104/?acontext=%7B%22event_action_history%22%3A%5b%7B%22extra_data%22%3A%22%22%2C%22mechanism%22%3A%22surface%22%2C%22surface%22%3A%22permalink%22%7D%2C%7B%22extra_data%22%3A%22%22%2C%22me,system@akconcerts.com,AK Concerts Auto Import,Master Event Database,Approved
2026-08-12 12:00:00,Karaoke Mondays,2026-08-10,6p-9p,Eagle River,Odd Man Rush,music,,https://akconcets.us20.list-manage.com/track/click?u=7bd13a48fecb63b6d795caadf&id=e982562f83&e=be0392aff7,system@akconcerts.com,AK Concerts Auto Import,Master Event Database,Approved
2026-08-12 12:00:00,Gazebo Nights Concert Series: Alaska Wompus Cats,2026-08-10,6p-7p,Fairbanks,Pioneer Park,music,,https://www.facebook.com/events/1304683955212602/1304683971879267/?acontext=%7B%22event_action_history%22%3A%5b%7B%22mechanism%22%3A%22surface%22%2C%22surface%22%3A%22permalink%22%7D%5d%2C%22ref_notif_type%22%3Anull%7D,system@akconcerts.com,AK Concerts Auto Import,Master Event Database,Approved
2026-08-12 12:00:00,Golden Heart Revue,2026-08-10,8:15p-9:15p,Fairbanks,The Palace Theater,music,,https://www.akvisit.com/palace-theatre?fbclid=IwY2xjawR7CNdleHRuA2FlbQIxMABicmlkETFZQTc5Q1NiWm16bDhNY0RZc3J0YwZhcHBfaWQQMjIyMDM5MTc4ODIwMDg5MgABHrK_LgMLEgXX7mcIrxnzr8jTJ9RaI_Lt7mvGG48tR-IMPMLVZRSzqN26Ewga_aem_RqdeQf5Ku3SEWvV41NwhHg,system@akconcerts.com,AK Concerts Auto Import,Master Event Database,Approved
2026-08-12 12:00:00,RawBeats w/ Astronomar & Friends,2026-08-10,9p-?,Juneau,Alaskan Hotel and Bar,music,,https://www.facebook.com/photo?fbid=1747846129985098&set=pcb.1747846179985093,system@akconcerts.com,AK Concerts Auto Import,Master Event Database,Approved
2026-08-12 12:00:00,"Storytime & Craft: ""Moose and Magpie""",2026-08-10,11a-?,Kenai,Kenai Chamber of Commerce & Visitor Center,community,,https://www.facebook.com/events/2252700968879689/,system@akconcerts.com,AK Concerts Auto Import,Master Event Database,Approved
2026-08-12 12:00:00,Storytime & Craft: Moose and Magpie,2026-08-10,11a-?,Kenai,Kenai Chamber of Commerce & Visitor Center,community,,https://www.facebook.com/events/2252700968879689/,system@akconcerts.com,AK Concerts Auto Import,Master Event Database,Approved
2026-08-12 12:00:00,Seward Strings,2026-08-10,1p-4p,Seward,Seward Senior Center,music,,https://www.facebook.com/SewardSeniors,system@akconcerts.com,AK Concerts Auto Import,Master Event Database,Approved
2026-08-12 12:00:00,Karaoke Contest Finals with Megan Killoran,2026-08-10,9p-1a,Seward,Yukon Bar,music,,https://akconcets.us20.list-manage.com/track/click?u=7bd13a48fecb63b6d795caadf&id=e982562f83&e=be0392aff7,system@akconcerts.com,AK Concerts Auto Import,Master Event Database,Approved
2026-08-12 12:00:00,Storytime & Play,2026-08-10,10:30a-11a,Soldotna,Farnsworth Park,theatre,,https://www.facebook.com/events/2211445169673257/2211445203006587?acontext=%7B%22event_action_history%22%3A%5b%7B%22extra_data%22%3A%22%22%2C%22mechanism%22%3A%22surface%22%2C%22surface%22%3A%22permalink%22%7D%2C%7B%22extra_data%22%3A%22%22%2C%22mec,system@akconcerts.com,AK Concerts Auto Import,Master Event Database,Approved
2026-08-12 12:00:00,Friends of Mike Morgan Song Circle,2026-08-10,5p-7p,Soldotna,The Goods,music,,https://www.facebook.com/events/2211445169673257/2211445203006587?acontext=%7B%22event_action_history%22%3A%5b%7B%22extra_data%22%3A%22%22%2C%22mechanism%22%3A%22surface%22%2C%22surface%22%3A%22permalink%22%7D%2C%7B%22extra_data%22%3A%22%22%2C%22mec,system@akconcerts.com,AK Concerts Auto Import,Master Event Database,Approved
2026-08-12 12:00:00,Karaoke,2026-08-10,9p-1a,Talkeetna,Fairview Inn,music,,https://www.facebook.com/akrockstarkaraoke/events,system@akconcerts.com,AK Concerts Auto Import,Master Event Database,Approved
2026-08-12 12:00:00,Lunch on the Lawn: Live Music w/ Fiona Rose,2026-08-11,11:30a-1:30p,Anchorage,Anchorage Museum,music,,https://www.facebook.com/events/1922185821777460/1922185828444126/?acontext=%7B%22event_action_history%22%3A%5b%7B%22mechanism%22%3A%22surface%22%2C%22surface%22%3A%22permalink%22%7D%5d%2C%22ref_notif_type%22%3Anull%7D,system@akconcerts.com,AK Concerts Auto Import,Master Event Database,Approved
2026-08-12 12:00:00,Garden Grooves: Music in the Beer Garden,2026-08-11,5p-7p,Anchorage,49th State Brewery,music,,https://www.facebook.com/photo/?fbid=1267333412235644&set=gm.1017207420732481,system@akconcerts.com,AK Concerts Auto Import,Master Event Database,Approved
2026-08-12 12:00:00,Irish Music & Dancing,2026-08-11,6p-8p,Anchorage,Organic Oasis,music,,https://www.facebook.com/organicoasisAK,system@akconcerts.com,AK Concerts Auto Import,Master Event Database,Approved
2026-08-12 12:00:00,Ted Stevens Young Alaskan Artist Award Recital Liam Dooley,2026-08-11,7:30p-9p,Anchorage,Alaska Center for the Performing Arts,music,,https://centertix.com/events/ted-stevens-young-alaskan-artist-award-recital,system@akconcerts.com,AK Concerts Auto Import,Master Event Database,Approved
2026-08-12 12:00:00,College Night 18+,2026-08-11,7p-10p,Anchorage,Pink Cadillac,music,,https://www.facebook.com/events/1537213564605897/1537213611272559/?acontext=%7B%22event_action_history%22%3A%5b%7B%22mechanism%22%3A%22surface%22%2C%22surface%22%3A%22permalink%22%7D%5d%2C%22ref_notif_type%22%3Anull%7D,system@akconcerts.com,AK Concerts Auto Import,Master Event Database,Approved
2026-08-12 12:00:00,Rope Dart Lessons w/ Jerrill,2026-08-11,8:30p-10p,Anchorage,Oriental Healing Arts Center,music,,https://www.facebook.com/photo/?fbid=1705391324273626&set=gm.830839779862518,system@akconcerts.com,AK Concerts Auto Import,Master Event Database,Approved
2026-08-12 12:00:00,AK Rockstar Karaoke,2026-08-11,8p-2a,Anchorage,The Carousel Lounge,music,,https://akconcets.us20.list-manage.com/track/click?u=7bd13a48fecb63b6d795caadf&id=e982562f83&e=be0392aff7,system@akconcerts.com,AK Concerts Auto Import,Master Event Database,Approved
2026-08-12 12:00:00,Goth Night: Terror Tuesday Wave!,2026-08-11,8p-2a,Anchorage,Koot’s,music,,https://www.facebook.com/kootsak,system@akconcerts.com,AK Concerts Auto Import,Master Event Database,Approved
2026-08-12 12:00:00,Two Step Tuesday w/ DJ Lele Beats,2026-08-11,9p-12a,Anchorage,Blarney Stone,dance,,https://www.facebook.com/photo/?fbid=936585406046428&set=pcb.936585452713090,system@akconcerts.com,AK Concerts Auto Import,Master Event Database,Approved
2026-08-12 12:00:00,Karaoke Night,2026-08-11,7p-10p,Fairbanks,The Cabin,music,,https://akconcets.us20.list-manage.com/track/click?u=7bd13a48fecb63b6d795caadf&id=e982562f83&e=be0392aff7,system@akconcerts.com,AK Concerts Auto Import,Master Event Database,Approved
2026-08-12 12:00:00,Golden Heart Revue,2026-08-11,8:15p-9:15p,Fairbanks,The Palace Theater,music,,https://www.akvisit.com/palace-theatre?fbclid=IwY2xjawR7CNdleHRuA2FlbQIxMABicmlkETFZQTc5Q1NiWm16bDhNY0RZc3J0YwZhcHBfaWQQMjIyMDM5MTc4ODIwMDg5MgABHrK_LgMLEgXX7mcIrxnzr8jTJ9RaI_Lt7mvGG48tR-IMPMLVZRSzqN26Ewga_aem_RqdeQf5Ku3SEWvV41NwhHg,system@akconcerts.com,AK Concerts Auto Import,Master Event Database,Approved
2026-08-12 12:00:00,Storytime at the Pratt: Berry Season,2026-08-11,10:30a-11:30a,Homer,Pratt Museum,community,,https://www.facebook.com/events/1318067970185424/1318067986852089/?acontext=%7B%22event_action_history%22%3A%5b%7B%22mechanism%22%3A%22surface%22%2C%22surface%22%3A%22permalink%22%7D%5d%2C%22ref_notif_type%22%3Anull%7D,system@akconcerts.com,AK Concerts Auto Import,Master Event Database,Approved
2026-08-12 12:00:00,Taco Tuesday's with Jim Maloney,2026-08-11,6:30p-10p,Homer,Justin Cole’s Down East Saloon,music,,https://akconcets.us20.list-manage.com/track/click?u=7bd13a48fecb63b6d795caadf&id=d4aeb6bcfd&e=be0392aff7,system@akconcerts.com,AK Concerts Auto Import,Master Event Database,Approved
2026-08-12 12:00:00,Jazz Jam Tuesday,2026-08-11,8p-11p,Juneau,The Crystal Saloon,music,,https://www.crystalsaloon.com/events,system@akconcerts.com,AK Concerts Auto Import,Master Event Database,Approved
2026-08-12 12:00:00,Line Dance Lessons,2026-08-11,7p-?,Kenai,Skeet’s Dive Bar,dance,,https://www.instagram.com/p/Dbhn0XNB84h/,system@akconcerts.com,AK Concerts Auto Import,Master Event Database,Approved
2026-08-12 12:00:00,Music on the Dock: Scattered Sunshine Trombone Choir,2026-08-11,12p-1p,Ketchikan,Ketchikan Dock,music,,https://www.ketchikanarts.org/programs-events/music-on-the-dock-summer-concert-series.html,system@akconcerts.com,AK Concerts Auto Import,Master Event Database,Approved
2026-08-12 12:00:00,Open Mic Night,2026-08-11,6p-8p,Ketchikan,Hole in the Wall,music,,https://www.facebook.com/photo/?fbid=1507990474662996&set=a.752367223558662,system@akconcerts.com,AK Concerts Auto Import,Master Event Database,Approved
2026-08-12 12:00:00,Tuesday Pub Run w/ Tundra Trotters,2026-08-11,6:15p-9p,North Pole,North Pole Alehouse,community,,https://www.facebook.com/events/1210834251124828/1210834304458156/?event_time_id=1210834334458153,system@akconcerts.com,AK Concerts Auto Import,Master Event Database,Approved
2026-08-12 12:00:00,Open Mic Night w/ Drew Sablon,2026-08-11,6p-9p,Palmer,Fishhook Bar & Grill,music,,https://www.facebook.com/photo/?fbid=1507990474662996&set=a.752367223558662,system@akconcerts.com,AK Concerts Auto Import,Master Event Database,Approved
2026-08-12 12:00:00,Industry Night with DJ Red,2026-08-11,8p-?,Palmer,Four Corner’s Lounge,music,,https://www.facebook.com/FourCornersLounge,system@akconcerts.com,AK Concerts Auto Import,Master Event Database,Approved
2026-08-12 12:00:00,Open Mic Night with Braden,2026-08-11,8p-2a,Seward,Yukon Bar,music,,https://www.facebook.com/photo/?fbid=1507990474662996&set=a.752367223558662,system@akconcerts.com,AK Concerts Auto Import,Master Event Database,Approved
2026-08-12 12:00:00,Toddler Story Time,2026-08-11,10:30a-11a,Soldotna,Soldotna Library,community,,https://www.facebook.com/events/1503656801148774/1503656831148771/?acontext=%7B%22event_action_history%22%3A%5b%7B%22extra_data%22%3A%22%22%2C%22mechanism%22%3A%22surface%22%2C%22surface%22%3A%22permalink%22%7D%2C%7B%22extra_data%22%3A%22%22%2C%22me,system@akconcerts.com,AK Concerts Auto Import,Master Event Database,Approved
2026-08-12 12:00:00,Timber Tots!,2026-08-11,11a-12p,Talkeetna,Denali Education Center,music,,https://www.facebook.com/events/964927736351240/964927756351238/,system@akconcerts.com,AK Concerts Auto Import,Master Event Database,Approved
2026-08-12 12:00:00,Storytime at Ken’s,2026-08-11,10a-11a,Wasilla,Ken’s Garden Center,community,,https://www.facebook.com/events/1439153171253533/1439153324586851/?acontext=%7B%22event_action_history%22%3A%5b%7B%22mechanism%22%3A%22surface%22%2C%22surface%22%3A%22permalink%22%7D%5d%2C%22ref_notif_type%22%3Anull%7D,system@akconcerts.com,AK Concerts Auto Import,Master Event Database,Approved
2026-08-12 12:00:00,Live Music w/ Jerry Wessling,2026-08-11,6p-9p,Wasilla,Everett’s,music,,https://www.facebook.com/events/1056348563732364/1056348597065694/?acontext=%7B%22event_action_history%22%3A%5b%7B%22mechanism%22%3A%22surface%22%2C%22surface%22%3A%22permalink%22%7D%5d%2C%22ref_notif_type%22%3Anull%7D,system@akconcerts.com,AK Concerts Auto Import,Master Event Database,Approved
2026-08-12 12:00:00,Karaoke Night,2026-08-11,8p-11p,Wasilla,Schwabenhof,music,,https://akconcets.us20.list-manage.com/track/click?u=7bd13a48fecb63b6d795caadf&id=e982562f83&e=be0392aff7,system@akconcerts.com,AK Concerts Auto Import,Master Event Database,Approved
2026-08-12 12:00:00,Meet & Greet w/ West Susitna Development,2026-08-11,5p-8p,Willow,Willow Community Center,music,,https://www.facebook.com/events/1540167107544454/?acontext=%7B%22event_action_history%22%3A%5b%7B%22mechanism%22%3A%22discovery_custom_tab%22%2C%22surface%22%3A%22bookmark%22%7D%5d%2C%22ref_notif_type%22%3Anull%7D,system@akconcerts.com,AK Concerts Auto Import,Master Event Database,Approved
2026-08-12 12:00:00,Free Community Storytime,2026-08-12,10:30a-11a,Anchorage,Alaska Zoo,community,,https://www.facebook.com/events/2118396738965650/2118396908965633/?acontext=%7B%22event_action_history%22%3A%5b%7B%22mechanism%22%3A%22surface%22%2C%22surface%22%3A%22permalink%22%7D%5d%2C%22ref_notif_type%22%3Anull%7D,system@akconcerts.com,AK Concerts Auto Import,Master Event Database,Approved
2026-08-12 12:00:00,The Eternal Cowboys,2026-08-12,10p-1a,Anchorage,Pioneer Bar,music,,https://www.facebook.com/photo.php?fbid=1348210747309890&set=pb.100063629314416.-2207520000&type=3,system@akconcerts.com,AK Concerts Auto Import,Master Event Database,Approved
2026-08-12 12:00:00,Koots Karaoke,2026-08-12,10p-2a,Anchorage,Koot’s,music,,https://akconcets.us20.list-manage.com/track/click?u=7bd13a48fecb63b6d795caadf&id=51fd3075bf&e=be0392aff7,system@akconcerts.com,AK Concerts Auto Import,Master Event Database,Approved
2026-08-12 12:00:00,Garden Grooves: Music in the Beer Garden,2026-08-12,5p-7p,Anchorage,49th State Brewery,music,,https://www.facebook.com/photo/?fbid=1267333412235644&set=gm.1017207420732481,system@akconcerts.com,AK Concerts Auto Import,Master Event Database,Approved
2026-08-12 12:00:00,International Folk Dancing,2026-08-12,6:30p-8p,Anchorage,Anchorage Social Dance Club,music,,https://www.facebook.com/35PlusClub/posts/pfbid0WJizwEbNi85duFkPSHFUsdVjmCMNhvohUubFJ3YdcCa5a49CmcfsWq4FKLK63J9xl,system@akconcerts.com,AK Concerts Auto Import,Master Event Database,Approved
2026-08-12 12:00:00,Live Music at Crimson w/ Jared Woods,2026-08-12,6:30p-9:30p,Anchorage,Wildbirch Hotel,music,,https://www.facebook.com/crimsonanchorage,system@akconcerts.com,AK Concerts Auto Import,Master Event Database,Approved
2026-08-12 12:00:00,Seth Malone,2026-08-12,6p-9p,Anchorage,Manhattan’s Restaurant & Lounge,music,,https://www.facebook.com/events/1314368867508276/,system@akconcerts.com,AK Concerts Auto Import,Master Event Database,Approved
2026-08-12 12:00:00,Tyrone & Friends,2026-08-12,7p-10p,Anchorage,907 Alehouse,music,,https://www.facebook.com/tyrone.palmer.722744,system@akconcerts.com,AK Concerts Auto Import,Master Event Database,Approved
2026-08-12 12:00:00,Comedy Open Mic,2026-08-12,7p-10p,Anchorage,Koot’s,comedy,,https://akconcets.us20.list-manage.com/track/click?u=7bd13a48fecb63b6d795caadf&id=2020d45d02&e=be0392aff7,system@akconcerts.com,AK Concerts Auto Import,Master Event Database,Approved
2026-08-12 12:00:00,Line Dance Wednesdays,2026-08-12,7p-11p,Anchorage,Pink Cadillac,dance,,https://www.facebook.com/events/1351242593745182/1351242600411848/?acontext=%7B%22event_action_history%22%3A%5b%7B%22mechanism%22%3A%22surface%22%2C%22surface%22%3A%22permalink%22%7D%5d%2C%22ref_notif_type%22%3Anull%7D,system@akconcerts.com,AK Concerts Auto Import,Master Event Database,Approved
2026-08-12 12:00:00,Live Music w/ Pam Santoro,2026-08-12,8p-11:30p,Anchorage,Humpy’s,music,,https://www.facebook.com/HumpysAlaska/posts/pfbid0X3poRge9txCycQWfALADfNcwHhYikTUYn9MrnRURjZj4ym9JxfEsM48Kt2ALcDBDl,system@akconcerts.com,AK Concerts Auto Import,Master Event Database,Approved
2026-08-12 12:00:00,AK Rockstar Karaoke,2026-08-12,8p-2a,Anchorage,The Carousel Lounge,music,,https://akconcets.us20.list-manage.com/track/click?u=7bd13a48fecb63b6d795caadf&id=e982562f83&e=be0392aff7,system@akconcerts.com,AK Concerts Auto Import,Master Event Database,Approved
2026-08-12 12:00:00,Karaoke,2026-08-12,9p-12a,Anchorage,Mad Myrna’s,music,,https://www.facebook.com/akrockstarkaraoke/events,system@akconcerts.com,AK Concerts Auto Import,Master Event Database,Approved
2026-08-12 12:00:00,Karaoke,2026-08-12,9p-1a,Anchorage,Van’s Dive Bar,music,,https://www.facebook.com/akrockstarkaraoke/events,system@akconcerts.com,AK Concerts Auto Import,Master Event Database,Approved
2026-08-12 12:00:00,Karaoke Night w/ KJ Smoke,2026-08-12,8p-12a,Eagle River,Homestead Lounge,music,,https://akconcets.us20.list-manage.com/track/click?u=7bd13a48fecb63b6d795caadf&id=e982562f83&e=be0392aff7,system@akconcerts.com,AK Concerts Auto Import,Master Event Database,Approved
2026-08-12 12:00:00,Wednesday Dance Practice,2026-08-12,6p-9p,Ester,Fairbanks Tango,dance,,https://www.facebook.com/events/1043559824868668/1043559851535332/?acontext=%7B%22event_action_history%22%3A%5b%7B%22mechanism%22%3A%22surface%22%2C%22surface%22%3A%22permalink%22%7D%5d%2C%22ref_notif_type%22%3Anull%7D,system@akconcerts.com,AK Concerts Auto Import,Master Event Database,Approved
2026-08-12 12:00:00,Music w/ Syler Fell & Jess Klemm,2026-08-12,7p-8p,Fairbanks,Running Reindeer Ranch,music,,https://runningreindeer.com/music-with-reindeer-schedule/,system@akconcerts.com,AK Concerts Auto Import,Master Event Database,Approved
2026-08-12 12:00:00,Golden Heart Revue,2026-08-12,8:15p-9:15p,Fairbanks,The Palace Theater,music,,https://www.akvisit.com/palace-theatre?fbclid=IwY2xjawR7CNdleHRuA2FlbQIxMABicmlkETFZQTc5Q1NiWm16bDhNY0RZc3J0YwZhcHBfaWQQMjIyMDM5MTc4ODIwMDg5MgABHrK_LgMLEgXX7mcIrxnzr8jTJ9RaI_Lt7mvGG48tR-IMPMLVZRSzqN26Ewga_aem_RqdeQf5Ku3SEWvV41NwhHg,system@akconcerts.com,AK Concerts Auto Import,Master Event Database,Approved
2026-08-12 12:00:00,Karaoke Night with Rocky!,2026-08-12,8p-11p,Fairbanks,The Spur,music,,https://akconcets.us20.list-manage.com/track/click?u=7bd13a48fecb63b6d795caadf&id=e982562f83&e=be0392aff7,system@akconcerts.com,AK Concerts Auto Import,Master Event Database,Approved
2026-08-12 12:00:00,Vinyl Afternoon's w/ Dj Roman Martinez,2026-08-12,5p-7p,Juneau,The Crystal Saloon,music,,https://www.facebook.com/photo/?fbid=1008203218480466&set=a.160104659956997,system@akconcerts.com,AK Concerts Auto Import,Master Event Database,Approved
2026-08-12 12:00:00,Open Mic Night,2026-08-12,8p-11:30p,Juneau,The Crystal Saloon,music,,https://www.facebook.com/photo/?fbid=1507990474662996&set=a.752367223558662,system@akconcerts.com,AK Concerts Auto Import,Master Event Database,Approved
2026-08-12 12:00:00,Karaoke,2026-08-12,8p-11p,Juneau,Alaskan Hotel and Bar,music,,https://www.facebook.com/akrockstarkaraoke/events,system@akconcerts.com,AK Concerts Auto Import,Master Event Database,Approved
2026-08-12 12:00:00,Music on the Dock: The Foghorn Five,2026-08-12,12p-1p,Ketchikan,Ketchikan Dock,music,,https://www.ketchikanarts.org/events-performances/full-arts-calendar.html/event/2026/08/12/music-on-dock-the-foghorn-five/566266,system@akconcerts.com,AK Concerts Auto Import,Master Event Database,Approved
2026-08-12 12:00:00,The Ukulele Group,2026-08-12,3:45p-4:45p,Ketchikan,Inn at Creek Street,music,,https://www.ketchikanarts.org/events-performances/full-arts-calendar.html/event/2026/08/12/1786581900/the-ukelele-group-/521570,system@akconcerts.com,AK Concerts Auto Import,Master Event Database,Approved
2026-08-12 12:00:00,Fireside Book Club,2026-08-12,6:30p-8:30p,Palmer,Bleeding Heart Brewery,music,,https://www.facebook.com/events/850328077498239/?acontext=%7B%22event_action_history%22%3A%5b%7B%22mechanism%22%3A%22discovery_custom_tab%22%2C%22surface%22%3A%22bookmark%22%7D%5d%2C%22ref_notif_type%22%3Anull%7D,system@akconcerts.com,AK Concerts Auto Import,Master Event Database,Approved
2026-08-12 12:00:00,West Coast Sing Wednesday,2026-08-12,7:30p-9:30p,Palmer,Four Corner’s Lounge,music,,https://www.facebook.com/photo/?fbid=1411992579757709&set=gm.1053059570049116,system@akconcerts.com,AK Concerts Auto Import,Master Event Database,Approved
2026-08-12 12:00:00,Karaoke with Raunchy Rachel,2026-08-12,9p-1a,Seward,Yukon Bar,music,,https://akconcets.us20.list-manage.com/track/click?u=7bd13a48fecb63b6d795caadf&id=e982562f83&e=be0392aff7,system@akconcerts.com,AK Concerts Auto Import,Master Event Database,Approved
2026-08-12 12:00:00,Bouncing Babes Story Time,2026-08-12,10:30a-11a,Soldotna,Soldotna Library,community,,https://www.facebook.com/events/843086674966253/843086701632917/?acontext=%7B%22event_action_history%22%3A%5b%7B%22extra_data%22%3A%22%22%2C%22mechanism%22%3A%22surface%22%2C%22surface%22%3A%22permalink%22%7D%2C%7B%22extra_data%22%3A%22%22%2C%22mech,system@akconcerts.com,AK Concerts Auto Import,Master Event Database,Approved
2026-08-12 12:00:00,Levitt Amp Music Series: Noah Richardson & Bunny Swan,2026-08-12,6p-9p,Soldotna,Soldotna Creek Park,music,,https://www.facebook.com/events/1688380632310315/?acontext=%7B%22event_action_history%22%3A%5b%7B%22mechanism%22%3A%22discovery_custom_tab%22%2C%22surface%22%3A%22bookmark%22%7D%5d%2C%22ref_notif_type%22%3Anull%7D,system@akconcerts.com,AK Concerts Auto Import,Master Event Database,Approved
2026-08-12 12:00:00,Solo Steve Norwood,2026-08-12,5:30p-8:30,Talkeetna,Denali Brewing Company,music,,https://www.instagram.com/p/Dbhn0XNB84h/,system@akconcerts.com,AK Concerts Auto Import,Master Event Database,Approved
2026-08-12 12:00:00,Sign Language Classes,2026-08-12,5p-6p,Wasilla,Black Birch Books,community,,https://www.facebook.com/events/1980234609292524/1980234615959190/?acontext=%7B%22event_action_history%22%3A%5b%7B%22mechanism%22%3A%22surface%22%2C%22surface%22%3A%22permalink%22%7D%5d%2C%22ref_notif_type%22%3Anull%7D,system@akconcerts.com,AK Concerts Auto Import,Master Event Database,Approved
2026-08-12 12:00:00,Open Mic,2026-08-12,7:30p-11p,Wasilla,Schwabenhof,music,,https://akconcets.us20.list-manage.com/track/click?u=7bd13a48fecb63b6d795caadf&id=2020d45d02&e=be0392aff7,system@akconcerts.com,AK Concerts Auto Import,Master Event Database,Approved
2026-08-12 12:00:00,Open Mic Night w/ It's Just Dez,2026-08-13,6:45p-11p,Anchorage,Blarney Stone,music,,https://blarneystonepubak.com,system@akconcerts.com,AK Concerts Auto Import,Master Event Database,Approved
2026-08-12 12:00:00,Stop Light Nights,2026-08-13,6p-8p,Anchorage,Magnetic North Brewing,music,,,system@akconcerts.com,AK Concerts Auto Import,Master Event Database,Approved
2026-08-12 12:00:00,Open Mic Loathing in Las Vegas,2026-08-13,8p-11p,Anchorage,Time Out Lounge,music,,,system@akconcerts.com,AK Concerts Auto Import,Master Event Database,Approved
2026-08-12 12:00:00,Live Music w/ Nothin But Karma 8p-12aKoot’s - Latin Night w/ DJ MyKey T,2026-08-13,8p-1a,Anchorage,Humpy’s,music,,,system@akconcerts.com,AK Concerts Auto Import,Master Event Database,Approved
2026-08-12 12:00:00,Latin Night w/ DJ MyKey T,2026-08-13,8p-1a,Anchorage,Koot’s,music,,,system@akconcerts.com,AK Concerts Auto Import,Master Event Database,Approved
2026-08-12 12:00:00,AK Rockstar Karaoke,2026-08-13,8p-2a,Anchorage,The Carousel Lounge,music,,,system@akconcerts.com,AK Concerts Auto Import,Master Event Database,Approved
2026-08-12 12:00:00,Garden Grooves: Music in the Beer Garden 5p-,2026-08-13,TBD,Anchorage,9th State Brewery,music,,,system@akconcerts.com,AK Concerts Auto Import,Master Event Database,Approved
2026-08-12 12:00:00,Lunch on the Lawn: Live Music w/ Santoro 11:3,2026-08-13,TBD,Anchorage,Anchorage Museum,music,,,system@akconcerts.com,AK Concerts Auto Import,Master Event Database,Approved
2026-08-12 12:00:00,Trails in Motion 1,2026-08-13,TBD,Anchorage,Beartooth Theatrepub,music,,,system@akconcerts.com,AK Concerts Auto Import,Master Event Database,Approved
2026-08-12 12:00:00,Open Mic Night w/ It's Just Dez 6:4,2026-08-13,TBD,Anchorage,Blarney Stone,music,,,system@akconcerts.com,AK Concerts Auto Import,Master Event Database,Approved
2026-08-12 12:00:00,Karaoke 7p-,2026-08-13,TBD,Anchorage,Broken Blender,music,,,system@akconcerts.com,AK Concerts Auto Import,Master Event Database,Approved
2026-08-12 12:00:00,Comedy Open Mic 7p-10pKoot’s - Karaoke 1,2026-08-13,TBD,Anchorage,Koot’s,comedy,,,system@akconcerts.com,AK Concerts Auto Import,Master Event Database,Approved
2026-08-12 12:00:00,Live & Local Music w/ Jared Woods 6:3,2026-08-13,TBD,Anchorage,The Peanut Farm,music,,,system@akconcerts.com,AK Concerts Auto Import,Master Event Database,Approved
2026-08-12 12:00:00,Ladies Night at Pink Cadillac w/ DJ Rico 7p-,2026-08-13,TBD,Anchorage,Pink Cadillac,music,,,system@akconcerts.com,AK Concerts Auto Import,Master Event Database,Approved
2026-08-12 12:00:00,DJ Cross 1,2026-08-13,TBD,Anchorage,Pioneer Bar,music,,,system@akconcerts.com,AK Concerts Auto Import,Master Event Database,Approved
2026-08-12 12:00:00,Seth Malone,2026-08-13,5p-?,Cooper Landing,Gwin’s Lodge,music,,https://www.facebook.com/events/1314368867508276/,system@akconcerts.com,AK Concerts Auto Import,Master Event Database,Approved
2026-08-12 12:00:00,Snacks at Midnight,2026-08-13,7p-?,Eagle River,Odd Man Rush,music,,https://www.facebook.com/events/979644471786128,system@akconcerts.com,AK Concerts Auto Import,Master Event Database,Approved
2026-08-12 12:00:00,Dance Lessons with Shufflin Country Style 8p-,2026-08-13,TBD,Eagle River,Homestead Lounge,dance,,,system@akconcerts.com,AK Concerts Auto Import,Master Event Database,Approved
2026-08-12 12:00:00,Country Night w/ DJ AumanJoy 9p-,2026-08-13,TBD,Eagle River,3 Homestead Lounge,music,,,system@akconcerts.com,AK Concerts Auto Import,Master Event Database,Approved
2026-08-12 12:00:00,Live Music w/ Baker,2026-08-13,6p-?,Fairbanks,Jack Sprat,music,,,system@akconcerts.com,AK Concerts Auto Import,Master Event Database,Approved
2026-08-12 12:00:00,Open Mic Night at the Marlin,2026-08-13,8p-11p,Fairbanks,3 The Marlin,music,,,system@akconcerts.com,AK Concerts Auto Import,Master Event Database,Approved
2026-08-12 12:00:00,Karaoke with Angel 8p-,2026-08-13,TBD,Fairbanks,The International Hotel & Bar,music,,,system@akconcerts.com,AK Concerts Auto Import,Master Event Database,Approved
2026-08-12 12:00:00,Golden Heart Revue 8:1,2026-08-13,TBD,Fairbanks,The Palace Theater,music,,,system@akconcerts.com,AK Concerts Auto Import,Master Event Database,Approved
2026-08-12 12:00:00,"Ride Bikes, Drink Beer",2026-08-13,6:30p-?,Girdwood,Girdwood Brewing Company,music,,,system@akconcerts.com,AK Concerts Auto Import,Master Event Database,Approved
2026-08-12 12:00:00,"Guided tours of the Botanical Gardens, Homestead Garden, & Forest Trails.",2026-08-13,11a-12p,Homer,Pratt Museum,music,,,system@akconcerts.com,AK Concerts Auto Import,Master Event Database,Approved
2026-08-12 12:00:00,Community Jam Sessions,2026-08-13,6:30p-9p,Homer,Homer Council on the Arts,music,,,system@akconcerts.com,AK Concerts Auto Import,Master Event Database,Approved
2026-08-12 12:00:00,Piano Music by Erica,2026-08-13,6p-8p,Homer,AJ’s Old Town Steakhouse & Tavern,music,,,system@akconcerts.com,AK Concerts Auto Import,Master Event Database,Approved
2026-08-12 12:00:00,Sense And Sensibility,2026-08-13,7:30p-8:30p,Homer,Pier One Theater,music,,,system@akconcerts.com,AK Concerts Auto Import,Master Event Database,Approved
2026-08-12 12:00:00,Karaoke Night,2026-08-13,9p-12:30a,Homer,Alibi Bar & Café,music,,,system@akconcerts.com,AK Concerts Auto Import,Master Event Database,Approved
2026-08-12 12:00:00,Pop-Up Cherioke,2026-08-13,9p-?,Juneau,4 Alaskan Hotel and Bar,music,,,system@akconcerts.com,AK Concerts Auto Import,Master Event Database,Approved
2026-08-12 12:00:00,Open Mic 9p-,2026-08-13,TBD,Juneau,Alaskan Hotel and Bar,music,,,system@akconcerts.com,AK Concerts Auto Import,Master Event Database,Approved
2026-08-12 12:00:00,Vinyl Afternoon's w/ Dj Roman Martinez 5p-,2026-08-13,TBD,Juneau,3 The Crystal Saloon,music,,,system@akconcerts.com,AK Concerts Auto Import,Master Event Database,Approved
2026-08-12 12:00:00,Karaoke Night 8p-,2026-08-13,TBD,Juneau,3 The Crystal Saloon,music,,,system@akconcerts.com,AK Concerts Auto Import,Master Event Database,Approved
2026-08-12 12:00:00,Music on the Dock: DJ DJ Archieologic,2026-08-13,12p-1p,Ketchikan,Ketchikan Dock,music,,,system@akconcerts.com,AK Concerts Auto Import,Master Event Database,Approved
2026-08-12 12:00:00,Ketchikan Arts & Humanities Council: Arts Report,2026-08-13,8:20a-8:35a,Ketchikan,105.3 FM KRBD,music,,,system@akconcerts.com,AK Concerts Auto Import,Master Event Database,Approved
2026-08-12 12:00:00,Open Mic Night,2026-08-13,8p-10p,Ketchikan,Totem Bar,music,,,system@akconcerts.com,AK Concerts Auto Import,Master Event Database,Approved
2026-08-12 12:00:00,Open Mic Night8/1,2026-08-13,TBD,McCarthy,The Golden Saloon,music,,,system@akconcerts.com,AK Concerts Auto Import,Master Event Database,Approved
2026-08-12 12:00:00,McWavy8/1,2026-08-13,TBD,McCarthy,4 The Golden Saloon,music,,,system@akconcerts.com,AK Concerts Auto Import,Master Event Database,Approved
2026-08-12 12:00:00,McWavy,2026-08-13,TBD,McCarthy,5 The Golden Saloon,music,,,system@akconcerts.com,AK Concerts Auto Import,Master Event Database,Approved
2026-08-12 12:00:00,Karaoke Thursdays with Rocky Barnette,2026-08-13,8p-12a,North Pole,North Pole Alehouse,music,,,system@akconcerts.com,AK Concerts Auto Import,Master Event Database,Approved
2026-08-12 12:00:00,Dance Night w/ DJ Waitwat,2026-08-13,9p-2a,Seward,Yukon Bar,dance,,,system@akconcerts.com,AK Concerts Auto Import,Master Event Database,Approved
2026-08-12 12:00:00,Preschool Storytime,2026-08-13,10:30a-11a,Soldotna,Soldotna Library,community,,,system@akconcerts.com,AK Concerts Auto Import,Master Event Database,Approved
2026-08-12 12:00:00,Trapper Creek Bluegrass Revival,2026-08-13,TBD,Trapper Creek,Boots Bison Ranch,music,,,system@akconcerts.com,AK Concerts Auto Import,Master Event Database,Approved
2026-08-12 12:00:00,Collin Donley Live,2026-08-13,6p-?,Wasilla,Settler’s Bay Lodge,music,,,system@akconcerts.com,AK Concerts Auto Import,Master Event Database,Approved
2026-08-12 12:00:00,Live Music With Drew Sablon,2026-08-13,6p-9p,Wasilla,Everett’s,music,,,system@akconcerts.com,AK Concerts Auto Import,Master Event Database,Approved
2026-08-12 12:00:00,Mobile Library Visit & Storytime,2026-08-14,1p-3p,Anchorage,Fairview Community Rec Center,community,,,system@akconcerts.com,AK Concerts Auto Import,Master Event Database,Approved
2026-08-12 12:00:00,Summer Bash,2026-08-14,1p-3p,Anchorage,JBER Library,music,,,system@akconcerts.com,AK Concerts Auto Import,Master Event Database,Approved
2026-08-12 12:00:00,Summer Music on the Patio: SAZÓN,2026-08-14,6p-7:30p,Anchorage,9p Hilltop Ski Area,music,,,system@akconcerts.com,AK Concerts Auto Import,Master Event Database,Approved
2026-08-12 12:00:00,Da Good Ol' Good Ones,2026-08-14,6p-8p,Anchorage,Blarney Stone,music,,,system@akconcerts.com,AK Concerts Auto Import,Master Event Database,Approved
2026-08-12 12:00:00,Williwaw Blue,2026-08-14,7p-10p,Anchorage,O’Malley’s on the Green,music,,,system@akconcerts.com,AK Concerts Auto Import,Master Event Database,Approved
2026-08-12 12:00:00,Karaoke Friday at the Eagles!,2026-08-14,7p-12a,Anchorage,The Fraternal Order of Eagles Aerie 4207,music,,,system@akconcerts.com,AK Concerts Auto Import,Master Event Database,Approved
2026-08-12 12:00:00,Bodelia James Live,2026-08-14,9:30p-1a,Anchorage,Van's Dive Bar,music,,https://vansdivebar.com,system@akconcerts.com,AK Concerts Auto Import,Master Event Database,Approved
2026-08-12 12:00:00,Arctic Entry & Dawson Gentleman Band,2026-08-14,9p-?,Anchorage,Bernie’s Bungalow Lounge,music,,,system@akconcerts.com,AK Concerts Auto Import,Master Event Database,Approved
2026-08-12 12:00:00,Mad Myrna's Diva Variety Show,2026-08-14,9p-11:30p,Anchorage,Mad Myrna’s,music,,,system@akconcerts.com,AK Concerts Auto Import,Master Event Database,Approved
2026-08-12 12:00:00,Mad Myrna's Diva Variety Show,2026-08-14,9p-11:30p,Anchorage,Mad Myrna's,comedy,,https://madmyrnas.com,system@akconcerts.com,AK Concerts Auto Import,Master Event Database,Approved
2026-08-12 12:00:00,Friday Night Dance Social,2026-08-14,9p-11p,Anchorage,Arctic Academie de Danse,dance,,,system@akconcerts.com,AK Concerts Auto Import,Master Event Database,Approved
2026-08-12 12:00:00,$100 Cash Giveaway Karaoke Contest,2026-08-14,9p-1a,Anchorage,The Carousel Lounge,music,,,system@akconcerts.com,AK Concerts Auto Import,Master Event Database,Approved
2026-08-12 12:00:00,Blast From The Past,2026-08-14,9p-2:30a,Anchorage,Time Out Lounge,music,,,system@akconcerts.com,AK Concerts Auto Import,Master Event Database,Approved
2026-08-12 12:00:00,Yappy Hour: Dog Friendly Happy Hour 4:3,2026-08-14,TBD,Anchorage,9th State Brewery,music,,,system@akconcerts.com,AK Concerts Auto Import,Master Event Database,Approved
2026-08-12 12:00:00,Garden Grooves: Music in the Beer Garden 5p-,2026-08-14,TBD,Anchorage,9th State Brewery,music,,,system@akconcerts.com,AK Concerts Auto Import,Master Event Database,Approved
2026-08-12 12:00:00,Candlelight Concert: Tribute to Fleetwood Mac 5:3,2026-08-14,TBD,Anchorage,9th State Brewery,music,,,system@akconcerts.com,AK Concerts Auto Import,Master Event Database,Approved
2026-08-12 12:00:00,Candlelight Concert: Queen vs. ABBA 7:4,2026-08-14,TBD,Anchorage,9th State Brewery,music,,,system@akconcerts.com,AK Concerts Auto Import,Master Event Database,Approved
2026-08-12 12:00:00,Friday Night Dance Lounge 9p-,2026-08-14,TBD,Anchorage,Alaska Dance Promotions,dance,,,system@akconcerts.com,AK Concerts Auto Import,Master Event Database,Approved
2026-08-12 12:00:00,Ambassador Bird Programs: Experience Wild Birds Up Close! 12:3,2026-08-14,TBD,Anchorage,Bird Treatment & Learning Center,music,,,system@akconcerts.com,AK Concerts Auto Import,Master Event Database,Approved
2026-08-12 12:00:00,Karaoke w/ DJ Charms 8p-,2026-08-14,TBD,Anchorage,Broken Blender,music,,,system@akconcerts.com,AK Concerts Auto Import,Master Event Database,Approved
2026-08-12 12:00:00,DJ JRock 9:3,2026-08-14,TBD,Anchorage,Flattop Pizza & Pool,music,,,system@akconcerts.com,AK Concerts Auto Import,Master Event Database,Approved
2026-08-12 12:00:00,Friday Night Market 6p-,2026-08-14,TBD,Anchorage,Glenn Square,community,,,system@akconcerts.com,AK Concerts Auto Import,Master Event Database,Approved
2026-08-12 12:00:00,Pop Piano Bar w/ MJ Riemann 6p-,2026-08-14,TBD,Anchorage,Gumbo House,music,,,system@akconcerts.com,AK Concerts Auto Import,Master Event Database,Approved
2026-08-12 12:00:00,Live Music w/ Ayla Ray & Chris Christy Quintet 9:3,2026-08-14,TBD,Anchorage,Humpy’s,music,,,system@akconcerts.com,AK Concerts Auto Import,Master Event Database,Approved
2026-08-12 12:00:00,Yachtly Crew 1,2026-08-14,TBD,Anchorage,Koot’s,music,,,system@akconcerts.com,AK Concerts Auto Import,Master Event Database,Approved
2026-08-12 12:00:00,"Boots, Beer, & Ballads Country Night w/ DJ Rico 7p-",2026-08-14,TBD,Anchorage,Pink Cadillac,music,,,system@akconcerts.com,AK Concerts Auto Import,Master Event Database,Approved
2026-08-12 12:00:00,DJ Cross 1,2026-08-14,TBD,Anchorage,Pioneer Bar,music,,,system@akconcerts.com,AK Concerts Auto Import,Master Event Database,Approved
2026-08-12 12:00:00,Karaoke Night at SubZero 8p-,2026-08-14,TBD,Anchorage,SubZero Microlounge,music,,,system@akconcerts.com,AK Concerts Auto Import,Master Event Database,Approved
2026-08-12 12:00:00,Hwy9 in Concert 6:3,2026-08-14,TBD,Anchorage,Turnagain Brewing,music,,,system@akconcerts.com,AK Concerts Auto Import,Master Event Database,Approved
2026-08-12 12:00:00,Bodelia James 9:3,2026-08-14,TBD,Anchorage,Van’s Dive Bar,music,,,system@akconcerts.com,AK Concerts Auto Import,Master Event Database,Approved
2026-08-12 12:00:00,Darci Lynne 6:3,2026-08-14,TBD,Anchorage,1a Wendy Williamson Auditorium,music,,,system@akconcerts.com,AK Concerts Auto Import,Master Event Database,Approved
2026-08-12 12:00:00,DJ AumanJoy,2026-08-14,9p-2a,Eagle River,Homestead Lounge,music,,,system@akconcerts.com,AK Concerts Auto Import,Master Event Database,Approved
2026-08-12 12:00:00,Tara Starlight & The Forest That Never Sleeps,2026-08-14,7p-11p,Ester,Malemute Saloon & Gold Camp,music,,,system@akconcerts.com,AK Concerts Auto Import,Master Event Database,Approved
2026-08-12 12:00:00,Encore Weekend w/ Wicked Serenity & Signs of Sacrifice,2026-08-14,8p-12a,Fairbanks,The International Hotel & Bar,music,,,system@akconcerts.com,AK Concerts Auto Import,Master Event Database,Approved
2026-08-12 12:00:00,Golden Heart Revue 8:1,2026-08-14,TBD,Fairbanks,The Palace Theater,music,,,system@akconcerts.com,AK Concerts Auto Import,Master Event Database,Approved
2026-08-12 12:00:00,Open Mic Night,2026-08-14,9p-1a,Haines,Pioneer Bar,music,,,system@akconcerts.com,AK Concerts Auto Import,Master Event Database,Approved
2026-08-12 12:00:00,Red Marker Resistance,2026-08-14,10p-2p,Homer,Kharacters Alaskan Bar,music,,,system@akconcerts.com,AK Concerts Auto Import,Master Event Database,Approved
2026-08-12 12:00:00,Sense And Sensibility,2026-08-14,7:30p-10p,Homer,Pier One Theater,music,,,system@akconcerts.com,AK Concerts Auto Import,Master Event Database,Approved
2026-08-12 12:00:00,Backyard Summer Concert Series & Music Festival,2026-08-14,8:30p-1a,Homer,Justin Cole’s Down East Saloon,festival,,,system@akconcerts.com,AK Concerts Auto Import,Master Event Database,Approved
2026-08-12 12:00:00,Spindrift,2026-08-14,6p-10p,Hope,Dirty Skillet,music,,,system@akconcerts.com,AK Concerts Auto Import,Master Event Database,Approved
2026-08-12 12:00:00,Noah Rinker,2026-08-14,7p-11p,Hope,Creekbend Co.,music,,,system@akconcerts.com,AK Concerts Auto Import,Master Event Database,Approved
2026-08-12 12:00:00,Noah Rinker Live,2026-08-14,7p-11p,Hope,Creekbend Co.,music,,https://creekbendco.com,system@akconcerts.com,AK Concerts Auto Import,Master Event Database,Approved
2026-08-12 12:00:00,Karaoke w/ Al Boogie,2026-08-14,8p-?,Juneau,The Crystal Saloon,music,,,system@akconcerts.com,AK Concerts Auto Import,Master Event Database,Approved
2026-08-12 12:00:00,Pop-Up Cherioke,2026-08-14,9p-?,Juneau,Alaskan Hotel and Bar,music,,,system@akconcerts.com,AK Concerts Auto Import,Master Event Database,Approved
2026-08-12 12:00:00,Snacks At Midnight w/ The Pit ViperZ,2026-08-14,9p-?,Kenai,Skeet’s Dive Bar,music,,,system@akconcerts.com,AK Concerts Auto Import,Master Event Database,Approved
2026-08-12 12:00:00,Live Music with Sarah Short,2026-08-14,6p-8p,Ketchikan,Bush Pilots’ Lounge,music,,,system@akconcerts.com,AK Concerts Auto Import,Master Event Database,Approved
2026-08-12 12:00:00,Square Dance w/ Music by the Free Radicals,2026-08-14,7p-9p,Ketchikan,The  Creek Street Cabaret,dance,,,system@akconcerts.com,AK Concerts Auto Import,Master Event Database,Approved
2026-08-12 12:00:00,Live Music in the Café,2026-08-14,7p-9p,Ketchikan,The New York Café,music,,,system@akconcerts.com,AK Concerts Auto Import,Master Event Database,Approved
2026-08-12 12:00:00,Roland Roberts Band,2026-08-14,8p-11p,Kodiak,The Rendezvous,music,,,system@akconcerts.com,AK Concerts Auto Import,Master Event Database,Approved
2026-08-12 12:00:00,McWavy,2026-08-14,TBD,McCarthy,The Golden Saloon,music,,,system@akconcerts.com,AK Concerts Auto Import,Master Event Database,Approved
2026-08-12 12:00:00,Friday Fling Live Music Solo Steve,2026-08-14,12p-3p,Palmer,Downtown Palmer,music,,,system@akconcerts.com,AK Concerts Auto Import,Master Event Database,Approved
2026-08-12 12:00:00,Black Barrel and the Bad Men,2026-08-14,7p-10p,Palmer,Palmer Alehouse,music,,,system@akconcerts.com,AK Concerts Auto Import,Master Event Database,Approved
2026-08-12 12:00:00,Rhythm & Royalty Tour,2026-08-14,7p-11:30p,Palmer,Palmer Train Depot,music,,,system@akconcerts.com,AK Concerts Auto Import,Master Event Database,Approved
2026-08-12 12:00:00,Karaoke,2026-08-14,7p-11p,Palmer,American Legion Post 15,music,,,system@akconcerts.com,AK Concerts Auto Import,Master Event Database,Approved
2026-08-12 12:00:00,Live Music w/ The Jephries ft. Luv Guvna,2026-08-14,6:30p-9:30p,Seward,Flamingo Lounge,music,,,system@akconcerts.com,AK Concerts Auto Import,Master Event Database,Approved
2026-08-12 12:00:00,King Monkey w/ Bananahands Live,2026-08-14,9p-2a,Seward,Yukon Bar,music,,,system@akconcerts.com,AK Concerts Auto Import,Master Event Database,Approved
2026-08-12 12:00:00,Skagway Idol,2026-08-14,7:30p-?,Skagway,Skagway Brewing,music,,,system@akconcerts.com,AK Concerts Auto Import,Master Event Database,Approved
2026-08-12 12:00:00,Brandon Kellum,2026-08-14,6p-9p,Sterling,Naptowne Brewing Company,music,,,system@akconcerts.com,AK Concerts Auto Import,Master Event Database,Approved
2026-08-12 12:00:00,Live At Five Summer Concerts: TKA Hawks,2026-08-14,5p-7p,Talkeetna,Talkeetna Village Park,music,,,system@akconcerts.com,AK Concerts Auto Import,Master Event Database,Approved
2026-08-12 12:00:00,Collin Donley Live,2026-08-14,7p-10p,Talkeetna,Mountain High Pizza,music,,,system@akconcerts.com,AK Concerts Auto Import,Master Event Database,Approved
2026-08-12 12:00:00,Trapper Creek Bluegrass Revival,2026-08-14,TBD,Trapper Creek,Boots Bison Ranch,music,,,system@akconcerts.com,AK Concerts Auto Import,Master Event Database,Approved
2026-08-12 12:00:00,Storytelling Night: Shared Scars,2026-08-14,5p-7p,Wasilla,Black Birch Books,music,,,system@akconcerts.com,AK Concerts Auto Import,Master Event Database,Approved
2026-08-12 12:00:00,Live Music w/ Sergio,2026-08-14,6p-9p,Wasilla,Last Frontier Brewing Company,music,,,system@akconcerts.com,AK Concerts Auto Import,Master Event Database,Approved
2026-08-12 12:00:00,Karaoke Night,2026-08-14,8p-11p,Wasilla,Schwabenhof,music,,,system@akconcerts.com,AK Concerts Auto Import,Master Event Database,Approved
2026-08-12 12:00:00,Karaoke Night at Schwabenhof,2026-08-14,8p-11p,Wasilla,Schwabenhof,music,,https://schwabenhofak.com,system@akconcerts.com,AK Concerts Auto Import,Master Event Database,Approved
2026-08-12 12:00:00,Garden Grooves: Music in the Beer Garden,2026-08-15,5p-7p,Anchorage,9th State Brewery,music,,,system@akconcerts.com,AK Concerts Auto Import,Master Event Database,Approved
2026-08-12 12:00:00,Pop Piano Bar w/ MJ Riemann,2026-08-15,6p-9p,Anchorage,Gumbo House,music,,,system@akconcerts.com,AK Concerts Auto Import,Master Event Database,Approved
2026-08-12 12:00:00,Drag For A Cause: Rhinestone Rodeo,2026-08-15,7p-9p,Anchorage,The Nave Spenard,music,,,system@akconcerts.com,AK Concerts Auto Import,Master Event Database,Approved
2026-08-12 12:00:00,Sweet Cheeks Cabaret: Vaudeville Vibes - Hot Spec-taters of Tease,2026-08-15,8p-12a,Anchorage,Broken Blender,music,,,system@akconcerts.com,AK Concerts Auto Import,Master Event Database,Approved
2026-08-12 12:00:00,CONVERGE,2026-08-15,8p-12a,Anchorage,Williwaw Social,music,,https://www.tixr.com/groups/showdownalaska/events/converge-202947,system@akconcerts.com,AK Concerts Auto Import,Master Event Database,Approved
2026-08-12 12:00:00,HB 1350,2026-08-15,8p-12a,Anchorage,Williwaw Social,music,,https://www.eventbrite.com/e/1996184416325?aff=oddtdtcreator,system@akconcerts.com,AK Concerts Auto Import,Master Event Database,Approved
2026-08-12 12:00:00,Weekly Karaoke Contest,2026-08-15,9p-1:3,Anchorage,Oriental Garden,music,,,system@akconcerts.com,AK Concerts Auto Import,Master Event Database,Approved
2026-08-12 12:00:00,Mad Myrna's Diva Variety Show,2026-08-15,9p-11:3,Anchorage,Mad Myrna’s,music,,,system@akconcerts.com,AK Concerts Auto Import,Master Event Database,Approved
2026-08-12 12:00:00,Supernova Live,2026-08-15,9p-1a,Anchorage,The Carousel Lounge,music,,,system@akconcerts.com,AK Concerts Auto Import,Master Event Database,Approved
2026-08-12 12:00:00,"Raspberry, Laughy, & Swing Syndicate",2026-08-15,9p-1a,Anchorage,Van’s Dive Bar,dance,,,system@akconcerts.com,AK Concerts Auto Import,Master Event Database,Approved
2026-08-12 12:00:00,Blast From The Past,2026-08-15,9p-2:30a,Anchorage,Time Out Lounge,music,,,system@akconcerts.com,AK Concerts Auto Import,Master Event Database,Approved
2026-08-12 12:00:00,Dance Social 7p-,2026-08-15,TBD,Anchorage,Anchorage Social Dance Club,dance,,,system@akconcerts.com,AK Concerts Auto Import,Master Event Database,Approved
2026-08-12 12:00:00,Jazz on the Lawn w/ Alaska Jazz Workshop 1,2026-08-15,TBD,Anchorage,Anchorage Museum,community,,,system@akconcerts.com,AK Concerts Auto Import,Master Event Database,Approved
2026-08-12 12:00:00,"Parlor in the Round Outdoor Concert w/ Emma Hill, Tyson Davis, & Ashley Young 5:3",2026-08-15,TBD,Anchorage,Anchorage Museum,music,,,system@akconcerts.com,AK Concerts Auto Import,Master Event Database,Approved
2026-08-12 12:00:00,Live Music at the Market 1,2026-08-15,TBD,Anchorage,Anchorage Weekend Market,community,,,system@akconcerts.com,AK Concerts Auto Import,Master Event Database,Approved
2026-08-12 12:00:00,Cat Video Fest 2,2026-08-15,TBD,Anchorage,Beartooth Theatrepub,festival,,,system@akconcerts.com,AK Concerts Auto Import,Master Event Database,Approved
2026-08-12 12:00:00,Karaoke w/ DJ Charms 8p-,2026-08-15,TBD,Anchorage,Broken Blender,music,,,system@akconcerts.com,AK Concerts Auto Import,Master Event Database,Approved
2026-08-12 12:00:00,Latin Night Takeover w/ DJ Jose & DJ Yenmy 1,2026-08-15,TBD,Anchorage,Continental,music,,,system@akconcerts.com,AK Concerts Auto Import,Master Event Database,Approved
2026-08-12 12:00:00,DJ JRock 9:3,2026-08-15,TBD,Anchorage,Flattop Pizza & Pool,music,,,system@akconcerts.com,AK Concerts Auto Import,Master Event Database,Approved
2026-08-12 12:00:00,Live Music w/ Dawson Gentleman & Arctic Entry 9:3,2026-08-15,TBD,Anchorage,Humpy’s,music,,,system@akconcerts.com,AK Concerts Auto Import,Master Event Database,Approved
2026-08-12 12:00:00,The Reg Flags 1,2026-08-15,TBD,Anchorage,Koot's,music,,,system@akconcerts.com,AK Concerts Auto Import,Master Event Database,Approved
2026-08-12 12:00:00,Anchorage Community Theatre: Dream Roles Cabaret Show 6:3,2026-08-15,TBD,Anchorage,Main Event Grill,theatre,,,system@akconcerts.com,AK Concerts Auto Import,Master Event Database,Approved
2026-08-12 12:00:00,Muldoon Community Market 9:3,2026-08-15,TBD,Anchorage,Muldoon Chanshtnu Park,community,,,system@akconcerts.com,AK Concerts Auto Import,Master Event Database,Approved
2026-08-12 12:00:00,"Latin Dance Closing Party with DJ Maria, DJ Josh, & DJ Colin 1",2026-08-15,TBD,Anchorage,Pink Cadillac,dance,,,system@akconcerts.com,AK Concerts Auto Import,Master Event Database,Approved
2026-08-12 12:00:00,Will H. Johnson 5:3,2026-08-15,TBD,Anchorage,Ship Creek Brewing,music,,,system@akconcerts.com,AK Concerts Auto Import,Master Event Database,Approved
2026-08-12 12:00:00,Hmong Harvest Festival 1,2026-08-15,TBD,Anchorage,Sullivan Arena Football Stadium,festival,,,system@akconcerts.com,AK Concerts Auto Import,Master Event Database,Approved
2026-08-12 12:00:00,Poses & Mimosas w/ burn+bloom 1,2026-08-15,TBD,Anchorage,Wildbirch Hotel,music,,,system@akconcerts.com,AK Concerts Auto Import,Master Event Database,Approved
2026-08-12 12:00:00,The Reg Flags 1,2026-08-15,TBD,Anchorage,Koots,music,,,system@akconcerts.com,AK Concerts Auto Import,Master Event Database,Approved
2026-08-12 12:00:00,Storytime & Crafternoon,2026-08-15,1p-2p,Barrow,Tuzzy Consortium Library,community,,,system@akconcerts.com,AK Concerts Auto Import,Master Event Database,Approved
2026-08-12 12:00:00,Big Lake Community Farmer’s Market,2026-08-15,12p-6p,Big Lake,Common Ground Alaska Farm,community,,,system@akconcerts.com,AK Concerts Auto Import,Master Event Database,Approved
2026-08-12 12:00:00,Black Barrel & The Bad Men,2026-08-15,6:30p-?,Cooper Landing,Cooper Landing Brewing,music,,https://www.facebook.com/photo.php?fbid=1539379864813086&set=pb.100062232621386.-2207520000&type=3,system@akconcerts.com,AK Concerts Auto Import,Master Event Database,Approved
2026-08-12 12:00:00,Miles Pruner Live,2026-08-15,4p-?,Eagle River,5 Odd Man Rush,community,,,system@akconcerts.com,AK Concerts Auto Import,Master Event Database,Approved
2026-08-12 12:00:00,Miles Pruner Live,2026-08-15,4p-?,Eagle River,Odd Man Rush,music,,https://oddmanrushbrewing.com,system@akconcerts.com,AK Concerts Auto Import,Master Event Database,Approved
2026-08-12 12:00:00,DJ Auman Joy 8p-,2026-08-15,TBD,Eagle River,Homestead Lounge,music,,,system@akconcerts.com,AK Concerts Auto Import,Master Event Database,Approved
2026-08-12 12:00:00,"Deja Vu, Old Timey Music",2026-08-15,7:30p-11p,Ester,Malemute Saloon & Gold Camp,music,,,system@akconcerts.com,AK Concerts Auto Import,Master Event Database,Approved
2026-08-12 12:00:00,2026 Midnight Sun Scottish Highland Games,2026-08-15,10a-6p,Fairbanks,Musher’s Hall,music,,,system@akconcerts.com,AK Concerts Auto Import,Master Event Database,Approved
2026-08-12 12:00:00,"After Hours w/ Cousin Curtiss, Steve Brown & the Bailers, & Adele & Friends",2026-08-15,7:30p-11:30p,Fairbanks,Hoodoo Brewing,music,,,system@akconcerts.com,AK Concerts Auto Import,Master Event Database,Approved
2026-08-12 12:00:00,Encore Weekend w/ Wicked Serenity & Signs of Sacrifice,2026-08-15,8p-12a,Fairbanks,The International Hotel & Bar,music,,,system@akconcerts.com,AK Concerts Auto Import,Master Event Database,Approved
2026-08-12 12:00:00,Golden Heart Revue 8:1,2026-08-15,TBD,Fairbanks,The Palace Theater,music,,,system@akconcerts.com,AK Concerts Auto Import,Master Event Database,Approved
2026-08-12 12:00:00,Darci Lynne 6:3,2026-08-15,TBD,Fairbanks,Salisbury Theater,music,,,system@akconcerts.com,AK Concerts Auto Import,Master Event Database,Approved
2026-08-12 12:00:00,Blueberry Festival,2026-08-15,10a-6p,Girdwood,Alyeska Resort,festival,,,system@akconcerts.com,AK Concerts Auto Import,Master Event Database,Approved
2026-08-12 12:00:00,"Halo w/ Posterchild, Lloyd Van Ham, & Monir",2026-08-15,6p-?,Girdwood,Raw Market,music,,,system@akconcerts.com,AK Concerts Auto Import,Master Event Database,Approved
2026-08-12 12:00:00,Karaoke Night,2026-08-15,9p-1a,Haines,Pioneer Bar,music,,,system@akconcerts.com,AK Concerts Auto Import,Master Event Database,Approved
2026-08-12 12:00:00,Lost Rockets,2026-08-15,10p-2p,Homer,Kharacters Alaskan Bar,music,,,system@akconcerts.com,AK Concerts Auto Import,Master Event Database,Approved
2026-08-12 12:00:00,"Guided tours of the Botanical Gardens, Homestead Garden, & Forest Trails.",2026-08-15,11a-12p,Homer,Pratt Museum,music,,,system@akconcerts.com,AK Concerts Auto Import,Master Event Database,Approved
2026-08-12 12:00:00,Backyard Summer Concert Series & Music Festival,2026-08-15,1p-1:30a,Homer,Justin Cole’s Down East Saloon,festival,,,system@akconcerts.com,AK Concerts Auto Import,Master Event Database,Approved
2026-08-12 12:00:00,Piano Music by Sunrise Kilcher,2026-08-15,6p-8p,Homer,AJ’s Old Town Steakhouse & Tavern,music,,,system@akconcerts.com,AK Concerts Auto Import,Master Event Database,Approved
2026-08-12 12:00:00,"All Ages Show w/ The Pudgies, DSB, Ophelia",2026-08-15,7:30p-?,Homer,Porcupine Theater,music,,,system@akconcerts.com,AK Concerts Auto Import,Master Event Database,Approved
2026-08-12 12:00:00,Sense And Sensibility,2026-08-15,7:30p-10p,Homer,Pier One Theater,music,,,system@akconcerts.com,AK Concerts Auto Import,Master Event Database,Approved
2026-08-12 12:00:00,Snacks At Midnight w/ The Pit ViperZ,2026-08-15,9p-?,Homer,Alice’s Champagne Palace,music,,,system@akconcerts.com,AK Concerts Auto Import,Master Event Database,Approved
2026-08-12 12:00:00,Snacks At Midnight w/ The Pit ViperZ,2026-08-15,9p-?,Homer,Alice's Champagne Palace,music,,https://aliceschampagnepalace.com,system@akconcerts.com,AK Concerts Auto Import,Master Event Database,Approved
2026-08-12 12:00:00,Spindrift,2026-08-15,6p-10p,Hope,Dirty Skillet,music,,,system@akconcerts.com,AK Concerts Auto Import,Master Event Database,Approved
2026-08-12 12:00:00,Noah Rinker,2026-08-15,7p-11p,Hope,Creekbend Co.,music,,,system@akconcerts.com,AK Concerts Auto Import,Master Event Database,Approved
2026-08-12 12:00:00,Treadwell Trax,2026-08-15,10p-?,Juneau,The Crystal Saloon,music,,,system@akconcerts.com,AK Concerts Auto Import,Master Event Database,Approved
2026-08-12 12:00:00,Behind the Blinds: A Speakeasy Anniversary Party,2026-08-15,2p-6p,Juneau,Best Window Blinds,music,,,system@akconcerts.com,AK Concerts Auto Import,Master Event Database,Approved
2026-08-12 12:00:00,Yacht Rock Sing –Along Brunch,2026-08-15,11a-2p,Kenai,Duck Inn Café,community,,,system@akconcerts.com,AK Concerts Auto Import,Master Event Database,Approved
2026-08-12 12:00:00,Troubadour North,2026-08-15,8p-?,Kenai,Vagabond Inn,music,,,system@akconcerts.com,AK Concerts Auto Import,Master Event Database,Approved
2026-08-12 12:00:00,Virgin Voyages: Brilliant Lady Land Party,2026-08-15,12p-6p,Ketchikan,Arctic Bar,music,,,system@akconcerts.com,AK Concerts Auto Import,Master Event Database,Approved
2026-08-12 12:00:00,Summer Saturdays at the Museum,2026-08-15,1p-3p,Ketchikan,Tongass Historical Museum,music,,,system@akconcerts.com,AK Concerts Auto Import,Master Event Database,Approved
2026-08-12 12:00:00,Badd Dog Blues Society,2026-08-15,8p-10p,Ketchikan,The  Creek Street Cabaret,music,,,system@akconcerts.com,AK Concerts Auto Import,Master Event Database,Approved
2026-08-12 12:00:00,Roland Roberts Band,2026-08-15,8p-11p,Kodiak,The Rendezvous,music,,,system@akconcerts.com,AK Concerts Auto Import,Master Event Database,Approved
2026-08-12 12:00:00,McWavy,2026-08-15,TBD,McCarthy,The Golden Saloon,music,,,system@akconcerts.com,AK Concerts Auto Import,Master Event Database,Approved
2026-08-12 12:00:00,Retirement Home Takeover Party w/ DJ 4K,2026-08-15,9p-2p,North Pole,North Pole Alehouse,music,,,system@akconcerts.com,AK Concerts Auto Import,Master Event Database,Approved
2026-08-12 12:00:00,Collin Donley,2026-08-15,4p-7p,Palmer,Hatcher Pass Lodge,music,,,system@akconcerts.com,AK Concerts Auto Import,Master Event Database,Approved
2026-08-12 12:00:00,Johnny Prizm,2026-08-15,7p-10p,Palmer,Palmer Alehouse,music,,,system@akconcerts.com,AK Concerts Auto Import,Master Event Database,Approved
2026-08-12 12:00:00,Two-Step and Country Swing Dance Lessons!,2026-08-15,7p-8p,Palmer,American Legion Post 15,dance,,,system@akconcerts.com,AK Concerts Auto Import,Master Event Database,Approved
2026-08-12 12:00:00,Karaoke,2026-08-15,8p-11p,Palmer,American Legion Post 15,music,,,system@akconcerts.com,AK Concerts Auto Import,Master Event Database,Approved
2026-08-12 12:00:00,Veins of Gold Mountain Race,2026-08-15,9a-?,Palmer,Government Peak Recreation Area,music,,,system@akconcerts.com,AK Concerts Auto Import,Master Event Database,Approved
2026-08-12 12:00:00,"SIXSTAR w/ The Wet Spots, BoyMom, & Filthy Mike",2026-08-15,9p-2a,Seward,Yukon Bar,music,,,system@akconcerts.com,AK Concerts Auto Import,Master Event Database,Approved
2026-08-12 12:00:00,Sitka Blues Fest,2026-08-15,3p-9p,Sitka,Sitka Fine Arts Camp,festival,,,system@akconcerts.com,AK Concerts Auto Import,Master Event Database,Approved
2026-08-12 12:00:00,Sitka Conservation Society Wilderness Cruise,2026-08-15,5p-8p,Sitka,Crescent Harbor,music,,,system@akconcerts.com,AK Concerts Auto Import,Master Event Database,Approved
2026-08-12 12:00:00,Read with a Ranger Story Time,2026-08-15,10:30a-?,Skagway,Skagway Library,community,,,system@akconcerts.com,AK Concerts Auto Import,Master Event Database,Approved
2026-08-12 12:00:00,Music Time,2026-08-15,3p-5p,Skagway,Skagway Library,music,,,system@akconcerts.com,AK Concerts Auto Import,Master Event Database,Approved
2026-08-12 12:00:00,Karaoke w/ Edencraft,2026-08-15,5p-8p,Soldotna,The Goods,music,,,system@akconcerts.com,AK Concerts Auto Import,Master Event Database,Approved
2026-08-12 12:00:00,The Killer Comedy Show Ft. Sabrina Speers,2026-08-15,8:30p-11p,Soldotna,The Orca Theater,comedy,,,system@akconcerts.com,AK Concerts Auto Import,Master Event Database,Approved
2026-08-12 12:00:00,Tune Weavers,2026-08-15,4p-8p,Sterling,Naptowne Brewing Company,music,,,system@akconcerts.com,AK Concerts Auto Import,Master Event Database,Approved
2026-08-12 12:00:00,Taste of Aloha! A Traditional Hawaiian Luau,2026-08-15,5:30p-7:30p,Sterling,Lakeside Falls,festival,,,system@akconcerts.com,AK Concerts Auto Import,Master Event Database,Approved
2026-08-12 12:00:00,Salmon Run Art Auction Fundraiser,2026-08-15,3p-5p,Talkeetna,Sheldon Community Arts Hangar,community,,,system@akconcerts.com,AK Concerts Auto Import,Master Event Database,Approved
2026-08-12 12:00:00,Madeline & the Brothers Smith,2026-08-15,9p-1a,Talkeetna,Fairview Inn,music,,,system@akconcerts.com,AK Concerts Auto Import,Master Event Database,Approved
2026-08-12 12:00:00,Trapper Creek Bluegrass Revival,2026-08-15,TBD,Trapper Creek,Boots Bison Ranch,music,,,system@akconcerts.com,AK Concerts Auto Import,Master Event Database,Approved
2026-08-12 12:00:00,Saturday Market,2026-08-15,10a-4p,Valdez,Valdez Brewing,community,,,system@akconcerts.com,AK Concerts Auto Import,Master Event Database,Approved
2026-08-12 12:00:00,Rick Brooks Live,2026-08-15,6p-9p,Wasilla,Last Frontier Brewing Company,music,,,system@akconcerts.com,AK Concerts Auto Import,Master Event Database,Approved
2026-08-12 12:00:00,Live Music with Monster on the Mountain,2026-08-15,TBD,Wasilla,Tug Bar & Liquor- Goose Bay Inn,music,,,system@akconcerts.com,AK Concerts Auto Import,Master Event Database,Approved
2026-08-12 12:00:00,Open Mic & Jam,2026-08-16,4:30p-8:30p,Anchorage,VFW Post 1685,music,,,system@akconcerts.com,AK Concerts Auto Import,Master Event Database,Approved
2026-08-12 12:00:00,Garden Grooves: Music in the Beer Garden,2026-08-16,5p-7p,Anchorage,9th State Brewery,music,,,system@akconcerts.com,AK Concerts Auto Import,Master Event Database,Approved
2026-08-12 12:00:00,Learn to Square Dance,2026-08-16,7p-9p,Anchorage,Anchorage Social Dance Club,dance,,,system@akconcerts.com,AK Concerts Auto Import,Master Event Database,Approved
2026-08-12 12:00:00,Sunday Karaoke,2026-08-16,8p-2a,Anchorage,0p The Carousel Lounge,music,,,system@akconcerts.com,AK Concerts Auto Import,Master Event Database,Approved
2026-08-12 12:00:00,Snacks at Midnight,2026-08-16,9p-?,Anchorage,Van’s Dive Bar,music,,,system@akconcerts.com,AK Concerts Auto Import,Master Event Database,Approved
2026-08-12 12:00:00,Country Dance Nights: Line Dancing & Swing 6:3,2026-08-16,TBD,Anchorage,Anchorage Social Dance Club,dance,,,system@akconcerts.com,AK Concerts Auto Import,Master Event Database,Approved
2026-08-12 12:00:00,Live Music at the Market 1,2026-08-16,TBD,Anchorage,Anchorage Weekend Market,community,,,system@akconcerts.com,AK Concerts Auto Import,Master Event Database,Approved
2026-08-12 12:00:00,Sunday Blues Jam w/ Rebel Blues Band 6p-,2026-08-16,TBD,Anchorage,Billiard Palace,music,,,system@akconcerts.com,AK Concerts Auto Import,Master Event Database,Approved
2026-08-12 12:00:00,Annual Humpy’s Marathon 8:3,2026-08-16,TBD,Anchorage,Humpy’s,community,,,system@akconcerts.com,AK Concerts Auto Import,Master Event Database,Approved
2026-08-12 12:00:00,Comedy Open Mic 8:3,2026-08-16,TBD,Anchorage,Koot’s,comedy,,,system@akconcerts.com,AK Concerts Auto Import,Master Event Database,Approved
2026-08-12 12:00:00,Koots Karaoke 1,2026-08-16,TBD,Anchorage,0p-10pKoot’s,music,,,system@akconcerts.com,AK Concerts Auto Import,Master Event Database,Approved
2026-08-12 12:00:00,Karaoke 9p-,2026-08-16,TBD,Anchorage,0p-2aMad Myrna’s,music,,,system@akconcerts.com,AK Concerts Auto Import,Master Event Database,Approved
2026-08-12 12:00:00,All Ages Buckarooos Night 6p-,2026-08-16,TBD,Anchorage,2a Pink Cadillac,music,,,system@akconcerts.com,AK Concerts Auto Import,Master Event Database,Approved
2026-08-12 12:00:00,Industry Night w/ Joe Brady 1,2026-08-16,TBD,Anchorage,Pioneer Bar,music,,,system@akconcerts.com,AK Concerts Auto Import,Master Event Database,Approved
2026-08-12 12:00:00,Open Jam with Blast From The Past 8:3,2026-08-16,TBD,Anchorage,Time Out Lounge,music,,,system@akconcerts.com,AK Concerts Auto Import,Master Event Database,Approved
2026-08-12 12:00:00,Hmong Harvest Festival 1,2026-08-16,TBD,Anchorage,Sullivan Arena Football Stadium,festival,,,system@akconcerts.com,AK Concerts Auto Import,Master Event Database,Approved
2026-08-12 12:00:00,Open Mic Night 8p-,2026-08-16,TBD,Anchorage,Van’s Dive Bar,music,,,system@akconcerts.com,AK Concerts Auto Import,Master Event Database,Approved
2026-08-12 12:00:00,Bachata Dance Patterns 8:3,2026-08-16,TBD,Anchorage,Alaska Dance Promotions,dance,,,system@akconcerts.com,AK Concerts Auto Import,Master Event Database,Approved
2026-08-12 12:00:00,Weekly Jazz Jam 6:3,2026-08-16,TBD,Anchorage,Fire Island Bakery @ K Street Market,music,,,system@akconcerts.com,AK Concerts Auto Import,Master Event Database,Approved
2026-08-12 12:00:00,Open Mic Night,2026-08-16,6p-9p,Big Lake,Susitna Brewing,music,,,system@akconcerts.com,AK Concerts Auto Import,Master Event Database,Approved
2026-08-12 12:00:00,Sunday Deck Open Jam,2026-08-16,2p-5p,Ester,Malemute Saloon & Gold Camp,music,,,system@akconcerts.com,AK Concerts Auto Import,Master Event Database,Approved
2026-08-12 12:00:00,Karaoke,2026-08-16,9p-?,Fairbanks,The Marlin,music,,,system@akconcerts.com,AK Concerts Auto Import,Master Event Database,Approved
2026-08-12 12:00:00,Golden Heart Revue 8:1,2026-08-16,TBD,Fairbanks,The Palace Theater,music,,,system@akconcerts.com,AK Concerts Auto Import,Master Event Database,Approved
2026-08-12 12:00:00,Blueberry Festival,2026-08-16,10a-6p,Girdwood,Alyeska Resort,festival,,,system@akconcerts.com,AK Concerts Auto Import,Master Event Database,Approved
2026-08-12 12:00:00,Sense And Sensibility,2026-08-16,3p-5p,Homer,Pier One Theater,music,,,system@akconcerts.com,AK Concerts Auto Import,Master Event Database,Approved
2026-08-12 12:00:00,Chris Needham,2026-08-16,5p-7p,Homer,Kharacters Alaskan Bar,music,,,system@akconcerts.com,AK Concerts Auto Import,Master Event Database,Approved
2026-08-12 12:00:00,Sunday Brunch with Steve Norwoord,2026-08-16,11a-2p,Hope,Creekbend Co.,community,,,system@akconcerts.com,AK Concerts Auto Import,Master Event Database,Approved
2026-08-12 12:00:00,Open Mic Night w/ Joe Williams,2026-08-16,6p-9p,Ketchikan,The  Creek Street Cabaret,music,,,system@akconcerts.com,AK Concerts Auto Import,Master Event Database,Approved
2026-08-12 12:00:00,Karaoke,2026-08-16,8p-?,Palmer,Four Corner’s Lounge,music,,,system@akconcerts.com,AK Concerts Auto Import,Master Event Database,Approved
2026-08-12 12:00:00,Karaoke,2026-08-16,9p-1a,Seward,Yukon Bar,music,,,system@akconcerts.com,AK Concerts Auto Import,Master Event Database,Approved
2026-08-12 12:00:00,Music Time,2026-08-16,3p-5p,Skagway,Skagway Library,music,,,system@akconcerts.com,AK Concerts Auto Import,Master Event Database,Approved
2026-08-12 12:00:00,Steve Durr,2026-08-16,1p-2:30p & 5p-6:30p,Talkeetna,Mountain High Pizza Pie,music,,,system@akconcerts.com,AK Concerts Auto Import,Master Event Database,Approved
2026-08-12 12:00:00,Trapper Creek Bluegrass Revival,2026-08-16,TBD,Trapper Creek,Boots Bison Ranch,music,,,system@akconcerts.com,AK Concerts Auto Import,Master Event Database,Approved
2026-08-12 12:00:00,Live Music w/ Pam Santoro,2026-08-16,TBD,Wasilla,Tug Bar & Liquor- Goose Bay Inn,music,,,system@akconcerts.com,AK Concerts Auto Import,Master Event Database,Approved
2026-08-12 12:00:00,Garden Grooves: Music in the Beer Garden,2026-08-17,5p-7p,Anchorage,49th State Brewery,music,,,system@akconcerts.com,AK Concerts Auto Import,Master Event Database,Approved
2026-08-12 12:00:00,Weekly Jazz Jam,2026-08-17,6:30p-9:30p,Anchorage,Fire Island Bakery @ K Street Market,music,,,system@akconcerts.com,AK Concerts Auto Import,Master Event Database,Approved
2026-08-12 12:00:00,Learn to Square Dance,2026-08-17,7p-9p,Anchorage,Anchorage Social Dance Club,dance,,,system@akconcerts.com,AK Concerts Auto Import,Master Event Database,Approved
2026-08-12 12:00:00,Bachata Dance Patterns,2026-08-17,8:30p-9:30p,Anchorage,Alaska Dance Promotions,dance,,,system@akconcerts.com,AK Concerts Auto Import,Master Event Database,Approved
2026-08-12 12:00:00,Snacks at Midnight,2026-08-17,9p-?,Anchorage,Van’s Dive Bar,music,,,system@akconcerts.com,AK Concerts Auto Import,Master Event Database,Approved
2026-08-12 12:00:00,Karaoke Mondays,2026-08-17,6p-9p,Eagle River,Odd Man Rush,music,,,system@akconcerts.com,AK Concerts Auto Import,Master Event Database,Approved
2026-08-12 12:00:00,Gazebo Nights Concert Series: Alaska Wompus Cats,2026-08-17,6p-7p,Fairbanks,4 Pioneer Park,music,,,system@akconcerts.com,AK Concerts Auto Import,Master Event Database,Approved
2026-08-12 12:00:00,Golden Heart Revue 8:1,2026-08-17,TBD,Fairbanks,The Palace Theater,music,,,system@akconcerts.com,AK Concerts Auto Import,Master Event Database,Approved
2026-08-12 12:00:00,RawBeats w/ Astronomar & Friends,2026-08-17,9p-?,Juneau,Alaskan Hotel and Bar,music,,,system@akconcerts.com,AK Concerts Auto Import,Master Event Database,Approved
2026-08-12 12:00:00,"Storytime & Craft: ""It's Time for Berries!"" 1",2026-08-17,TBD,Kenai,Kenai Chamber of Commerce & Visitor Center,community,,,system@akconcerts.com,AK Concerts Auto Import,Master Event Database,Approved
2026-08-12 12:00:00,Storytime & Craft: It's Time for Berries! 1,2026-08-17,TBD,Kenai,Kenai Chamber of Commerce & Visitor Center,community,,,system@akconcerts.com,AK Concerts Auto Import,Master Event Database,Approved
2026-08-12 12:00:00,Seward Strings,2026-08-17,1p-4p,Seward,Seward Senior Center,music,,,system@akconcerts.com,AK Concerts Auto Import,Master Event Database,Approved
2026-08-12 12:00:00,Karaoke with Megan Killoran,2026-08-17,9p-1a,Seward,Yukon Bar,music,,,system@akconcerts.com,AK Concerts Auto Import,Master Event Database,Approved
2026-08-12 12:00:00,Friends of Mike Morgan Song Circle,2026-08-17,5p-7p,Soldotna,The Goods,music,,,system@akconcerts.com,AK Concerts Auto Import,Master Event Database,Approved
2026-08-12 12:00:00,Karaoke,2026-08-17,9p-1a,Talkeetna,Fairview Inn,music,,,system@akconcerts.com,AK Concerts Auto Import,Master Event Database,Approved
2026-08-12 12:00:00,Garden Grooves: Music in the Beer Garden,2026-08-18,5p-7p,Anchorage,9th State Brewery,music,,,system@akconcerts.com,AK Concerts Auto Import,Master Event Database,Approved
2026-08-12 12:00:00,Family Storytime,2026-08-18,6p-6:3,Anchorage,Mountain View Public Library,community,,,system@akconcerts.com,AK Concerts Auto Import,Master Event Database,Approved
2026-08-12 12:00:00,Irish Music & Dancing,2026-08-18,6p-8p,Anchorage,Organic Oasis,music,,,system@akconcerts.com,AK Concerts Auto Import,Master Event Database,Approved
2026-08-12 12:00:00,AK Rockstar Karaoke,2026-08-18,8p-2a,Anchorage,The Carousel Lounge,music,,https://carouselloungeak.com,system@akconcerts.com,AK Concerts Auto Import,Master Event Database,Approved
2026-08-12 12:00:00,Lunch on the Lawn: Live Music w/ Uncle Jim 11:3,2026-08-18,TBD,Anchorage,Anchorage Museum,music,,,system@akconcerts.com,AK Concerts Auto Import,Master Event Database,Approved
2026-08-12 12:00:00,Two Step Tuesday w/ DJ Lele Beats 9p-,2026-08-18,TBD,Anchorage,Blarney Stone,dance,,,system@akconcerts.com,AK Concerts Auto Import,Master Event Database,Approved
2026-08-12 12:00:00,AK Rockstar Karaoke 8p-,2026-08-18,TBD,Anchorage,The Carousel Lounge,music,,,system@akconcerts.com,AK Concerts Auto Import,Master Event Database,Approved
2026-08-12 12:00:00,Rope Dart Lessons w/ Jerrill 8:3,2026-08-18,TBD,Anchorage,Oriental Healing Arts Center,music,,,system@akconcerts.com,AK Concerts Auto Import,Master Event Database,Approved
2026-08-12 12:00:00,College Night 1,2026-08-18,TBD,Anchorage,Pink Cadillac,music,,,system@akconcerts.com,AK Concerts Auto Import,Master Event Database,Approved
2026-08-12 12:00:00,Karaoke Night 7p-,2026-08-18,TBD,Fairbanks,The Cabin,music,,,system@akconcerts.com,AK Concerts Auto Import,Master Event Database,Approved
2026-08-12 12:00:00,Golden Heart Revue 8:1,2026-08-18,TBD,Fairbanks,8 The Palace Theater,music,,,system@akconcerts.com,AK Concerts Auto Import,Master Event Database,Approved
2026-08-12 12:00:00,Storytime at the Pratt: Berry Season,2026-08-18,10:30a-11:30a,Homer,Pratt Museum,community,,,system@akconcerts.com,AK Concerts Auto Import,Master Event Database,Approved
2026-08-12 12:00:00,Taco Tuesday's with Jim Maloney,2026-08-18,6:30p-10p,Homer,Justin Cole’s Down East Saloon,music,,,system@akconcerts.com,AK Concerts Auto Import,Master Event Database,Approved
2026-08-12 12:00:00,Jazz Jam Tuesday,2026-08-18,8p-11p,Juneau,The Crystal Saloon,music,,,system@akconcerts.com,AK Concerts Auto Import,Master Event Database,Approved
2026-08-12 12:00:00,Mud on the Moon Book Launch,2026-08-18,6:30p-7:30p,Ketchikan,Ketchikan Public Library,music,,,system@akconcerts.com,AK Concerts Auto Import,Master Event Database,Approved
2026-08-12 12:00:00,Open Mic Night,2026-08-18,6p-8p,Ketchikan,Hole in the Wall,music,,,system@akconcerts.com,AK Concerts Auto Import,Master Event Database,Approved
2026-08-12 12:00:00,Music on the Dock: ATTK! 1,2026-08-18,TBD,Ketchikan,Ketchikan Dock,music,,,system@akconcerts.com,AK Concerts Auto Import,Master Event Database,Approved
2026-08-12 12:00:00,Tuesday Pub Run w/ Tundra Trotters,2026-08-18,6:15p-9p,North Pole,North Pole Alehouse,community,,,system@akconcerts.com,AK Concerts Auto Import,Master Event Database,Approved
2026-08-12 12:00:00,Open Mic Night w/ Drew Sablon,2026-08-18,6p-9p,Palmer,Fishhook Bar & Grill,music,,,system@akconcerts.com,AK Concerts Auto Import,Master Event Database,Approved
2026-08-12 12:00:00,Industry Night with DJ Red,2026-08-18,8p-?,Palmer,Four Corner’s Lounge,music,,,system@akconcerts.com,AK Concerts Auto Import,Master Event Database,Approved
2026-08-12 12:00:00,Open Mic Night with Braden,2026-08-18,8p-2a,Seward,Yukon Bar,music,,,system@akconcerts.com,AK Concerts Auto Import,Master Event Database,Approved
2026-08-12 12:00:00,Toddler Story Time,2026-08-18,10:30a-11a,Soldotna,Soldotna Library,community,,,system@akconcerts.com,AK Concerts Auto Import,Master Event Database,Approved
2026-08-12 12:00:00,Storytime at Ken’s,2026-08-18,10a-11a,Wasilla,Ken’s Garden Center,community,,,system@akconcerts.com,AK Concerts Auto Import,Master Event Database,Approved
2026-08-12 12:00:00,Live Music w/ Jerry Wessling,2026-08-18,6p-9p,Wasilla,Everett’s,music,,,system@akconcerts.com,AK Concerts Auto Import,Master Event Database,Approved
2026-08-12 12:00:00,Karaoke Night,2026-08-18,8p-11p,Wasilla,Schwabenhof,music,,,system@akconcerts.com,AK Concerts Auto Import,Master Event Database,Approved
2026-08-12 12:00:00,Koots Karaoke,2026-08-19,10p-2a,Anchorage,Koot’s,music,,,system@akconcerts.com,AK Concerts Auto Import,Master Event Database,Approved
2026-08-12 12:00:00,Public Assistance Resource Fair,2026-08-19,3p-5p,Anchorage,Loussac Luibrary,festival,,,system@akconcerts.com,AK Concerts Auto Import,Master Event Database,Approved
2026-08-12 12:00:00,Karaoke 9p-12aManhattan’s Restaurant & Lounge - Seth Malone,2026-08-19,6p-9p,Anchorage,Mad Myrna’s,music,,,system@akconcerts.com,AK Concerts Auto Import,Master Event Database,Approved
2026-08-12 12:00:00,Tyrone & Friends,2026-08-19,7p-10p,Anchorage,7 Alehouse,music,,,system@akconcerts.com,AK Concerts Auto Import,Master Event Database,Approved
2026-08-12 12:00:00,Comedy Open Mic,2026-08-19,7p-10p,Anchorage,Koot’s,comedy,,,system@akconcerts.com,AK Concerts Auto Import,Master Event Database,Approved
2026-08-12 12:00:00,Tyrone & Friends Live,2026-08-19,7p-10p,Anchorage,907 Alehouse,music,,https://907alehouse.com,system@akconcerts.com,AK Concerts Auto Import,Master Event Database,Approved
2026-08-12 12:00:00,Live Music w/ Will H. Johnson,2026-08-19,8p-11:30p,Anchorage,Humpy’s,music,,,system@akconcerts.com,AK Concerts Auto Import,Master Event Database,Approved
2026-08-12 12:00:00,Garden Grooves: Music in the Beer Garden 5p-,2026-08-19,TBD,Anchorage,9th State Brewery,music,,,system@akconcerts.com,AK Concerts Auto Import,Master Event Database,Approved
2026-08-12 12:00:00,Free Community Storytime 10:3,2026-08-19,TBD,Anchorage,Alaska Zoo,community,,,system@akconcerts.com,AK Concerts Auto Import,Master Event Database,Approved
2026-08-12 12:00:00,International Folk Dancing 6:3,2026-08-19,TBD,Anchorage,Anchorage Social Dance Club,music,,,system@akconcerts.com,AK Concerts Auto Import,Master Event Database,Approved
2026-08-12 12:00:00,AK Rockstar Karaoke 8p-2aHumpy’s - Live Music w/ Will H. Johnson 8p-11:30p Koot’s - Comedy Open Mic 7p-10pKoot’s - Koots Karaoke 1,2026-08-19,TBD,Anchorage,The Carousel Lounge,comedy,,,system@akconcerts.com,AK Concerts Auto Import,Master Event Database,Approved
2026-08-12 12:00:00,Line Dance Wednesdays 7p-,2026-08-19,TBD,Anchorage,Pink Cadillac,dance,,,system@akconcerts.com,AK Concerts Auto Import,Master Event Database,Approved
2026-08-12 12:00:00,The Eternal Cowboys 1,2026-08-19,TBD,Anchorage,Pioneer Bar,music,,,system@akconcerts.com,AK Concerts Auto Import,Master Event Database,Approved
2026-08-12 12:00:00,Karaoke 9p-,2026-08-19,TBD,Anchorage,0p-1aVan’s Dive Bar,music,,,system@akconcerts.com,AK Concerts Auto Import,Master Event Database,Approved
2026-08-12 12:00:00,Live Music at Crimson w/ The Whisper Campaign 6:3,2026-08-19,TBD,Anchorage,Wildbirch Hotel,music,,,system@akconcerts.com,AK Concerts Auto Import,Master Event Database,Approved
2026-08-12 12:00:00,Storytime & Crafternoon,2026-08-19,1p-2p,Barrow,Tuzzy Consortium Library,community,,,system@akconcerts.com,AK Concerts Auto Import,Master Event Database,Approved
2026-08-12 12:00:00,Open Mic Night,2026-08-19,6p-9p,Big Lake,Susitna Brewing,music,,,system@akconcerts.com,AK Concerts Auto Import,Master Event Database,Approved
2026-08-12 12:00:00,Big Lake Community Farmer’s Market 1,2026-08-19,TBD,Big Lake,Common Ground Alaska Farm,community,,,system@akconcerts.com,AK Concerts Auto Import,Master Event Database,Approved
2026-08-12 12:00:00,Black Barrel & The Bad Men 6:3,2026-08-19,TBD,Cooper Landing,Cooper Landing Brewing,music,,,system@akconcerts.com,AK Concerts Auto Import,Master Event Database,Approved
2026-08-12 12:00:00,Karaoke Night w/ KJ Smoke,2026-08-19,8p-12a,Eagle River,Homestead Lounge,music,,,system@akconcerts.com,AK Concerts Auto Import,Master Event Database,Approved
2026-08-12 12:00:00,Sunday Deck Open Jam,2026-08-19,2p-5p,Ester,Malemute Saloon & Gold Camp,music,,,system@akconcerts.com,AK Concerts Auto Import,Master Event Database,Approved
2026-08-12 12:00:00,Wednesday Dance Practice,2026-08-19,6p-9p,Ester,Fairbanks Tango,dance,,,system@akconcerts.com,AK Concerts Auto Import,Master Event Database,Approved
2026-08-12 12:00:00,Tara Starlight & The Forest That Never Sleeps,2026-08-19,7p-11p,Ester,Malemute Saloon & Gold Camp,music,,,system@akconcerts.com,AK Concerts Auto Import,Master Event Database,Approved
2026-08-12 12:00:00,"Deja Vu, Old Timey Music 7:3",2026-08-19,TBD,Ester,Malemute Saloon & Gold Camp,music,,,system@akconcerts.com,AK Concerts Auto Import,Master Event Database,Approved
2026-08-12 12:00:00,"Halo w/ Posterchild, Lloyd Van Ham, & Monir",2026-08-19,6p-?,Fairbanks,Raw Market,music,,,system@akconcerts.com,AK Concerts Auto Import,Master Event Database,Approved
2026-08-12 12:00:00,Karaoke Night with Rocky!,2026-08-19,8p-11p,Fairbanks,The Spur,music,,,system@akconcerts.com,AK Concerts Auto Import,Master Event Database,Approved
2026-08-12 12:00:00,Karaoke Night,2026-08-19,9p-1a,Fairbanks,5 Pioneer Bar,music,,,system@akconcerts.com,AK Concerts Auto Import,Master Event Database,Approved
2026-08-12 12:00:00,"After Hours w/ Cousin Curtiss, Steve Brown & the Bailers, & Adele & Friends 7:3",2026-08-19,TBD,Fairbanks,Hoodoo Brewing,music,,,system@akconcerts.com,AK Concerts Auto Import,Master Event Database,Approved
2026-08-12 12:00:00,Golden Heart Revue 8:1,2026-08-19,TBD,Fairbanks,The Palace Theater,music,,,system@akconcerts.com,AK Concerts Auto Import,Master Event Database,Approved
2026-08-12 12:00:00,"Ride Bikes, Drink Beer 6:3",2026-08-19,TBD,Fairbanks,Girdwood Brewing Company,music,,,system@akconcerts.com,AK Concerts Auto Import,Master Event Database,Approved
2026-08-12 12:00:00,Blueberry Festival 1,2026-08-19,TBD,Fairbanks,Alyeska Resort,festival,,,system@akconcerts.com,AK Concerts Auto Import,Master Event Database,Approved
2026-08-12 12:00:00,Open Mic Night 9p-,2026-08-19,TBD,Fairbanks,4 Pioneer Bar,music,,,system@akconcerts.com,AK Concerts Auto Import,Master Event Database,Approved
2026-08-12 12:00:00,Backyard Summer Concert Series & Music Festival,2026-08-19,1p-1:30a,Homer,Justin Cole’s Down East Saloon,festival,,,system@akconcerts.com,AK Concerts Auto Import,Master Event Database,Approved
2026-08-12 12:00:00,Sense And Sensibility,2026-08-19,3p-5p,Homer,Pier One Theater,music,,,system@akconcerts.com,AK Concerts Auto Import,Master Event Database,Approved
2026-08-12 12:00:00,Chris Needham,2026-08-19,5p-7p,Homer,Kharacters Alaskan Bar,music,,,system@akconcerts.com,AK Concerts Auto Import,Master Event Database,Approved
2026-08-12 12:00:00,Piano Music by Erica,2026-08-19,6p-8p,Homer,AJ’s Old Town Steakhouse & Tavern,music,,,system@akconcerts.com,AK Concerts Auto Import,Master Event Database,Approved
2026-08-12 12:00:00,Piano Music by Sunrise Kilcher,2026-08-19,6p-8p,Homer,AJ’s Old Town Steakhouse & Tavern,music,,,system@akconcerts.com,AK Concerts Auto Import,Master Event Database,Approved
2026-08-12 12:00:00,Snacks At Midnight w/ The Pit ViperZ,2026-08-19,9p-?,Homer,Alice’s Champagne Palace,music,,,system@akconcerts.com,AK Concerts Auto Import,Master Event Database,Approved
2026-08-12 12:00:00,Karaoke Night,2026-08-19,9p-12:30a,Homer,Alibi Bar & Café,music,,,system@akconcerts.com,AK Concerts Auto Import,Master Event Database,Approved
2026-08-12 12:00:00,Community Jam Sessions 6:3,2026-08-19,TBD,Homer,Homer Council on the Arts,community,,,system@akconcerts.com,AK Concerts Auto Import,Master Event Database,Approved
2026-08-12 12:00:00,Sense And Sensibility 7:3,2026-08-19,TBD,Homer,Pier One Theater,music,,,system@akconcerts.com,AK Concerts Auto Import,Master Event Database,Approved
2026-08-12 12:00:00,"Guided tours of the Botanical Gardens, Homestead Garden, & Forest Trails. 1",2026-08-19,TBD,Homer,Pratt Museum,music,,,system@akconcerts.com,AK Concerts Auto Import,Master Event Database,Approved
2026-08-12 12:00:00,Backyard Summer Concert Series & Music Festival 8:3,2026-08-19,TBD,Homer,Justin Cole’s Down East Saloon,festival,,,system@akconcerts.com,AK Concerts Auto Import,Master Event Database,Approved
2026-08-12 12:00:00,Red Marker Resistance 1,2026-08-19,TBD,Homer,Kharacters Alaskan Bar,music,,,system@akconcerts.com,AK Concerts Auto Import,Master Event Database,Approved
2026-08-12 12:00:00,Lost Rockets 1,2026-08-19,TBD,Homer,Kharacters Alaskan Bar,music,,,system@akconcerts.com,AK Concerts Auto Import,Master Event Database,Approved
2026-08-12 12:00:00,"All Ages Show w/ The Pudgies, DSB, Ophelia 7:3",2026-08-19,TBD,Homer,Porcupine Theater,music,,,system@akconcerts.com,AK Concerts Auto Import,Master Event Database,Approved
2026-08-12 12:00:00,Taco Tuesday's with Jim Maloney 6:3,2026-08-19,TBD,Homer,Justin Cole’s Down East Saloon,music,,,system@akconcerts.com,AK Concerts Auto Import,Master Event Database,Approved
2026-08-12 12:00:00,Storytime at the Pratt: Berry Season 10:3,2026-08-19,TBD,Homer,Pratt Museum,community,,,system@akconcerts.com,AK Concerts Auto Import,Master Event Database,Approved
2026-08-12 12:00:00,Spindrift,2026-08-19,6p-10p,Hope,Dirty Skillet,music,,,system@akconcerts.com,AK Concerts Auto Import,Master Event Database,Approved
2026-08-12 12:00:00,Noah Rinker,2026-08-19,7p-11p,Hope,Creekbend Co.,music,,,system@akconcerts.com,AK Concerts Auto Import,Master Event Database,Approved
2026-08-12 12:00:00,Sunday Brunch with Steve Norwoord 1,2026-08-19,TBD,Hope,Creekbend Co.,community,,,system@akconcerts.com,AK Concerts Auto Import,Master Event Database,Approved
2026-08-12 12:00:00,Behind the Blinds: A Speakeasy Anniversary Party,2026-08-19,2p-6p,Juneau,Best Window Blinds,music,,,system@akconcerts.com,AK Concerts Auto Import,Master Event Database,Approved
2026-08-12 12:00:00,Cousin Curtiss & Harrison B,2026-08-19,8p-?,Juneau,The Crystal Saloon,music,,,system@akconcerts.com,AK Concerts Auto Import,Master Event Database,Approved
2026-08-12 12:00:00,Open Mic Night,2026-08-19,8p-11:30p,Juneau,The Crystal Saloon,music,,,system@akconcerts.com,AK Concerts Auto Import,Master Event Database,Approved
2026-08-12 12:00:00,Karaoke w/ Al Boogie 8p-? 8/1,2026-08-19,TBD,Juneau,The Crystal Saloon,music,,,system@akconcerts.com,AK Concerts Auto Import,Master Event Database,Approved
2026-08-12 12:00:00,Treadwell Trax 1,2026-08-19,TBD,Juneau,The Crystal Saloon,music,,,system@akconcerts.com,AK Concerts Auto Import,Master Event Database,Approved
2026-08-12 12:00:00,RawBeats w/ Astronomar & Friends 9p-? 8/1,2026-08-19,TBD,Juneau,Alaskan Hotel and Bar,music,,,system@akconcerts.com,AK Concerts Auto Import,Master Event Database,Approved
2026-08-12 12:00:00,Jazz Jam Tuesday 8p-,2026-08-19,TBD,Juneau,The Crystal Saloon,music,,,system@akconcerts.com,AK Concerts Auto Import,Master Event Database,Approved
2026-08-12 12:00:00,Karaoke 8p-,2026-08-19,TBD,Juneau,Alaskan Hotel and Bar,music,,,system@akconcerts.com,AK Concerts Auto Import,Master Event Database,Approved
2026-08-12 12:00:00,Vinyl Afternoon's w/ Dj Roman Martinez 5p-,2026-08-19,TBD,Juneau,The Crystal Saloon,music,,,system@akconcerts.com,AK Concerts Auto Import,Master Event Database,Approved
2026-08-12 12:00:00,Troubadour North,2026-08-19,8p-?,Kenai,Vagabond Inn,music,,,system@akconcerts.com,AK Concerts Auto Import,Master Event Database,Approved
2026-08-12 12:00:00,Snacks At Midnight w/ The Pit ViperZ,2026-08-19,9p-?,Kenai,Skeet’s Dive Bar,music,,,system@akconcerts.com,AK Concerts Auto Import,Master Event Database,Approved
2026-08-12 12:00:00,Yacht Rock Sing –Along Brunch 1,2026-08-19,TBD,Kenai,Duck Inn Café,community,,,system@akconcerts.com,AK Concerts Auto Import,Master Event Database,Approved
2026-08-12 12:00:00,Summer Saturdays at the Museum,2026-08-19,1p-3p,Ketchikan,Tongass Historical Museum,music,,,system@akconcerts.com,AK Concerts Auto Import,Master Event Database,Approved
2026-08-12 12:00:00,Live Music with Sarah Short,2026-08-19,6p-8p,Ketchikan,Bush Pilots’ Lounge,music,,,system@akconcerts.com,AK Concerts Auto Import,Master Event Database,Approved
2026-08-12 12:00:00,Open Mic Night,2026-08-19,6p-8p,Ketchikan,Hole in the Wall,music,,,system@akconcerts.com,AK Concerts Auto Import,Master Event Database,Approved
2026-08-12 12:00:00,Open Mic Night w/ Joe Williams,2026-08-19,6p-9p,Ketchikan,The Creek Street Cabaret,music,,,system@akconcerts.com,AK Concerts Auto Import,Master Event Database,Approved
2026-08-12 12:00:00,Square Dance w/ Music by the Free Radicals,2026-08-19,7p-9p,Ketchikan,The Creek Street Cabaret,dance,,,system@akconcerts.com,AK Concerts Auto Import,Master Event Database,Approved
2026-08-12 12:00:00,Live Music in the Café,2026-08-19,7p-9p,Ketchikan,The New York Café,music,,,system@akconcerts.com,AK Concerts Auto Import,Master Event Database,Approved
2026-08-12 12:00:00,Open Mic Night,2026-08-19,8p-10p,Ketchikan,Totem Bar,music,,,system@akconcerts.com,AK Concerts Auto Import,Master Event Database,Approved
2026-08-12 12:00:00,Badd Dog Blues Society,2026-08-19,8p-10p,Ketchikan,The Creek Street Cabaret,music,,,system@akconcerts.com,AK Concerts Auto Import,Master Event Database,Approved
2026-08-12 12:00:00,Ketchikan Arts & Humanities Council: Arts Report 8:2,2026-08-19,TBD,Ketchikan,5.3 FM KRBD,music,,,system@akconcerts.com,AK Concerts Auto Import,Master Event Database,Approved
2026-08-12 12:00:00,Music on the Dock: DJ DJ Archieologic 1,2026-08-19,TBD,Ketchikan,Ketchikan Dock,music,,,system@akconcerts.com,AK Concerts Auto Import,Master Event Database,Approved
2026-08-12 12:00:00,Virgin Voyages: Brilliant Lady Land Party 1,2026-08-19,TBD,Ketchikan,Arctic Bar,music,,,system@akconcerts.com,AK Concerts Auto Import,Master Event Database,Approved
2026-08-12 12:00:00,Mud on the Moon Book Launch 6:3,2026-08-19,TBD,Ketchikan,Ketchikan Public Library,music,,,system@akconcerts.com,AK Concerts Auto Import,Master Event Database,Approved
2026-08-12 12:00:00,The Ukulele Group 3:4,2026-08-19,TBD,Ketchikan,Inn at Creek Street,music,,,system@akconcerts.com,AK Concerts Auto Import,Master Event Database,Approved
2026-08-12 12:00:00,Roland Roberts Band,2026-08-19,8p-11p,Kodiak,The Rendezvous,music,,,system@akconcerts.com,AK Concerts Auto Import,Master Event Database,Approved
2026-08-12 12:00:00,Karaoke Thursdays with Rocky Barnette,2026-08-19,8p-12a,North Pole,North Pole Alehouse,music,,,system@akconcerts.com,AK Concerts Auto Import,Master Event Database,Approved
2026-08-12 12:00:00,Retirement Home Takeover Party w/ DJ 4,2026-08-19,TBD,North Pole,North Pole Alehouse,music,,,system@akconcerts.com,AK Concerts Auto Import,Master Event Database,Approved
2026-08-12 12:00:00,Tuesday Pub Run w/ Tundra Trotters 6:1,2026-08-19,TBD,North Pole,North Pole Alehouse,community,,,system@akconcerts.com,AK Concerts Auto Import,Master Event Database,Approved
2026-08-12 12:00:00,Collin Donley,2026-08-19,4p-7p,Palmer,Hatcher Pass Lodge,music,,,system@akconcerts.com,AK Concerts Auto Import,Master Event Database,Approved
2026-08-12 12:00:00,Open Mic Night w/ Drew Sablon,2026-08-19,6p-9p,Palmer,Fishhook Bar & Grill,music,,,system@akconcerts.com,AK Concerts Auto Import,Master Event Database,Approved
2026-08-12 12:00:00,Black Barrel and the Bad Men,2026-08-19,7p-10p,Palmer,Palmer Alehouse,music,,,system@akconcerts.com,AK Concerts Auto Import,Master Event Database,Approved
2026-08-12 12:00:00,Johnny Prizm,2026-08-19,7p-10p,Palmer,Palmer Alehouse,music,,,system@akconcerts.com,AK Concerts Auto Import,Master Event Database,Approved
2026-08-12 12:00:00,Rhythm & Royalty Tour,2026-08-19,7p-11:30p,Palmer,Palmer Train Depot,music,,,system@akconcerts.com,AK Concerts Auto Import,Master Event Database,Approved
2026-08-12 12:00:00,Karaoke,2026-08-19,8p-?,Palmer,Four Corner’s Lounge,music,,,system@akconcerts.com,AK Concerts Auto Import,Master Event Database,Approved
2026-08-12 12:00:00,Industry Night with DJ Red,2026-08-19,8p-?,Palmer,Four Corner’s Lounge,music,,,system@akconcerts.com,AK Concerts Auto Import,Master Event Database,Approved
2026-08-12 12:00:00,Veins of Gold Mountain Race,2026-08-19,9a-?,Palmer,Government Peak Recreation Area,music,,,system@akconcerts.com,AK Concerts Auto Import,Master Event Database,Approved
2026-08-12 12:00:00,Friday Fling Live Music Solo Steve 1,2026-08-19,TBD,Palmer,Downtown Palmer,music,,,system@akconcerts.com,AK Concerts Auto Import,Master Event Database,Approved
2026-08-12 12:00:00,West Coast Sing Wednesday 7:3,2026-08-19,TBD,Palmer,Four Corner’s Lounge,music,,,system@akconcerts.com,AK Concerts Auto Import,Master Event Database,Approved
2026-08-12 12:00:00,Live Music w/ Jim Maloney,2026-08-19,TBD,Seldovia,Linwood Bar & Grill,music,,,system@akconcerts.com,AK Concerts Auto Import,Master Event Database,Approved
2026-08-12 12:00:00,Seward Strings,2026-08-19,1p-4p,Seward,Seward Senior Center,music,,,system@akconcerts.com,AK Concerts Auto Import,Master Event Database,Approved
2026-08-12 12:00:00,Open Mic Night with Braden,2026-08-19,8p-2a,Seward,Yukon Bar,music,,,system@akconcerts.com,AK Concerts Auto Import,Master Event Database,Approved
2026-08-12 12:00:00,Karaoke,2026-08-19,9p-1a,Seward,Yukon Bar,music,,,system@akconcerts.com,AK Concerts Auto Import,Master Event Database,Approved
2026-08-12 12:00:00,Karaoke with Megan Killoran,2026-08-19,9p-1a,Seward,Yukon Bar,music,,,system@akconcerts.com,AK Concerts Auto Import,Master Event Database,Approved
2026-08-12 12:00:00,Karaoke with Raunchy Rachel,2026-08-19,9p-1a,Seward,Yukon Bar,music,,,system@akconcerts.com,AK Concerts Auto Import,Master Event Database,Approved
2026-08-12 12:00:00,Dance Night w/ DJ Waitwat,2026-08-19,9p-2a,Seward,Yukon Bar,dance,,,system@akconcerts.com,AK Concerts Auto Import,Master Event Database,Approved
2026-08-12 12:00:00,King Monkey w/ Bananahands Live,2026-08-19,9p-2a,Seward,Yukon Bar,music,,,system@akconcerts.com,AK Concerts Auto Import,Master Event Database,Approved
2026-08-12 12:00:00,"SIXSTAR w/ The Wet Spots, BoyMom, & Filthy Mike",2026-08-19,9p-2a,Seward,Yukon Bar,music,,,system@akconcerts.com,AK Concerts Auto Import,Master Event Database,Approved
2026-08-12 12:00:00,Live Music w/ The Jephries ft. Luv Guvna 6:3,2026-08-19,TBD,Seward,Flamingo Lounge,music,,,system@akconcerts.com,AK Concerts Auto Import,Master Event Database,Approved
2026-08-12 12:00:00,Sitka Blues Fest,2026-08-19,3p-9p,Sitka,Sitka Fine Arts Camp,festival,,,system@akconcerts.com,AK Concerts Auto Import,Master Event Database,Approved
2026-08-12 12:00:00,Sitka Conservation Society Wilderness Cruise,2026-08-19,5p-8p,Sitka,Crescent Harbor,music,,,system@akconcerts.com,AK Concerts Auto Import,Master Event Database,Approved
2026-08-12 12:00:00,Music Time,2026-08-19,3p-5p,Skagway,Skagway Library,music,,,system@akconcerts.com,AK Concerts Auto Import,Master Event Database,Approved
2026-08-12 12:00:00,Skagway Idol 7:3,2026-08-19,TBD,Skagway,Skagway Brewing,music,,,system@akconcerts.com,AK Concerts Auto Import,Master Event Database,Approved
2026-08-12 12:00:00,Read with a Ranger Story Time 10:3,2026-08-19,TBD,Skagway,Skagway Library,community,,,system@akconcerts.com,AK Concerts Auto Import,Master Event Database,Approved
2026-08-12 12:00:00,Friends of Mike Morgan Song Circle,2026-08-19,5p-7p,Soldotna,The Goods,music,,,system@akconcerts.com,AK Concerts Auto Import,Master Event Database,Approved
2026-08-12 12:00:00,Karaoke w/ Edencraft,2026-08-19,5p-8p,Soldotna,The Goods,music,,,system@akconcerts.com,AK Concerts Auto Import,Master Event Database,Approved
2026-08-12 12:00:00,Levitt Amp Music Series: Kenny Smith & The Old Wolves w/ The Copper River Band,2026-08-19,6p-9p,Soldotna,Soldotna Creek Park,music,,,system@akconcerts.com,AK Concerts Auto Import,Master Event Database,Approved
2026-08-12 12:00:00,Preschool Storytime 10:3,2026-08-19,TBD,Soldotna,Soldotna Library,community,,,system@akconcerts.com,AK Concerts Auto Import,Master Event Database,Approved
2026-08-12 12:00:00,The Killer Comedy Show Ft. Sabrina Speers 8:3,2026-08-19,TBD,Soldotna,The Orca Theater,comedy,,,system@akconcerts.com,AK Concerts Auto Import,Master Event Database,Approved
2026-08-12 12:00:00,Toddler Story Time 10:3,2026-08-19,TBD,Soldotna,Soldotna Library,community,,,system@akconcerts.com,AK Concerts Auto Import,Master Event Database,Approved
2026-08-12 12:00:00,Bouncing Babes Story Time 10:3,2026-08-19,TBD,Soldotna,Soldotna Library,community,,,system@akconcerts.com,AK Concerts Auto Import,Master Event Database,Approved
2026-08-12 12:00:00,Tune Weavers,2026-08-19,4p-8p,Sterling,Naptowne Brewing Company,music,,,system@akconcerts.com,AK Concerts Auto Import,Master Event Database,Approved
2026-08-12 12:00:00,Brandon Kellum,2026-08-19,6p-9p,Sterling,Naptowne Brewing Company,music,,,system@akconcerts.com,AK Concerts Auto Import,Master Event Database,Approved
2026-08-12 12:00:00,Taste of Aloha! A Traditional Hawaiian Luau 5:3,2026-08-19,TBD,Sterling,Lakeside Falls,festival,,,system@akconcerts.com,AK Concerts Auto Import,Master Event Database,Approved
2026-08-12 12:00:00,Steve Durr,2026-08-19,1p-2:3,Talkeetna,Mountain High Pizza Pie,music,,,system@akconcerts.com,AK Concerts Auto Import,Master Event Database,Approved
2026-08-12 12:00:00,Salmon Run Art Auction Fundraiser,2026-08-19,3p-5p,Talkeetna,Sheldon Community Arts Hangar,community,,,system@akconcerts.com,AK Concerts Auto Import,Master Event Database,Approved
2026-08-12 12:00:00,Blackwater Railroad Co. Live,2026-08-19,5:30p-8:30p,Talkeetna,Denali Brewing Company,music,,https://denalibrewingcompany.com,system@akconcerts.com,AK Concerts Auto Import,Master Event Database,Approved
2026-08-12 12:00:00,Live At Five Summer Concerts: TKA Hawks,2026-08-19,5p-7p,Talkeetna,Talkeetna Village Park,music,,,system@akconcerts.com,AK Concerts Auto Import,Master Event Database,Approved
2026-08-12 12:00:00,Collin Donley Live,2026-08-19,7p-10p,Talkeetna,Mountain High Pizza,music,,,system@akconcerts.com,AK Concerts Auto Import,Master Event Database,Approved
2026-08-12 12:00:00,Madeline & the Brothers Smith,2026-08-19,9p-1a,Talkeetna,Fairview Inn,music,,,system@akconcerts.com,AK Concerts Auto Import,Master Event Database,Approved
2026-08-12 12:00:00,Karaoke,2026-08-19,9p-1a,Talkeetna,Fairview Inn,music,,,system@akconcerts.com,AK Concerts Auto Import,Master Event Database,Approved
2026-08-12 12:00:00,Blackwater Railroad Co. 5:3,2026-08-19,TBD,Talkeetna,Denali Brewing Company,music,,,system@akconcerts.com,AK Concerts Auto Import,Master Event Database,Approved
2026-08-12 12:00:00,Trapper Creek Bluegrass Revival,2026-08-19,TBD,Talkeetna,Boots Bison Ranch,music,,,system@akconcerts.com,AK Concerts Auto Import,Master Event Database,Approved
2026-08-12 12:00:00,Saturday Market 1,2026-08-19,TBD,Valdez,Valdez Brewing,community,,,system@akconcerts.com,AK Concerts Auto Import,Master Event Database,Approved
2026-08-12 12:00:00,Sign Language Classes,2026-08-19,5p-6p,Wasilla,Black Birch Books,community,,,system@akconcerts.com,AK Concerts Auto Import,Master Event Database,Approved
2026-08-12 12:00:00,Storytelling Night: Shared Scars,2026-08-19,5p-7p,Wasilla,Black Birch Books,music,,,system@akconcerts.com,AK Concerts Auto Import,Master Event Database,Approved
2026-08-12 12:00:00,Collin Donley Live,2026-08-19,6p-?,Wasilla,Settler’s Bay Lodge,music,,,system@akconcerts.com,AK Concerts Auto Import,Master Event Database,Approved
2026-08-12 12:00:00,Live Music With Drew Sablon,2026-08-19,6p-9p,Wasilla,Everett’s,music,,,system@akconcerts.com,AK Concerts Auto Import,Master Event Database,Approved
2026-08-12 12:00:00,Live Music w/ Sergio,2026-08-19,6p-9p,Wasilla,Last Frontier Brewing Company,music,,,system@akconcerts.com,AK Concerts Auto Import,Master Event Database,Approved
2026-08-12 12:00:00,Rick Brooks Live,2026-08-19,6p-9p,Wasilla,Last Frontier Brewing Company,music,,,system@akconcerts.com,AK Concerts Auto Import,Master Event Database,Approved
2026-08-12 12:00:00,Live Music w/ Jerry Wessling,2026-08-19,6p-9p,Wasilla,Everett’s,music,,,system@akconcerts.com,AK Concerts Auto Import,Master Event Database,Approved
2026-08-12 12:00:00,Karaoke Night,2026-08-19,8p-11p,Wasilla,Schwabenhof,music,,,system@akconcerts.com,AK Concerts Auto Import,Master Event Database,Approved
2026-08-12 12:00:00,Live Music with Monster on the Mountain,2026-08-19,TBD,Wasilla,Tug Bar & Liquor- Goose Bay Inn,music,,,system@akconcerts.com,AK Concerts Auto Import,Master Event Database,Approved
2026-08-12 12:00:00,Live Music w/ Pam Santoro,2026-08-19,TBD,Wasilla,Tug Bar & Liquor- Goose Bay Inn,music,,,system@akconcerts.com,AK Concerts Auto Import,Master Event Database,Approved
2026-08-12 12:00:00,Storytime at Ken’s 1,2026-08-19,TBD,Wasilla,Ken’s Garden Center,community,,,system@akconcerts.com,AK Concerts Auto Import,Master Event Database,Approved
2026-08-12 12:00:00,Open Mic 7:3,2026-08-19,TBD,Wasilla,Schwabenhof,music,,,system@akconcerts.com,AK Concerts Auto Import,Master Event Database,Approved
2026-08-12 12:00:00,Jesse James,2026-08-20,6p-10p,Cooper Landing,Gwin’s Lodge,music,,,system@akconcerts.com,AK Concerts Auto Import,Master Event Database,Approved
2026-08-12 12:00:00,Colin Donkey,2026-08-21,6p-10p,Cooper Landing,Gwin’s Lodge,music,,,system@akconcerts.com,AK Concerts Auto Import,Master Event Database,Approved
2026-08-12 12:00:00,Live Music w/ Jim Maloney,2026-08-21,TBD,Seldovia,Linwood Bar & Grill,music,,,system@akconcerts.com,AK Concerts Auto Import,Master Event Database,Approved
2026-08-12 12:00:00,'26 Divorce Party,2026-08-22,9p-?,Kenai,Skeet’s Dive Bar,music,,,system@akconcerts.com,AK Concerts Auto Import,Master Event Database,Approved
2026-08-12 12:00:00,Live Music w/ Jim Maloney,2026-08-22,TBD,Seldovia,Linwood Bar & Grill,music,,,system@akconcerts.com,AK Concerts Auto Import,Master Event Database,Approved
2026-08-12 12:00:00,Gazebo Nights Concert Series: Alaska Wompus Cats,2026-08-24,6p-7p,Fairbanks,Pioneer Park,music,,,system@akconcerts.com,AK Concerts Auto Import,Master Event Database,Approved
2026-08-12 12:00:00,Frank Larosi,2026-08-26,6p-10p,Cooper Landing,Gwin’s Lodge,music,,,system@akconcerts.com,AK Concerts Auto Import,Master Event Database,Approved
