id,date,city,venue,category,title,time,ticketUrl,cost
"1","2019-11-14","Anchorage","Koot’s","music","Fireside Thursdays w/ DJ JoJo","10p-2:10a","",""
"2","2019-11-14","Anchorage","UAF Charles Davis Concert Hall (Fairbanks)","music","Music at One: Fall 2019","1p-2p","",""
"3","2019-11-14","Anchorage","Middle Way Café","music","Under 21 Open Mic -West","5:30p-7:30p","",""
"4","2019-11-14","Anchorage","Tequila 61˚","music","Thursdays with Will H. Johnson","6p-9p","",""
"5","2019-11-14","Anchorage","The Narrows Bar (Juneau)","music","Live Jazz","7:30p-10:30p","",""
"6","2019-11-14","Anchorage","Alleyway Grille","music","Open Mic Night","7p-10p","",""
"7","2019-11-14","Anchorage","The Creek Street Cabaret (Ketchikan)","music","Cousin Curtiss & Harrison B","7p-10p","",""
"8","2019-11-14","Anchorage","Koots","music","Holiday Karaoke Competition","7p-10p","",""
"9","2019-11-14","Anchorage","Tailgaters Sports Bar & Grill (Wasilla)","music","AK Acoustic Projekt","7p-10p","",""
"10","2019-11-14","Anchorage","Aviator Hotel","music","Open Mic Night w/ TLoop","7p-11p","",""
"11","2019-11-14","Anchorage","Gerald C. Wilson Auditorium (Kodiak)","music","Ruploops: The Human Radio","7p-9:30p","",""
"12","2019-11-14","Anchorage","Mad Myrna’s","music","The Rocky Horror Show","7p-9p","",""
"13","2019-11-14","Anchorage","UAA Student Union Den","dance","Cosplay Dance","7p-9p","",""
"14","2019-11-14","Anchorage","The Writer’s Block Bookstore & Café","music","The Block Mic Drop","7p-9p","",""
"15","2019-11-14","Anchorage","UAF Pub","music","Joe Ransdell-Green","8p-10p","",""
"16","2019-11-14","Anchorage","Humpy’s","music","Superfrequency","8p-12a","",""
"17","2019-11-14","Anchorage","UAA Fine Arts Building","dance","UAA Dance Performance","8p-9:30p","",""
"18","2019-11-14","Anchorage","Mad Myrna’s","music","DJ Covy","9p-12a","",""
"19","2019-11-14","Anchorage","Van’s Dive Bar","music","Foot & Friends","9p-12a","",""
"20","2019-11-14","Anchorage","Long Branch Saloon","music","Becky Kotter","9p-1a","",""
"21","2019-11-15","Anchorage","Koot’s","music","DJ BeeOne","10:30p-2:30a","",""
"22","2019-11-15","Anchorage","Matanuska Brewing Company Eagle River","music","Past Our Prime7p","10p","",""
"23","2019-11-15","Anchorage","The Avenue Bar","music","DJ Covy","10p-2:30a","",""
"24","2019-11-15","Anchorage","The Carousel Lounge","music","Hwy9","10p-2a","",""
"25","2019-11-15","Anchorage","Williwaw","music","Onsie Party with DJ Fan Service","10p-2a","",""
"26","2019-11-15","Anchorage","Best Western Golden Lion Hotel","dance","Salsa w/ Back 2 Basics Dance Company6p","11p","",""
"27","2019-11-15","Anchorage","Alaska State Office Building (Juneau)","theatre","Kimball Theater Pipe Organ Concert w/ Jonas Nordwall","12p-1p","",""
"28","2019-11-15","Anchorage","Chief David Salmon Tribal Hall (Fairbanks)","festival","Athabascan Fiddle Festival","12p-6p","",""
"29","2019-11-15","Anchorage","Anchorage Museum","music","Polar Nights: Friday After Hours w/ Kat Moore7:","30p-8:30p","",""
"30","2019-11-15","Anchorage","Zudy’s Café (Seward)","music","Okaidja Afronso Live in concert6:","30p-9p","",""
"31","2019-11-15","Anchorage","Arctic Fox (Fairbanks)","music","John Shewfelt10p","3a","",""
"32","2019-11-15","Anchorage","UAA Fine Arts Building","music","UAA Student Recitals","3p-4p","",""
"33","2019-11-15","Anchorage","Ballroom Dance Club of Fairbanks","dance","Jack and Jill Competition and Social Dance","6p-10p","",""
"34","2019-11-15","Anchorage","Viking Hall","music","BBQ Scholarship Fundraiser with Blackwater Railroad Company","6p-11p","",""
"35","2019-11-15","Anchorage","American Legion Spenard Post 28","music","Acoustic Steak Night w/ Uncle Jim, The East-Side Balladeer","6p-9p","",""
"36","2019-11-15","Anchorage","Hering Auditorium (Fairbanks)","music","FCA presents: Whose Live Anyway?","7:30p-10:30p","",""
"37","2019-11-15","Anchorage","VFW Post 9785 (Eagle River)","music","Danger Money Band","7:30p-11:30p","",""
"38","2019-11-15","Anchorage","Holy Trinity Episcopal Church (Juneau)","music","Organ Concert with Jonas Nordwall","7:30p-8:30p","",""
"39","2019-11-15","Anchorage","Williwaw","music","Cousin Curtiss & Harrison B","7p-10p","",""
"40","2019-11-15","Anchorage","Matanuska Brewing Downtown","music","Marlowe","7p-8p","",""
"41","2019-11-15","Anchorage","Creekbend Company (Hope)","music","Warren Miller’s ‘Timeless’","7p-9p","",""
"42","2019-11-15","Anchorage","Glenn Massay Theater (Palmer)","music","MatSu OnStage presents Pamyua","7p-9p","",""
"43","2019-11-15","Anchorage","Mad Myrna’s","music","The Rocky Horror Show","7p-9p","",""
"44","2019-11-15","Anchorage","Whale’s Tail","music","Denali","7p-9p","",""
"45","2019-11-15","Anchorage","Zip Kombucha","music","Kyle Harrington Live","7p-9p","",""
"46","2019-11-15","Anchorage","Koot’s","dance","Viva Las Anchorage: Pulse Dance Co's Burlesque Extravaganza","8:30p-10:30p","",""
"47","2019-11-15","Anchorage","Veronica’s Café (Kenai)","music","Open Mic Night6p","8p","",""
"48","2019-11-15","Anchorage","Alaska Dance Promotions","dance","Friday Night Dance Lounge","8p-1:30a","",""
"49","2019-11-15","Anchorage","Heart of the City","music","Medium Build Album Release Show","8p-11:30p","",""
"50","2019-11-15","Anchorage","Hard Rock Café","music","R&B Live Anchorage!","8p-11p","",""
"51","2019-11-15","Anchorage","Matanuska Brewing Company, Anchorage","music","The Eternal Cowboys","8p-11p","",""
"52","2019-11-15","Anchorage","907 Alehouse","music","Wreck In The Roundabout","8p-12a","",""
"53","2019-11-15","Anchorage","Anchorage Moose Lodge","music","DJ Rico","8p-12a","",""
"54","2019-11-15","Anchorage","Koot’s","music","Elvis Monroe w/ DJ Soulman","8p-2:30a","",""
"55","2019-11-15","Anchorage","UAA Fine Arts Building","dance","UAA Dance Performance","8p-9:30p","",""
"56","2019-11-15","Anchorage","SubZero Microlounge","music","Rebeckah Hastings","9p-12a","",""
"57","2019-11-15","Anchorage","Van’s Dive Bar","music","Unknowns","9p-12a","",""
"58","2019-11-15","Anchorage","Humpy’s","music","Marc Brown & the Blues Crew","9p-1a","",""
"59","2019-11-15","Anchorage","Long Branch Saloon","music","Becky Kotter","9p-1a","",""
"60","2019-11-15","Anchorage","Whale’s Tail","music","Fridays with DJ 3rd George","9p-2a","",""
"61","2019-11-16","Anchorage","Alaska Center for the Performing Arts","music","Anchorage Civic Orchestra 7:30p-pp","","",""
"62","2019-11-16","Anchorage","Viking Hall","music","2019 Gatsby Charity Ball 7p-11-","","",""
"63","2019-11-16","Anchorage","Koot’s","music","Superfrequency","10p-2:30a","",""
"64","2019-11-16","Anchorage","The Marlin (Fairbanks)","dance","Nrrth, Fat Trophy Wife, Ga$H Money Dance Party","10p-2:30a","",""
"65","2019-11-16","Anchorage","The Carousel Lounge","music","Past Our Prime","10p-2a","",""
"66","2019-11-16","Anchorage","Highland Mountain Correctional Facility","music","Keys to Life: Lullaby Concert","12p-3p","",""
"67","2019-11-16","Anchorage","The Writer’s Block Bookstore & Café","music","Gypsy Jazz Jam","2p-5p","",""
"68","2019-11-16","Anchorage","Mountain View Library","music","Ukulele Jam Session","3:30p-5:30p","",""
"69","2019-11-16","Anchorage","49thState Brewing","music","Sweet Cheeks Cabaret: Forbidden Desires6:","30p-8p & 9:30p-11p","",""
"70","2019-11-16","Anchorage","Arctic Fox (Fairbanks)","music","Cousin Curtiss & Harrison B10p","3a","",""
"71","2019-11-16","Anchorage","Momentum Dance Collective","dance","Ghanaian Dance Class with Okaidja Afroso","3p-4:30p","",""
"72","2019-11-16","Anchorage","The Rookery (Juneau)","music","November Open Mic","6:30p-9:30p","",""
"73","2019-11-16","Anchorage","Roma Bistro on the Wharf (Juneau)","music","Date Night at Roma Bistro w/ Rob Cohen","6:30p-9p","",""
"74","2019-11-16","Anchorage","Klondike Mike’s (Palmer)","music","Shred the Cabbage with Braided River","6p-9a","",""
"75","2019-11-16","Anchorage","Alaska Center for the Performing Arts","music","Whose Live Anyway?","7:30p-9:30p","",""
"76","2019-11-16","Anchorage","Alaska Center for the Performing Arts","music","Celebrate the Music 2019 with the Alaska Sound Celebration","7:30p-9p","",""
"77","2019-11-16","Anchorage","Unitarian Universalist Fellowship of Fairbanks","music","The Portly Presleys","7:30p-9p","",""
"78","2019-11-16","Anchorage","The Yoga Path (Juneau)","dance","November Wild Heart Dance","7:30p-9p","",""
"79","2019-11-16","Anchorage","Matanuska Brewing Company Eagle River","music","Schaefer Mueller","7p-10p","",""
"80","2019-11-16","Anchorage","Matanuska Brewing Company, Anchorage","music","The Forest That Never Sleeps","7p-10p","",""
"81","2019-11-16","Anchorage","Pizza Hut (Fairbanks)","music","Irish Seisiun","7p-10p","",""
"82","2019-11-16","Anchorage","35+ Singles Dance Club","dance","Dance Lesson and Dinner Dance Party","7p-11p","",""
"83","2019-11-16","Anchorage","Northern Light United Church (Juneau)","music","Juneau String Ensembles Concert","7p-8:30p","",""
"84","2019-11-16","Anchorage","Whale’s Tail","music","The Nuther Brothers","7p-9p","",""
"85","2019-11-16","Anchorage","Zip Kombucha","dance","Kizomba Dance Workshop at Zip Kombucha","7p-9p","",""
"86","2019-11-16","Anchorage","Mad Myrna’s","music","The Rocky Horror Show","7p-9p & 10p-12a","",""
"87","2019-11-16","Anchorage","Ivory Jacks (Fairbanks)","music","Bag Lady Sue","8:30p-11:30p","",""
"88","2019-11-16","Anchorage","Matanuska Brewing Downtown","music","Larry Zarella","8p-11p","",""
"89","2019-11-16","Anchorage","907 Alehouse","music","Danger Money Band","8p-12a","",""
"90","2019-11-16","Anchorage","The Schwabenhof (Wasilla)","music","Dos Palmerainians","8p-12a","",""
"91","2019-11-16","Anchorage","Holy Trinity Episcopal Church (Juneau)","music","Organ Workshop w/ Jonas Nordwall","9:30a-11a","",""
"92","2019-11-16","Anchorage","Charlou","dance","Latin Night with Anaya Latin Dance","9p-12a","",""
"93","2019-11-16","Anchorage","Hard Rock Café","music","The Stack","9p-12a","",""
"94","2019-11-16","Anchorage","SubZero Microlounge","music","Denali","9p-12a","",""
"95","2019-11-16","Anchorage","Humpy’s","music","The Jangle Bees","9p-1a","",""
"96","2019-11-16","Anchorage","Van’s Dive Bar","music","Alt Pop Party w/ Lloyds Noize & DJ GRE","9p-2:30a","",""
"97","2019-11-16","Anchorage","Whale’s Tail","music","Saturdays with DJ 3rd George","9p-2a","",""
"98","2019-11-16","Anchorage","Williwaw","dance","2010-2019 Video Dance Partyw/ DJ Spencer Lee","9p-2a","",""
"99","2019-11-17","Anchorage","Koot’s","music","VivaVoom Brr-Lesque Presents: 2019 Prep Academy","12p-2p","",""
"100","2019-11-17","Anchorage","The Writer’s Block Bookstore & Café","music","Snow Drifters12p","2p","",""
"101","2019-11-17","Anchorage","The Writer’s Block Bookstore & Café","music","Lauren Somers Heyano, ""Emerging""","3p-4:30p","",""
"102","2019-11-17","Anchorage","UAF Charles Davis Hall (Fairbanks)","music","Jenna Dreydoppel: Junior Voice Recital","4p-5p","",""
"103","2019-11-17","Anchorage","House Concert","music","Family-Friendly House Concert with Emily Kurn","4p-6p","",""
"104","2019-11-17","Anchorage","UAA Fine Arts Building","dance","UAA Dance Performance","5p-7:30p","",""
"105","2019-11-17","Anchorage","Zip Kombucha","dance","Swing Dance Sundays","6p-8p","",""
"106","2019-11-17","Anchorage","Koot’s","comedy","Open Mic Comedy","8:30p-10p","",""
"107","2019-11-17","Anchorage","Humpy’s","music","Open Mic","8p-11p","",""
"108","2019-11-17","Anchorage","Van’s Dive Bar","music","Open Mic Night","9p-12a","",""
"109","2019-11-18","Anchorage","Kenai Senior Center","music","KSC Christmas Choir","1p-2p","",""
"110","2019-11-18","Anchorage","Koot’s","music","Open Mic8p","2a","",""
"111","2019-11-18","Anchorage","Zip Kombucha","music","Open Mic Night w/ TLooP Music","6p-8p","",""
"112","2019-11-18","Anchorage","Van’s Dive Bar","comedy","Comedy Open Mic Night","8p-10:30p","",""
"113","2019-11-19","Anchorage","Koot’s","music","Eternal Cowboys","10p-2a","",""
"114","2019-11-19","Anchorage","The Marlin (Fairbanks)","comedy","Open Mic Comedy8p","11p","",""
"115","2019-11-19","Anchorage","Seward Alehouse","music","Tyson Tuesdays9p","12a","",""
"116","2019-11-19","Anchorage","Hula Hands","music","Under 21 Open Mic -East","5:30p-7:30p","",""
"117","2019-11-19","Anchorage","Arctic Rec Center","dance","Tahitian Dance","6:30p-7:30p","",""
"118","2019-11-19","Anchorage","American Legion Spenard Post 28","music","Tuesday Open Mic at Post 28","6:30p-9:30p","",""
"119","2019-11-19","Anchorage","Brown Bear Saloon (Indian)","music","Cousin Curtiss","7p-10p","",""
"120","2019-11-19","Anchorage","The Pioneer Bar","music","Mike Gorder","7p-9p","",""
"121","2019-11-20","Anchorage","Charlou","music","Unplugged Wednesday w/ Kat Moore 5:30p-8:30pc","","",""
"122","2019-11-20","Anchorage","Koot’s","music","Open Decks","10p-1:30a","",""
"123","2019-11-20","Anchorage","The Pioneer Bar","music","The Eternal Cowboys","10p-1a","",""
"124","2019-11-20","Anchorage","UAA Department of Music","music","Charles Woodward: Junior Tuba Recital","7:30p-8:30p","",""
"125","2019-11-20","Anchorage","Loussac Library","music","Anchorage Bowl Chamber Orchestra: ABCO Winter Concert","7:30p-9p","",""
"126","2019-11-20","Anchorage","Matanuska Brewing Company, Anchorage","music","Todd Long","7p-10p","",""
"127","2019-11-20","Anchorage","Matanuska Brewing Company Eagle River","music","Lisa Lisa","7p-10p","",""
"128","2019-11-20","Anchorage","The Rendezvous (Juneau)","music","GRLZ: Female Open Mic","7p-10p","",""
"129","2019-11-20","Anchorage","The Schwabenhof (Wasilla)","music","Open Mic","7p-10p","",""
"130","2019-11-20","Anchorage","The Rookery (Juneau)","music","Mountainside Open Mic & Art Night","7p-9p","",""
"131","2019-11-20","Anchorage","Koot’s","comedy","Comedy Open Mic","8:30p-10p","",""
"132","2019-11-20","Anchorage","Humpy’s","music","Becky Kotter","8p-12a","",""
"133","2019-11-20","Anchorage","The Marlin (Fairbanks)","music","Open Mic Night","9p-2a","",""
"134","2020-06-26","Anchorage","Koot’s","music","DJ LT","10:30p-2:30a","",""
"135","2020-06-26","Anchorage","Koot’s","music","The Stack Alaska","10p-2a","",""
"136","2020-06-26","Anchorage","Arctic Fox (Fairbanks)","music","Marc Brown","10p-3a","",""
"137","2020-06-26","Anchorage","TLoop Music","music","Whitney Youngman, Wash Your Hands, & Garrett Hermansen6:","30p-8p","",""
"138","2020-06-26","Anchorage","Organic Oasis","music","John Damberg Solo Jazz Piano","5:30p-7:30p","",""
"139","2020-06-26","Anchorage","The Arc of Anchorage","dance","Under The Sea Virtual Dance","5p-7p","",""
"140","2020-06-26","Anchorage","Dirty Skillet","music","Jared Woods","6p-10p","",""
"141","2020-06-26","Anchorage","American Legion Spenard Post 28","music","Acoustic Steak Night w/ Jason Ott","6p-8p","",""
"142","2020-06-26","Anchorage","Driveway Concert (South Anchorage)","music","Hwy9","6p-8p","",""
"143","2020-06-26","Anchorage","Matanuska Brewing (Eagle River)","music","Ken Peltier Backyard Summer Concert","7p-10p","",""
"144","2020-06-26","Anchorage","Palmer Alehouse (Palmer)","music","I Like Robots","7p-10p","",""
"145","2020-06-26","Anchorage","Settlers Bay Golf Course (Wasilla)","music","The Jangle Bees","7p-10p","",""
"146","2020-06-26","Anchorage","Humpys","music","Unknowns","8p-12a","",""
"147","2020-06-26","Anchorage","Williwaw","dance","Dance Party with DJ Fan Service","9:30p-1:30a","",""
"148","2020-06-26","Anchorage","Garcia’s Cantina & Café (Eagle River)","music","The Stack Alaska","9p-12a","",""
"149","2020-06-26","Anchorage","Williwaw","music","Roof Jamz","9p-12a","",""
"150","2020-06-26","Anchorage","Alaska Dance Promotions","dance","Friday Night Dance Lounge","9p-1a","",""
"151","2020-06-26","Anchorage","The Boatel (Fairbanks)","music","Superfrequency","9p-1a","",""
"152","2020-06-26","Anchorage","The Catch Restaurant and Bar","music","Ben Balivet","9p-1a","",""
"153","2020-06-26","Anchorage","International Hotel and Bar (Fairbanks)","music","Summer Song Battles: Leaps and Bounds Music & John Shewfelt Jr 7p","9p-1a","",""
"154","2020-06-26","Anchorage","Yukon Bar (Seward)","music","Ukulele Russ & His One Man Frontier Band","9p-1a","",""
"155","2020-06-26","Anchorage","International Hotel and Bar (Fairbanks)","music","Tony Taylor the Artist","9p-2a","",""
"156","2020-06-27","Anchorage","The Writer’s Block Bookstore & Café","music","Love Bizzare Block Party 2020","4p-10p","",""
"157","2020-06-27","Anchorage","Marine Park (Juneau)","music","Daughters Of The New Moon Summer Pop Up!","5p-5:30p","",""
"158","2020-06-27","Anchorage","Dirty Skillet","music","Todd Grebe","6p-10p","",""
"159","2020-06-27","Anchorage","Matanuska Brewing (Eagle River)","music","Denali Cooks Backyard Summer Concert","7p-10p","",""
"160","2020-06-27","Anchorage","Palmer Alehouse","music","The Jangle Bees Live","7p-10p","",""
"161","2020-06-27","Anchorage","Floater’s (Big Lake)","music","Danger & Diva","8p-12a","",""
"162","2020-06-27","Anchorage","Williwaw","music","Nervis Rex","9:30p-1a","",""
"163","2020-06-27","Anchorage","Williwaw","music","Roof Jamz","9p-12a","",""
"164","2020-06-27","Anchorage","International Hotel and Bar (Fairbanks)","music","Benefield Blues Band","9p-1a","",""
"165","2020-06-28","Anchorage","Anchorage Downtown Partnership","dance","Salsa in the Park","1p-3p","",""
"166","2020-06-28","Anchorage","106.1 FM Out North Radio","music","Beat Roots Alaska: w/ BeeOne","3p-5p","",""
"167","2020-06-28","Anchorage","Driveway Concert (Eagle River)","music","Hwy9","6p-8p","",""
"168","2020-06-28","Anchorage","Williwaw","music","Doses & Mimosas on the Roof w/ DJ GRE and DJ Lloyds Noize","6p-9p","",""
"169","2020-06-28","Anchorage","Dirty Skillet","comedy","Black Sheep Comedy: Laugh 4 Hope in HOPE","7p-10p","",""
"170","2020-06-28","Anchorage","Special Olympics Alaska","dance","Dance Party","7p-8p","",""
"171","2020-06-28","Anchorage","Koot’s","comedy","Comedy Open Mic Night at Koot's","8:30p-10p","",""
"172","2020-06-28","Anchorage","Van’s Dive Bar","music","Open Mic Night","9p-1a","",""
"173","2020-06-28","Anchorage","Yukon Bar (Seward)","music","Open Jam with Ben Sayers","9p-1a","",""
"174","2020-06-29","Anchorage","Anchorage Downtown Partnership","music","Virtual Music for Little Ones","12p-1p","",""
"175","2020-06-29","Anchorage","Williwaw","music","Industry Night w/ Lloyds Noize","6p-9p","",""
"176","2020-06-29","Anchorage","Koot’s","music","Open Mic with The Eternal Cowboys","9p-1:30a","",""
"177","2020-06-29","Anchorage","Van’s Dive Bar","music","Mondrews w/ Drew Erickson","9p-12a","",""
"178","2020-06-30","Anchorage","AJ’s OldTown Steakhouse & Tavern","music","Hobo Jim","6:30p-8p & 8:30p-9:30p","",""
"179","2020-06-30","Anchorage","American Legion Spenard Post 28","music","Bonus Jam Night at Post 28!","6p-8p","",""
"180","2020-06-30","Anchorage","Koot’s","music","The Eternal Cowboys","9p-1:30a","",""
"181","2020-06-30","Anchorage","Seward Alehouse (Seward)","music","Tyson Tuesdays","9p-12a","",""
"182","2020-06-30","Anchorage","Van’s Dive Bar","theatre","Garrett Plays With Himself","9p-12a","",""
"183","2020-07-01","Anchorage","Anchorage Downtown Partnership","music","Virtual Music in the Park w/ KonneXion","12p-1p","",""
"184","2020-07-01","Anchorage","Williwaw","music","Sounds of Summer w/ DJ GRE","6p-9p","",""
"185","2020-07-01","Anchorage","The Schwabenhof (Wasilla)","music","Open Mic Night","7:30p-11:30p","",""
"186","2020-07-01","Anchorage","International Hotel and Bar (Fairbanks)","music","Open Mic at The Big I","7:30p-1a","",""
"187","2020-08-07","Anchorage","Arctic Fox (Fairbanks)","music","Arly Jylz","10p-3a","",""
"188","2020-08-07","Anchorage","Anchorage Downtown Partnership","music","UDC Fitness Shuffle In the Park!","12p-1a","",""
"189","2020-08-07","Anchorage","Dirty Skillet (Hope)","music","Matt Hopper","6p-10p","",""
"190","2020-08-07","Anchorage","House of Harley Davidson","music","Spenard Bike Rally w/ Danger Money","6p-10p","",""
"191","2020-08-07","Anchorage","Floaters","music","Tripwire","7:30p-11:30p","",""
"192","2020-08-07","Anchorage","Matanuska Brewing Eagle River","music","Ken Peltier","7p-10p","",""
"193","2020-08-07","Anchorage","Palmer Alehouse (Palmer)","music","Nothin But Trouble","7p-10p","",""
"194","2020-08-07","Anchorage","Eagle River Town Square Park","music","Alaska Jumping Flea Society","7p-9p","",""
"195","2020-08-07","Anchorage","Flattop & Williwaw F Street Patio","music","The Eternal Cowboys","8:30p-10p","",""
"196","2020-08-07","Anchorage","Koots","music","Live 𝚂𝚝𝚛𝚎𝚊𝚖𝚒𝚗𝚐 Zero Miles to Empty","8p-11p","",""
"197","2020-08-08","Anchorage","Wood & Wire Guitars & Music","festival","Music And Instrument Fair","11a-5p","",""
"198","2020-08-08","Anchorage","Sofia’s Café (Palmer)","music","Lunch Music with Lizzie Angaiak","12p-2p","",""
"199","2020-08-08","Anchorage","Matanuska Brewing Eagle River","music","Hobo Jim","7p-10p","",""
"200","2020-08-08","Anchorage","Palmer Alehouse","music","Nervis Rex","7p-10p","",""
"201","2020-08-09","Anchorage","106.1 FM Out North Radio","music","Beat Roots Alaska: Summer w/ Gekkota","3p-5p","",""
"202","2020-08-10","Anchorage","Anchorage Downtown Partnership","music","Virtual Music for Little Ones","12p-1p","",""
"203","2020-08-11","Anchorage","Anchorage Downtown Partnership","music","Zumba in Town Square w/ Anchorage Downtown partnership","12p-1a","",""
"204","2020-08-11","Anchorage","Pubhouse","music","Free Live Music","6p-9p","",""
"205","2020-08-11","Anchorage","Boobs’ Living Room in Spenard","music","The Eternal Cowboys: Live, Laugh, Livestream","7p-10p","",""
"206","2020-08-12","Anchorage","Anchorage Downtown Partnership","music","Virtual Music in the Park","12p-1p","",""
"207","2020-08-12","Anchorage","The Schwabenhof (Wasilla)","music","Open Mic, Every Wednesday!","7:30p-11:30p","",""
"208","2020-08-12","Anchorage","International Hotel and Bar (Fairbanks)","music","Open Mic at The Big I","7:30p-1a","",""
"209","2020-08-12","Anchorage","The Writer’s Block Bookstore & Café","music","Tim Easton Live","7p-9p","",""
"210","2020-10-22","Anchorage","Palmer Alehouse","music","JD Cox Live","6:30p-9:30p","",""
"211","2020-10-22","Anchorage","Williwaw","music","Throwback Thursdays w/ Joe Brady","8p-11p","",""
"212","2020-10-23","Anchorage","Virtual Dance","music","Disney's Descendants","","",""
"213","2020-10-23","Anchorage","Williwaw","music","Stranger Things Upside Down 80s Night with DJ Joe Brady","10:30p-1:30a","",""
"214","2020-10-23","Anchorage","Four Corners Lounge (Palmer)","music","Cole Hard Country Band","10p-2a","",""
"215","2020-10-23","Anchorage","Klondike Mike’s and the Main Street Grill (Palmer)","music","Danger Money Live","10p-2a","",""
"216","2020-10-23","Anchorage","Arctic Fox (Fairbanks)","music","Halloween Fun w/ Marc Brown and the Blues Crew","10p-3a","",""
"217","2020-10-23","Anchorage","Tony’s Sports Bar (Fairbanks)","music","DJ Manny’s LOVE BITES || Ladies Night","10p-3a","",""
"218","2020-10-23","Anchorage","The Schwabenhof (Wasilla)","comedy","Playhouse Live Comedy & Music 7:","30p","",""
"219","2020-10-23","Anchorage","The Arc of Anchorage","dance","Virtual Dance - Disney's Descendants","5p-7p","",""
"220","2020-10-23","Anchorage","Everett’s (Wasilla)","music","October Live Music w/ JD Cox and Tim Hall","6:30p-9:30p","",""
"221","2020-10-23","Anchorage","DJ KDean","theatre","Facebook Live: Friday Night Free Play V9.0","6p-9p","",""
"222","2020-10-23","Anchorage","The Alaska Zoo","music","Arctic Entries at the Zoo (Drive-In)","7p-9p","",""
"223","2020-10-23","Anchorage","The Drift Gallery Dance Studio","music","Sinister Suites 6p-6:30p, 6:45p-7:17p, 7:30p-8p","8:15p-8:45p","",""
"224","2020-10-24","Anchorage","Tony’s Sports Bar (Fairbanks)","theatre","DJ MANNY: I Want To Play A Game. . .","10p-3a","",""
"225","2020-10-24","Anchorage","William B Lions Park","music","""Bar-B-Que's in the Views"" Free Food & Rides to the Polls","12p-4p","",""
"226","2020-10-24","Anchorage","Everett’s (Wasilla)","music","October Live Music w/ Tyson Cole","6:30p-9:30p","",""
"227","2020-10-24","Anchorage","Floaters (Big Lake)","music","Avoiding Reality Band","7:30p-12a","",""
"228","2020-10-24","Anchorage","Triumvirate Theatre (Facebook Live)","music","Best of Lame Ducks and Dark Horses Retrospective","7p-8p","",""
"229","2020-10-24","Anchorage","Koot’s","music","Huycke Entertainment presents Viva Spenard v2","8p-11p","",""
"230","2020-10-24","Anchorage","Williwaw","festival","Fall Fun Fest w/ The Eternal Cowboys & DJ Fan Service","8p-2a","",""
"231","2020-10-25","Anchorage","KONR 106.1FM Out North Radio","music","Beats Roots: Hallow Beat Treat w/ Glen Ghoul","3p-5p","",""
"232","2020-10-25","Anchorage","Everett’s (Wasilla)","music","October Live Music w/ Diana Z","6:30p-9:30p","",""
"233","2020-10-25","Anchorage","The Drift Gallery Dance Studio","music","Sinister Suites 5p-5:30p, 5:45p-6:15p. 6:30p-7p","7:15p-7:45p","",""
"234","2020-10-26","Anchorage","Fairbanks North Star Borough Public Libraries","community","Mother Moose Storytime","10:30a-11a","",""
"235","2020-10-26","Anchorage","New Music Mondays with Davey Bones","music","NMM Episode 12 feat Cliff & Ivy","6p-8:30p","",""
"236","2020-10-26","Anchorage","Red Carpet Entertainment","dance","DJ Chester Chomp’s Zoom Room Dance Party!","7p-7:40p","",""
"237","2020-10-26","Anchorage","Van’s Dive Bar","music","Mundane Mondays* w/Daysha *Unplugged","9p-12a","",""
"238","2020-10-27","Anchorage","Anchorage Town Square","music","Zumba with Anchorage Downtown Partnership","12p-1p","",""
"239","2020-10-27","Anchorage","American Legion Spenard Post 28","music","Acoustic Song Circle and Open non-Mic 6:30p–9:","30p","",""
"240","2020-10-27","Anchorage","Pubhouse","music","Puppy Yoga to Benefit Breast Cancer Awareness","6p-7p","",""
"241","2020-10-27","Anchorage","Boobs’ Living Room in Spenard","music","The Eternal Cowboys: Live, Laugh, Livestream","7p-10p","",""
"242","2020-10-28","Anchorage","Fairbanks North Star Borough Public Libraries","community","Parents and Twos Storytime","10:30a-11a","",""
"243","2020-10-28","Anchorage","The Schwabenhof (Wasilla)","music","Open Mic, Every Wednesday! 7:","30p","",""
"244","2020-10-28","Anchorage","Kangoo Club Alaska","music","Halloween Hop","6:30p-8p","",""
"245","2020-10-28","Anchorage","Casccadelic","music","Open Mic","6p-9p","",""
"246","2020-10-28","Anchorage","The Duck Inn (Soldotna)","music","Hot Mess","7p-10p","",""
"247","2020-10-28","Anchorage","Koot’s","comedy","Comedy Open Mic at Koot's","8:30p-10p","",""
"248","2020-11-25","Anchorage","Fairbanks North Star Borough Public Libraries","community","Parents and Twos Storytime","10:30a-11a","",""
"249","2020-11-25","Anchorage","Koot’s","music","Open Decks","10p-2a","",""
"250","2020-11-25","Anchorage","The Schwabenhof (Wasilla)","music","Open Mic, Every Wednesday! 7:","30p","",""
"251","2020-11-25","Anchorage","Cascadelic","music","Open Mic","6p-9p","",""
"252","2020-11-25","Anchorage","Williwaw","music","Friendsgiving with Lloyds Noize","7p-12a","",""
"253","2020-11-26","Anchorage","UAF Department of Music (Online Event)","music","Music at One Thanksgiving!","1p-3p","",""
"254","2020-11-26","Anchorage","Williwaw","music","Arcade Night with DJ Joe Brady","7p-11p","",""
"255","2020-11-27","Anchorage","Mugshot Saloon (Wasilla)","music","Those Guys AK Are Back In Town","10p-2:30a","",""
"256","2020-11-27","Anchorage","Klondike Mike’s and the Main Street Grill (Palmer)","music","Danger Money Live","10p-2a","",""
"257","2020-11-27","Anchorage","Tony’s Sports Bar (Fairbanks)","music","DJ Manny’s Annual Black Friday Purge","10p-3a","",""
"258","2020-11-27","Anchorage","DJ KDean","music","Friday Night After Dark on Twitch","5p-9p","",""
"259","2020-11-27","Anchorage","Everett’s (Wasilla)","music","November Events w/ Tyson Cole","6:30p-9:30p","",""
"260","2020-11-27","Anchorage","Floaters (Big Lake)","music","Open Mic Night","7-11p","",""
"261","2020-11-27","Anchorage","Anaya Latin Dance","music","Reggaeton Workshop","7p-10p","",""
"262","2020-11-27","Anchorage","Good Titrations (Fairbanks)","comedy","Alaska Comedy Drive-in Comedy Show","7p-9p","",""
"263","2020-11-27","Anchorage","Williwaw","music","The Eternal Cowboys","8p-10:30p","",""
"264","2020-11-27","Anchorage","Kenai Joe’s Taphouse","music","The Jammin Band’s Debut","9p-12a","",""
"265","2020-11-28","Anchorage","Hannah Corral","music","Happy Hour","","",""
"266","2020-11-28","Anchorage","Avenue Bar","music","Be Thankful For Bass: A Thanksgiving Throwdown","10p-2a","",""
"267","2020-11-28","Anchorage","Tony’s Sports Bar (Fairbanks)","music","DJ Manny Helps Support Local","10p-3a","",""
"268","2020-11-28","Anchorage","Fairbanks Folk Fest","music","Hannah Corral - Happy Hour","4:30p-5:30p","",""
"269","2020-11-28","Anchorage","Bar Harbor Ale House (Ketchikan)","music","Tony Johnson Live inside","5p-7p","",""
"270","2020-11-28","Anchorage","Everett’s (Wasilla)","music","November Events w/ JD Cox and Tim Hall","6:30p-9:30p","",""
"271","2020-11-28","Anchorage","Anaya Latin Dance","music","Chachachá Workshop","7p-9p","",""
"272","2020-11-28","Anchorage","Williwaw","music","Unplugged: The Eternal Cowboys","8p-10:30p","",""
"273","2020-11-29","Anchorage","Swing Dance","music","Thanksgiving Potluck!","","",""
"274","2020-11-29","Anchorage","Everett’s (Wasilla)","music","November Events w/ Kayti and Ben Heller","5:30p-8:30p","",""
"275","2020-11-29","Anchorage","Bar Harbor Ale House (Ketchikan)","music","Tony Johnson Live inside","5p-7p","",""
"276","2020-11-29","Anchorage","AK East Coast Swing (Palmer)","dance","Swing Dance - Thanksgiving Potluck!","5p-8p","",""
"277","2020-11-30","Anchorage","Fairbanks North Star Borough Public Libraries","community","Mother Moose Storytime","10:30a-11a","",""
"278","2020-11-30","Anchorage","Red Carpet Entertainment","dance","DJ Chester Chomp’s Zoom Room Dance Party!","7p-7:40p","",""
"279","2020-12-01","Anchorage","Koot’s","music","The Eternal Cowboys","10p-1:30a","",""
"280","2020-12-02","Anchorage","Koot’s","music","Open Decks","10p-2a","",""
"281","2020-12-02","Anchorage","The Schwabenhof (Wasilla)","music","Open Mic, Every Wednesday! 7:","30p","",""
"282","2020-12-02","Anchorage","Cascadelic","music","Open Mic","6p-9p","",""
"283","2020-12-24","Anchorage","Floaters (Big Lake)","music","Steve in the Box Karaoke","7:30p-11:30p","",""
"284","2020-12-25","Anchorage","The Mug Shot Saloon (Wasilla)","music","Those Guy AK","10p-2:30a","",""
"285","2020-12-25","Anchorage","Floaters (Big Lake)","music","Open Mic Night","7-11p","",""
"286","2020-12-26","Anchorage","The Mug Shot Saloon (Wasilla)","festival","Those Guy AK 10p-2:30a Tony’s Sports Bar (Fairbanks) - DJ Manny's 2021 Countdown KICKOFF PARTY","10p-3a","",""
"287","2020-12-26","Anchorage","Dimond Center Mall","music","Free Skating on Boxing Day","12p-5p","",""
"288","2020-12-27","Anchorage","KONR 106.1FM Out North Radio","music","Beat Roots w/ Dat Kid Shawn","3p-5p","",""
"289","2020-12-27","Anchorage","Bar Harbor Ale House (Ketchikan)","music","Tony Johnson Live inside","5p-7p","",""
"290","2020-12-27","Anchorage","AK East Coast Swing (Palmer)","dance","Christmas Potluck & Swing Dancing","5p-9p","",""
"291","2020-12-28","Anchorage","Fairbanks North Star Borough Public Libraries","community","Mother Moose Storytime","10:30a-11a","",""
"292","2020-12-28","Anchorage","Red Carpet Entertainment","dance","DJ Chester Chomp’s Zoom Room Dance Party!","7p-7:40p","",""
"293","2020-12-29","Anchorage","Alaska Dance Promotions","music","Kizomba Workshop","7:30p-8:30p","",""
"294","2020-12-30","Anchorage","Fairbanks North Star Borough Public Libraries","community","Parents and Twos Storytime","10:30a-11a","",""
"295","2020-12-30","Anchorage","The Schwabenhof (Wasilla)","music","Open Mic, Every Wednesday!","7:30p-11:30p","",""
"296","2021-01-28","Anchorage","Palmer Alehouse","music","Duane & Tyrone live","5:30p-8:30p","",""
"297","2021-01-28","Anchorage","Anaya Latin Dance","dance","Beginner Salsa Suelta: Free Zoom Class","6p-7p","",""
"298","2021-01-28","Anchorage","Koots","comedy","Drive-In Comedy @ Koot’s","7p-9p","",""
"299","2021-01-28","Anchorage","Mug-Shot Saloon (Wasilla)","music","Thirsty Thursday Karaoke","9:30p-1:30a","",""
"300","2021-01-29","Anchorage","The Arc of Anchorage","dance","Virtual New Year’s Dance","5p-7p","",""
"301","2021-01-29","Anchorage","Alaska Native Justice Center","music","Justice Jams, a Virtual Live Stream Concert","5p-8p","",""
"302","2021-01-29","Anchorage","Floaters (Big Lake)","music","Open Mic Night","7-11p","",""
"303","2021-01-29","Anchorage","American Legion Post 15 (Palmer)","music","100 Proof Karaoke","7p-10p","",""
"304","2021-01-29","Anchorage","The Fraternal Order of Eagles Aerie 4207","music","Karaoke Friday at the Eagles!","7p-11p","",""
"305","2021-01-29","Anchorage","Red Carpet Entertainment","dance","DJ Chester Chomp’s Zoom Room Dance Party!","7p-7:40p","",""
"306","2021-01-29","Anchorage","Anchorage Folk Festival Workshops","music","Blues & Jazz method for the Bass","7p-8p","",""
"307","2021-01-29","Anchorage","Anchorage Folk Festival Workshops","music","Understanding Music w/ Joe Craig","7p-8p","",""
"308","2021-01-29","Anchorage","Anchorage Folk Festival Performances","music","Ava Earl, The AllGood Family Band, Jamie Whiteman and Harrison Jennings, Denise Martin, Jim Kerr, and Friends","7p-9p","",""
"309","2021-01-29","Anchorage","Williwaw Social","music","The Eternal Cowboys","8p-11:30p","",""
"310","2021-01-29","Anchorage","American Legion Spenard Post 28","music","Friday Night Karaoke","8p-11p","",""
"311","2021-01-29","Anchorage","Scared Scriptless","comedy","Facebook Live with Scared Scriptless","8p-9p","",""
"312","2021-01-30","Anchorage","Klondike Mikes and the Main Street Grill (Palmer)","music","Those Guys AK","10p-2a","",""
"313","2021-01-30","Anchorage","International Hotel and Bar (Fairbanks)","music","Tony Taylor’s Tik Tok & Throwback Party","10p-3a","",""
"314","2021-01-30","Anchorage","Anchorage Folk Festival Workshops","music","Beginning Ukelele with Kiel Schweizer","11:15a-12:30p","",""
"315","2021-01-30","Anchorage","Anchorage Folk Festival Workshops","music","Song Writing with Laura Chartier","12:45p-2p","",""
"316","2021-01-30","Anchorage","Anchorage Folk Festival Workshops","music","Dancing with the Spirit Living Room Jam","2:15p-3:30p","",""
"317","2021-01-30","Anchorage","Anchorage Folk Festival Workshops","music","Feldenkrais for Musicians w/ Kevin Cassity","3:45p-5p","",""
"318","2021-01-30","Anchorage","Anchorage Folk Festival Workshops","music","Let's Sing Nature Songs! w/ Dan Pascucci","4p-5p","",""
"319","2021-01-30","Anchorage","Anchorage Folk Festival Workshops","music","Annual AFF Board Meeting","5p-6p","",""
"320","2021-01-30","Anchorage","Let Every Woman Know","music","Rhythm Heals Song Circle (Livestream)","6:30p-9p","",""
"321","2021-01-30","Anchorage","Anchorage Folk Festival Performances","music","Robin Hopper, Tania Opland and Mike Freeman, Lucky Spider, The Forest That Never Sleeps, & The Booth Family Band","7p-9p","",""
"322","2021-01-30","Anchorage","American Legion Spenard Post 28","music","Saturday Night Karaoke","8p-11p","",""
"323","2021-01-30","Anchorage","Don Jose’s Mexican Restaurant","music","Jukebox Karaoke Roadshow","8p-11p","",""
"324","2021-01-30","Anchorage","Anchorage Folk Festival Workshops","music","Celtic Fiddle with Shonti Elder","9:45a-11a","",""
"325","2021-01-31","Anchorage","Anchorage Folk Festival Workshops","music","Intermediate Ukelele with Kiel Schweizer","11:15a-12:30p","",""
"326","2021-01-31","Anchorage","Anchorage Folk Festival Workshops","music","Advanced guitar techniques w/ Armin Abdihodzic","12:45p-2p","",""
"327","2021-01-31","Anchorage","Anchorage Folk Festival Workshops","music","Mandolin w/ Wolfgang Q. Olsson","3:45p-5p","",""
"328","2021-01-31","Anchorage","Anchorage Folk Festival Workshops","music","How to Access the Rich Environment of the Performing Arts Sector Locally & Nationwide w/Jason Hodges","3:45p-5p","",""
"329","2021-01-31","Anchorage","Anchorage Folk Festival Workshops","theatre","Honing your Guitar & Playing the 5-Note Scale w/ Mike Simpson","5:15p-6:30p","",""
"330","2021-01-31","Anchorage","AK East Coast Swing (Palmer)","dance","Swing Dancing!","5p-8p","",""
"331","2021-01-31","Anchorage","The Carousel Lounge","music","AK Rockstar Karaoke","7p-11p","",""
"332","2021-01-31","Anchorage","Vans Dive Bar","music","Open Mic Night","7p-11p","",""
"333","2021-01-31","Anchorage","Anchorage Folk Festival Workshops","music","Sing Around Song Circle w/ Dawn Berg","9:45a-11a","",""
"334","2021-02-01","Anchorage","Fairbanks North Star Borough Public Libraries","community","Mother Moose Storytime","10:30a-11a","",""
"335","2021-02-01","Anchorage","Vans Dive Bar","music","MonDayshas Unplugged","7p-11p","",""
"336","2021-02-01","Anchorage","American Legion Spenard Post 28","music","Monday Night Karaoke","8p-10p","",""
"337","2021-02-02","Anchorage","Klondike Mikes (Palmer)","music","Open Mic w/ MoonDog Media","6p-12a","",""
"338","2021-02-02","Anchorage","Flight Deck Bar and Lounge","music","AK Rockstar Karaoke","7p-11p","",""
"339","2021-02-02","Anchorage","Vans Dive Bar","music","Open Jam Night","7p-11p","",""
"340","2021-02-02","Anchorage","Trophy Lounge","music","Jukebox Karaoke Roadshow","8p-12a","",""
"341","2021-02-03","Anchorage","Trapper Creek Bluegrass Campout Festivals","music","Passport Series Volume XI (Online)","6p-10p","",""
"342","2021-02-03","Anchorage","The Schwabenhof (Wasilla)","music","Open Mic at the Schwabenhof","7:30p-11:30p","",""
"343","2021-02-25","Anchorage","Fairbanks North Star Borough Public Libraries","community","Preschool Storytime (virtual)","10:30a-11a","",""
"344","2021-02-25","Anchorage","Koots","comedy","Drive-In Comedy","3p-4p","",""
"345","2021-02-25","Anchorage","Palmer Alehouse","music","The Stack Acoustic Duo","5:30p-8:30p","",""
"346","2021-02-25","Anchorage","Emma Hill & Bryan Daste (Online)","music","Folk Unlocked","6p-7p","",""
"347","2021-02-25","Anchorage","The Narrows Bar (Juneau)","music","Live Jazz with Luke Weld","7p-11p","",""
"348","2021-02-26","Anchorage","American Legion Post 15 (Palmer)","music","Friday Night Feast w/ 100 Proof Karaoke","5:30p-7p","",""
"349","2021-02-26","Anchorage","Breakout Dance Studio (Fairbanks)","music","Sock Hop","6:30p-9:30p","",""
"350","2021-02-26","Anchorage","Palmer Alehouse","music","Hobo Jim at the Upstairs Lounge","6p-9p","",""
"351","2021-02-26","Anchorage","Floaters (Big Lake)","music","Open Mic Night","7-11p","",""
"352","2021-02-26","Anchorage","Sweet Cheeks Cabaret (Online)","music","Cirque De Cabaret","7:30p-10p","",""
"353","2021-02-26","Anchorage","Perseverance Theatre (Online)","music","Perseverance People Power Concert","7:30p-9:30p","",""
"354","2021-02-26","Anchorage","The Fraternal Order of Eagles Aerie 4207","music","Karaoke Friday at the Eagles!","7p-11p","",""
"355","2021-02-26","Anchorage","Red Carpet Entertainment","dance","DJ Chester Chomp’s Zoom Room Dance Party!","7p-7:40p","",""
"356","2021-02-26","Anchorage","Anchorage Concert Association (Online)","music","For Colored Ladies Who Have Considered Pull-Tabs With Their Last Two Dollars","7p-8:30p","",""
"357","2021-02-26","Anchorage","Williwaw Social","music","The Eternal Cowboys","8p-11:30p","",""
"358","2021-02-26","Anchorage","American Legion Spenard Post 28","music","Friday Night Karaoke","8p-11p","",""
"359","2021-02-26","Anchorage","Corks and Hops (Eagle River)","music","The Acou-Stack Live","9p-12a","",""
"360","2021-02-26","Anchorage","Williwaw Social","music","DJ Lloyds Noize in the Speakeasy","9p-12a","",""
"361","2021-02-27","Anchorage","Alaska Dance Theatre","music","Anchorage Auditions","1:30p-3p","",""
"362","2021-02-27","Anchorage","International Hotel and Bar (Fairbanks)","music","DJ Manny","10p-3a","",""
"363","2021-02-27","Anchorage","American Legion Post 15 (Palmer)","music","Fun and Food w/ 100 Proof Karaoke","7p-10p","",""
"364","2021-02-27","Anchorage","The Carousel Lounge","music","Bird Creek Barbarians Rugby Postseason Drinkup!","7p-11p","",""
"365","2021-02-27","Anchorage","Out North","music","Movies Out, Drive-in Film: “I Am Not Your Negro”","7p-9p","",""
"366","2021-02-27","Anchorage","American Legion Spenard Post 28","music","Saturday Night Karaoke","8p-11p","",""
"367","2021-02-27","Anchorage","Don Jose’s Mexican Restaurant","music","Jukebox Karaoke Roadshow","8p-11p","",""
"368","2021-02-27","Anchorage","Vans Dive Bar","music","Hwy9 Duo","9p-11p","",""
"369","2021-02-27","Anchorage","Williwaw Social","music","Taking Back Saturday with DJ GRE","9p-12a","",""
"370","2021-02-28","Anchorage","Anchorage Concert Association (Online)","music","For Colored Ladies Who Have Considered Pull-Tabs With Their Last Two Dollars","2p-3:30p","",""
"371","2021-02-28","Anchorage","The Carousel Lounge","music","Karaoke Sunday","7p-11p","",""
"372","2021-02-28","Anchorage","Vans Dive Bar","music","Open Mic Night","8p-12a","",""
"373","2021-03-01","Anchorage","American Legion Spenard Post 28","music","Monday Night Karaoke","8p-10p","",""
"374","2021-03-01","Anchorage","Vans Dive Bar","music","Mon-Dayshas","8p-12a","",""
"375","2021-03-02","Anchorage","Klondike Mikes (Palmer)","music","MoonDog Media Open Mic","6p-12a","",""
"376","2021-03-02","Anchorage","Flight Deck Bar and Lounge","music","AK Rockstar Karaoke Tuesday","7p-11p","",""
"377","2021-03-02","Anchorage","Trophy Lounge","music","Jukebox Karaoke Roadshow","8p-12a","",""
"378","2021-03-02","Anchorage","Vans Dive Bar","music","Open Jam Night","8p-12a","",""
"379","2021-03-03","Anchorage","UAS Student Activities Board (Online)","music","Maddie + Tae Virtual Tour","5p-7p","",""
"380","2021-03-03","Anchorage","The Schwabenhof (Wasilla)","music","Open Mic at the Schwabenhof","7:30p-11:30p","",""
"381","2021-03-03","Anchorage","The Carousel Lounge","music","AK Rockstar Karaoke Wednesday","7p-11p","",""
"382","2021-04-13","Anchorage","American Legion Spenard Post 28","music","Acoustic Song Circle with WAH Music","6:30p-9p","",""
"383","2021-04-13","Anchorage","Main Street Tap & Grill (Kenai)","music","Robbie Carlson","6p-10p","",""
"384","2021-04-13","Anchorage","Flight Deck Bar and Lounge","music","AK Rockstar Karaoke Tuesday","7p-11p","",""
"385","2021-04-13","Anchorage","Trophy Lounge","music","Jukebox Karaoke Roadshow","8p-12a","",""
"386","2021-04-13","Anchorage","Van’s Dive Bar","music","Garret's Toast With Jam Jams","8p-12a","",""
"387","2021-04-13","Anchorage","Koot’s","music","The Eternal Cowboys","9p-1a","",""
"388","2021-04-14","Anchorage","Koot’s","music","Koots Karaoke","10p-2a","",""
"389","2021-04-14","Anchorage","The Schwabenhof (Wasilla)","music","Open Mic at Schwabenhof","7:30p-11:30p","",""
"390","2021-04-14","Anchorage","The Carousel Lounge","music","AK Rockstar Karaoke Wednesday","7p-11p","",""
"391","2021-04-14","Anchorage","Mad Myrna’s","music","Mad Myrna's Karaoke!","9p-12a","",""
"392","2021-05-07","Anchorage","LIVE AT JHS","music","ACOUSTIC SHOWCASE","","",""
"393","2021-05-07","Anchorage","Humpy’s","music","Nothin’ But Trouble","10:30p-2:30a","",""
"394","2021-05-07","Anchorage","Williwaw Social","music","Vibes in the Speakeasy with DJ Joe Brady","10:30p-2a","",""
"395","2021-05-07","Anchorage","Williwaw Social","dance","Footloose Dance Party with DJ Fan Service","10:30p-2a","",""
"396","2021-05-07","Anchorage","Van’s Dive Bar","music","First Fridays Feat. Nick Carpenter & Bethlehem Shalom","10p-2a","",""
"397","2021-05-07","Anchorage","Willow Trading Post","music","Danger Money Live","10p-2a","",""
"398","2021-05-07","Anchorage","International Hotel and Bar (Fairbanks)","music","John Shewfelt Jr & Shot Time","11p-2a","",""
"399","2021-05-07","Anchorage","Organic Oasis","music","John Damberg AJW Jazz Fridays","5:30p-7:30p","",""
"400","2021-05-07","Anchorage","Palmer Alehouse","music","The Eternal Cowboys LIVE","7p-10p","",""
"401","2021-05-07","Anchorage","American Legion Post 15 (Palmer)","music","Friday Night Feast w/ 100 Proof Karaoke","7p-11p","",""
"402","2021-05-07","Anchorage","Everett’s (Wasilla)","comedy","Hooked Entertainment Comedy: Barry Brewer","7p-11p","",""
"403","2021-05-07","Anchorage","The Fraternal Order of Eagles Aerie 4207","music","Karaoke Friday at the Eagles!","7p-11p","",""
"404","2021-05-07","Anchorage","Red Carpet Entertainment LLC","dance","DJ Chester Chomp’s Zoom Room Dance Party!","7p-7:40p","",""
"405","2021-05-07","Anchorage","Everett’s (Wasilla)","music","Tim Hall","7p-9p","",""
"406","2021-05-07","Anchorage","Mad Myrna’s","music","Mad Myrna's Diva Variety Show","9p-11p","",""
"407","2021-05-07","Anchorage","American Legion Spenard Post 28","music","Friday Night Karaoke!","9p-1a","",""
"408","2021-05-08","Anchorage","Williwaw Social","music","Taking Back Saturday with DJ GRE","10:30p-2:30a","",""
"409","2021-05-08","Anchorage","Williwaw Social","dance","DJ Joe Brady: Britney vs the World Dance Party","10:30p-2:30a","",""
"410","2021-05-08","Anchorage","American Legion Spenard Post 28","music","Saturday Night Karaoke!","10p-12a","",""
"411","2021-05-08","Anchorage","International Hotel and Bar (Fairbanks)","music","DJ Manny's 2021 Cinco de Mayo Celebración","10p-2a","",""
"412","2021-05-08","Anchorage","Klondike Mike’s (Palmer)","music","Jerry Wessling & Plan B","10p-2a","",""
"413","2021-05-08","Anchorage","American Legion Post 15 (Palmer)","music","Fun and Food w/ 100 Proof Karaoke","6p-11p","",""
"414","2021-05-08","Anchorage","Palmer Alehouse","music","Woodrow LIVE","7p-10p","",""
"415","2021-05-08","Anchorage","Everett’s (Wasilla)","music","Larry Zarella","7p-9p","",""
"416","2021-05-08","Anchorage","The Broken Blender","music","Sassy Saturdays with Sweet Cheeks Cabaret","8p-10p","",""
"417","2021-05-08","Anchorage","Koot’s","music","Comedian Barry Brewer","8p-11p","",""
"418","2021-05-08","Anchorage","The Carousel Lounge","music","Live Music with “Cancel Culture”","8p-3a","",""
"419","2021-05-09","Anchorage","The Schwabenhof (Wasilla)","music","Schwabenhof Sunday Blues Jam","4p-8p","",""
"420","2021-05-09","Anchorage","The Carousel Lounge","music","AK Rockstar Karaoke Sunday","7p-11p","",""
"421","2021-05-09","Anchorage","Everett’s (Wasilla)","music","JD Cox","7p-9p","",""
"422","2021-05-09","Anchorage","Van’s Dive Bar","music","Open Mic Night","8p-12a","",""
"423","2021-05-10","Anchorage","Van’s Dive Bar","music","Taking Back Mondays","10p-1a","",""
"424","2021-05-10","Anchorage","American Legion Spenard Post 28","music","Monday Night Karaoke","8p-10p","",""
"425","2021-05-10","Anchorage","Koot’s","music","The Monday Music Mic with Boobs","9p-12a","",""
"426","2021-05-11","Anchorage","American Legion Spenard Post 28","music","Taco Tuesday Open Mic with WAH Music","6:30p-9p","",""
"427","2021-05-11","Anchorage","Flight Deck Bar and Lounge","music","AK Rockstar Karaoke Tuesday","7p-11p","",""
"428","2021-05-11","Anchorage","Trophy Lounge","music","Jukebox Karaoke Roadshow","8p-12a","",""
"429","2021-05-11","Anchorage","Van’s Dive Bar","music","Garret's Toasts to Jams","8p-12a","",""
"430","2021-05-11","Anchorage","Koot’s","music","The Eternal Cowboys","9p-1a","",""
"431","2021-05-12","Anchorage","Koot’s","music","Koots Karaoke","10p-2a","",""
"432","2021-05-12","Anchorage","The Schwabenhof (Wasilla)","music","Open Mic at Schwabenhof","7:30p-11:30p","",""
"433","2021-05-12","Anchorage","The Carousel Lounge","music","AK Rockstar Karaoke Wednesday","7p-11p","",""
"434","2021-05-12","Anchorage","Koot’s","comedy","Comedy Open Mic","8:30p-10p","",""
"435","2021-05-12","Anchorage","Mad Myrna’s","music","Mad Myrna's Karaoke!","9p-12a","",""
"436","2021-06-18","Anchorage","Eagle River Commons Park","community","Storytime in the Park","10:30a-11a","",""
"437","2021-06-18","Anchorage","Koot’s","music","Velvet La La","10p-2:30a","",""
"438","2021-06-18","Anchorage","The Mug-Shot Saloon (Wasilla)","music","Those Guys AK","10p-2:30a","",""
"439","2021-06-18","Anchorage","International Hotel and Bar (Fairbanks)","music","Marc Brown & The Blues Crew","10p-2a","",""
"440","2021-06-18","Anchorage","Palmer Downtown Pavilion","music","Friday Fling Live Music w/ Antigen","11:30a-1p & 4:30p-6p","",""
"441","2021-06-18","Anchorage","Curtis Menard Sports Center (Wasilla)","music","The Box Tops Concert","5:30p-10p","",""
"442","2021-06-18","Anchorage","American Legion Post 15 (Palmer)","music","Friday Night Feast w/ 100 Proof Karaoke","5:30p-7p","",""
"443","2021-06-18","Anchorage","Talkeetna Village Park","music","Talkeetna Live at 5 with Larry Sandy","5p-7p","",""
"444","2021-06-18","Anchorage","Sheldon Community Arts Council (Talkeetna)","music","Green Light Circus","6:30p-9p","",""
"445","2021-06-18","Anchorage","Dirty Skillet (Hope)","music","Flannels & Skanks","6p-10p","",""
"446","2021-06-18","Anchorage","Seaview Café (Hope)","music","Jared Woods","6p-10p","",""
"447","2021-06-18","Anchorage","Seldovia Boardwalk Hotel (Seldovia)","music","Witty Youngman","6p-9p","",""
"448","2021-06-18","Anchorage","Wonderland Park (Wasilla)","music","Music In The Park: Roland Roberts Band","6p-9p","",""
"449","2021-06-18","Anchorage","Creekbend Company (Hope)","music","Solstice Shrimp Boil with Braided River and Deadphish Orchestra","7p-10:30p","",""
"450","2021-06-18","Anchorage","Matanuska Brewing Eagle River","music","I Like Robots","7p-10p","",""
"451","2021-06-18","Anchorage","O’Malleys on the Green","music","Silver Train","7p-10p","",""
"452","2021-06-18","Anchorage","Palmer Alehouse","music","The Ken Peltier Band","7p-10p","",""
"453","2021-06-18","Anchorage","Everett’s (Wasilla)","comedy","Hooked Entertainment Comedy: Sam Talent","7p-11p","",""
"454","2021-06-18","Anchorage","Floaters (Big Lake)","music","Open Mic Night","7p-12a","",""
"455","2021-06-18","Anchorage","The Fraternal Order of Eagles Aerie 4207","music","Karaoke Friday at the Eagles!","7p-12a","",""
"456","2021-06-18","Anchorage","The Schwabenhof (Wasilla)","theatre","Playhouse LIVE w/ John Budnik, Long Nights Moon, Andy Mullen, Jared Hazen, & Sabrina Speers","8p-11p","",""
"457","2021-06-18","Anchorage","The Vagabond Inn (Kenai)","music","Hot Mess","8p-12a","",""
"458","2021-06-18","Anchorage","Golden Saloon (McCarthy)","music","Ukulele Russ & His One Man Frontier Band","8p-1a","",""
"459","2021-06-18","Anchorage","The Yukon Bar (Seward)","music","Adam Patterson and the Heavy Hearts","9p-1:30a","",""
"460","2021-06-18","Anchorage","American Legion Spenard Post 28","music","Friday Night Karaoke!","9p-1a","",""
"461","2021-06-18","Anchorage","Fairview Inn (Talkeetna)","music","Cami from Miami","9p-1a","",""
"462","2021-06-18","Anchorage","Koot’s","music","Local Roots is BACK with ATF, Saucy Yoda, & Evil Ted and the Thick Pink Antiseptic","9p-1a","",""
"463","2021-06-18","Anchorage","Van’s Dive Bar","music","Photonak & Concrete To Clouds","9p-1a","",""
"464","2021-06-18","Anchorage","Williwaw Social","music","Vibes in the Speakeasy w/ DJ Third George","9p-2a","",""
"465","2021-06-19","Anchorage","Duck Inn Café (Soldotna)","music","Summer Solstice party with The Jammin Band","10p-2a","",""
"466","2021-06-19","Anchorage","Anchorage Downtown","festival","Downtown Partnership Re-Imagined Solstice Festival 2021 with Tons of Music!","12p-9p","",""
"467","2021-06-19","Anchorage","The Broken Blender","music","Grand Opening & solstice Party w/ Nothin But Karma","1p-10p","",""
"468","2021-06-19","Anchorage","Anchorage Town Square Park","dance","Salsa in the Park with Anaya Latin Dance","1p-4p","",""
"469","2021-06-19","Anchorage","Museum of Transportation & Industry (Wasilla)","music","Alaska 4x4 Meet & Greet w/ The Hand Me Downs","4p-7p","",""
"470","2021-06-19","Anchorage","Curtis Menard Sports Center (Wasilla)","festival","Mat-Su Valley Rock Fest: Bad Flower w/ Millennial Falcons and Matt Hopper & the Roman Candles","5:30p-10p","",""
"471","2021-06-19","Anchorage","Denali Harley Davidson (Wasilla)","music","Daddy’s Issue","5p-6p","",""
"472","2021-06-19","Anchorage","Williwaw Social","music","Big Head Todd and the Monsters with SunDog & Alaska Thunder Funk","6p-10:30p","",""
"473","2021-06-19","Anchorage","American Legion Post 15 (Palmer)","music","Fun and Food w/ 100 Proof Karaoke","6p-11p","",""
"474","2021-06-19","Anchorage","Jack Sprat (Girdwood)","music","Stone Atlas on the Roof","7p-10p","",""
"475","2021-06-19","Anchorage","Kodiak Island Borough Fairgrounds","music","Love & Theft","7p-10p","",""
"476","2021-06-19","Anchorage","Matanuska Brewing Eagle River","music","Ken Peltier","7p-10p","",""
"477","2021-06-19","Anchorage","Palmer Alehouse","music","H3 LIVE","7p-10p","",""
"478","2021-06-19","Anchorage","International Hotel and Bar (Fairbanks)","festival","Juneteenth Festival featuring The Wailers","7p-1a","",""
"479","2021-06-19","Anchorage","Koot’s","music","Comedian Sam Tallent","7p-9p & 9:10p-11:30p","",""
"480","2021-06-19","Anchorage","The Broken Blender","music","Sassy Saturdays with Sweet Cheeks Cabaret","8p-10p","",""
"481","2021-06-19","Anchorage","Floater's (Big Lake)","music","Jerry Wessling Band Live","8p-12a","",""
"482","2021-06-19","Anchorage","Williwaw Social","dance","Summer Solstice Dance Party with DJ Joe Brady","9:30p-2a","",""
"483","2021-06-19","Anchorage","Williwaw Social","music","Soiree in the Speakeasy","9p-1:30a","",""
"484","2021-06-19","Anchorage","Mad Myrna’s","music","Mad Myrna's 2021 PRIDE PAGEANT","9p-11p","",""
"485","2021-06-19","Anchorage","American Legion Spenard Post 28","music","Saturday Night Karaoke!","9p-12a","",""
"486","2021-06-19","Anchorage","Fairview Inn (Talkeetna)","music","Triple Black Diamond","9p-1a","",""
"487","2021-06-19","Anchorage","Koot’s","music","DJ Joe Goodnov","9p-1a","",""
"488","2021-06-19","Anchorage","Van’s Dive Bar","music","Daddy's Issue","9p-1a","",""
"489","2021-06-20","Anchorage","KONR 106.1 FM","music","Beats Roots Alaska Annual Pride Show w/ DJ Covy & Jen Theulen","3p-5p","",""
"490","2021-06-20","Anchorage","Pubhouse","music","Father's Day/Summer Solstice Block Party w/ Eternal Cowboys & B4UDie","4:30p-9","",""
"491","2021-06-20","Anchorage","The Schwabenhof (Wasilla)","music","Schwabenhof Sunday Blues Jam","4p-8p","",""
"492","2021-06-20","Anchorage","Seaview Café (Hope)","music","Sean Tracey","5p-8:30p","",""
"493","2021-06-20","Anchorage","Willow Trading Post","music","Father’s Day Solstice Party with The Hand Me Downs","6p-10p","",""
"494","2021-06-20","Anchorage","Temple Studios Community Center (Seward)","music","All Ages Open Mic w/ Tyson Davis","6p-8p","",""
"495","2021-06-20","Anchorage","Humpys","music","Those Guys AK Open Mic Night","8p-11p","",""
"496","2021-06-20","Anchorage","Mad Myrna’s","music","Mad Myrna's Karaoke!","8p-12a","",""
"497","2021-06-20","Anchorage","Van’s Dive Bar","music","Open Mic Night w/ Wash Your Hands","8p-1a","",""
"498","2021-06-20","Anchorage","The Carousel Lounge","music","AK Rockstar Karaoke Sunday","8p-2a","",""
"499","2021-06-20","Anchorage","Yukon Bar (Seward)","music","Open Jam w/ Ben Sayers","9p-12a","",""
"500","2021-06-20","Anchorage","Fairview Inn (Talkeetna)","music","Jimmy Sandy","9p-1a","",""
"501","2021-06-21","Anchorage","Mad Myrna’s","music","LGBTQ Movie Night","6:30p-11p","",""
"502","2021-06-21","Anchorage","American Legion Spenard Post 28","music","Monday Night Karaoke","7p-10p","",""
"503","2021-06-21","Anchorage","Koot’s","music","The Monday Music Mic with Boobs","9p-12a","",""
"504","2021-06-21","Anchorage","Van’s Dive Bar","music","Taking Back Mondays","9p-12a","",""
"505","2021-06-21","Anchorage","Fairview Inn (Talkeetna)","music","Larry, Jimm, & Kayti from the Denali Cooks","9p-1a","",""
"506","2021-06-21","Anchorage","Yukon Bar (Seward)","music","Karaoke","9p-2a","",""
"507","2021-06-22","Anchorage","Williwaw Social","music","Taco Tuesdays on the Roof with DJ Joe Brady","4p-10p","",""
"508","2021-06-22","Anchorage","Organic Oasis","music","Vintage Soul","5:30p-7:30p","",""
"509","2021-06-22","Anchorage","Koot’s","music","The Eternal Cowboys","5p-8p","",""
"510","2021-06-22","Anchorage","American Legion Spenard Post 28","music","Taco Tuesday Open Mic","6:30p-9:30p","",""
"511","2021-06-22","Anchorage","Klondike Mike’s (Palmer)","music","Moondog Media Open Mic Night","7p-12a","",""
"512","2021-06-22","Anchorage","Van’s Dive Bar","music","Open Jam with the Van's Fam","8:30p-1a","",""
"513","2021-06-22","Anchorage","Mad Myrna’s","comedy","Amateur Drag Show","8p-12a","",""
"514","2021-06-22","Anchorage","Flight Deck Bar and Lounge","music","AK Rockstar Karaoke Tuesday","8p-3a","",""
"515","2021-06-22","Anchorage","Trophy Lounge","music","Jukebox Karaoke Roadshow","9p-1a","",""
"516","2021-06-23","Anchorage","Pioneer Bar","music","The Eternal Cowboys","10p-12a","",""
"517","2021-06-23","Anchorage","Koot’s","music","Koots Karaoke","10p-2a","",""
"518","2021-06-23","Anchorage","Koot’s","music","Open Decks","10p-3a","",""
"519","2021-06-23","Anchorage","Peratrovich Park","music","Rosie Rush","12p-1p","",""
"520","2021-06-23","Anchorage","Soldotna Creek Park","music","Hott Mess with Ukulele Russ opening!","6p-10p","",""
"521","2021-06-23","Anchorage","Williwaw Social","music","Tones of Summer feat. DJ GRE","6p-11p","",""
"522","2021-06-23","Anchorage","The Schwabenhof (Wasilla)","music","Open Mic at Schwabenhof","7:30p-11:30p","",""
"523","2021-06-23","Anchorage","Koot’s","comedy","Comedy Open Mic","8:30p-10p","",""
"524","2021-06-23","Anchorage","International Hotel and Bar (Fairbanks)","music","Open Mic","8p-12a","",""
"525","2021-06-23","Anchorage","The Carousel Lounge","music","AK Rockstar Karaoke Wednesday","8p-2a","",""
"526","2021-06-23","Anchorage","Mad Myrna’s","music","Mad Myrna's Karaoke!","9p-12a","",""
"527","2021-06-23","Anchorage","Van’s Dive Bar","music","Karaoke Night With Courtney","9p-12a","",""
"528","2021-07-27","Anchorage","Organic Oasis","music","Vintage Soul","5:30p-7:30p","",""
"529","2021-07-27","Anchorage","Koot’s","music","The Eternal Cowboys","5p-8p","",""
"530","2021-07-27","Anchorage","Klondike Mike’s (Palmer)","music","Moondog Media Open Mic Night w/ Sabrina Speers","7p-12a","",""
"531","2021-07-27","Anchorage","Van’s Dive Bar","music","Open Jam with the Van's Fam","8:30p-1a","",""
"532","2021-07-27","Anchorage","Flight Deck Bar and Lounge","music","AK Rockstar Karaoke Tuesday","8p-2a","",""
"533","2021-07-27","Anchorage","Trophy Lounge","music","Jukebox Karaoke Roadshow","9p-1a","",""
"534","2021-07-28","Anchorage","Pioneer Bar","music","The Eternal Cowboys","10p-12a","",""
"535","2021-07-28","Anchorage","Koot’s","music","Koots Karaoke","10p-2a","",""
"536","2021-07-28","Anchorage","Koot’s","music","Open Decks","10p-3a","",""
"537","2021-07-28","Anchorage","Peratrovich Park","music","Music in the Park with The Forest that Never Sleeps","12p-1p","",""
"538","2021-07-28","Anchorage","Eastchester Park","music","Anchorage Concert Association: Super Saturated Sugar Strings","6:30p-9p","",""
"539","2021-07-28","Anchorage","Soldotna Creek Park","music","Robb Justice with Duncan Brewer opening","6p-10p","",""
"540","2021-07-28","Anchorage","Williwaw Social","music","Roof Top City Pop ft. DJ GRE & Lloyds Noize","6p-10p","",""
"541","2021-07-28","Anchorage","The Schwabenhof (Wasilla)","music","Open Mic at Schwabenhof","7:30p-11:30p","",""
"542","2021-07-28","Anchorage","907 Alehouse","music","Arctic Jungle Band","7p-10p","",""
"543","2021-07-28","Anchorage","Koot’s","comedy","Comedy Open Mic","8:30p-10p","",""
"544","2021-07-28","Anchorage","Humpy’s","music","Moby Wang & Supergirl","8p-11:30p","",""
"545","2021-07-28","Anchorage","International Hotel and Bar (Fairbanks)","music","Open Mic","8p-12a","",""
"546","2021-07-28","Anchorage","The Carousel Lounge","music","AK Rockstar Karaoke Wednesday","8p-2a","",""
"547","2021-07-28","Anchorage","Mad Myrna’s","music","Mad Myrna's Karaoke!","9p-12a","",""
"548","2021-07-28","Anchorage","Van’s Dive Bar","music","Karaoke Night With Skylar","9p-12a","",""
"549","2021-07-28","Anchorage","Yukon Bar (Seward)","music","Karaoke","9p-2a","",""
"550","2021-10-14","Anchorage","Koot’s","music","The MOBY WANG & SUPERGIRL Show","10p-1:30a","",""
"551","2021-10-14","Anchorage","Mad Myrna’s","music","Thursdays with DJ Covy","10p-2a","",""
"552","2021-10-14","Anchorage","The Nave Spenard","music","Songwriting Workshop with Rosie Rush","4:30p-5:30p","",""
"553","2021-10-14","Anchorage","Palmer Alehouse","music","Lisa Lisa & That Guy live","6:30p-9:30p","",""
"554","2021-10-14","Anchorage","Floaters (Big Lake)","music","Karaoke with Steve","7:30p-11:30p","",""
"555","2021-10-14","Anchorage","Pubhouse","music","Danger & Diva","7p-10p","",""
"556","2021-10-14","Anchorage","Williwaw Social","music","Throwback Thursday with DJ Joe Brady","7p-11p","",""
"557","2021-10-14","Anchorage","Underground Dance Company","music","BCDW Twerk Cardio","7p-8p","",""
"558","2021-10-14","Anchorage","Humpys","music","The Eternal Cowboys","8p-11:30p","",""
"559","2021-10-14","Anchorage","Eddies Sport’s Bar","music","KBEAR Country Night with DJ Steve Franklin","8p-12a","",""
"560","2021-10-14","Anchorage","The Carousel Lounge","music","Live music w/Matt & Co.","8p-2a","",""
"561","2021-10-14","Anchorage","Flattop Pizza & Pool","music","Jukebox Karaoke Roadshow","9p-12a","",""
"562","2021-10-15","Anchorage","Showdown Productions: IDK","music","Live in Alaska","","",""
"563","2021-10-15","Anchorage","The Mug-Shot Saloon (Wasilla)","music","Those Guys AK","10p-2:30a","",""
"564","2021-10-15","Anchorage","Koots","music","The Stack Live","10p-2:45a","",""
"565","2021-10-15","Anchorage","Klondike Mike’s (Palmer)","music","Jerry Wessling Band","10p-2a","",""
"566","2021-10-15","Anchorage","Lil Babes Cocktail Lounge","music","Caribbean Night w/ DJ Militant & DJ Caribbean Queen","11p-2a","",""
"567","2021-10-15","Anchorage","Organic Oasis","music","John Damberg Jazz Piano Fridays","5:30p-7:30p","",""
"568","2021-10-15","Anchorage","American Legion Post 15 (Palmer)","music","Friday Night Feast w/ 100 Proof Karaoke","5:30p-7p","",""
"569","2021-10-15","Anchorage","Broken Blender","music","Nightmare on Cheek Street","7:30p-10p","",""
"570","2021-10-15","Anchorage","Broken Blender","music","AK Beer Awards Night","7p-10p","",""
"571","2021-10-15","Anchorage","Floaters (Big Lake)","music","Open Mic Night","7p-12a","",""
"572","2021-10-15","Anchorage","The Fraternal Order of Eagles Aerie 4207","music","Karaoke Friday at the Eagles!","7p-12a","",""
"573","2021-10-15","Anchorage","Red Carpet Entertainment","dance","DJ Chester Chomp’s Zoom Room Dance Party!","7p-7:40p","",""
"574","2021-10-15","Anchorage","Mad Myrna’s","music","The Rocky Horror Show","7p-9p","",""
"575","2021-10-15","Anchorage","Williwaw Social","music","Showdown Productions: IDK - Live in Alaska","8p-1a","",""
"576","2021-10-15","Anchorage","Humpys","music","Roland Roberts Band","9:30p-1a","",""
"577","2021-10-15","Anchorage","Williwaw Social","music","Friday Night Vibes in the Speakeasy","9p-1:30a","",""
"578","2021-10-15","Anchorage","American Legion Spenard Post 28","music","Friday Night Karaoke!","9p-12a","",""
"579","2021-10-15","Anchorage","Alaska Dance Promotions","dance","Friday Night Dance Lounge","9p-1a","",""
"580","2021-10-16","Anchorage","Koot’s","music","The Stack Live","10p-2:45a","",""
"581","2021-10-16","Anchorage","Hatcher’s Pass Lodge (Hatcher’s Pass)","music","The Tyson James Trio","4p-7p","",""
"582","2021-10-16","Anchorage","Everett’s (Wasilla)","music","Tim Hall","6:30p-9:30p","",""
"583","2021-10-16","Anchorage","American Legion Post 15 (Palmer)","music","Fun and Food w/ 100 Proof Karaoke","6p-11p","",""
"584","2021-10-16","Anchorage","Tree of Life Church (Palmer)","dance","Costume Party & Dance","7p-9p","",""
"585","2021-10-16","Anchorage","Willow Trading Post","comedy","The Comedy Show","7p-9p","",""
"586","2021-10-16","Anchorage","Don Jose’s","music","Jukebox Karaoke Roadshow","8p-11p","",""
"587","2021-10-16","Anchorage","Anchorage Moose Lodge","music","Danger Money Live at The Moose Lodge!","8p-12a","",""
"588","2021-10-16","Anchorage","Kenai Joe’s Taphouse","music","Pirate Costume Party w/ Benjammin & the Jammin Band","8p-12a","",""
"589","2021-10-16","Anchorage","Williwaw Social","music","Club Y2K : A 2000's Party w/ DJ Joe Brady","8p-2a","",""
"590","2021-10-16","Anchorage","Humpys","music","Jerry's Situation","9:30p-1a","",""
"591","2021-10-16","Anchorage","The Duck Inn (Kalifornsky)","music","Hot Mess 80’s Hair Band Night","9a-2a","",""
"592","2021-10-16","Anchorage","Williwaw Social","music","Saturday Night Soiree in the Speakeasy","9p-1:30a","",""
"593","2021-10-16","Anchorage","American Legion Spenard Post 28","music","Saturday Night Karaoke!","9p-12a","",""
"594","2021-10-16","Anchorage","Koot’s","music","Local Roots ft Mindful Khaos, Part Time Super Heroes, &Sideways.","9p-2:45a","",""
"595","2021-10-17","Anchorage","The Schwabenhof (Wasilla)","music","Schwabenhof's Sunday Live Music","4p-7p","",""
"596","2021-10-17","Anchorage","Everett’s (Wasilla)","music","JD Cox","6:30p-9:30p","",""
"597","2021-10-17","Anchorage","Temple Studios Community Center (Seward)","music","All Ages Open Mic w/ Tyson Davis","6p-8p","",""
"598","2021-10-17","Anchorage","Humpys","music","Open Mic Jam","8p-11p","",""
"599","2021-10-17","Anchorage","Mad Myrna’s","music","Mad Myrna's Karaoke!","8p-12a","",""
"600","2021-10-17","Anchorage","Van’s Dive Bar","music","Open Mic With Sara Wash Your Hands","8p-12a","",""
"601","2021-10-17","Anchorage","The Carousel Lounge","music","AK Rockstar Karaoke Sunday","8p-2a","",""
"602","2021-10-17","Anchorage","The Yukon Bar (Seward)","music","Open Jam w/ Ben Sayers","9p-1a","",""
"603","2021-10-18","Anchorage","American Legion Spenard Post 28","music","Monday Night Karaoke","8p-11p","",""
"604","2021-10-18","Anchorage","Van’s Dive Bar","music","Taking Back Mondays","9:30p-12a","",""
"605","2021-10-18","Anchorage","Koot’s","music","The Monday Music Mic with Boobs","9p-12a","",""
"606","2021-10-18","Anchorage","Yukon Bar (Seward)","music","Karaoke","9p-2a","",""
"607","2021-10-19","Anchorage","Organic Oasis","music","Vintage Soul","5:30p-7:30p","",""
"608","2021-10-19","Anchorage","American Legion Spenard Post 28","music","Open Mic at Post 28!","6:30p-9:30p","",""
"609","2021-10-19","Anchorage","Klondike Mike’s (Palmer)","music","Moondog Media Open Stage Night w/ Sabrina Speers","7p-12a","",""
"610","2021-10-19","Anchorage","First Christian Church","music","Midnight Sons Chorus Rehearsal","7p-9:30p","",""
"611","2021-10-19","Anchorage","Van’s Dive Bar","music","Open Jam with the Van's Fam","8:30p-1a","",""
"612","2021-10-19","Anchorage","The Carousel Lounge","music","AK Rockstar Karaoke Tuesday","8p-2a","",""
"613","2021-10-19","Anchorage","Koot’s","music","The Eternal Cowboys","8p-2a","",""
"614","2021-10-19","Anchorage","Trophy Lounge","music","Jukebox Karaoke Roadshow","9p-1a","",""
"615","2021-10-20","Anchorage","Pioneer Bar","music","The Eternal Cowboys","10p-12a","",""
"616","2021-10-20","Anchorage","Koot’s","music","Koots Karaoke","10p-2a","",""
"617","2021-10-20","Anchorage","Koot’s","music","Open Decks","10p-3a","",""
"618","2021-10-20","Anchorage","The Schwabenhof (Wasilla)","music","Open Mic at Schwabenhof","7:30p-11:30p","",""
"619","2021-10-20","Anchorage","907 Alehouse","music","Arctic Jungle Band","7p-10p","",""
"620","2021-10-20","Anchorage","Goldies AK (Fairbanks)","music","(Open) Mic Check","7p-10p","",""
"621","2021-10-20","Anchorage","PubHouse","music","Witty Youngman","7p-10p","",""
"622","2021-10-20","Anchorage","Williwaw Social","music","Peanut Butter and Jamz w/ DJ GRE & Lloydz Noize","7p-10p","",""
"623","2021-10-20","Anchorage","Koot’s","comedy","Comedy Open Mic","8:30p-10p","",""
"624","2021-10-20","Anchorage","Van’s Dive Bar","music","Karaoke Hosted by Spenard Husband","8:30p-12a","",""
"625","2021-10-20","Anchorage","Humpys","music","Jared Woods","8p-11:30p","",""
"626","2021-10-20","Anchorage","The Carousel Lounge","music","AK Rockstar Karaoke Wednesday","8p-11p","",""
"627","2021-10-20","Anchorage","Koot’s","music","KASH Country Night at Koot's w/ Ken Peltier","8p-12:30a","",""
"628","2021-10-20","Anchorage","Mad Myrna’s","music","Mad Myrna's Karaoke!","9p-12a","",""
"629","2021-11-26","Anchorage","Date Night","music","Latin Dancing","","",""
"630","2021-11-26","Anchorage","Koot’s","music","The Jephries w/ Chelsea's Biscuit & Fungus","10p-2:30a","",""
"631","2021-11-26","Anchorage","Klondike Mike’s & the Main Street Grill (Palmer)","music","Those Guys AK","10p-2a","",""
"632","2021-11-26","Anchorage","Lil Babes Cocktail Lounge","music","Caribbean Night w/ DJ Militant & DJ Caribbean Queen","11p-2a","",""
"633","2021-11-26","Anchorage","Organic Oasis","music","John Damberg Jazz Piano Fridays","5:30p-7:30p","",""
"634","2021-11-26","Anchorage","American Legion Post 15 (Palmer)","music","Friday Night Feast w/ 100 Proof Karaoke","5:30p-7p","",""
"635","2021-11-26","Anchorage","Black Birch Books (Wasilla)","music","Open Mic Night","5p-7p","",""
"636","2021-11-26","Anchorage","American Legion Spenard Post 28","theatre","Acoustic Steak Night with MusiCal","6p-8p","",""
"637","2021-11-26","Anchorage","Mermaid Grotto Café & Boutique (Seward)","music","Date Night - Latin Dancing","7p-10p","",""
"638","2021-11-26","Anchorage","PubHouse","music","Witty Youngman","7p-10p","",""
"639","2021-11-26","Anchorage","Floaters (Big Lake)","music","Open Mic Night","7p-12a","",""
"640","2021-11-26","Anchorage","The Fraternal Order of Eagles Aerie 4207","music","Karaoke Friday at the Eagles!","7p-12a","",""
"641","2021-11-26","Anchorage","Red Carpet Entertainment","dance","DJ Chester Chomp’s Zoom Room Dance Party","7p-7:40p","",""
"642","2021-11-26","Anchorage","Valley Performing Arts (Wasilla)","music","VPA’s The Best Christmas Pageant Ever","7p-9:30p","",""
"643","2021-11-26","Anchorage","Williwaw Social","dance","90s Video Dance Party: In Living Color","8p-2a","",""
"644","2021-11-26","Anchorage","Humpys","music","Woodrow","9:30p-1a","",""
"645","2021-11-26","Anchorage","Roundup Steakhouse & Saloon (Fairbanks)","music","Karaoke Weekends","9:30p-3a","",""
"646","2021-11-26","Anchorage","Williwaw Social","music","Friday Night Vibes in the Speakeasy","9p-1:30a","",""
"647","2021-11-26","Anchorage","American Legion Spenard Post 28","music","Friday Night Karaoke!","9p-12a","",""
"648","2021-11-26","Anchorage","Alaska Dance Promotions","dance","Friday Night Dance Lounge","9p-1a","",""
"649","2021-11-27","Anchorage","EAT YOUR HEART OUT","music","Sassy Saturdays Cabaret","","",""
"650","2021-11-27","Anchorage","Koot’s","music","Thanksgiving Metal Massacre w/ Decepticide, Mindful Khaos, Gloom Wagon, & Part Time Super Heroes","10p-2:30a","",""
"651","2021-11-27","Anchorage","Klondike Mike’s & the Main Street Grill (Palmer)","music","Those Guys AK","10p-2a","",""
"652","2021-11-27","Anchorage","Everett’s (Wasilla)","music","Tim Hall","6:30p-9:30p","",""
"653","2021-11-27","Anchorage","American Legion Post 15 (Palmer)","music","Fun and Food w/ 100 Proof Karaoke","6p-11p","",""
"654","2021-11-27","Anchorage","The Fraternal Order of Eagles Aerie 4207","music","Karaoke Saturday at the Eagles!","7p-12a","",""
"655","2021-11-27","Anchorage","Valley Performing Arts (Wasilla)","music","VPA’s The Best Christmas Pageant Ever","7p-9:30p","",""
"656","2021-11-27","Anchorage","Don Jose’s","music","Jukebox Karaoke Roadshow","8p-11p","",""
"657","2021-11-27","Anchorage","Anchorage Moose Lodge","music","Velvet La La Live","8p-12a","",""
"658","2021-11-27","Anchorage","Floaters (Big Lake)","music","Tripwire Band the Legend","8p-12a","",""
"659","2021-11-27","Anchorage","Broken Blender","music","EAT YOUR HEART OUT - Sassy Saturdays Cabaret","8p-9:30p","",""
"660","2021-11-27","Anchorage","Humpys","music","Nothin But Trouble","9:30p-1a","",""
"661","2021-11-27","Anchorage","Williwaw Social","music","Saturday Night Soiree in the Speakeasy","9p-1:30a","",""
"662","2021-11-27","Anchorage","35+ Singles Dance Club","dance","Last Cha Cha Lesson and Dance","9p-11p","",""
"663","2021-11-27","Anchorage","American Legion Spenard Post 28","music","Saturday Night Karaoke!","9p-12a","",""
"664","2021-11-27","Anchorage","The Carousel Lounge","music","Vik and Co. 3 bands!! Live Music in the heart of Spenard","9p-2a","",""
"665","2021-11-27","Anchorage","Williwaw Social","music","The 49th Supply Co. 8 Year Anniversary Party","9p-2a","",""
"666","2021-11-28","Anchorage","Koot’s","music","SIN w/ The Millennial Falcons (Service Industry Night)","10p-2a","",""
"667","2021-11-28","Anchorage","Broken Blender","community","Pies & Thighs Burlesque Brunch","11:30a-1p","",""
"668","2021-11-28","Anchorage","Valley Performing Arts (Wasilla)","music","VPA’s The Best Christmas Pageant Ever","2p-5:30p","",""
"669","2021-11-28","Anchorage","The Schwabenhof (Wasilla)","music","Schwabenhof's Sunday Live Music","4p-7p","",""
"670","2021-11-28","Anchorage","Temple Studios Community Center (Seward)","music","All Ages Open Mic w/ Tyson Davis","6p-8p","",""
"671","2021-11-28","Anchorage","Broken Blender","music","Jukebox Karaoke Roadshow","8p-11p","",""
"672","2021-11-28","Anchorage","Humpys","music","Open Mic Jam","8p-11p","",""
"673","2021-11-28","Anchorage","Mad Myrna’s","music","Mad Myrna's Karaoke!","8p-12a","",""
"674","2021-11-28","Anchorage","Van’s Dive Bar","music","Open Mic With Sara Wash Your Hands","8p-12a","",""
"675","2021-11-28","Anchorage","The Carousel Lounge","music","AK Rockstar Karaoke Sunday","8p-2a","",""
"676","2021-11-29","Anchorage","American Legion Spenard Post 28","music","Monday Night Karaoke","8p-11p","",""
"677","2021-11-29","Anchorage","Van’s Dive Bar","music","Ellie Kenealy's Monday Melodies","9:30p-12a","",""
"678","2021-11-29","Anchorage","Koot’s","music","The Monday Mic at Koots","9p-12a","",""
"679","2021-11-30","Anchorage","Organic Oasis","music","Vintage Soul","5:30p-7:30p","",""
"680","2021-11-30","Anchorage","American Legion Spenard Post 28","music","Acoustic Song Circle","6:30p-9:30p","",""
"681","2021-11-30","Anchorage","Alaska Aviation Museum","theatre","9th Army Band Playing Christmas Music","6p-6:30p","",""
"682","2021-11-30","Anchorage","Klondike Mike’s (Palmer)","music","Moondog Media Open Stage Night w/ Sabrina Speers","7p-12a","",""
"683","2021-11-30","Anchorage","First Christian Church","music","Midnight Sons Chorus Rehearsal","7p-9:30p","",""
"684","2021-11-30","Anchorage","Van’s Dive Bar","music","Tuesday Night Open Jam Hosted by Spenard Husband","8:30p-1a","",""
"685","2021-11-30","Anchorage","Seward Alehouse","music","Tyson Davis Tuesdays","8p-11p","",""
"686","2021-11-30","Anchorage","The Carousel Lounge","music","AK Rockstar Karaoke Tuesday","8p-2a","",""
"687","2021-11-30","Anchorage","The Flight Deck Bar & Lounge","music","Jukebox Karaoke Roadshow at Flight Deck","8p-2a","",""
"688","2021-11-30","Anchorage","Trophy Lounge","music","Jukebox Karaoke Roadshow","9p-1a","",""
"689","2021-11-30","Anchorage","Koot’s","music","The Eternal Cowboys","9p-2a","",""
"690","2021-12-01","Anchorage","Pioneer Bar","music","The Eternal Cowboys","10p-12a","",""
"691","2021-12-01","Anchorage","Koot’s","music","Koots Karaoke","10p-2a","",""
"692","2021-12-01","Anchorage","The Schwabenhof (Wasilla)","music","Open Mic at Schwabenhof","7:30p-11:30p","",""
"693","2021-12-01","Anchorage","907 Alehouse","music","Tyrone Palmer & Friends","7p-10p","",""
"694","2021-12-01","Anchorage","Koot’s","comedy","Comedy Open Mic","8:30p-10p","",""
"695","2021-12-01","Anchorage","Van’s Dive Bar","music","Josh and Christine Host Karaoke","8:30p-1a","",""
"696","2021-12-01","Anchorage","Humpys","music","The Vanpierres","8p-11:30p","",""
"697","2021-12-01","Anchorage","The Carousel Lounge","music","AK Rockstar Karaoke Wednesday","8p-11p","",""
"698","2021-12-01","Anchorage","Koot’s","music","KASH Country Night at Koot's w/ Ken Peltier","8p-12:30a","",""
"699","2021-12-01","Anchorage","Mad Myrna’s","music","Mad Myrna's Karaoke!","9p-12a","",""
"700","2021-12-01","Anchorage","Yukon Bar (Seward)","music","Karaoke","9p-2a","",""
"701","2021-12-04","Anchorage","Unwrapped","music","A Tinsel & Tassel Cabaret","","",""
"702","2021-12-04","Anchorage","Klondike Mike’s & the Main Street Grill (Palmer)","music","Those Guys AK","10p-2a","",""
"703","2021-12-04","Anchorage","Koot’s","music","ONYX Live In Alaska","10p-2a","",""
"704","2021-12-04","Anchorage","The Avenue Bar","music","House Party @ the Ave w/ The Guestlist","10p-3a","",""
"705","2021-12-04","Anchorage","Juneau-Douglas High School (Juneau)","music","The Nutcracker 2021","2p-3:30p & 7p-8:30p","",""
"706","2021-12-04","Anchorage","Hering Auditorium (Fairbanks)","music","The Nutcracker by North Star Ballet","2p-4p & 8p-10p","",""
"707","2021-12-04","Anchorage","Cyrano’s Playhouse","music","Killoran Productions Holiday Extravaganza","3p-5p","",""
"708","2021-12-04","Anchorage","American Legion Post 15 (Palmer)","music","Fun and Food w/ 100 Proof Karaoke","6p-11p","",""
"709","2021-12-04","Anchorage","Basement Boudoir (Fairbanks)","comedy","Winter Wonderland Drag Show","7p-11:30p","",""
"710","2021-12-04","Anchorage","35+ Singles Dance Club","dance","December Line Dance Lessons and Social Dances","7p-11p","",""
"711","2021-12-04","Anchorage","The Fraternal Order of Eagles Aerie 4207","music","Karaoke Saturday at the Eagles!","7p-12a","",""
"712","2021-12-04","Anchorage","Downtown Anchorage","music","11th Annual Twelve Days of Christmas Pub Crawl","7p-1a","",""
"713","2021-12-04","Anchorage","Moose A’la Mode","music","Drew Erickson, Bicycle Baron, & The Millennial Falcons","7p-1a","",""
"714","2021-12-04","Anchorage","Valley Performing Arts (Wasilla)","music","VPA’s The Best Christmas Pageant Ever","7p-9:30p","",""
"715","2021-12-04","Anchorage","Don Jose’s","music","Jukebox Karaoke Roadshow","8p-11p","",""
"716","2021-12-04","Anchorage","Anchorage Moose Lodge","music","Danger Money Live","8p-12a","",""
"717","2021-12-04","Anchorage","Fairview Inn (Talkeetna)","music","Bachelor Ball w/ Plan B","8p-12a","",""
"718","2021-12-04","Anchorage","Williwaw Social","music","The Prohibition Party 1933: A Repeal Day Soiree","8p-2a","",""
"719","2021-12-04","Anchorage","Broken Blender","music","Unwrapped - A Tinsel & Tassel Cabaret","8p-9:30p","",""
"720","2021-12-04","Anchorage","Humpys","music","The Vintage Retro","9:30p-1a","",""
"721","2021-12-04","Anchorage","Roundup Steakhouse & Saloon (Fairbanks)","music","Karaoke Weekends","9:30p-3a","",""
"722","2021-12-04","Anchorage","Williwaw Social","music","Ugly Sweater Party w/ Joe Brady","9p-1:30a","",""
"723","2021-12-04","Anchorage","Al’s Alaskan Inn","music","#WhereJDiggsAt","9p-12a","",""
"724","2021-12-04","Anchorage","American Legion Spenard Post 28","music","Saturday Night Karaoke!","9p-12a","",""
"725","2021-12-04","Anchorage","Van’s Dive Bar","music","Zen Trembles, Neil Robertson, and The Sunday Nights","9p-1a","",""
"726","2021-12-04","Anchorage","Koot’s","music","Local Roots in the Ice Bar","9p-2:30a","",""
"727","2021-12-05","Anchorage","Hering Auditorium (Fairbanks)","music","The Nutcracker by North Star Ballet","2p-4p","",""
"728","2021-12-05","Anchorage","Valley Performing Arts (Wasilla)","music","VPA’s The Best Christmas Pageant Ever","2p-5:30p","",""
"729","2021-12-05","Anchorage","The Schwabenhof (Wasilla)","music","Schwabenhof's Sunday Live Music","4p-7p","",""
"730","2021-12-05","Anchorage","Temple Studios Community Center (Seward)","music","All Ages Open Mic w/ Tyson Davis","6p-8p","",""
"731","2021-12-05","Anchorage","Broken Blender","music","Jukebox Karaoke Roadshow","8p-11p","",""
"732","2021-12-05","Anchorage","Humpys","music","Open Mic Jam","8p-11p","",""
"733","2021-12-05","Anchorage","Fairview Inn (Talkeetna)","music","Ukulele Russ & His One Man Frontier Band","8p-12a","",""
"734","2021-12-05","Anchorage","Mad Myrna’s","music","Mad Myrna's Karaoke!","8p-12a","",""
"735","2021-12-05","Anchorage","Van’s Dive Bar","music","Open Mic With Sara Wash Your Hands","8p-12a","",""
"736","2021-12-05","Anchorage","The Carousel Lounge","music","AK Rockstar Karaoke Sunday","8p-2a","",""
"737","2021-12-06","Anchorage","Mermaid Grotto Café & Boutique (Seward)","music","Date Night Latin Dancing","5:30p-7:30p","",""
"738","2021-12-06","Anchorage","American Legion Spenard Post 28","music","Monday Night Karaoke","8p-11p","",""
"739","2021-12-06","Anchorage","Van’s Dive Bar","music","Ellie Kenealy's Monday Melodies","9:30p-12a","",""
"740","2021-12-06","Anchorage","Koot’s","music","The Monday Mic at Koots","9p-12a","",""
"741","2021-12-07","Anchorage","Organic Oasis","music","Vintage Soul","5:30p-7:30p","",""
"742","2021-12-07","Anchorage","American Legion Spenard Post 28","music","Tuesday Open Mic at Post 28!","6:30p-9:30p","",""
"743","2021-12-07","Anchorage","Van’s Dive Bar","music","Tuesday Night Open Jam Hosted by Spenard Husband","8:30p-1a","",""
"744","2021-12-07","Anchorage","Seward Alehouse","music","Tyson Davis Tuesdays","8p-11p","",""
"745","2021-12-07","Anchorage","The Carousel Lounge","music","AK Rockstar Karaoke Tuesday","8p-2a","",""
"746","2021-12-07","Anchorage","The Flight Deck Bar & Lounge","music","Jukebox Karaoke Roadshow at Flight Deck","8p-2a","",""
"747","2021-12-07","Anchorage","Trophy Lounge","music","Jukebox Karaoke Roadshow","9p-1a","",""
"748","2021-12-07","Anchorage","Koot’s","music","The Eternal Cowboys","9p-2a","",""
"749","2021-12-08","Anchorage","Pioneer Bar","music","The Eternal Cowboys","10p-12a","",""
"750","2021-12-08","Anchorage","Koot’s","music","Koots Karaoke","10p-2a","",""
"751","2021-12-08","Anchorage","Westmark Hotel (Fairbanks)","music","Distinguished Citizens Banquet: Jerry Evans & Glenner Anderson","6p-9p","",""
"752","2021-12-08","Anchorage","The Schwabenhof (Wasilla)","music","Open Mic at Schwabenhof","7:30p-11:30p","",""
"753","2021-12-08","Anchorage","907 Alehouse","music","Tyrone Palmer & Friends","7p-10p","",""
"754","2021-12-08","Anchorage","Williwaw Social","music","Peanut Butter and Jamz w/ DJ GRE & Lloydz Noize","7p-10p","",""
"755","2021-12-08","Anchorage","Koot’s","comedy","Comedy Open Mic","8:30p-10p","",""
"756","2021-12-08","Anchorage","Van’s Dive Bar","music","Josh and Christine Host Karaoke","8:30p-1a","",""
"757","2021-12-08","Anchorage","Humpys","music","Ukulele Russ","8p-11:30p","",""
"758","2021-12-08","Anchorage","The Carousel Lounge","music","AK Rockstar Karaoke Wednesday","8p-11p","",""
"759","2021-12-08","Anchorage","Koot’s","music","KASH Country Night at Koot's w/ Ken Peltier","8p-12:30a","",""
"760","2021-12-08","Anchorage","Mad Myrna’s","music","Mad Myrna's Karaoke!","9p-12a","",""
"761","2021-12-08","Anchorage","Yukon Bar (Seward)","music","Karaoke","9p-2a","",""
"762","2022-05-25","Anchorage","Pioneer Bar","music","The Eternal Cowboys","10p-12a","",""
"763","2022-05-25","Anchorage","Anchorage Classical Ballet Academy","music","Dancing with My Dollie: Passport to Paris","4p-6p","",""
"764","2022-05-25","Anchorage","907 Alehouse","music","Tyrone Palmer & Friends","7p-10p","",""
"765","2022-05-25","Anchorage","PubHouse","music","Witty Youngman","7p-10p","",""
"766","2022-05-25","Anchorage","Schwabenhof (Wasilla)","music","Open Mic","7p-12a","",""
"767","2022-05-25","Anchorage","Van’s Dive Bar","music","The Wax Poetic w/ Nikki Now!","7p-9p","",""
"768","2022-05-25","Anchorage","Koot’s","comedy","Comedy Open Mic","8:30p-10p","",""
"769","2022-05-25","Anchorage","The Carousel Lounge","music","AK Rockstar Karaoke","8p-11p","",""
"770","2022-05-25","Anchorage","Koot’s","music","KASH Country Night at Koot's","8p-12:30a","",""
"771","2022-05-25","Anchorage","Alaskan Hotel and Bar (Juneau)","music","Karaoke Wednesdays","8p-12a","",""
"772","2022-05-25","Anchorage","The Marlin (Fairbanks)","music","Open Mic at The Marlin!","8p-2a","",""
"773","2022-05-25","Anchorage","Van’s Dive Bar","music","Karaoke w/ The Milkman and/or The Dairy Queen!","9p-12a","",""
"774","2022-05-25","Anchorage","Yukon Bar (Seward)","music","Karaoke","9p-2a","",""
"775","2022-05-26","Anchorage","Mad Myrna’s","music","Thursday Vibe DJ Covy","10p-2a","",""
"776","2022-05-26","Anchorage","The Marlin (Fairbanks)","music","Karaoke with Kellie B.!","10p-2a","",""
"777","2022-05-26","Anchorage","Koot’s","music","El Escapado, Lone Wolves, & Sideways","10p-3a","",""
"778","2022-05-26","Anchorage","Anchorage Classical Ballet Academy","music","Dancing with My Dollie: Passport to Paris","4p-6p","",""
"779","2022-05-26","Anchorage","House of Transformation","music","#TurnUpForJesus Thursday","5p-9p","",""
"780","2022-05-26","Anchorage","The Crystal Saloon (Juneau)","music","Front to Franklin Open Mic Night","7:30p-11p","",""
"781","2022-05-26","Anchorage","Goldie’s AK (Fairbanks)","music","(Open) Mic Check","7p-10p","",""
"782","2022-05-26","Anchorage","The Marlin Bar (Fairbanks)","music","The MUCKERS","7p-10p","",""
"783","2022-05-26","Anchorage","Tailgater’s Sport’s Bar & Grill (Wasilla)","music","The AKoustic Project","7p-10p","",""
"784","2022-05-26","Anchorage","Fairview Inn (Talkeetna)","music","Kayti & Cami","7p-1a","",""
"785","2022-05-26","Anchorage","Georgeson Botanical Garden (Fairbanks)","music","Music in the Garden","7p-8p","",""
"786","2022-05-26","Anchorage","Cyrano’s Theatre","dance","The Mommy Dance","7p-9p","",""
"787","2022-05-26","Anchorage","Spoonline (Girdwood)","music","Appalaskan Jess “Rare Bird” Single Release Party","7p-9p","",""
"788","2022-05-26","Anchorage","Van’s Dive Bar","music","Dead Night @ Van's w/The Lightning Will","8:45p-12a","",""
"789","2022-05-26","Anchorage","Bear Tooth Theatrepub & Grill","music","Parlor in the Round w/ Jamie Whiteman, Candice Ivory, & Mikey Kehr","8p-10p","",""
"790","2022-05-26","Anchorage","Bear Paw Bar & Grill","music","The Jukebox Karaoke Roadshow Pop-up","8p-11p","",""
"791","2022-05-26","Anchorage","Flattop Pizza & Pool","music","Jukebox Karaoke Roadshow","8p-11p","",""
"792","2022-05-26","Anchorage","Garcia’s Cantina & Café (Eagle River)","music","Glacier Hoppers","8p-11p","",""
"793","2022-05-26","Anchorage","Williwaw Social","music","The Eternal Cowboys Rock the Roof","8p-11p","",""
"794","2022-05-26","Anchorage","Klondike Mike’s & the Main Street Grill (Palmer)","music","Open Mic Night","8p-12a","",""
"795","2022-05-26","Anchorage","Mad Myrna’s","comedy","Mad Myrna's Comedy Showcase","9p-11p","",""
"796","2022-05-26","Anchorage","The Alaskan Hotel & Bar (Juneau)","music","Front to Franklin Open Mic Night","9p-1a","",""
"797","2022-05-27","Anchorage","Mug-Shot Saloon (Wasilla)","music","Glacier Hoppers 80's Birthday Bash","10p-2:30a","",""
"798","2022-05-27","Anchorage","The Crystal Saloon (Juneau)","dance","The Knight Show Dance Party","10p-2a","",""
"799","2022-05-27","Anchorage","2712 Drafthouse (Fairbanks)","music","DJ Manny’s Memorial Weekend: NIGHTLIFE EDITION","10p-3a","",""
"800","2022-05-27","Anchorage","Boots Bison Ranch (Trapper Creek)","festival","Trapper Creek Bluegrass Festival","12p-12a","",""
"801","2022-05-27","Anchorage","Organic Oasis","music","John Damberg Jazz Piano Fridays","5:30p-7:30p","",""
"802","2022-05-27","Anchorage","American Legion Post 15 (Palmer)","music","Friday Night Feast w/ 100 Proof Karaoke","5:30p-9p","",""
"803","2022-05-27","Anchorage","Birch Books (Wasilla)","music","Open Mic Night","5p-7p","",""
"804","2022-05-27","Anchorage","The Nave Spenard","music","Spenard Song Circle w/ Emma Hill, Nelson Kempf, & Thomas Moore","6:30p-9p","",""
"805","2022-05-27","Anchorage","American Legion Spenard Post 28","music","Acoustic Steak Night with Uncle Jim, the EastSide Balladeer!","6p-8p","",""
"806","2022-05-27","Anchorage","Palmer Alehouse (Palmer)","music","Zero Miles to Empty live","7p-10p","",""
"807","2022-05-27","Anchorage","PubHouse","music","Witty Youngman","7p-10p","",""
"808","2022-05-27","Anchorage","Creekbend Company (Hope)","music","The Jangle Bees","7p-11p","",""
"809","2022-05-27","Anchorage","Floaters (Big Lake)","music","Open Mic Night","7p-12a","",""
"810","2022-05-27","Anchorage","The Fraternal Order of Eagles Aerie 4207","music","Karaoke Friday at the Eagles!","7p-12a","",""
"811","2022-05-27","Anchorage","Fairview Inn (Talkeetna)","music","Ukulele Russ","7p-1a","",""
"812","2022-05-27","Anchorage","Cyrano’s Theatre","dance","The Mommy Dance","7p-9p","",""
"813","2022-05-27","Anchorage","The Gaslight Bar","music","Jukebox Karaoke Roadshow","8p-11p","",""
"814","2022-05-27","Anchorage","Goldie’s AK (Fairbanks)","music","TGIF: Piss Denim","8p-11p","",""
"815","2022-05-27","Anchorage","Serrano’s Mexican Grill","music","DJ The Guestlist","8p-11p","",""
"816","2022-05-27","Anchorage","Williwaw Social","dance","Pop vs House Dance Party w/ Fan Service","9:30p-2a","",""
"817","2022-05-27","Anchorage","Yukon Bar (Seward)","music","Matt Hopper and the Roman Candles","9p-1:30a","",""
"818","2022-05-27","Anchorage","Dave & Busters","music","Jukebox Karaoke Roadshow","9p-12a","",""
"819","2022-05-27","Anchorage","The Marlin Bar (Fairbanks)","music","The MUCKERS","9p-12a","",""
"820","2022-05-27","Anchorage","Van’s Dive Bar","music","Casey Smith Project LIVE","9p-1a","",""
"821","2022-05-28","Anchorage","Mug-Shot Saloon (Wasilla)","music","Glacier Hoppers","10p-2:30a","",""
"822","2022-05-28","Anchorage","Sunrise Inn (Cooper Landing)","festival","Sunrise Music Festival","12p-10p","",""
"823","2022-05-28","Anchorage","Boots Bison Ranch (Trapper Creek)","festival","Trapper Creek Bluegrass Festival","12p-12a","",""
"824","2022-05-28","Anchorage","203 Kombucha (Palmer)","music","Matanuska Beat and Palmer Percussion Trio","3p-4p","",""
"825","2022-05-28","Anchorage","Peratrovich Park (Anchorage)","music","Downtown Jazz in the Park","4p-6p","",""
"826","2022-05-28","Anchorage","Hatcher Pass Lodge","music","Zero Miles to Empty","4p-7p","",""
"827","2022-05-28","Anchorage","Thunder Mountain High School","music","Three Men and A Sword","7:30p-9p","",""
"828","2022-05-28","Anchorage","Palmer Alehouse (Palmer)","music","Nervis Rex LIVE","7p-10p","",""
"829","2022-05-28","Anchorage","Carpenter’s Hall","dance","Saturday Night Social Dance","7p-11p","",""
"830","2022-05-28","Anchorage","Creekbend Company (Hope)","music","The Jangle Bees","7p-11p","",""
"831","2022-05-28","Anchorage","The Fraternal Order of Eagles # 4174 Chugiak)","music","Karaoke","7p-11p","",""
"832","2022-05-28","Anchorage","Goldie’s AK (Fairbanks)","music","Emily Anderson Album Release Show","7p-11p","",""
"833","2022-05-28","Anchorage","Schwabenhof (Wasilla)","music","Braided River Live","7p-11p","",""
"834","2022-05-28","Anchorage","Fairview Inn (Talkeetna)","music","HarpDaddy","7p-1a","",""
"835","2022-05-28","Anchorage","Sitka Performing Arts Center (Sitka)","music","Ted Vigil Tribute to John Denver","7p-9p","",""
"836","2022-05-28","Anchorage","The Gaslight Bar","music","Jukebox Karaoke Roadshow","8p-11p","",""
"837","2022-05-28","Anchorage","Serrano’s Mexican Grill","music","Regina & Will","8p-11p","",""
"838","2022-05-28","Anchorage","Broken Blender","music","Tony Gebhard live","8p-12a","",""
"839","2022-05-28","Anchorage","Williwaw Social","music","Travis Thompson Concert","8p-12a","",""
"840","2022-05-28","Anchorage","Broken Blender","music","Sassy Saturdays Live Cabaret","8p-9:30p","",""
"841","2022-05-28","Anchorage","Yukon Bar (Seward)","music","Matt Hopper and the Roman Candles","9p-1:30a","",""
"842","2022-05-28","Anchorage","Mad Myrna’s","music","Night of 1,000 Gowns","9p-11:30p","",""
"843","2022-05-28","Anchorage","Kenai Joe’s Taphouse (Kenai)","music","Hot Mess","9p-12a","",""
"844","2022-05-28","Anchorage","Koot’s","music","Lions From Lambs Album Release Party","9p-1a","",""
"845","2022-05-28","Anchorage","Van’s Dive Bar","music","Sideways, Lilac, & Lizzie Guillot","9p-1a","",""
"846","2022-05-29","Anchorage","Sunrise Inn (Cooper Landing)","festival","Sunrise Music Festival","12p-10p","",""
"847","2022-05-29","Anchorage","Boots Bison Ranch (Trapper Creek)","festival","Trapper Creek Bluegrass Festival","12p-12a","",""
"848","2022-05-29","Anchorage","Juneau Arts & Culture Center","music","Juneau Piano Series w/ Anson Sin","3p-4:30p","",""
"849","2022-05-29","Anchorage","Cyrano’s Theatre","dance","The Mommy Dance","3p-5p","",""
"850","2022-05-29","Anchorage","KONR 106.1 FM","music","Beat Roots Alaska Summer '22 w/ Myndgruv","3p-5p","",""
"851","2022-05-29","Anchorage","Fairview Inn (Talkeetna)","music","Lauren Crosby","4p-6p","",""
"852","2022-05-29","Anchorage","The Marlin (Fairbanks)","music","Sunday Night Karaoke!","6p-12a","",""
"853","2022-05-29","Anchorage","907 Alehouse","music","The Star of Alaska Karaoke Tournament","6p-9p","",""
"854","2022-05-29","Anchorage","Koot’s","comedy","Comedy Open Mic","8:30p-10p","",""
"855","2022-05-29","Anchorage","Humpys","music","Open Mic Jam","8p-11p","",""
"856","2022-05-29","Anchorage","Van’s Dive Bar","music","Open Mic! Overlorded by Wash Your Hands","8p-12a","",""
"857","2022-05-29","Anchorage","The Carousel Lounge","music","AK Rockstar Karaoke Sunday","8p-2a","",""
"858","2022-05-29","Anchorage","Broken Blender","community","Tulips & Tassels Burlesque Brunch","8p-9:30p","",""
"859","2022-05-29","Anchorage","Mad Myrna’s","music","Karaoke","9p-12a","",""
"860","2022-05-29","Anchorage","Yukon Bar (Seward)","music","The Jerry and Andy Show!","9p-12a","",""
"861","2022-05-30","Anchorage","Boots Bison Ranch (Trapper Creek)","festival","Trapper Creek Bluegrass Festival","12p-3p","",""
"862","2022-05-30","Anchorage","Fairview Inn (Talkeetna)","music","Triple Black Diamonds","7p-1a","",""
"863","2022-05-30","Anchorage","Yukon Bar (Seward)","music","Open Jam w/ Ben Sayers","8:30p-12a","",""
"864","2022-05-30","Anchorage","Van’s Dive Bar","comedy","Comedy Open Mic","8:30p-9:30p","",""
"865","2022-05-30","Anchorage","Van’s Dive Bar","music","Mull Over Mondays w/ Ellie Kenealy","9:30p-12a","",""
"866","2022-05-30","Anchorage","Koot’s","music","The Monday Mic at Koots","9p-12a","",""
"867","2022-05-31","Anchorage","Koot’s","music","The Eternal Cowboys","10p-12a","",""
"868","2022-05-31","Anchorage","Organic Oasis","music","Turnagain Blue","5:30p-7:30p","",""
"869","2022-05-31","Anchorage","American Legion Spenard Post 28","music","Unplugged-Acoustic Song Circle","6:30p-9:30p","",""
"870","2022-05-31","Anchorage","Klondike Mike’s & the Main Street Grill (Palmer)","music","The Open Stage","7p-10p","",""
"871","2022-05-31","Anchorage","Fairview Inn (Talkeetna)","music","Open Mic w/ Andy Mullen","7p-1a","",""
"872","2022-05-31","Anchorage","The Carousel Lounge","music","AK Rockstar Karaoke","8p-2a","",""
"873","2022-05-31","Anchorage","Van’s Dive Bar","music","Open Jam with Spenard Husband","9p-12a","",""
"874","2022-05-31","Anchorage","Trophy Lounge","music","Jukebox Karaoke Roadshow","9p-1a","",""
"875","2022-06-01","Anchorage","Pioneer Bar","music","The Eternal Cowboys","10p-12a","",""
"876","2022-06-01","Anchorage","Peratrovich Park (Anchorage)","music","Music in the Park: Tyson Alteri","12p-1p","",""
"877","2022-06-01","Anchorage","Soldotna Creek Park","music","Medimu Build, Nelson Kempf, & Keeley Boyle","6p-9p","",""
"878","2022-06-01","Anchorage","907 Alehouse","music","Tyrone Palmer & Friends","7p-10p","",""
"879","2022-06-01","Anchorage","Van’s Dive Bar","music","The Wax Poetic w/ Nikki Now!","7p-9p","",""
"880","2022-06-01","Anchorage","Alaskan Hotel and Bar (Juneau)","music","Karaoke Wednesdays","8p-12a","",""
"881","2022-06-01","Anchorage","The Marlin (Fairbanks)","music","Open Mic at The Marlin!","8p-2a","",""
"882","2022-06-01","Anchorage","Mad Myrna’s","music","Karaoke","9p-12a","",""
"883","2022-06-11","Anchorage","Anchorage Town Square","dance","Irish Dance Academy of Alaska","1:30p-2:30p","",""
"884","2022-06-11","Anchorage","Soldotna Creek Park (Kenai)","festival","Kenai River Festival","11a-10p","",""
"885","2022-06-11","Anchorage","Arctic Rec Center","music","907 Pro Wrestling: Arisen","3p-6p","",""
"886","2022-06-11","Anchorage","Peratrovich Park (Anchorage)","music","Downtown Jazz in the Park: Mark Manners, JD, Dirk-ok, Bob Arms, Pat Owen","4p-6p","",""
"887","2022-06-11","Anchorage","Williwaw Social","dance","Bonnaroo vs Firefly Summer Dance Party w/ Fan Service","5p-10:30p","",""
"888","2022-06-11","Anchorage","Matanuska Brewing (Eagle River)","music","Candlebox","6p-10p","",""
"889","2022-06-11","Anchorage","American Legion Post 15 (Palmer)","music","Fun and Food w/ 100 Proof Karaoke","6p-11p","",""
"890","2022-06-11","Anchorage","UAA Recital Hall","music","Joseph C. Phillips, Jr. Composer Portrait Concert","7:30p-9p","",""
"891","2022-06-11","Anchorage","Mountain High Pizza Pie (Talkeetna)","music","John Cook","7p-10p","",""
"892","2022-06-11","Anchorage","Palmer Alehouse (Palmer)","music","The Ken Peltier Band","7p-10p","",""
"893","2022-06-11","Anchorage","Schwabenhof (Wasilla)","music","Ukulele Russ!","7p-11p","",""
"894","2022-06-11","Anchorage","The Seaview Café (Hope)","music","Jimmy Sandy","7p-11p","",""
"895","2022-06-11","Anchorage","Alaska Cannabis Exchange","music","Radiance w/ Posterchild, Quinoa, The Guest List, D. Church, & Rachel Monae","7p-1a","",""
"896","2022-06-11","Anchorage","Koot’s","music","Comedian Joe Bartnick","7p-9p & 9:30p-11p","",""
"897","2022-06-11","Anchorage","Juneau-Douglas High School (Juneau)","music","Juneau Symphony: Night at the Oscars","8p-10p","",""
"898","2022-06-11","Anchorage","Cafecito Bonito","music","Lilac w/ Sample Text","8p-11p","",""
"899","2022-06-11","Anchorage","Serrano’s Mexican Grill","music","Hwy9 Acoustic","8p-11p","",""
"900","2022-06-11","Anchorage","Williwaw Social","dance","Reggae Dance Party with H3","8p-11p","",""
"901","2022-06-11","Anchorage","Broken Blender","music","Tony Gebhard live","8p-12a","",""
"902","2022-06-11","Anchorage","Broken Blender","dance","Forbidden Desires, Episode 147: Three Way Tango","8p-9:30p","",""
"903","2022-06-11","Anchorage","Humpy’s","music","Zen Trembles","9:30p-1:30a","",""
"904","2022-06-11","Anchorage","Roundup Steakhouse & Saloon (Fairbanks)","music","Round Up Karaoke Weekend Nights!","9:30p-2a","",""
"905","2022-06-11","Anchorage","Yukon Bar (Seward)","music","UKULELE RUSS & HIS ONE MAN FRONTIER BAND","9p-1:30a","",""
"906","2022-06-12","Anchorage","Soldotna Creek Park (Kenai)","festival","Kenai River Festival","11a-4p","",""
"907","2022-06-12","Anchorage","Kenai Senior Citizen’s Center (Kenai)","music","Anchorage Bowl Chamber Orchestra","2p-4:30p","",""
"908","2022-06-12","Anchorage","Raven Bar","dance","Pride Kickoff BBQ and Tea Dance w/ DJ Mike Mason","2p-8p","",""
"909","2022-06-12","Anchorage","Juneau-Douglas High School (Juneau)","music","Juneau Symphony: Night at the Oscars","3p-5p","",""
"910","2022-06-12","Anchorage","Mountain High Pizza Pie (Talkeetna)","music","Steve Durr","5p-8p","",""
"911","2022-06-12","Anchorage","The Marlin (Fairbanks)","music","Sunday Night Karaoke!","6p-12a","",""
"912","2022-06-12","Anchorage","The Creek Street Cabaret (Ketchikan)","music","Sunday Open Mic","6p-9p","",""
"913","2022-06-12","Anchorage","International Hotel and Bar (Fairbanks)","music","Cold Country Bluegrass","7p-9p","",""
"914","2022-06-12","Anchorage","Koot’s","comedy","Comedy Open Mic","8:30p-10p","",""
"915","2022-06-12","Anchorage","Humpys","music","Open Mic Jam","8p-11p","",""
"916","2022-06-12","Anchorage","Williwaw Social","community","Sunny Side Pride! DRAG BRUNCH at Williwaw!","8p-11p","",""
"917","2022-06-12","Anchorage","Van’s Dive Bar","music","Open Mic! Overlorded by Wash Your Hands","8p-12a","",""
"918","2022-06-12","Anchorage","The Carousel Lounge","music","AK Rockstar Karaoke Sunday","8p-2a","",""
"919","2022-06-12","Anchorage","Yukon Bar (Seward)","music","UKULELE RUSS & HIS ONE MAN FRONTIER BAND","9p-1:30a","",""
"920","2022-06-12","Anchorage","Mad Myrna’s","music","Karaoke","9p-12a","",""
"921","2022-06-13","Anchorage","Peratrovich Park (Anchorage)","music","Music for Little Ones w/ The Timbre Music Band","12p-1p","",""
"922","2022-06-13","Anchorage","Yukon Bar (Seward)","music","Open Jam w/ Ben Sayers","8:30p-12a","",""
"923","2022-06-13","Anchorage","Van’s Dive Bar","comedy","Comedy Open Mic","8:30p-9:30p","",""
"924","2022-06-13","Anchorage","Van’s Dive Bar","music","Mull Over Mondays w/ Ellie Kenealy","9:30p-12a","",""
"925","2022-06-13","Anchorage","Koot’s","music","The Monday Mic at Koots","9p-12a","",""
"926","2022-06-14","Anchorage","Koot’s","music","The Eternal Cowboys","10p-12a","",""
"927","2022-06-14","Anchorage","Anchorage Museum","music","Danger & Diva","11:30p-12:30p","",""
"928","2022-06-14","Anchorage","Organic Oasis","music","Turnagain Blue","5:30p-7:30p","",""
"929","2022-06-14","Anchorage","American Legion Spenard Post 28","music","Taco Tuesday Open Mic w/Rousted By Bulls!","6:30p-9:30p","",""
"930","2022-06-14","Anchorage","Klondike Mike’s & the Main Street Grill (Palmer)","music","The Open Stage","7p-10p","",""
"931","2022-06-14","Anchorage","Fairview Inn (Talkeetna)","music","Open Mic w/ Andy Mullen","7p-1a","",""
"932","2022-06-14","Anchorage","The Creek Street Cabaret (Ketchikan)","music","Summer SLAM!","7p-9p","",""
"933","2022-06-14","Anchorage","The Carousel Lounge","music","AK Rockstar Karaoke","8p-2a","",""
"934","2022-06-14","Anchorage","Trophy Lounge","music","Jukebox Karaoke Roadshow","9p-1a","",""
"935","2022-06-15","Anchorage","Pioneer Bar","music","The Eternal Cowboys","10p-12a","",""
"936","2022-06-15","Anchorage","Peratrovich Park (Anchorage)","music","Turnagain Blues","12p-1p","",""
"937","2022-06-15","Anchorage","Soldotna Creek Park","music","FIVE LETTER WORD with Kelsey Shields","6p-9p","",""
"938","2022-06-15","Anchorage","Sportsman’s Bar (Whittier)","music","Summer Wednesdays w/Hwy9!","6p-9p","",""
"939","2022-06-15","Anchorage","907 Alehouse","music","Tyrone Palmer & Friends","7p-10p","",""
"940","2022-06-15","Anchorage","PubHouse","music","Witty Youngman","7p-10p","",""
"941","2022-06-15","Anchorage","Schwabenhof (Wasilla)","music","Open Mic","7p-12a","",""
"942","2022-06-15","Anchorage","Running Reindeer Ranch (Fairbanks)","music","Music with Reindeer","7p-8p","",""
"943","2022-06-15","Anchorage","Koot’s","comedy","Comedy Open Mic","8:30p-10p","",""
"944","2022-06-15","Anchorage","Humpy’s","music","Jared Woods","8:30p-12:30a","",""
"945","2022-06-15","Anchorage","The Carousel Lounge","music","AK Rockstar Karaoke","8p-11p","",""
"946","2022-06-15","Anchorage","Koot’s","music","KASH Country Night at Koot's","8p-12:30a","",""
"947","2022-06-15","Anchorage","Alaskan Hotel and Bar (Juneau)","music","Karaoke Wednesdays","8p-12a","",""
"948","2022-06-15","Anchorage","The Marlin (Fairbanks)","music","Open Mic at The Marlin!","8p-2a","",""
"949","2022-06-15","Anchorage","Eddie’s Sports Bar","music","Jukebox Karaoke Roadshow","9p-12a","",""
"950","2022-06-15","Anchorage","Mad Myrna’s","music","Karaoke","9p-12a","",""
"951","2022-06-15","Anchorage","Van’s Dive Bar","music","Karaoke w/ The Milkman and/or The Dairy Queen!","9p-12a","",""
"952","2022-06-15","Anchorage","Yukon Bar (Seward)","music","Karaoke","9p-2a","",""
"953","2022-08-15","Anchorage","Crow Creek Mine (Girdwood)","music","Larry Zarella","6p-8:30p","",""
"954","2022-08-15","Anchorage","Glacier Valley Church of God (Juneau)","music","Music Practice","7p-8:30p","",""
"955","2022-08-15","Anchorage","Spoonline (Girdwood)","music","Jim Lewin & Diana Z","7p-9p","",""
"956","2022-08-15","Anchorage","Van’s Dive Bar","music","Nikki Now","9:30p-12a","",""
"957","2022-08-15","Anchorage","Koot’s","music","The Monday Mic at Koots","9p-12a","",""
"958","2022-08-16","Anchorage","Fairview Inn (Talkeetna)","music","Open Mic w/ Andy Mullen 7p-","","",""
"959","2022-08-16","Anchorage","Koot’s","music","The Eternal Cowboys","10p-12a","",""
"960","2022-08-16","Anchorage","Anchorage Museum","music","Lunch on the Lawn: Fox in the Henhouse","11:30a-1:30p","",""
"961","2022-08-16","Anchorage","American Legion Spenard Post 28","music","Taco Tuesday Open Mic w/Gary Stedman!","6:30p-9:30p","",""
"962","2022-08-16","Anchorage","Klondike Mike’s & the Main Street Grill (Palmer)","music","The Open Stage","7p-10p","",""
"963","2022-08-16","Anchorage","Humpy’s","music","Will Johnson","8:30p-12:30a","",""
"964","2022-08-16","Anchorage","Cantwell Lodge (Cantwell)","music","Live Music w/ Cami from Miami","8p-12a","",""
"965","2022-08-16","Anchorage","The Carousel Lounge","music","AK Rockstar Karaoke","8p-2a","",""
"966","2022-08-16","Anchorage","Van’s Dive Bar","music","OPEN JAM w/ Daylight Mike","9p-12a","",""
"967","2022-08-16","Anchorage","Trophy Lounge","music","Jukebox Karaoke Roadshow","9p-1a","",""
"968","2022-08-17","Anchorage","Pioneer Bar","music","The Eternal Cowboys","10p-12a","",""
"969","2022-08-17","Anchorage","Soldotna Creek Park (Soldotna)","music","DEREK POPPIN BAND w/ Sue Biggs and Jack Will","6p-9p","",""
"970","2022-08-17","Anchorage","PubHouse","music","Witty Youngman","7p-10p","",""
"971","2022-08-17","Anchorage","Koot’s","music","KASH Country Night at Koot's","7p-11:30p","",""
"972","2022-08-17","Anchorage","Schwabenhof (Wasilla)","music","Open Mic","7p-12a","",""
"973","2022-08-17","Anchorage","Koot’s","comedy","Comedy Open Mic","8:30p-10p","",""
"974","2022-08-17","Anchorage","Humpy’s","music","Lisa Lisa & That Guy","8:30p-12:30a","",""
"975","2022-08-17","Anchorage","The Carousel Lounge","music","AK Rockstar Karaoke","8p-11p","",""
"976","2022-08-17","Anchorage","Alaskan Hotel and Bar (Juneau)","music","Karaoke Wednesdays","8p-12a","",""
"977","2022-08-17","Anchorage","Panorama Pizza Pub (Cantwell)","music","Karaoke at Panorama Pizza Pub","8p-1a","",""
"978","2022-08-17","Anchorage","The Marlin (Fairbanks)","music","Open Mic at The Marlin!","8p-2a","",""
"979","2022-08-17","Anchorage","Eddie’s Sports Bar","music","Jukebox Karaoke Roadshow","9p-12a","",""
"980","2022-08-17","Anchorage","Mad Myrna’s","music","Karaoke","9p-12a","",""
"981","2022-08-17","Anchorage","Van’s Dive Bar","music","Karaoke w/ The Milkman and/or The Dairy Queen!","9p-12a","",""
"982","2022-08-17","Anchorage","Yukon Bar (Seward)","music","Karaoke","9p-2a","",""
"983","2022-10-01","Anchorage","Oktoberfest","music","Family-Friendly Fall Fundraiser","","",""
"984","2022-10-01","Anchorage","Koot’s","music","Velvet La La Live","10p-2:45a","",""
"985","2022-10-01","Anchorage","Klondike Mike’s & the Main Street Grill","music","Glacier Hoppers","10p-2a","",""
"986","2022-10-01","Anchorage","The Maverick Saloon (Soldotna)","music","Hot Mess","10p-2a","",""
"987","2022-10-01","Anchorage","The Crowbar","music","DJ Manny’s Annual Purge COSTUMED EVENT","10p-3a","",""
"988","2022-10-01","Anchorage","Hilltop Ski Area","festival","Oktoberfest - Family-Friendly Fall Fundraiser","12p-8p","",""
"989","2022-10-01","Anchorage","UAF Brooks Building (Fairbanks)","dance","Iñu-Yupiaq Dance Group","4p-6p","",""
"990","2022-10-01","Anchorage","Anchorage Museum","music","Free Hispanic Heritage Month Celebration","6:30p-7:30p","",""
"991","2022-10-01","Anchorage","The Crystal Saloon (Juneau)","music","Beer. Brats. Brandenburgs.","6p-10p","",""
"992","2022-10-01","Anchorage","Alaska Hotel and Bar (Juneau)","community","QTLY MILK RUN with HOWIE & DAN","7p-10:30p","",""
"993","2022-10-01","Anchorage","American Legion Post 15 (Palmer)","music","100 Proof Karaoke","7p-10p","",""
"994","2022-10-01","Anchorage","Egan Convention Center","music","Wrestle Pro Alaska: The Calm Before the Storm","7p-10p","",""
"995","2022-10-01","Anchorage","Koot’s","music","Viva Spenard 10","7p-10p","",""
"996","2022-10-01","Anchorage","Valley Performing Arts (Wasilla)","comedy","DEARLY DEPARTED: A Comedy","7p-10p","",""
"997","2022-10-01","Anchorage","Williwaw Social","music","3OH!3 live at Williwaw Social!","7p-10p","",""
"998","2022-10-01","Anchorage","Anchorage Social Dance Club","dance","Oktoberfest Dance","7p-11p","",""
"999","2022-10-01","Anchorage","Palmer Train Depot (Palmer)","music","Emo Night w/ Sideways & Millennial Falcons","7p-11p","",""
"1000","2022-10-01","Anchorage","Alaska Center for the Performing Arts","music","Mari Black in concert","7p-9:30p","",""
"1001","2022-10-01","Anchorage","Koot’s","music","Comedian Kevin Farley","7p-9p & 9:30p-11p","",""
"1002","2022-10-01","Anchorage","The Gaslight Bar","music","The Jukebox Karaoke Roadshow","8p-11p","",""
"1003","2022-10-01","Anchorage","Anchorage Moose Lodge","music","Zen Trembles Live","8p-12a","",""
"1004","2022-10-01","Anchorage","The Catch Restaurant & Bar (Soldotna)","music","Country Music w/ Virgil Lee Gattenby","8p-12a","",""
"1005","2022-10-01","Anchorage","Don Jose’s Mexican Restaurant","music","Jukebox Karaoke Roadshow","8p-12a","",""
"1006","2022-10-01","Anchorage","Hightower Pub (Girdwood)","festival","HarpDaddy Unraveled Oktoberfesting","8p-12a","",""
"1007","2022-10-01","Anchorage","The Broken Blender","music","Sweet Cheeks Cabaret: Wenches and Wrenches","8p-9:30p","",""
"1008","2022-10-01","Anchorage","The Howling Dog Saloon (Fairbanks)","festival","Shaggtoberfest","9:30p-12a","",""
"1009","2022-10-01","Anchorage","Roundup Steakhouse & Saloon (Fairbanks)","music","Round Up Karaoke Weekend Nights!","9:30p-2a","",""
"1010","2022-10-01","Anchorage","Mad Myrna’s","music","Mad Myrna's Diva Variety Show","9p-11:30p","",""
"1011","2022-10-01","Anchorage","Van’s Dive Bar","music","The River Livers","9p-12a","",""
"1012","2022-10-02","Anchorage","Pioneer Bar","music","Industry Night w/ Joe Brady","10p-2a","",""
"1013","2022-10-02","Anchorage","Valley Performing Arts (Wasilla)","comedy","DEARLY DEPARTED: A Comedy","2p-5p","",""
"1014","2022-10-02","Anchorage","Anchorage Festival of Music","music","From the Quills of Babes….","4p-6p","",""
"1015","2022-10-02","Anchorage","The Church of Jesus Christ of Latter Day Saints (Wasilla)","music","Soloist Auditions","5p-8p","",""
"1016","2022-10-02","Anchorage","Koot’s","comedy","Comedy Open Mic","8:30p-10p","",""
"1017","2022-10-02","Anchorage","The Carousel Lounge","music","AK Rockstar Karaoke Sunday","8p -2a","",""
"1018","2022-10-02","Anchorage","Humpys","music","Open Mic Jam","8p-11p","",""
"1019","2022-10-02","Anchorage","Van’s Dive Bar","music","Open Mic! Overlorded by Wash Your Hands","8p-12a","",""
"1020","2022-10-02","Anchorage","Mad Myrna’s","music","Karaoke","9p-12a","",""
"1021","2022-10-03","Anchorage","The Crowbar (Fairbanks)","music","Karaoke Night","8p-12a","",""
"1022","2022-10-03","Anchorage","Van’s Dive Bar","music","Mellow Mondays w/ Nikki Now","9:30p-12a","",""
"1023","2022-10-03","Anchorage","Koot’s","music","The Monday Mic at Koots","9p-12a","",""
"1024","2022-10-04","Anchorage","Koot’s","music","The Eternal Cowboys","10p-12a","",""
"1025","2022-10-04","Anchorage","Organic Oasis","music","Williwaw Blue","5:30p-7:30p","",""
"1026","2022-10-04","Anchorage","American Legion Spenard Post 28","music","Taco Tuesday Open Mic w/Uncle Jim!","6:30p-9:30p","",""
"1027","2022-10-04","Anchorage","International Hotel and Bar (Fairbanks)","comedy","Comedy Night","7p-10p","",""
"1028","2022-10-04","Anchorage","Klondike Mike’s & the Main Street Grill (Palmer)","music","The Open Stage","7p-10p","",""
"1029","2022-10-04","Anchorage","The Carousel Lounge","music","AK Rockstar Karaoke","8p-2a","",""
"1030","2022-10-04","Anchorage","Van’s Dive Bar","music","OPEN JAM w/ Daylight Mike","9p-12a","",""
"1031","2022-10-04","Anchorage","Trophy Lounge","music","Jukebox Karaoke Roadshow","9p-1a","",""
"1032","2022-10-04","Anchorage","Yukon Bar (Seward)","music","Karaoke","9p-2a","",""
"1033","2022-10-05","Anchorage","Pioneer Bar","music","The Eternal Cowboys","10p-12a","",""
"1034","2022-10-05","Anchorage","PubHouse","music","Witty Youngman","7p-10p","",""
"1035","2022-10-05","Anchorage","Schwabenhof (Wasilla)","music","Open Mic","7p-12a","",""
"1036","2022-10-05","Anchorage","North Pole Alehouse (North Pole)","comedy","Wednesday Comedy w/ Jimmy Shubert","7p-9p","",""
"1037","2022-10-05","Anchorage","Koot’s","comedy","Comedy Open Mic","8:30p-10p","",""
"1038","2022-10-05","Anchorage","The Carousel Lounge","music","AK Rockstar Karaoke","8p-11p","",""
"1039","2022-10-05","Anchorage","Alaskan Hotel and Bar (Juneau)","music","Karaoke Wednesdays","8p-12a","",""
"1040","2022-10-05","Anchorage","Koot’s","music","Country Night with DJ Lefty","8p-12a","",""
"1041","2022-10-05","Anchorage","The Marlin (Fairbanks)","music","Open Mic at The Marlin!","8p-2a","",""
"1042","2022-10-05","Anchorage","Eddie’s Sports Bar","music","Jukebox Karaoke Roadshow","9p-12a","",""
"1043","2022-10-05","Anchorage","Mad Myrna’s","music","Karaoke","9p-12a","",""
"1044","2022-10-05","Anchorage","Van’s Dive Bar","music","Karaoke w/ The Milkman and/or The Dairy Queen!","9p-12a","",""
"1045","2022-10-05","Anchorage","Yukon Bar (Seward)","music","Karaoke","9p-2a","",""
"1046","2023-01-26","Anchorage","Lil Babe’s Cocktail Lounge","music","Karaoke 8pm","12a","",""
"1047","2023-01-26","Anchorage","UAF Charles Davis Hall (Fairbanks)","music","Past, Present, & Future of Alaska Native Music","1p-2p","",""
"1048","2023-01-26","Anchorage","Hearth Artisan Pizza","dance","Music Workshop w/ Laura Cortese & the Dance Cards","3p-5","",""
"1049","2023-01-26","Anchorage","Bartlett High School","music","All City Band and Orchestra Auditions","4p-6:30p","",""
"1050","2023-01-26","Anchorage","The Workshop","community","Community NARCAN Training Course","5:30p-6:30p","",""
"1051","2023-01-26","Anchorage","Sullivan’s Steakhouse","music","Live Music from Melissa ""Jazzmom"" Fischer","5:30p-8:30p","",""
"1052","2023-01-26","Anchorage","Fairbanks Ice Art Park (Fairbanks)","music","Dancing Lights Trail","5p-9p","",""
"1053","2023-01-26","Anchorage","Anchorage Museum","music","Museum After Dark","6:30p-9:30p","",""
"1054","2023-01-26","Anchorage","Humpy’s","music","Rick Brooks","7:30p-11p","",""
"1055","2023-01-26","Anchorage","Flattop Pizza & Pasta","music","Jared Woods","7p-10p","",""
"1056","2023-01-26","Anchorage","Guido’s Pizza","music","Community Jam","7p-10p","",""
"1057","2023-01-26","Anchorage","Tailgater’s Sport’s Bar & Grill (Wasilla)","music","The AKoustic Project","7p-10p","",""
"1058","2023-01-26","Anchorage","Garcia’s (Eagle River)","music","Will Johnson","8p-11p","",""
"1059","2023-01-26","Anchorage","The Marlin Bar (Fairbanks)","music","Open Mic Night","8p-11p","",""
"1060","2023-01-26","Anchorage","The Peanut Farm","music","The Jukebox Karaoke","8p-11p","",""
"1061","2023-01-26","Anchorage","4 Royle Parkers (Soldotna)","music","Open Mic w/ Cody Kniceley","8p-12a","",""
"1062","2023-01-26","Anchorage","The Carousel Lounge","music","AK Rockstar Karaoke","8p-2a","",""
"1063","2023-01-26","Anchorage","Van’s Dive Bar","music","Bluegrass is Back!","9p-12a","",""
"1064","2023-01-26","Anchorage","Williwaw Social","music","Local Acoustic Showcase feat: Nicholas Holiday & Ukulele Russ","9p-12a","",""
"1065","2023-01-26","Anchorage","Koot’s","music","Open Decks","9p-2a","",""
"1066","2023-01-27","Anchorage","The Marlin (Fairbanks)","music","Marc Brown & The Blues Crew","10p-2a","",""
"1067","2023-01-27","Anchorage","The Crowbar (Fairbanks)","music","Friday Nights with DJ MANNY","10p-3a","",""
"1068","2023-01-27","Anchorage","Sullivan’s Steakhouse","music","Live Music from Tom Bargelski","5:30p-8:30p","",""
"1069","2023-01-27","Anchorage","Black Birch Books (Wasilla)","music","Open Mic Night","5p-7p","",""
"1070","2023-01-27","Anchorage","Odd Man Rush (Eagle River)","music","The 7 Duo","5p-9p","",""
"1071","2023-01-27","Anchorage","O’Malley’s on the Green","music","Danger Money","6:30p-9:30","",""
"1072","2023-01-27","Anchorage","Kenai Peninsula College Ward Building (Kenai)","music","Traditional Irish Music","6:30p-9p","",""
"1073","2023-01-27","Anchorage","American Legion Spenard Post 28","music","Acoustic Steak Night with Bill ""Woody"" Reeves!","6p-8p","",""
"1074","2023-01-27","Anchorage","Bear Paw Bar & Grill","music","2023 Rondy Royalty Pageant Preliminary Competition","6p-9:30p","",""
"1075","2023-01-27","Anchorage","Alaska Center for the Performing Arts","dance","Laura Cortese and the Dance Cards","7:30p-9:20p","",""
"1076","2023-01-27","Anchorage","Everett’s (Wasilla)","comedy","Comedy Show w/ Billy Wayne Davis","7:30p-9p","",""
"1077","2023-01-27","Anchorage","American Legion Post 15 (Palmer)","music","Friday Night Feast w/ 100 Proof Karaoke","7p-10p","",""
"1078","2023-01-27","Anchorage","Bear Tooth Theatrepub","music","Medium Build (Sold Out)","7p-10p","",""
"1079","2023-01-27","Anchorage","Inlet Towers","music","Williwaw Blue","7p-10p","",""
"1080","2023-01-27","Anchorage","Floaters (Big Lake)","music","Open Mic Night","7p-12a","",""
"1081","2023-01-27","Anchorage","The Fraternal Order of Eagles Aerie 4207","music","Karaoke Friday at the Eagles!","7p-12a","",""
"1082","2023-01-27","Anchorage","Wendy Williamson Auditorium","festival","Anchorage Folk Festival Main Stage Performances","7p-12a","",""
"1083","2023-01-27","Anchorage","Anchorage Community Theater","music","Out To Lunch: (extended weekend!!)","7p-8:30p","",""
"1084","2023-01-27","Anchorage","49th State Brewing (Anchorage)","comedy","Scared Scriptless Welcome Back Show!","7p-9p","",""
"1085","2023-01-27","Anchorage","Glenn Massay Theater (Palmer)","music","Tarzan","7p-9p","",""
"1086","2023-01-27","Anchorage","UAS Recreation Center (Juneau)","comedy","UAS Drag Show w/ April Carrion","7p-9p","",""
"1087","2023-01-27","Anchorage","Humpy’s","music","Nothin' But Trouble","8:30p-1:30a","",""
"1088","2023-01-27","Anchorage","The Gaslight Bar","music","The Jukebox Karaoke Roadshow","8p-11p","",""
"1089","2023-01-27","Anchorage","American Legion Post 33 (Chugiak)","music","The Stack Live","8p-12a","",""
"1090","2023-01-27","Anchorage","The Carousel Lounge","dance","Reggae & Salsa feat.DJ PrinceAlbert","8p-2a","",""
"1091","2023-01-27","Anchorage","Broken Blender","comedy","The Cellar Dweller Comedy Showcase","8p-9:30p","",""
"1092","2023-01-27","Anchorage","Williwaw Social","music","DJ Lloyds Noize's Essentials: Harry Styles","9p-1:30a","",""
"1093","2023-01-27","Anchorage","Mad Myrna’s","music","Mad Myrna's Diva Variety Show","9p-11:30p","",""
"1094","2023-01-27","Anchorage","Kenai Joes Taphouse (Kenai)","music","Hot Mess","9p-12a","",""
"1095","2023-01-27","Anchorage","Van’s Dive Bar","music","Unknowns w/ Spank The Dog","9p-12a","",""
"1096","2023-01-27","Anchorage","Sitzmark (Girdwood)","music","Ski Bunny Ball","9p-1a","",""
"1097","2023-01-27","Anchorage","Bernie’s Bungalow","music","DJ Covy","9p-2a","",""
"1098","2023-01-27","Anchorage","Fairview Inn (Talkeetna)","music","Todd Grebe","9p-2a","",""
"1099","2023-01-27","Anchorage","Koot’s","music","Sideways, Greenhouse And The Store!","9p-2a","",""
"1100","2023-01-28","Anchorage","The Maverick Saloon (Soldotna)","music","Hot Mess","10p-1a","",""
"1101","2023-01-28","Anchorage","The Carousel Lounge","music","Glacier Blues Band","10p-2a","",""
"1102","2023-01-28","Anchorage","Klondike Mike’s & Main Street Grill (Palmer)","music","90's Throwback Party w/ DJ Brazen","10p-2a","",""
"1103","2023-01-28","Anchorage","Williwaw Social","dance","Walking on a Dream: Indie Dance Party w/ DJ Gre","10p-2a","",""
"1104","2023-01-28","Anchorage","The Crowbar (Fairbanks)","music","Hip Hop Night with DJ Manny","10p-3a","",""
"1105","2023-01-28","Anchorage","TK Maguire’s (Juneau)","community","Gigi's Drag Brunch starring April Carrion","12p-3p","",""
"1106","2023-01-28","Anchorage","Dena’ina Civic & Convention Center","festival","Nothin' But Trouble at the Alaska Brew Fest","12p-4p","",""
"1107","2023-01-28","Anchorage","Wendy Williamson Auditorium","festival","Anchorage Folk Festival Main Stage Performances","1p-10p","",""
"1108","2023-01-28","Anchorage","Westchester Lagoon","music","Westchester Family Skate Day","1p-3p","",""
"1109","2023-01-28","Anchorage","Glenn Massay Theater (Palmer)","music","Tarzan","2p-4p & 7p-9p","",""
"1110","2023-01-28","Anchorage","Arctic Valley Ski Area","music","Bill ""Woody"" Reeves live at the Afterglow","2p-5p","",""
"1111","2023-01-28","Anchorage","Anchorage Community Theatre","music","Stage Management Workshop","3p-5p","",""
"1112","2023-01-28","Anchorage","Hatcher’s Pass Lodge (Palmer)","music","Cold Country Bluegrass","4p-7p","",""
"1113","2023-01-28","Anchorage","Dena’ina Civic & Convention Center","festival","The Stack Live at the Alaska Brew Fest","6p-10p","",""
"1114","2023-01-28","Anchorage","Red Dog Saloon (Juneau)","comedy","Dungeons & Drag-Uns! A Fantastical Drag Show","7:30p-11:45p","",""
"1115","2023-01-28","Anchorage","Alaska Center for the Performing Arts","music","Anchorage Symphony's ""Latin Vistas""","7:30p-9:30p","",""
"1116","2023-01-28","Anchorage","Gerald C. Wilson Auditorium (Kodiak)","dance","Laura Cortese & the Dance Cards","7:30p-9:30p","",""
"1117","2023-01-28","Anchorage","Tolsona Lake Lodge (Glenallen)","music","Roland Roberts Band","7p-10p","",""
"1118","2023-01-28","Anchorage","Broken Blender","music","Sweet Cheeks Cabaret","7p-8:30p","",""
"1119","2023-01-28","Anchorage","Cafecito Bonito","music","Lights Down Low Concert Series: Pipeline Vocal Project","7p-9p","",""
"1120","2023-01-28","Anchorage","Koot’s","music","Comedian Billy Wayne Davis","7p-9p & 9:30p-10:30p","",""
"1121","2023-01-28","Anchorage","Juneau-Douglas High School (Juneau)","music","Juneau Symphony Concert: Transformations","8p-10p","",""
"1122","2023-01-28","Anchorage","Serrano’s Mexican Grill","music","Nothin’ But Karma","8p-11p","",""
"1123","2023-01-28","Anchorage","Anchorage Moose Lodge","music","Danger Money Live at The Moose!","8p-12a","",""
"1124","2023-01-28","Anchorage","Broken Blender","music","Chris Crain","8p-12a","",""
"1125","2023-01-28","Anchorage","UAA Professional Sciences Building","music","Folk Week Music Workshops","9:30a-5:15p","",""
"1126","2023-01-28","Anchorage","Humpy’s","music","Rebel Blues","9:30p-1a","",""
"1127","2023-01-28","Anchorage","Williwaw Social","music","Indie Showcase feat: Paul Jacks","9p-10p","",""
"1128","2023-01-28","Anchorage","The Boatel (Fairbanks)","music","Valley Below","9p-11p","",""
"1129","2023-01-28","Anchorage","The Sitzmark (Girdwood)","music","Ski Bunny Ball","9p-1a","",""
"1130","2023-01-28","Anchorage","Van’s Dive Bar","music","The Nameless, Brainhole, & 3000-21!","9p-1a","",""
"1131","2023-01-28","Anchorage","Koot’s","music","Sideways, Greenhouse And The Store!","9p-2a","",""
"1132","2023-01-28","Anchorage","The Marlin (Fairbanks)","music","Tony Taylor's Birthday Bash","9p-2a","",""
"1133","2023-01-29","Anchorage","Koot’s","music","Koots Karaoke","10p-2a","",""
"1134","2023-01-29","Anchorage","Pioneer Bar","music","Industry Night w/ Joe Brady","10p-2a","",""
"1135","2023-01-29","Anchorage","UAA Professional Sciences Building","music","Folk Week Music Workshops","11:15a-5:15p","",""
"1136","2023-01-29","Anchorage","The Nave Spenard","music","Rasmuson IAA Workshop and Work Jam","2p-4p","",""
"1137","2023-01-29","Anchorage","Anchorage Community Theater","theatre","A Playwriting Workshop: Writing Your Show","2p-5p","",""
"1138","2023-01-29","Anchorage","Arctic Valley Ski Area","music","Earhoney live at the Afterglow!","2p-5p","",""
"1139","2023-01-29","Anchorage","Juneau-Douglas High School (Juneau)","music","Juneau Symphony Concert: Transformations","3p-5p","",""
"1140","2023-01-29","Anchorage","Anchorage Lutheran Church","music","Armin Abdihodzic & Thomas Tallant","4:30p-6:30p","",""
"1141","2023-01-29","Anchorage","Hering Auditorium (Fairbanks)","music","Cirque Mechanics","4p-6p","",""
"1142","2023-01-29","Anchorage","Fairbanks Ice Art Park (Fairbanks)","music","Dancing Lights Trail","5p-9p","",""
"1143","2023-01-29","Anchorage","Koot’s","comedy","Comedy Open Mic","8:30p-10p","",""
"1144","2023-01-29","Anchorage","Humpys","music","Open Mic Jam","8p-11p","",""
"1145","2023-01-29","Anchorage","The Marlin Bar (Fairbanks)","music","Karaoke at the Marlin","8p-12a","",""
"1146","2023-01-29","Anchorage","Van’s Dive Bar","music","Open Mic! Overlorded by Wash Your Hands","8p-12a","",""
"1147","2023-01-29","Anchorage","The Carousel Lounge","music","AK Rockstar Karaoke Sunday","8p-2a","",""
"1148","2023-01-29","Anchorage","Mad Myrna’s","music","Karaoke","9p-12a","",""
"1149","2023-01-29","Anchorage","Four Corner’s Lounge (Palmer)","music","Karaoke","9p-2a","",""
"1150","2023-01-30","Anchorage","Temple Studios Community Center (Seward)","music","All Ages Open Jam","5p-6:30p","",""
"1151","2023-01-30","Anchorage","Auxiliary VFW 1685","music","Open Mic Night","6:30p-8:30p","",""
"1152","2023-01-30","Anchorage","K Street Market","music","Jazz Night Open Jam","6:30p-8:30p","",""
"1153","2023-01-30","Anchorage","The Crowbar (Fairbanks)","music","Karaoke Night","8p-12a","",""
"1154","2023-01-30","Anchorage","Koot’s","music","The Monday Mic at Koots","9p-12a","",""
"1155","2023-01-30","Anchorage","Van’s Dive Bar","music","Jay Straw's Bass to Mouth Mondays!","9p-12a","",""
"1156","2023-01-31","Anchorage","Koot’s","music","The Eternal Cowboys","10p-12a","",""
"1157","2023-01-31","Anchorage","American Legion Spenard Post 28","music","Acoustic Song Circle","6:30p-9:30p","",""
"1158","2023-01-31","Anchorage","Anchorage Community Theatre","theatre","Play Reader's Club","6p-8p","",""
"1159","2023-01-31","Anchorage","Klondike Mike’s & the Main Street Grill (Palmer)","music","The Open Stage","7p-10p","",""
"1160","2023-01-31","Anchorage","Northstar Theater (Cordova)","dance","Laura Cortese & the Dance Cards","7p-9p","",""
"1161","2023-01-31","Anchorage","Seward Alehouse (Seward)","music","Blackwater Railroad & Friends","8p-12a","",""
"1162","2023-01-31","Anchorage","The Carousel Lounge","music","AK Rockstar Karaoke","8p-2a","",""
"1163","2023-01-31","Anchorage","Van’s Dive Bar","music","OPEN JAM w/ Daylight Mike","9p-12a","",""
"1164","2023-01-31","Anchorage","Trophy Lounge","music","Jukebox Karaoke Roadshow","9p-1a","",""
"1165","2023-01-31","Anchorage","Yukon Bar (Seward)","music","Karaoke","9p-2a","",""
"1166","2023-02-01","Anchorage","Pioneer Bar","music","The Eternal Cowboys","10p-12a","",""
"1167","2023-02-01","Anchorage","Lil Babe’s Cocktail Lounge","music","Open Mic 8pm","12a","",""
"1168","2023-02-01","Anchorage","Williwaw Social","music","Culture Shift- February!","6p-7p","",""
"1169","2023-02-01","Anchorage","Palmer Alehouse (Palmer)","music","Lulu Small live","6p-9p","",""
"1170","2023-02-01","Anchorage","Humpys","music","Shawn Pacarro","7:30p-11p","",""
"1171","2023-02-01","Anchorage","907 Alehouse","music","Tyrone Palmer & Friends","7p-10p","",""
"1172","2023-02-01","Anchorage","PubHouse","music","Witty Youngman","7p-10p","",""
"1173","2023-02-01","Anchorage","Schwabenhof (Wasilla)","music","Open Mic","7p-12a","",""
"1174","2023-02-01","Anchorage","Sitka Performing Arts Center (Sitka)","dance","Laura Cortese & the Dance Cards","7p-9p","",""
"1175","2023-02-01","Anchorage","Williwaw Social","music","Beats & Beer: Music Bingo","7p-9p","",""
"1176","2023-02-01","Anchorage","Koot’s","comedy","Comedy Open Mic","8:30p-10p","",""
"1177","2023-02-01","Anchorage","Alaskan Hotel and Bar (Juneau)","music","Karaoke","8p-12a","",""
"1178","2023-02-01","Anchorage","Koot’s","music","Country Night with DJ Lefty","8p-12a","",""
"1179","2023-02-01","Anchorage","Eddie’s Sports Bar","music","Jukebox Karaoke Roadshow","9p-12a","",""
"1180","2023-02-01","Anchorage","Van’s Dive Bar","music","KARAOKE w/ The Milkman!","9p-12a","",""
"1181","2023-02-01","Anchorage","Yukon Bar (Seward)","music","Karaoke","9p-2a","",""
"1182","2023-03-29","Anchorage","Pioneer Bar","music","The Eternal Cowboys","10p-12a","",""
"1183","2023-03-29","Anchorage","Lil Babe’s Cocktail Lounge","music","Open Mic 8pm","12a","",""
"1184","2023-03-29","Anchorage","Anchorage Museum","music","Artist-in-Residence: Bethlehem Shalom","12p-2p","",""
"1185","2023-03-29","Anchorage","Palmer Alehouse (Palmer)","music","Larry Zarella live","6p-9p","",""
"1186","2023-03-29","Anchorage","Williwaw Social","music","Beats. Beer. Bingo.","7:30p-9:30p","",""
"1187","2023-03-29","Anchorage","907 Alehouse","music","Tyrone Palmer & Friends","7p-10p","",""
"1188","2023-03-29","Anchorage","Schwabenhof (Wasilla)","music","Open Mic","7p-12a","",""
"1189","2023-03-29","Anchorage","North Pole Alehouse (North Pole)","music","Chris Porter Live","7p-9p","",""
"1190","2023-03-29","Anchorage","The Rookery Café (Juneau)","music","Mountainside Open Mic & Art Night","7p-9p","",""
"1191","2023-03-29","Anchorage","Koot’s","comedy","Comedy Open Mic","8:30p-10p","",""
"1192","2023-03-29","Anchorage","Alaskan Hotel and Bar (Juneau)","music","Karaoke","8p-11p","",""
"1193","2023-03-29","Anchorage","Koot’s","music","Country Night with DJ Lefty","8p-12a","",""
"1194","2023-03-29","Anchorage","The Carousel Lounge","music","AK Rockstar Karaoke","8p-2a","",""
"1195","2023-03-29","Anchorage","Eddie’s Sports Bar","music","Jukebox Karaoke Roadshow","9p-12a","",""
"1196","2023-03-29","Anchorage","Mad Myrna’s","music","Karaoke","9p-12a","",""
"1197","2023-03-29","Anchorage","Van’s Dive Bar","music","KARAOKE w/ The Milkman!","9p-12a","",""
"1198","2023-03-29","Anchorage","Yukon Bar (Seward)","music","Karaoke","9p-2a","",""
"1199","2023-03-30","Anchorage","Lil Babe’s Cocktail Lounge","music","Karaoke 8pm","12a","",""
"1200","2023-03-30","Anchorage","Sullivan’s Steakhouse","music","Melissa ""Jazzmom"" Fischer","5:30p-8:30p","",""
"1201","2023-03-30","Anchorage","Anchorage Museum","music","Museum After Dark","6:30p-9:30p","",""
"1202","2023-03-30","Anchorage","Bartlett High School","festival","Middle School Large Group Festival Orchestra II","6p-7:30p","",""
"1203","2023-03-30","Anchorage","Humpy’s","music","Jared Woods","7:30p-11p","",""
"1204","2023-03-30","Anchorage","PubHouse","music","Witty Youngman","7p-10p","",""
"1205","2023-03-30","Anchorage","Tailgater’s Sport’s Bar & Grill (Wasilla)","music","The AKoustic Project","7p-10p","",""
"1206","2023-03-30","Anchorage","Broken Blender","music","Monte Montepare","7p-9p","",""
"1207","2023-03-30","Anchorage","Alaskan Hotel and Bar (Juneau)","music","Open Mic","8p-11p","",""
"1208","2023-03-30","Anchorage","Garcia’s Cantina & Café (Eagle River)","music","Nothin’ But Trouble","8p-11p","",""
"1209","2023-03-30","Anchorage","The Marlin Bar (Fairbanks)","music","Open Mic Night","8p-11p","",""
"1210","2023-03-30","Anchorage","The Peanut Farm","music","The Jukebox Karaoke","8p-11p","",""
"1211","2023-03-30","Anchorage","4 Royle Parkers (Soldotna)","music","Open Mic w/ Cody Kniceley","8p-12a","",""
"1212","2023-03-30","Anchorage","The Carousel Lounge","music","AK Rockstar Karaoke","8p-2a","",""
"1213","2023-03-30","Anchorage","Mad Myrna’s","comedy","Mad Myrna's Comedy Show Case","9p-11p","",""
"1214","2023-03-30","Anchorage","Four Corner’s Lounge (Palmer)","music","Karaoke Night","9p-1a","",""
"1215","2023-03-31","Anchorage","Alaska Chamber Singers: Mozart","music","Great Mass in C minor","","",""
"1216","2023-03-31","Anchorage","Koot’s","music","Caribbean Night w/ DJ Militant & DJ Jose","10:30p-2a","",""
"1217","2023-03-31","Anchorage","Koot’s","music","The Stack","10:30p-2a","",""
"1218","2023-03-31","Anchorage","The Mug-Shot Saloon (Wasilla)","music","The Glacier Hoppers","10p-2:30a","",""
"1219","2023-03-31","Anchorage","International Hotel & Bar (Fairbanks)","music","Hip-Hop Fridays","10p-2a","",""
"1220","2023-03-31","Anchorage","The Crowbar (Fairbanks)","music","DJ Manny","10p-3:30a","",""
"1221","2023-03-31","Anchorage","The Writer’s Block Bookstore & Café","music","Being QT","4p-7p","",""
"1222","2023-03-31","Anchorage","Sullivan’s Steakhouse","music","Live Music from Tom Bargelski","5:30p-8:30p","",""
"1223","2023-03-31","Anchorage","O’Malley’s on the Green","music","Zen Trembles Live","6:30p-9:30","",""
"1224","2023-03-31","Anchorage","Marie Drake Planetarium (Juneau)","music","Free Show: Hot and Energetic Universe","6p-8:30p","",""
"1225","2023-03-31","Anchorage","Alpenglow Coffee House (Girdwood)","music","Monte Montepare","6p-8p","",""
"1226","2023-03-31","Anchorage","American Legion Post 28","music","Acoustic Steak Night with Travis Watson & Friends!","6p-9p","",""
"1227","2023-03-31","Anchorage","Alaska Center for the Performing Arts","dance","Pulse Dance Company in Concert 2023","7:30p-8:30p","",""
"1228","2023-03-31","Anchorage","Cathedral of Our Lady Guadalupe","music","Alaska Chamber Singers: Mozart - Great Mass in C minor","7:30p-9p","",""
"1229","2023-03-31","Anchorage","UAF Charles Davis Concert Hall (Fairbanks)","music","Emily Anderson FemCon Concert","7:30p-9p","",""
"1230","2023-03-31","Anchorage","Everett’s","music","Comedian Trenton Davis","730p-9p","",""
"1231","2023-03-31","Anchorage","Inlet Towers","music","Williwaw Blue","7p-10p","",""
"1232","2023-03-31","Anchorage","American Legion Post 15 (Palmer)","music","Karaoke","7p-11p","",""
"1233","2023-03-31","Anchorage","Floaters (Big Lake)","music","Open Mic Night","7p-12a","",""
"1234","2023-03-31","Anchorage","The Fraternal Order of Eagles Aerie 4207","music","Karaoke Friday at the Eagles!","7p-12a","",""
"1235","2023-03-31","Anchorage","Cafecito Bonito","music","Daydreaming in Spanglish: Spoken Word Poetry by Raquel Polanco","7p-9p","",""
"1236","2023-03-31","Anchorage","Cyrano’s Theatre Building","music","The Book Club","7p-9p","",""
"1237","2023-03-31","Anchorage","Goldies AK (Fairbanks)","music","Chris Porter Live at Goldie's AK!","7p-9p","",""
"1238","2023-03-31","Anchorage","The Spur (Fairbanks)","music","Chris Porter Live in AK!","7p-9p","",""
"1239","2023-03-31","Anchorage","Humpy’s","music","The Vintage Retro","8:30p-1:30a","",""
"1240","2023-03-31","Anchorage","The Gaslight Bar","music","The Jukebox Karaoke Roadshow","8p-11p","",""
"1241","2023-03-31","Anchorage","wBroken Blender","music","Sweet Cheeks Cabaret: 10th Anniversary Hullabaloo: Pandora's Box","8p-9:30p","",""
"1242","2023-03-31","Anchorage","Fairview Inn (Talkeetna)","music","Jimmy Sandy","9-1a","",""
"1243","2023-03-31","Anchorage","Mad Myrna’s","music","Mad Myrna's Diva Variety Show","9p-11:30p","",""
"1244","2023-03-31","Anchorage","Van’s Dive Bar","music","3000-21, Nalimu and special guests live","9p-12a","",""
"1245","2023-03-31","Anchorage","Alaska Dance Promotions","dance","Friday Night Dance Lounge","9p-1a","",""
"1246","2023-03-31","Anchorage","Sitzmark (Girdwood)","music","Past Our Prime","9p-1a","",""
"1247","2023-04-01","Anchorage","Arctic Entries","comedy","Joke's On You","","",""
"1248","2023-04-01","Anchorage","The Carousel Lounge","music","First Saturdays Live Country Music feat. Todd Grebe & Cold Country","10p-2a","",""
"1249","2023-04-01","Anchorage","Van’s Dive Bar","music","Loaded Karma LIVE 9p-1aWilliwaw Social - Bad Bunny Night w/ DJ Joe Brady & DJ Jose","10p-2a","",""
"1250","2023-04-01","Anchorage","Arctic Valley Ski Area","festival","Live Music at the Merry Marmot Festival! Zen Trembles, Matt & Co, Loaded Karma, & The Amalgajam!","11:30a-8:30p","",""
"1251","2023-04-01","Anchorage","Mountain View Public Library","community","Community Drumming Circle","3-4:30p","",""
"1252","2023-04-01","Anchorage","Hilltop Ski Area","music","2023 Pond Skim Contest","3p-5p","",""
"1253","2023-04-01","Anchorage","UAA Residence Life","music","Poetry Night","5p-11p","",""
"1254","2023-04-01","Anchorage","Anchorage Museum of History and Art","music","Sound Movement Environment: Burtner and Sperling performance","5p-8p","",""
"1255","2023-04-01","Anchorage","49th State Brewing","dance","North x North Arctic Dance Party: Hip Hop Showcase feat. SlinCraze & Air Jazz","6:30p-8:30p","",""
"1256","2023-04-01","Anchorage","Williwaw Social","dance","North x North Arctic Dance Party: The Builders & the Butchers","6:30p-8:30p","",""
"1257","2023-04-01","Anchorage","Alaska Center for the Performing Arts","music","Anchorage Community Concert Band: Going Places","7:30p-9p","",""
"1258","2023-04-01","Anchorage","Christ Community Church","music","Improvaganza 2023","7p-10p","",""
"1259","2023-04-01","Anchorage","Sheldon Community Arts Hangar (Talkeetna)","comedy","Arctic Entries - Joke's On You","7p-8:10p","",""
"1260","2023-04-01","Anchorage","Koot’s","music","Comedian Trenton Davis","7p-8:30p & 9p-10:30p","",""
"1261","2023-04-01","Anchorage","Organic Oasis","music","10 Dollar Bet","7p-9p","",""
"1262","2023-04-01","Anchorage","Koot’s","music","Viva Spenard 14","8:30p-11p","",""
"1263","2023-04-01","Anchorage","Anchorage Moose Lodge","music","Danger Money Live","8p-12a","",""
"1264","2023-04-01","Anchorage","Broken Blender","music","Sweet Cheeks Cabaret: 10th Anniversary Hullabaloo: It's Phoebe's Line Anyway","8p-9:30p","",""
"1265","2023-04-01","Anchorage","Humpy’s","music","Unknowns","9:30p-1a","",""
"1266","2023-04-02","Anchorage","Koot’s","music","Koots Karaoke","10p-2a","",""
"1267","2023-04-02","Anchorage","Pioneer Bar","music","Industry Night w/ Joe Brady","10p-2a","",""
"1268","2023-04-02","Anchorage","Broken Blender","music","Sweet Cheeks Cabaret: 10th Anniversary Hullabaloo: Violet's Voluptuously Visual Show","12:30p-2p","",""
"1269","2023-04-02","Anchorage","Arctic Valley Ski Area","music","J Stevens Live","12p-3p","",""
"1270","2023-04-02","Anchorage","Alaska Center for the Performing Arts","music","Anchorage Symphony's ""Family Concert""","3p-4p","",""
"1271","2023-04-02","Anchorage","Cyrano’s Theatre Building","music","The Book Club","3p-5p","",""
"1272","2023-04-02","Anchorage","Juneau-Douglas High School (Juneau)","music","Summits Mainstage Concert","3p-5p","",""
"1273","2023-04-02","Anchorage","Arctic Valley Ski Area","music","Phil Gilcrease Live Looping Solo Show","4p-7p","",""
"1274","2023-04-02","Anchorage","Red Dog Saloon (Juneau)","dance","Sunday Swing","6p-9p","",""
"1275","2023-04-02","Anchorage","Out North Theatre","music","No Starving Artists: Athena Nuff and Synclaire Butler","7p-9p","",""
"1276","2023-04-02","Anchorage","Koot’s","comedy","Comedy Open Mic","8:30p-10p","",""
"1277","2023-04-02","Anchorage","Humpys","music","Open Mic Jam","8p-11p","",""
"1278","2023-04-02","Anchorage","The Marlin Bar (Fairbanks)","music","Karaoke at the Marlin","8p-12a","",""
"1279","2023-04-02","Anchorage","Van’s Dive Bar","music","Open Mic! Overlorded by Wash Your Hands","8p-12a","",""
"1280","2023-04-02","Anchorage","The Carousel Lounge","music","AK Rockstar Karaoke Sunday","8p-2a","",""
"1281","2023-04-02","Anchorage","Four Corner’s Lounge (Palmer)","music","Karaoke","9p-2a","",""
"1282","2023-04-03","Anchorage","Temple Studios Community Center (Seward)","music","All Ages Open Jam","5p-6:30p","",""
"1283","2023-04-03","Anchorage","Auxiliary VFW 1685","music","Open Mic Night","6:30p-8:30p","",""
"1284","2023-04-03","Anchorage","K Street Market","music","Jazz Night Open Jam","6:30p-8:30p","",""
"1285","2023-04-03","Anchorage","West High School","festival","Middle School Large Group Festival Choir I","6p-7:30p","",""
"1286","2023-04-03","Anchorage","Van’s Dive Bar","comedy","B4UDie Comedy Fest Kickoff Party","6p-9p","",""
"1287","2023-04-03","Anchorage","The Crowbar (Fairbanks)","music","Karaoke Night","8p-12a","",""
"1288","2023-04-03","Anchorage","Koot’s","music","The Monday Mic at Koots","9p-12a","",""
"1289","2023-04-03","Anchorage","Van’s Dive Bar","music","Jay Straw's Bass to Mouth Mondays!","9p-12a","",""
"1290","2023-04-04","Anchorage","Koot’s","music","The Eternal Cowboys","10p-12a","",""
"1291","2023-04-04","Anchorage","American Legion Spenard Post 28","music","Taco Tuesday Open Mic w/Uncle Jim!","6:30p-9:30p","",""
"1292","2023-04-04","Anchorage","Klondike Mike’s & the Main Street Grill (Palmer)","music","The Open Stage","7p-10p","",""
"1293","2023-04-04","Anchorage","Koot’s","comedy","Local Legends Comedy Showcase","7p-10p","",""
"1294","2023-04-04","Anchorage","Orso’s","music","Witty Youngman","7p-10p","",""
"1295","2023-04-04","Anchorage","Seward Alehouse (Seward)","music","Blackwater Railroad & Friends","8p-12a","",""
"1296","2023-04-04","Anchorage","Van’s Dive Bar","music","Open Jam Tuesday","9p-12a","",""
"1297","2023-04-04","Anchorage","Trophy Lounge","music","Jukebox Karaoke Roadshow","9p-1a","",""
"1298","2023-04-05","Anchorage","Lil Babe’s Cocktail Lounge","music","Open Mic 8pm","12a","",""
"1299","2023-04-05","Anchorage","West High School","festival","Middle School Large Group Festival Choir II","6p-7:30p","",""
"1300","2023-04-05","Anchorage","Williwaw Social","music","Culture Shift- April!","6p-8p","",""
"1301","2023-04-05","Anchorage","Palmer Alehouse (Palmer)","music","Roland Roberts live","6p-9p","",""
"1302","2023-04-05","Anchorage","Koot’s","music","Cheechako Showcase","7p-8:30p","",""
"1303","2023-04-05","Anchorage","Sheldon Community Arts Hangar (Talkeetna)","music","Best of B4UDie Talkeetna","7p-8:30p","",""
"1304","2023-04-05","Anchorage","Cafecito Bonito","comedy","B4UDie BIPOC Comedy","7p-9p","",""
"1305","2023-04-05","Anchorage","Venue (Fairbanks)","music","Music in the Lounge: AJ Yonderly","7p-9p","",""
"1306","2023-04-05","Anchorage","Koot’s","music","Cheechako Showcase 2","9p-10:30p","",""
"1307","2023-06-03","Anchorage","Mug-Shot Saloon (Wasilla)","music","Glacier Hoppers","10p-2:30a","",""
"1308","2023-06-03","Anchorage","Koot’s","music","Hot Mess","10p-2a","",""
"1309","2023-06-03","Anchorage","Kenai Community Library (Kenai)","community","Saturday Story Time","11:30a-12:30p","",""
"1310","2023-06-03","Anchorage","Williwaw Social","music","The After Show w/ Joe Brady","11p-2a","",""
"1311","2023-06-03","Anchorage","Growden Memorial Park (Fairbanks)","festival","Sunlit Music Festival","12p-12a","",""
"1312","2023-06-03","Anchorage","Kenai Senior Center (Kenai)","music","Anchorage Bowl Chamber Orchestra","2p-3:30p","",""
"1313","2023-06-03","Anchorage","Heart of Spenard","festival","Spenard Jazz Fest 2023: Backyard Jazz Jam","2p-8p","",""
"1314","2023-06-03","Anchorage","Alaska Dance Promotions","dance","Dance Hike w/ Mykey T","3p-6p","",""
"1315","2023-06-03","Anchorage","Peratrovich Park (Anchorage)","music","Alaska Jazz Workshop: Free Downtown Jazz Concerts","4p-6p","",""
"1316","2023-06-03","Anchorage","Alaska State Fairgrounds (Palmer)","music","KidStock AK 9am","5p","",""
"1317","2023-06-03","Anchorage","The Basement (Fairbanks)","music","The June Jam","6:30p-1a","",""
"1318","2023-06-03","Anchorage","Eagle River Nature Center (Eagle River)","music","Music In The Mountains w/ Zen Trembles","6p-10p","",""
"1319","2023-06-03","Anchorage","Matanuska Brewing Company (Eagle River)","music","Smash Mouth Live in Concert!","6p-10p","",""
"1320","2023-06-03","Anchorage","Williwaw Social","music","Atmosphere with DJ Abilities, Sa-Roc and HEBL","6p-11p","",""
"1321","2023-06-03","Anchorage","Downtown Bear Paw & Grill","dance","EZ Does It Dance Lessons","6p-9p","",""
"1322","2023-06-03","Anchorage","Koot’s","music","Ladies Night Out","7:30p-9:30p","",""
"1323","2023-06-03","Anchorage","Palmer Alehouse (Palmer)","music","BenJammin & the Jammin Band LIVE","7p-10p","",""
"1324","2023-06-03","Anchorage","American Legion Post 15 (Palmer)","music","Karaoke","7p-11p","",""
"1325","2023-06-03","Anchorage","Anchorage Social Dance Club","dance","Weekly Social Dance","7p-11p","",""
"1326","2023-06-03","Anchorage","Creekbend Café (Hope)","music","Roland Roberts Band","7p-11p","",""
"1327","2023-06-03","Anchorage","Boot’s Bison Ranch (Trapper Creek)","festival","Trapper Creek Bluegrass Festival 12a-12a Broken Blender - Sweet Cheeks' Cabaret","8p-9:30p","",""
"1328","2023-06-03","Anchorage","Humpy’s","music","Cold Fusion","9:30p-1a","",""
"1329","2023-06-03","Anchorage","Yukon Bar (Seward)","music","HarpDaddy Returns feat Madeline Smith","9p-1:30a","",""
"1330","2023-06-03","Anchorage","Mad Myrna’s","music","Mad Myrna's Diva Variety Show","9p-11:30p","",""
"1331","2023-06-03","Anchorage","Van’s Dive Bar","music","Folk Medicine and Lilac","9p-12a","",""
"1332","2023-06-03","Anchorage","Fairview Inn (Talkeetna)","music","Solar Gain","9p-1a","",""
"1333","2023-06-04","Anchorage","Koot’s","music","Koots Karaoke","10p-2a","",""
"1334","2023-06-04","Anchorage","Pioneer Bar","music","Industry Night w/ Joe Brady","10p-2a","",""
"1335","2023-06-04","Anchorage","Boot’s Bison Ranch (Trapper Creek)","festival","Trapper Creek Bluegrass Festival","12a-6p","",""
"1336","2023-06-04","Anchorage","Skeetawk (Hatcher’s Pass)","music","Recycle Revival 2023 w/ Feral Katz, Carhartt Brothers, Denali Cooks, and H3","2p-8p","",""
"1337","2023-06-04","Anchorage","Juneau-Douglas High School (Juneau)","music","Juneau Symphony: Showdowns Concert","3p-5p","",""
"1338","2023-06-04","Anchorage","Williwaw Social","music","Sun Splash Sundaze w/ DJ Militant","5p-9p","",""
"1339","2023-06-04","Anchorage","Alaska Fish House (Ketchikan)","music","Open Mic","6p-9p","",""
"1340","2023-06-04","Anchorage","Koot’s","comedy","Comedy Open Mic","8:30p-10p","",""
"1341","2023-06-04","Anchorage","Humpys","music","Open Mic Jam","8p-11p","",""
"1342","2023-06-04","Anchorage","The Marlin Bar (Fairbanks)","music","Karaoke at the Marlin","8p-12a","",""
"1343","2023-06-04","Anchorage","Van’s Dive Bar","music","Open Mic! Overlorded by Wash Your Hands","8p-12a","",""
"1344","2023-06-04","Anchorage","The Carousel Lounge","music","Sunday Funday Karaoke","8p-2a","",""
"1345","2023-06-04","Anchorage","Yukon Bar (Seward)","music","Brothers of Tom Live","9p-1:30a","",""
"1346","2023-06-04","Anchorage","Mad Myrna’s","music","Karaoke","9p-12a","",""
"1347","2023-06-04","Anchorage","Four Corner’s Lounge (Palmer)","music","Karaoke","9p-2a","",""
"1348","2023-06-05","Anchorage","Anchorage Classical Ballet Academy","dance","Dance PAWty With My Pet","10a-12p & 4p-6p","",""
"1349","2023-06-05","Anchorage","Temple Studios Community Center (Seward)","music","All Ages Open Jam","5p-6:30p","",""
"1350","2023-06-05","Anchorage","Auxiliary VFW 1685","music","Open Mic Night","6:30p-8:30p","",""
"1351","2023-06-05","Anchorage","K Street Market","music","Jazz Night Open Jam","6:30p-8:30p","",""
"1352","2023-06-05","Anchorage","Christiansen Lake (Talkeetna)","music","Endless Field Concert at Christiansen Lake","6p-8p","",""
"1353","2023-06-05","Anchorage","Humpy’s","music","Jro, Master of One","7:30p-11p","",""
"1354","2023-06-05","Anchorage","The Crowbar (Fairbanks)","music","Karaoke Night","8p-12a","",""
"1355","2023-06-05","Anchorage","Koot’s","music","The Monday Mic at Koots","9p-12a","",""
"1356","2023-06-05","Anchorage","Van’s Dive Bar","music","Jay Straw's Bass to Mouth Mondays!","9p-12a","",""
"1357","2023-06-05","Anchorage","Yukon Bar (Seward)","music","Open Mic Mondays","9p-12a","",""
"1358","2023-06-05","Anchorage","Fairview Inn (Talkeetna)","music","Jimmy Sandy","9p-1a","",""
"1359","2023-06-06","Anchorage","Koot’s","music","The Eternal Cowboys","10p-12a","",""
"1360","2023-06-06","Anchorage","Anchorage Museum","music","Lunch on the Lawn: Kuf Knotz & Christine Elise","11:30a-1:30p","",""
"1361","2023-06-06","Anchorage","Williwaw Social","music","Tako Tuesday on The Roof w/ Joe Brady","4p-7p","",""
"1362","2023-06-06","Anchorage","American Legion Post 28","music","Taco Tuesday Open Mic Night","6:30p-9:30p","",""
"1363","2023-06-06","Anchorage","Orso’s","music","Witty Youngman","6p-8p","",""
"1364","2023-06-06","Anchorage","Humpy’s","music","Karmic Reduction","7:30p-11p","",""
"1365","2023-06-06","Anchorage","Klondike Mike’s & the Main Street Grill (Palmer)","music","Open Stage Night With Sabina Speers","7p-10p","",""
"1366","2023-06-06","Anchorage","Seward Alehouse (Seward)","music","Blackwater Railroad & Friends","8p-12a","",""
"1367","2023-06-06","Anchorage","The Carousel Lounge","music","AK Rockstar Karaoke","8p-2a","",""
"1368","2023-06-06","Anchorage","Van’s Dive Bar","music","Open Jam Tuesday","9p-12a","",""
"1369","2023-06-06","Anchorage","Trophy Lounge","music","Jukebox Karaoke Roadshow","9p-1a","",""
"1370","2023-06-06","Anchorage","Yukon Bar (Seward)","music","Karaoke","9p-2a","",""
"1371","2023-06-07","Anchorage","Pioneer Bar","music","The Eternal Cowboys","10p-12a","",""
"1372","2023-06-07","Anchorage","Koot’s","music","Koots Karaoke","10p-2a","",""
"1373","2023-06-07","Anchorage","Peratrovich Park (Anchorage)","music","Music in the Park: Zen Trembles","12p-1p","",""
"1374","2023-06-07","Anchorage","Humpy’s","music","Ukulele Russ","7:30p-11p","",""
"1375","2023-06-07","Anchorage","Williwaw Social","music","Beats. Beer. Bingo!","7:30p-9:30p","",""
"1376","2023-06-07","Anchorage","907 Alehouse","music","Tyrone Palmer & Friends","7p-10p","",""
"1377","2023-06-07","Anchorage","Schwabenhof (Wasilla)","music","Open Mic","7p-12a","",""
"1378","2023-06-07","Anchorage","Koot’s","comedy","Comedy Open Mic","8:30p-10p","",""
"1379","2023-06-07","Anchorage","Alaskan Hotel and Bar (Juneau)","music","Karaoke","8p-11p","",""
"1380","2023-06-07","Anchorage","Koot’s","music","Country Night with DJ Lefty","8p-12a","",""
"1381","2023-06-07","Anchorage","Eddie’s Sports Bar","music","Jukebox Karaoke Roadshow","9p-12a","",""
"1382","2023-06-07","Anchorage","Van’s Dive Bar","music","KARAOKE w/ SassySquatch!","9p-12a","",""
"1383","2023-06-07","Anchorage","Fairview Inn (Talkeetna)","music","Open Mic","9p-1a","",""
"1384","2023-07-19","Anchorage","Pioneer Bar","music","The Eternal Cowboys","10p-12a","",""
"1385","2023-07-19","Anchorage","Koot’s","music","Koots Karaoke","10p-2a","",""
"1386","2023-07-19","Anchorage","Peratrovich Park (Anchorage)","music","Music in the Park: Melissa Mitchell","12p-1p","",""
"1387","2023-07-19","Anchorage","Matanuska Brewing (Eagle River)","music","Three Days Grace","6p-10p","",""
"1388","2023-07-19","Anchorage","Soldotna Creek Park (Soldotna)","music","Bunny Swan Band w/ The Ridgeway Rounders","6p-9p","",""
"1389","2023-07-19","Anchorage","Humpy’s","music","Regina & Will","7:30p-11p","",""
"1390","2023-07-19","Anchorage","907 Alehouse","music","Tyrone Palmer & Friends","7p-10p","",""
"1391","2023-07-19","Anchorage","Schwabenhof (Wasilla)","music","Open Mic","7p-12a","",""
"1392","2023-07-19","Anchorage","Koot’s","comedy","Comedy Open Mic","8:30p-10p","",""
"1393","2023-07-19","Anchorage","Alaskan Hotel and Bar (Juneau)","music","Karaoke","8p-11p","",""
"1394","2023-07-19","Anchorage","Koot’s","music","Country Night with DJ Lefty","8p-12a","",""
"1395","2023-07-19","Anchorage","The Carousel Lounge","music","AK Rockstar Karaoke","8p-2a","",""
"1396","2023-07-19","Anchorage","Palace Theatre (Fairbanks)","music","The Golden Heart Revue","8p-9p","",""
"1397","2023-07-19","Anchorage","Eddie’s Sports Bar","music","Jukebox Karaoke Roadshow","9p-12a","",""
"1398","2023-07-19","Anchorage","Van’s Dive Bar","music","KARAOKE w/ SassySquatch!","9p-12a","",""
"1399","2023-07-19","Anchorage","Fairview Inn (Talkeetna)","music","Open Mic","9p-1a","",""
"1400","2023-07-19","Anchorage","Yukon Bar (Seward)","music","Karaoke","9p-2a","",""
"1401","2023-07-20","Anchorage","Anchorage Town Square Park","music","Live After Five Concert Series: Vintage Retro","5:30p-7:30p","",""
"1402","2023-07-20","Anchorage","Sullivan’s Steakhouse","music","Live Music from Melissa ""Jazzmom"" Fischer","5:30p-8:30p","",""
"1403","2023-07-20","Anchorage","Addie Camp (Soldotna)","theatre","Musical Theatre Cabaret","6p-8:30p","",""
"1404","2023-07-20","Anchorage","Anchorage Brewing Company","music","Odd Union","6p-8:30p","",""
"1405","2023-07-20","Anchorage","The Basement (Fairbanks)","music","Big Top Tease Open Call for Performers","6p-8p","",""
"1406","2023-07-20","Anchorage","Everett’s Restaurant (Wasilla)","comedy","HOOKED ENTERTAINMENT 10 YEAR ANNIVERSARY POP UP COMEDY SHOW!","7:30p-9:30","",""
"1407","2023-07-20","Anchorage","Fishhook Bar & Grill (Palmer)","music","FISHHOOK JAM NIGHTS WITH JERRY WESSLING","7p-10p","",""
"1408","2023-07-20","Anchorage","Goldie’s AK (Fairbanks)","music","Karaoke Night","7p-10p","",""
"1409","2023-07-20","Anchorage","PubHouse","music","Witty Youngman","7p-10p","",""
"1410","2023-07-20","Anchorage","Tailgater’s Sport’s Bar & Grill (Wasilla)","music","The AKoustic Project","7p-10p","",""
"1411","2023-07-20","Anchorage","Koot’s","music","Sarah P's Birthday Bash w/ Decepticide, She, Mindful Khaos, & The Jephries","7p-12a","",""
"1412","2023-07-20","Anchorage","KFQD Park (Anchorage)","music","ACA Summer Concert Series: The Chamberliners","7p-9p","",""
"1413","2023-07-20","Anchorage","Humpy’s","music","The Leo Ash Band","8:30p-12a","",""
"1414","2023-07-20","Anchorage","Williwaw Social","music","Tall, Dark, & Communist on The Rooftop","8p-11","",""
"1415","2023-07-20","Anchorage","Alaskan Hotel and Bar (Juneau)","music","Open Mic","8p-11p","",""
"1416","2023-07-20","Anchorage","Garcia’s Cantina & Café (Eagle River)","music","Glacier Hoppers","8p-11p","",""
"1417","2023-07-20","Anchorage","The Marlin Bar (Fairbanks)","music","Open Mic Night","8p-11p","",""
"1418","2023-07-20","Anchorage","The Peanut Farm","music","The Jukebox Karaoke","8p-11p","",""
"1419","2023-07-20","Anchorage","4 Royle Parkers (Soldotna)","music","Open Mic w/ Cody Kniceley","8p-12a","",""
"1420","2023-07-20","Anchorage","The Carousel Lounge","music","AK Rockstar Karaoke","8p-2a","",""
"1421","2023-07-20","Anchorage","Koot’s","music","Grown & Sexy HipHop/R&B Night","8p-2a","",""
"1422","2023-07-20","Anchorage","Mad Myrna’s","music","Mad Myrna's Thursday Night Revue","9p-11p","",""
"1423","2023-07-20","Anchorage","Fairview Inn (Talkeetna)","music","Deke Dickerson and the Whippersnappers","9p-1a","",""
"1424","2023-07-20","Anchorage","Four Corner’s Lounge (Palmer)","music","Karaoke Night","9p-1a","",""
"1425","2023-07-21","Anchorage","FSAF Special Guest","theatre","Youth Opera of El Paso Presents: ""Brundibár""","","",""
"1426","2023-07-21","Anchorage","International Hotel & Bar (Fairbanks)","music","Hip-Hop Fridays","10p-2a","",""
"1427","2023-07-21","Anchorage","Broken Blender","music","'90s Night! w/ Memory Bliss","11:30a-1p","",""
"1428","2023-07-21","Anchorage","UAF Charles Davis Concert Hall (Fairbanks)","theatre","FSAF Special Guest - Youth Opera of El Paso Presents: ""Brundibár""","2:30p-5p","",""
"1429","2023-07-21","Anchorage","Sullivan’s Steakhouse","music","Live Music from Tom Bargelski","5:30p-8:30p","",""
"1430","2023-07-21","Anchorage","Matanuska Brewing (Eagle River)","music","Eagle Eyes- Eagles Tribute","5p-10p","",""
"1431","2023-07-21","Anchorage","Talkeetna Village Park (Talkeetna)","music","River Livers","5p-7p","",""
"1432","2023-07-21","Anchorage","Dirty Skillet (Hope)","music","Ukulele Russ","6p-10p","",""
"1433","2023-07-21","Anchorage","Susitna Brewing (Big Lake)","music","Long Nights Moon","6p-10p","",""
"1434","2023-07-21","Anchorage","Williwaw Social","music","Generation X Happy Hour on the Roof","6p-10p","",""
"1435","2023-07-21","Anchorage","Rage City Vintage","music","Spenard Song Circle w/Emma Hill, Lauren Scantlebury & Shane Russell","6p-9p","",""
"1436","2023-07-21","Anchorage","Hilltop Ski Area","music","Under the Tree Music Series: Santoro","7p-10p","",""
"1437","2023-07-21","Anchorage","Inlet Towers","music","Williwaw Blue","7p-10p","",""
"1438","2023-07-21","Anchorage","O’Malley’s on the Green","music","Jerry's Situation Live","7p-10p","",""
"1439","2023-07-21","Anchorage","Palmer Alehouse (Palmer)","music","I Like Robots LIVE","7p-10p","",""
"1440","2023-07-21","Anchorage","American Legion Post 15 (Palmer)","music","Karaoke","7p-11p","",""
"1441","2023-07-21","Anchorage","Creekbend Café (Hope)","music","Blackwater Railroad Company","7p-11p","",""
"1442","2023-07-21","Anchorage","Floaters (Big Lake)","music","Open Mic Night","7p-12a","",""
"1443","2023-07-21","Anchorage","The Fraternal Order of Eagles Aerie 4207","music","Karaoke Friday at the Eagles!","7p-12a","",""
"1444","2023-07-21","Anchorage","Sophia’s Café (Palmer)","dance","Square Dance Lessons","7p-9:30p","",""
"1445","2023-07-21","Anchorage","Humpy’s","music","Nothin But Trouble","8:30p-12a","",""
"1446","2023-07-21","Anchorage","Goldie’s AK (Fairbanks)","music","TGIF: Murray Thorne","8p-12a","",""
"1447","2023-07-21","Anchorage","Broken Blender","music","Sweet Cheeks Cabaret: Burlesque Amateur Night","8p-9:30p","",""
"1448","2023-07-21","Anchorage","Williwaw Social","music","Friday Night Lights with Lloyds Noise","9:30p-2a","",""
"1449","2023-07-21","Anchorage","Mad Myrna’s","music","Mad Myrna's Diva Variety Show","9p-11:30p","",""
"1450","2023-07-21","Anchorage","Sterling Highway (Sterling)","music","Hot Mess","9p-12a","",""
"1451","2023-07-21","Anchorage","Van’s Dive Bar","music","Gold Dust Rising live","9p-12a","",""
"1452","2023-07-21","Anchorage","Carousel Lounge","music","Glacier Hoppers","9p-1a","",""
"1453","2023-07-21","Anchorage","Fairview Inn (Talkeetna)","music","River Livers","9p-1a","",""
"1454","2023-07-21","Anchorage","Magpie’s On The Fly (Valdez)","music","Moon Dogies","9p-1a","",""
"1455","2023-07-21","Anchorage","Yukon Bar (Seward)","music","Saucy Yoda, Saint Mood & Kurmudgeon","9p-2a","",""
"1456","2023-07-22","Anchorage","American Legion Post 28","festival","Alaska Fest","12p-2a","",""
"1457","2023-07-22","Anchorage","KSKO (McGrath)","music","KSKO’s Back To Back BlueGrass","1p-11p","",""
"1458","2023-07-22","Anchorage","Peratrovich Park (Anchorage)","music","Free Jazz Concerts: Fish-On Quartet","4p-6p","",""
"1459","2023-07-22","Anchorage","Matanuska Brewing (Eagle River)","music","A Tribute to Pat Benatar","5p-10p","",""
"1460","2023-07-22","Anchorage","Palmer Alehouse (Palmer)","music","The Stack LIVE","5p-9:30p","",""
"1461","2023-07-22","Anchorage","Dirty Skillet (Hope)","music","Tamara Ashburn Band","6p-10p","",""
"1462","2023-07-22","Anchorage","Susitna Brewing (Big Lake)","music","Debonair Dirtbags","6p-10p","",""
"1463","2023-07-22","Anchorage","Soldotna Creek Park (Soldotna)","music","Hot Mess","6p-9p","",""
"1464","2023-07-22","Anchorage","Silver Gulch Brewing & Bottling Co.","music","FSAF Jazz Concert","7p-10p","",""
"1465","2023-07-22","Anchorage","Anchorage Social Dance Club","dance","Weekly Social Dance","7p-11p","",""
"1466","2023-07-22","Anchorage","Williwaw Social","music","Loaded Karma on The Rooftop","7p-9p","",""
"1467","2023-07-22","Anchorage","Humpy’s","music","Velvet La La","8:30p-12a","",""
"1468","2023-07-22","Anchorage","Anaya Latin Dance","dance","“Salsa Saturdays” Dance Socials","8p-11p","",""
"1469","2023-07-22","Anchorage","Sunrise Inn (Cooper Landing)","music","Zen Trembles","8p-12a","",""
"1470","2023-07-22","Anchorage","Broken Blender","music","Sweet Cheeks Cabaret","8p-9:30p","",""
"1471","2023-07-22","Anchorage","Williwaw Social","music","Now Hits Throwback Mashup B2B party with DJ Fanservice & MEGASISQO","9:30p-2a","",""
"1472","2023-07-22","Anchorage","Mad Myrna’s","music","Mad Myrna's Diva Variety Show","9p-11:30a","",""
"1473","2023-07-22","Anchorage","Magpie’s On The Fly (Valdez)","music","Open Mic Night","9p-12a","",""
"1474","2023-07-22","Anchorage","Fairview Inn (Talkeetna)","music","Fiona Rose and the Show Ponies","9p-1a","",""
"1475","2023-07-22","Anchorage","Koot’s","music","Colddheart Party","9p-2a","",""
"1476","2023-07-23","Anchorage","Koot’s","music","Koots Karaoke","10p-2a","",""
"1477","2023-07-23","Anchorage","Pioneer Bar","music","Industry Night w/ Joe Brady","10p-2a","",""
"1478","2023-07-23","Anchorage","Anchorage Town Square Park","community","ANC Market Social","11a-5p","",""
"1479","2023-07-23","Anchorage","Chair 5 Restaurant (Girdwood)","music","Karaoke at Chair 5","11p-1a","",""
"1480","2023-07-23","Anchorage","O’Malley Sports Center","music","Children’s Live Music Hour","12p-1p","",""
"1481","2023-07-23","Anchorage","KSKO (McGrath)","music","KSKO’s Back To Back BlueGrass","12p-6:30p","",""
"1482","2023-07-23","Anchorage","The Cabin Bar & Lounge (Fairbanks)","music","Vibes on Tap w/ DJ Traxmadeit","3p-6p","",""
"1483","2023-07-23","Anchorage","Williwaw Social","music","Sun Splash Sundaze w/ DJ Militant","5p-9p","",""
"1484","2023-07-23","Anchorage","Alaska Fish House (Ketchikan)","music","Open Mic","6p-9p","",""
"1485","2023-07-23","Anchorage","Susitna Brewing (Big Lake)","music","Open Mic Night","6p-9p","",""
"1486","2023-07-23","Anchorage","Koot’s","comedy","Comedy Open Mic","8:30p-10p","",""
"1487","2023-07-23","Anchorage","Humpys","music","Open Mic Jam","8p-11p","",""
"1488","2023-07-23","Anchorage","The Marlin Bar (Fairbanks)","music","Karaoke at the Marlin","8p-12a","",""
"1489","2023-07-23","Anchorage","Van’s Dive Bar","music","Open Mic! Overlorded by Wash Your Hands","8p-12a","",""
"1490","2023-07-23","Anchorage","The Carousel Lounge","music","Sunday Funday Karaoke","8p-2a","",""
"1491","2023-07-23","Anchorage","Four Corner’s Lounge (Palmer)","music","Karaoke","9p-2a","",""
"1492","2023-07-24","Anchorage","Temple Studios Community Center (Seward)","music","All Ages Open Jam","5p-6:30p","",""
"1493","2023-07-24","Anchorage","Auxiliary VFW 1685","music","Open Mic Night","6:30p-8:30p","",""
"1494","2023-07-24","Anchorage","K Street Market","music","Jazz Night Open Jam","6:30p-8:30p","",""
"1495","2023-07-24","Anchorage","Humpy’s","music","Jessie's Kat","7:30p-11p","",""
"1496","2023-07-24","Anchorage","The Carousel Lounge","music","One Man band Monday Nights with Ace","8p-12a","",""
"1497","2023-07-24","Anchorage","The Crowbar (Fairbanks)","music","Karaoke Night","8p-12a","",""
"1498","2023-07-24","Anchorage","Koot’s","music","The Monday Mic at Koots","9p-12a","",""
"1499","2023-07-24","Anchorage","Van’s Dive Bar","music","Jay Straw's Bass to Mouth Mondays!","9p-12a","",""
"1500","2023-07-24","Anchorage","Yukon Bar (Seward)","music","Open Mic Mondays","9p-12a","",""
"1501","2023-07-25","Anchorage","Koot’s","music","The Eternal Cowboys","10p-12a","",""
"1502","2023-07-25","Anchorage","Anchorage Museum","music","Lunch on the Lawn: Karrie Pavish Anderson","11:30a-1:30p","",""
"1503","2023-07-25","Anchorage","UAA Cuddy Quad","music","Concerts in the Quad w/ Ed Washington","11:30a-1p","",""
"1504","2023-07-25","Anchorage","Williwaw Social","music","Tako Tuesday on The Roof w/ Joe Brady","4p-7p","",""
"1505","2023-07-25","Anchorage","American Legion Post 28","music","Band Jam Night w/ Jimbo","6:30p-9:30p","",""
"1506","2023-07-25","Anchorage","Tug Bar (Wasilla)","music","Taco Tuesdays w/ Jerry Wessling","6p-9p","",""
"1507","2023-07-25","Anchorage","Humpy’s","music","Agents At Large","7:30p-11p","",""
"1508","2023-07-25","Anchorage","Klondike Mike’s & the Main Street Grill (Palmer)","music","Open Stage Night With Sabina Speers","7p-10p","",""
"1509","2023-07-25","Anchorage","Egan Center","music","Nurse Blake: Shock Advised Tour","8p-10p","",""
"1510","2023-07-25","Anchorage","Seward Alehouse (Seward)","music","Blackwater Railroad & Friends","8p-12a","",""
"1511","2023-07-25","Anchorage","Van’s Dive Bar","music","Open Jam Tuesday","9p-12a","",""
"1512","2023-07-25","Anchorage","Trophy Lounge","music","Jukebox Karaoke Roadshow","9p-1a","",""
"1513","2023-07-26","Anchorage","Peratrovich Park (Anchorage)","music","Music in the Park: River Livers","12p-1p","",""
"1514","2023-07-26","Anchorage","Brown Bear Saloon (Indian)","music","Stompin Yeti at the Brown Bear","6:30p-9:30p","",""
"1515","2023-07-26","Anchorage","Soldotna Creek Park (Soldotna)","music","Free Creatures // Sam Tenhoff opening","6p-9p","",""
"1516","2023-07-26","Anchorage","Humpy’s","music","Jared Woods","7:30p-11p","",""
"1517","2023-09-25","Anchorage","Temple Studios Community Center (Seward)","music","All Ages Open Jam","5p-6:30p","",""
"1518","2023-09-25","Anchorage","Auxiliary VFW 1685","music","Open Mic Night","6:30p-8:30p","",""
"1519","2023-09-25","Anchorage","K Street Market","music","Jazz Night Open Jam","6:30p-8:30p","",""
"1520","2023-09-25","Anchorage","Anchorage Community Theatre","theatre","Play Reader's Club","6p-8p","",""
"1521","2023-09-25","Anchorage","The Crowbar (Fairbanks)","music","Karaoke Night","8p-12a","",""
"1522","2023-09-25","Anchorage","Four Corner’s Lounge (Palmer)","music","Karaoke","8p-12a","",""
"1523","2023-09-25","Anchorage","Koot’s","music","The Monday Mic at Koots","9p-12a","",""
"1524","2023-09-25","Anchorage","Van’s Dive Bar","music","Jay Straw's Bass to Mouth Mondays!","9p-12a","",""
"1525","2023-09-25","Anchorage","Yukon Bar (Seward)","music","Open Mic Mondays","9p-12a","",""
"1526","2023-09-26","Anchorage","Koot’s","music","The Eternal Cowboys","10p-12a","",""
"1527","2023-09-26","Anchorage","Anchorage Community Theatre","music","Auditions for ""A Christmas Carol""","1p-4p","",""
"1528","2023-09-26","Anchorage","Tug Bar (Wasilla)","music","Taco Tuesdays w/ Jerry Wessling","6p-9p","",""
"1529","2023-09-26","Anchorage","Klondike Mike’s & the Main Street Grill (Palmer)","music","Open Stage Night With Sabina Speers","7p-10p","",""
"1530","2023-09-26","Anchorage","Unitarian Universalist Fellowship of Fairbanks","music","Peace Choir Rehearsal","7p-8:30p","",""
"1531","2023-09-26","Anchorage","Seward Alehouse (Seward)","music","Blackwater Railroad & Friends","8p-12a","",""
"1532","2023-09-26","Anchorage","The Carousel Lounge","music","AK Rockstar Karaoke","8p-2a","",""
"1533","2023-09-26","Anchorage","Van’s Dive Bar","music","Open Jam Tuesday","9p-12a","",""
"1534","2023-09-26","Anchorage","Trophy Lounge","music","Jukebox Karaoke Roadshow","9p-1a","",""
"1535","2023-09-27","Anchorage","Pioneer Bar","music","The Eternal Cowboys","10p-12a","",""
"1536","2023-09-27","Anchorage","Koot’s","music","Koots Karaoke","10p-2a","",""
"1537","2023-09-27","Anchorage","The Alaska Zoo","community","Free Zoo Community Storytime","12p-4p","",""
"1538","2023-09-27","Anchorage","907 Alehouse","music","Tyrone Palmer & Friends","7p-10p","",""
"1539","2023-09-27","Anchorage","Pakalolo Supply Company (Fairbanks)","comedy","Comedy & Music ft. Chris Castles & Tai Nguyen","7p-10p","",""
"1540","2023-09-27","Anchorage","Williwaw Social","dance","Free Latin Dance Class","7p-10p","",""
"1541","2023-09-27","Anchorage","Schwabenhof (Wasilla)","music","Open Mic","7p-12a","",""
"1542","2023-09-27","Anchorage","Fairview Inn (Talkeetna)","music","Open Mic","7p-1a","",""
"1543","2023-09-27","Anchorage","Koot’s","dance","Free Dance Lessons","7p-8p","",""
"1544","2023-09-27","Anchorage","Cyrano’s Theatre Company","music","Pay-What-You-Can-Preview for Uncle Ted","7p-9p","",""
"1545","2023-09-27","Anchorage","Koot’s","comedy","Comedy Open Mic","8:30p-10p","",""
"1546","2023-09-27","Anchorage","Humpy’s","music","Will H Johnson","8:30p-12a","",""
"1547","2023-09-27","Anchorage","Alaskan Hotel and Bar (Juneau)","music","Karaoke","8p-11p","",""
"1548","2023-09-27","Anchorage","Koot’s","music","Country Night with DJ Lefty","8p-12a","",""
"1549","2023-09-27","Anchorage","Eddie’s Sports Bar","music","Jukebox Karaoke Roadshow","9p-12a","",""
"1550","2023-09-27","Anchorage","Van’s Dive Bar","music","KARAOKE w/ SassySquatch!","9p-12a","",""
"1551","2023-09-27","Anchorage","Yukon Bar (Seward)","music","Karaoke","9p-2a","",""
"1552","2023-11-29","Anchorage","Pioneer Bar","music","The Eternal Cowboys","10p-12a","",""
"1553","2023-11-29","Anchorage","Koot’s","music","Koots Karaoke","10p-2a","",""
"1554","2023-11-29","Anchorage","Koot’s","dance","Free West Coast Swing Dance Lessons","6:45p-8p","",""
"1555","2023-11-29","Anchorage","Alaska Center for The Performing Arts","music","Come From Away","7:30p-9:10p","",""
"1556","2023-11-29","Anchorage","907 Alehouse","music","Tyrone Palmer & Friends","7p-10p","",""
"1557","2023-11-29","Anchorage","The Cabin (Fairbanks)","music","Live Music Monday w/ Andrew Mack","7p-10p","",""
"1558","2023-11-29","Anchorage","Williwaw Social","dance","Free Latin Dance Class","7p-10p","",""
"1559","2023-11-29","Anchorage","Koot’s","music","Country Night with DJ Lefty","7p-12a","",""
"1560","2023-11-29","Anchorage","Schwabenhof (Wasilla)","music","Open Mic","7p-12a","",""
"1561","2023-11-29","Anchorage","Fairview Inn (Talkeetna)","music","Open Mic","7p-1a","",""
"1562","2023-11-29","Anchorage","Cyrano’s Theatre Company","theatre","Fancy Nancy: Splendiferouse Christmas Musical","7p-8p","",""
"1563","2023-11-29","Anchorage","Koot’s","comedy","Comedy Open Mic","8:30p-10p","",""
"1564","2023-11-29","Anchorage","Alaskan Hotel and Bar (Juneau)","music","Karaoke","8p-11p","",""
"1565","2023-11-29","Anchorage","Four Corner’s Lounge (Palmer)","music","Karaoke","8p-12a","",""
"1566","2023-11-29","Anchorage","Lil Babes Cocktail Lounge","music","Open Mic","8p-12a","",""
"1567","2023-11-29","Anchorage","The Carousel Lounge","music","AK Rockstar Karaoke","8p-2a","",""
"1568","2023-11-29","Anchorage","Eddie’s Sports Bar","music","Jukebox Karaoke Roadshow","9p-12a","",""
"1569","2023-11-29","Anchorage","Van’s Dive Bar","music","KARAOKE w/ SassySquatch!","9p-12a","",""
"1570","2023-11-29","Anchorage","Yukon Bar (Seward)","music","Karaoke","9p-2a","",""
"1571","2023-11-30","Anchorage","Alaska Center for The Performing Arts","music","Come From Away","1p-2:30p & 7:30p-9:10p","",""
"1572","2023-11-30","Anchorage","Rage City Vintage","music","Rage City Holiday Night Market w/ DJ Aud Pleas","2p-9p","",""
"1573","2023-11-30","Anchorage","Orso","music","Live Music w/ Witty Youngman","6p-8p","",""
"1574","2023-11-30","Anchorage","Garcia’s Cantina & Café (Eagle River)","music","Glacier Hoppers","6p-9p","",""
"1575","2023-11-30","Anchorage","The Hotel Captain Cook","theatre","Anchorage Community Theatre’s Platinum 70th Anniversary Gala & Fundraiser","6p-9p","",""
"1576","2023-11-30","Anchorage","Palmer Alehouse (Palmer)","music","Nothing ‘But Karma","6p-9p","",""
"1577","2023-11-30","Anchorage","Unitarian Universalist Fellowship (Fairbanks)","festival","Fairbanks Peace Choir: Winter Concert","7:30p-9p","",""
"1578","2023-11-30","Anchorage","Fishhook Bar & Grill (Palmer)","music","Jam Nights w/ Jerry Wessling","7p-10p","",""
"1579","2023-11-30","Anchorage","Tailgater’s Sport’s Bar & Grill (Wasilla)","music","The AKoustic Project","7p-10p","",""
"1580","2023-11-30","Anchorage","Main Street Tap & Grill (Kenai)","comedy","Comedy Show w/ Kevin Farley","7p-8:30p","",""
"1581","2023-11-30","Anchorage","Cyrano’s Theatre Company","music","Tartuffe","7p-9p","",""
"1582","2023-11-30","Anchorage","Alaskan Hotel and Bar (Juneau)","music","Open Mic","8p-11p","",""
"1583","2023-11-30","Anchorage","The Crystal Saloon (Juneau)","music","Open Mic Night","8p-11p","",""
"1584","2023-11-30","Anchorage","The Marlin Bar (Fairbanks)","music","Open Mic Night","8p-11p","",""
"1585","2023-11-30","Anchorage","The Peanut Farm","music","The Jukebox Karaoke","8p-11p","",""
"1586","2023-11-30","Anchorage","4 Royle Parkers (Soldotna)","music","Open Mic w/ Cody Kniceley","8p-12a","",""
"1587","2023-11-30","Anchorage","Flattop Pizza & Pasta","music","Karaoke","8p-12a","",""
"1588","2023-11-30","Anchorage","The Carousel Lounge","music","AK Rockstar Karaoke","8p-2a","",""
"1589","2023-11-30","Anchorage","Lil Babes Cocktail Lounge","music","Jam Night & Karaoke","8p-2a","",""
"1590","2023-11-30","Anchorage","Williwaw Social","music","Gasolina Thursdays w/ Joe Brady","9-12a","",""
"1591","2023-11-30","Anchorage","Mad Myrna’s","comedy","Mad Myrna's Comedy Showcase","9p-11p","",""
"1592","2023-11-30","Anchorage","Yukon Bar (Seward)","music","Open Mic w/ Chris Crain","9p-12a","",""
"1593","2023-11-30","Anchorage","Four Corner’s Lounge (Palmer)","music","Karaoke Night","9p-1a","",""
"1594","2023-11-30","Anchorage","Van’s Dive Bar","music","DJ Shawn Hemp Live","9p-1a","",""
"1595","2023-12-01","Anchorage","Williwaw Social","music","Pickuplines Live","10p-2a","",""
"1596","2023-12-01","Anchorage","The Cove","music","First Duke Russell Friday w/ Snarley Brown and Corey Böiko","5:30p-10p","",""
"1597","2023-12-01","Anchorage","Marie Drake Planetarium","music","Free First Friday at the Planetarium","5:30p-7p","",""
"1598","2023-12-01","Anchorage","Eagle River Town Square Park (Eagle River)","music","2023 Winter Wonderland & Tree Lighting Ceremony","5:30p-8:30p","",""
"1599","2023-12-01","Anchorage","The Nave Spenard","dance","Athabascan Fiddlers Dance & Potluck","6:30p-10:30","",""
"1600","2023-12-01","Anchorage","The Catch Restaurant & Bar (Soldotna)","music","Chords & Conversations “Songwriters In The Round”","6:30p-10p","",""
"1601","2023-12-01","Anchorage","American Legion Post 33 (Peter’s Creek)","music","Glacier Hoppers","6p-9p","",""
"1602","2023-12-01","Anchorage","Matanuska Brewing Company","music","Jared Woods & David Nathanson","6p-9p","",""
"1603","2023-12-01","Anchorage","Wendler Middle School","dance","The Dancing Bears Contra Dance","7:30p-10:30","",""
"1604","2023-12-01","Anchorage","Perseverance Theatre (Juneau)","music","A Nice Indian Boy","7:30p-10p","",""
"1605","2023-12-01","Anchorage","Alaska Center for The Performing Arts","music","Portland Cello Project Holiday Show","7:30p-9:20p","",""
"1606","2023-12-01","Anchorage","Everett’s Restaurant (Wasilla)","comedy","Comedy Show w/ Kevin Farley","7:30p-9p","",""
"1607","2023-12-01","Anchorage","Williwaw Social","music","907 Pro Wrestling: UNLEASHED","7p-10","",""
"1608","2023-12-01","Anchorage","American Legion Post 15 (Palmer)","music","Karaoke","7p-11p","",""
"1609","2023-12-01","Anchorage","Floaters (Big Lake)","music","Open Mic Night","7p-12a","",""
"1610","2023-12-01","Anchorage","The Fraternal Order of Eagles Aerie 4207","music","Karaoke Friday at the Eagles!","7p-12a","",""
"1611","2023-12-01","Anchorage","UAA Fine Arts Building","music","UAA Glee Club Fall Concert","7p-8:30p","",""
"1612","2023-12-01","Anchorage","Alaska Center for The Performing Arts","music","Twice Upon a Christmas","7p-9p","",""
"1613","2023-12-01","Anchorage","Anchorage Community Theatre","music","A Christmas Carol","7p-9p","",""
"1614","2023-12-01","Anchorage","Cyrano’s Theatre Company","music","Tartuffe","7p-9p","",""
"1615","2023-12-01","Anchorage","The Sitzmark (Girdwood)","music","The High Hawks","8p-10:30p","",""
"1616","2023-12-01","Anchorage","Broken Blender","music","Sweet Treats: A Holiday Cabaret","8p-9:30p","",""
"1617","2023-12-01","Anchorage","Koot’s","dance","That 70's Dance Party w/ The Vintage Retro","9:30p-1:30a","",""
"1618","2023-12-01","Anchorage","The Gumbo House","comedy","Live Comedy at the Gumbo House","9p-11:30p","",""
"1619","2023-12-01","Anchorage","Mad Myrna’s","music","Mad Myrna's Diva Variety Show","9p-11:30p","",""
"1620","2023-12-01","Anchorage","Alaska Dance Promotions","dance","Friday Night Dance Lounge","9p-1a","",""
"1621","2023-12-01","Anchorage","Van’s Dive Bar","music","Murmur, Fiona Rose and the Show Ponies, and Clay Products","9p-1a","",""
"1622","2023-12-01","Anchorage","Time Out Lounge","music","Blast From The Past","9p-2:30a","",""
"1623","2023-12-02","Anchorage","Matanuska Brewing Midtown","music","The Jangle Bees Live 9pm","12a","",""
"1624","2023-12-02","Anchorage","Cyrano’s Theatre Company","music","Fancy Nancy: Splendiferous Christmas","12p-1p & 2p-3p","",""
"1625","2023-12-02","Anchorage","Black Birch Books (Wasilla)","music","Coffee w/ A Veteran","12p-2p","",""
"1626","2023-12-02","Anchorage","Anchorage Community Theatre","music","Auditions for ""Our Town""","1p-4p","",""
"1627","2023-12-02","Anchorage","Juneau-Douglas High School (Juneau)","music","Land of Sweets & Tea Tour","1p-4p","",""
"1628","2023-12-02","Anchorage","Lone Moose Lodge Alaska (Soldotna)","music","Kenai Chapter SCI Annual Christmas Party","6p-10p","",""
"1629","2023-12-02","Anchorage","Anchorage Social Dance Club","dance","Saturday Night Social Dance","7p-11p","",""
"1630","2023-12-02","Anchorage","Koot’s","comedy","Comedy Show w/ Kevin Farley","7p-8:30p & 9p-10:30p","",""
"1631","2023-12-02","Anchorage","Williwaw Social","music","Beats. Beer. Bingo.","7p-9p","",""
"1632","2023-12-02","Anchorage","Broken Blender","music","Karaoke w/ Host Steve Franklin","8p-11:45p","",""
"1633","2023-12-02","Anchorage","Anchorage Moose Lodge","music","Danger Money Live","8p-12a","",""
"1634","2023-12-02","Anchorage","Cold Water Bar & Grill (Sitka)","dance","Dine & Dance Holiday Bash","8p-12a","",""
"1635","2023-12-02","Anchorage","Humpy’s Alehouse","music","Glacier Hoppers Band","9:30p-1a","",""
"1636","2023-12-02","Anchorage","The Pub (Fairbanks)","music","The Casey Smith Project","9p-12a","",""
"1637","2023-12-02","Anchorage","Van’s Dive Bar","music","Suicidal Bunnies","9p-1a","",""
"1638","2023-12-02","Anchorage","Williwaw Social","music","Merkules Live in Alaska","9p-1a","",""
"1639","2023-12-02","Anchorage","Koot’s","music","“Spenard Boiler Room” w/ Hephay, Saxafras, Zayka, and SCOOBZ","9p-2:30a","",""
"1640","2023-12-03","Anchorage","The Alaska Zoo","music","Christmas for the Animals & Artisan’s Bazaar","10a-4p","",""
"1641","2023-12-03","Anchorage","Koot’s","music","Koots Karaoke","10p-2a","",""
"1642","2023-12-03","Anchorage","Pioneer Bar","music","Industry Night w/ Joe Brady","10p-2a","",""
"1643","2023-12-03","Anchorage","Broken Blender","music","Reveal Sip & Shop Burlesque Fashion Show","11:30a-1p","",""
"1644","2023-12-03","Anchorage","Cyrano’s Theatre Company","music","Fancy Nancy: Splendiferous Christmas","12p-1p","",""
"1645","2023-12-03","Anchorage","Alaska Center for The Performing Arts","music","Come From Away","1p-2:30p & 7p-8:50p","",""
"1646","2023-12-03","Anchorage","Cathedral of Our Lady of Guadalupe","music","Anchorage Concert Chorus: 76th Community Messiah","2p-4p","",""
"1647","2023-12-03","Anchorage","Anchorage Community Theatre","music","A Christmas Carol","3p-5p","",""
"1648","2023-12-03","Anchorage","Cyrano’s Theatre Company","music","Tartuffe","3p-5p","",""
"1649","2023-12-03","Anchorage","VFW Post 1685","music","Jam Night","4:30p-8:30p","",""
"1650","2023-12-03","Anchorage","Alaska Center for The Performing Arts","music","Anchorage Community Concert Band","4p-6p","",""
"1651","2023-12-03","Anchorage","Perseverance Theatre (Juneau)","music","A Nice Indian Boy","5p-7:30p","",""
"1652","2023-12-03","Anchorage","Everett’s (Wasilla)","music","Family Friendly Open Mic w/ Tanya Hegg","6p-10p","",""
"1653","2023-12-03","Anchorage","Susitna Brewing (Big Lake)","music","Open Mic Night","6p-9p","",""
"1654","2023-12-03","Anchorage","Koot’s","comedy","Comedy Open Mic","8:30p-10p","",""
"1655","2023-12-03","Anchorage","Time Out Lounge","music","Blast From The Past","8:30p-1a","",""
"1656","2023-12-03","Anchorage","Humpys","music","Open Mic Jam","8p-11p","",""
"1657","2023-12-03","Anchorage","Van’s Dive Bar","music","Open Mic! Overlorded by Wash Your Hands","8p-12a","",""
"1658","2023-12-03","Anchorage","Four Corner’s Lounge (Palmer)","music","Karaoke","9p-12a","",""
"1659","2023-12-04","Anchorage","K Street Market","music","Jazz Night Open Jam","6:30p-8:30p","",""
"1660","2023-12-04","Anchorage","Anchorage Community Theatre","music","Auditions for ""Our Town""","6p-8p","",""
"1661","2023-12-04","Anchorage","The Cabin (Fairbanks)","music","Live Music Monday w/ Music Dave","8p-10p","",""
"1662","2023-12-04","Anchorage","Blue Fox Cocktail Lounge","music","Open Mic Night w/ Mike Miller","8p-12a","",""
"1663","2023-12-04","Anchorage","The Carousel Lounge","music","One Man Band Nights w/ Ace","8p-12a","",""
"1664","2023-12-04","Anchorage","The Crowbar (Fairbanks)","music","Karaoke Night","8p-12a","",""
"1665","2023-12-04","Anchorage","Koot’s","music","The Monday Mic at Koots","9p-12a","",""
"1666","2023-12-04","Anchorage","Van’s Dive Bar","music","Jay Straw's Bass to Mouth Mondays!","9p-12a","",""
"1667","2023-12-05","Anchorage","The Houston Lodge (Houston)","music","Open Mic w/ The AKoustic Project","6p-9p","",""
"1668","2023-12-05","Anchorage","Tuffy’s (Fairbanks)","music","Tuesday Night Karaoke w/ Rockey","6p-9p","",""
"1669","2023-12-05","Anchorage","Tug Bar (Wasilla)","music","Taco Tuesdays w/ Jerry Wessling","6p-9p","",""
"1670","2023-12-05","Anchorage","The Cabin (Fairbanks)","music","Jam Out w/ Cami From Miami","7:30p-10:30p","",""
"1671","2023-12-05","Anchorage","Klondike Mike’s & the Main Street Grill (Palmer)","music","Open Stage Night With Sabina Speers","7p-10p","",""
"1672","2023-12-05","Anchorage","Van’s Dive Bar","music","Open Jam Tuesday","9p-12a","",""
"1673","2023-12-05","Anchorage","Trophy Lounge","music","Jukebox Karaoke Roadshow","9p-1a","",""
"1674","2024-04-16","Anchorage","Anchorage Senior Activity Center","theatre","Theatre at the Senior Activity Center","12p-1:30p","",""
"1675","2024-04-16","Anchorage","Organic Oasis","music","Irish Music and Dancing","6p-8p","",""
"1676","2024-04-16","Anchorage","Alaska Center for The Performing Arts","music","Disney's Aladdin","7:30p-10p","",""
"1677","2024-04-16","Anchorage","Pink Cadillac","dance","West Coast Fusion Night: Dance Lessons & Music","8p-12a","",""
"1678","2024-04-16","Anchorage","The Carousel Lounge","music","AK Rockstar Karaoke","8p-2a","",""
"1679","2024-04-17","Anchorage","Alaska Zoo","community","Community Storytime","10:30a-11a","",""
"1680","2024-04-17","Anchorage","Pioneer Bar","music","The Eternal Cowboys","10p-12a","",""
"1681","2024-04-17","Anchorage","Koot’s","music","Koots Karaoke","10p-2a","",""
"1682","2024-04-17","Anchorage","Matanuska Brewing Company","music","Jared Woods & David Nathanson Live","6p-9p","",""
"1683","2024-04-17","Anchorage","907 Alehouse","music","Tyrone Palmer & Friends","7p-10p","",""
"1684","2024-04-17","Anchorage","Koot’s","music","Country Night with DJ Lefty","7p-12a","",""
"1685","2024-04-17","Anchorage","Pink Cadillac","dance","Line Dance Night","7p-1a","",""
"1686","2024-04-17","Anchorage","Lil Babes Cocktail Lounge","music","Open Mic","8p-12a","",""
"1687","2024-04-17","Anchorage","The Carousel Lounge","music","AK Rockstar Karaoke","8p-2a","",""
"1688","2024-04-17","Anchorage","Van’s Dive Bar","music","KARAOKE w/ Uswi","9p-12a","",""
"1689","2024-04-17","Eagle River","Schwabenhof","music","Open Mic","7:30p-11p","",""
"1690","2024-04-17","Eagle River","Alaskan Hotel and Bar","music","Karaoke","8p-11p","",""
"1691","2024-04-17","Eagle River","Four Corner’s Lounge","music","Karaoke","8p-12a","",""
"1692","2024-04-17","Eagle River","Fairview Inn","music","Open Mic with Larry Z","9p-1a","",""
"1693","2024-04-17","Eagle River","Yukon Bar","music","Karaoke","9p-2a","",""
"1694","2024-04-18","Anchorage","Broken Blender","music","Country Music Night w/ Alaskan Artists","6p-10p","",""
"1695","2024-04-18","Anchorage","The Blue Fox","music","The 7 Duo","7p-10p","",""
"1696","2024-04-18","Anchorage","Koots","music","Shaun Parcarro","7p-10p","",""
"1697","2024-04-18","Anchorage","Bear Tooth Theatrepub","music","Parlor in the Round w/ Alex Lahey, Emily Anderson & 3pitome","7p-9p","",""
"1698","2024-04-18","Anchorage","Williwaw Social","music","Sultry in the Speakeasy: Grace C. Elliot","7p-9p","",""
"1699","2024-04-18","Anchorage","Flattop Pizza & Pool","music","Karaoke w/ Big Dream Entertainment","8p-12a","",""
"1700","2024-04-18","Anchorage","Floaters","music","Karaoke","8p-12a","",""
"1701","2024-04-18","Anchorage","The Carousel Lounge","music","AK Rockstar Karaoke","8p-2a","",""
"1702","2024-04-18","Anchorage","Pink Cadillac","music","Country Night Thursdays w/ DJ Rico","8p-2a","",""
"1703","2024-04-18","Anchorage","Williwaw Social","dance","Space: A Speakeasy Dance Party w/ DJ Joe Brady","9:30p-12a","",""
"1704","2024-04-18","Anchorage","Organic Oasis","music","Bluegrass Jam","9p-10:30p","",""
"1705","2024-04-18","Anchorage","Van’s Dive Bar","music","Johnny Prizm","9p-12a","",""
"1706","2024-04-18","Eagle River","International Hotel & Bar","music","Karaoke","10p-2a","",""
"1707","2024-04-18","Eagle River","Mykel’s Restaurant","music","Live Music by Local Musicians","5p-9p","",""
"1708","2024-04-18","Eagle River","Palmer Alehouse","music","Matt Hopper Live","6p-9p","",""
"1709","2024-04-18","Eagle River","Charles Davis Concert Hall","music","Northern Lights String Orchestra","7:30p-9p","",""
"1710","2024-04-18","Eagle River","Tailgater’s Sport’s Bar & Grill","music","The AKoustic Project","7p-10p","",""
"1711","2024-04-18","Eagle River","Garcia’s Cantina & Café","music","Will Johnson","7p-11p","",""
"1712","2024-04-18","Eagle River","Klondike Mike’s & the Main Street Grill","music","Karaoke w/ Sadie","7p-12a","",""
"1713","2024-04-18","Eagle River","Pakalolo Tasting Room & Coffee Shop","comedy","420 Fest w/ Live Music & Stand Up Comedy","7p-9p","",""
"1714","2024-04-18","Eagle River","The Pub","music","Karaoke Thursdays","8:30p-11p","",""
"1715","2024-04-18","Eagle River","Alaskan Hotel and Bar","music","Open Mic","8p-11p","",""
"1716","2024-04-18","Eagle River","The Crystal Saloon","music","Open Mic Thursdays","8p-11p","",""
"1717","2024-04-18","Eagle River","4 Royle Parkers","music","Open Mic w/ Cody Kniceley","8p-12a","",""
"1718","2024-04-18","Eagle River","Alibi Bar & Café","music","Karaoke Night","9:15p-12:15a","",""
"1719","2024-04-18","Eagle River","Yukon Bar","music","Open Mic w/ Chris Crain","9p-12a","",""
"1720","2024-04-19","Anchorage","Sweet Cheeks Cabaret: Dirty Deeds","music","A Murder Mystery Burlesque Show","","",""
"1721","2024-04-19","Anchorage","Williwaw Social","music","House Party w/ Lloyds Noize","10p-1a","",""
"1722","2024-04-19","Anchorage","Al’s Alaskan Inn","music","Reggaeton Night w/ DJ Jose","10p-2a","",""
"1723","2024-04-19","Anchorage","Koot’s","music","Velvet La La","10p-2a","",""
"1724","2024-04-19","Anchorage","Organic Oasis","music","Tucker Tunes","5p-7:30p","",""
"1725","2024-04-19","Anchorage","O’Malley’s on the Green","music","Glacier Hoppers Band","6:30p-9:30p","",""
"1726","2024-04-19","Anchorage","Rage City Vintage","music","Spenard Song Circle w/ Emma Hill, Stephen Hendricks, & Mr. Yambao","6p-9p","",""
"1727","2024-04-19","Anchorage","The Nave","music","Moving Through the Boreal Forest","7:30p-9p","",""
"1728","2024-04-19","Anchorage","UAA Recital Hall","theatre","UAA Opera Ensemble & University Singers: Candide","7:30p-9p","",""
"1729","2024-04-19","Anchorage","Williwaw Social","music","R&B Live! It's A Vibe","7p-10p","",""
"1730","2024-04-19","Anchorage","The Fraternal Order of Eagles Aerie 4207","music","Karaoke Friday at the Eagles!","7p-12a","",""
"1731","2024-04-19","Anchorage","Williwaw Social","music","Speakeasy Sessions: Husse, Zane Penny, Carino","7p-9p","",""
"1732","2024-04-19","Anchorage","Anchorage Moose Lodge","music","Karaoke Night w/ DJ Lefty","8p-11:30p","",""
"1733","2024-04-19","Anchorage","Billiard Palace","music","Leo Ash Blues Band","8p-12a","",""
"1734","2024-04-19","Anchorage","Floaters","music","DJ Poe","8p-12a","",""
"1735","2024-04-19","Anchorage","Koots","music","2nd Annual Flow Party w/ Brosswurst, Dig Sista, Pokerchild, & Blacksmoke","8p-2a","",""
"1736","2024-04-19","Anchorage","Pink Cadillac","music","Schaefer Mueller and The Neon Highway Debut Concert w/ DJ Rico closing","8p-2a","",""
"1737","2024-04-19","Anchorage","Broken Blender","music","Sweet Cheeks Cabaret: Dirty Deeds - A Murder Mystery Burlesque Show","8p-9:30p","",""
"1738","2024-04-19","Anchorage","Humpy’s","music","The Red Flags","9:30p-1:30a","",""
"1739","2024-04-19","Anchorage","Mad Myrna’s","music","Mad Myrna's Diva Variety Show","9p-11:30p","",""
"1740","2024-04-19","Anchorage","Alaska Dance Promotions","dance","Friday Night Dance Lounge","9p-12a","",""
"1741","2024-04-19","Anchorage","The Carousel Lounge","music","HarpDaddy & Cami From Miami","9p-1a","",""
"1742","2024-04-19","Anchorage","Flattop Pizza & Pool","music","DJ Ke","9p-1a","",""
"1743","2024-04-19","Anchorage","Matanuska Brewing Company","music","Latin Takeover Party w/ DJ Mykey T","9p-1a","",""
"1744","2024-04-19","Anchorage","Time Out Lounge","music","Blast From The Past","9p-2:30a","",""
"1745","2024-04-19","Eagle River","Mariner Theater","music","Jubilee! Youth Performing Arts Show","10p-2a","",""
"1746","2024-04-19","Eagle River","The Crowbar","music","DJ Manny","10p-3:30a","",""
"1747","2024-04-19","Eagle River","The CATCH Restaurant & Bar","music","Chords & Conversations: “Songwriters In The Round”","6:30p-8:45p","",""
"1748","2024-04-19","Eagle River","AJ’s Old Town Steakhouse & Tavern","music","Piano Music by Erika","6p-8p","",""
"1749","2024-04-19","Eagle River","Last Frontier Brewing","music","Jerry Wessling Band","6p-9p","",""
"1750","2024-04-19","Eagle River","Palmer Alehouse","music","Ken Peltier Live","7p-10p","",""
"1751","2024-04-19","Eagle River","Garcia’s Cantina & Café","music","Nothin But Trouble","7p-11p","",""
"1752","2024-04-19","Eagle River","American Legion Post 15","music","Karaoke","7p-11p","",""
"1753","2024-04-19","Eagle River","EVERETT’S","music","Comedian Kathleen Dunbar","7p-8:30p","",""
"1754","2024-04-19","Eagle River","Odess Theater","music","Sitka Fine Arts Camp: Annie & Annie Jr.","7p-9:30p","",""
"1755","2024-04-19","Eagle River","Juneau-Douglas High School","music","Alice in Wonderland","7p-9p","",""
"1756","2024-04-19","Eagle River","Sheldon Community Arts Hanger","music","Parlor in the Round","7p-9p","",""
"1757","2024-04-19","Eagle River","The Cabin","music","Ladies Night w/ Carey Seward, Caitlyn Frye, & Helen Graves","8p-11p","",""
"1758","2024-04-19","Eagle River","Tuffy’s","music","DJ Traxmadeit Friday Night Takeover","8p-1a","",""
"1759","2024-04-19","Eagle River","Yukon Bar","music","April Spring Weekend in Seward","9a-11p","",""
"1760","2024-04-19","Eagle River","Pakalolo Tasting Room & Coffee Shop","comedy","420 Fest w/ Live Music & Stand Up Comedy","9p-11p","",""
"1761","2024-04-19","Eagle River","The Sitzmark","music","Loaded Karma","9p-1a","",""
"1762","2024-04-19","Eagle River","Fairview Inn","music","Fiona Rose and the Show Ponies","9p-1a","",""
"1763","2024-04-20","Anchorage","Koot’s","music","Yachtly Crew","10p-1a","",""
"1764","2024-04-20","Anchorage","Al’s Alaskan Inn","music","DJ Kouley","10p-2a","",""
"1765","2024-04-20","Anchorage","Alaska Center for The Performing Arts","music","Disney's Aladdin","1p-3:30p & 7:30p-10p","",""
"1766","2024-04-20","Anchorage","Rage City Vintage","music","Open Music Jam","3p-6p","",""
"1767","2024-04-20","Anchorage","UAA Recital Hall","theatre","UAA Opera Ensemble & University Singers: Candide","4p-5:30p & 7:30p-9p","",""
"1768","2024-04-20","Anchorage","Organic Oasis","music","Jazz Jam","4p-6:30p","",""
"1769","2024-04-20","Anchorage","Anchorage Moose Lodge","music","Woodrow Live","6p-12a","",""
"1770","2024-04-20","Anchorage","The Nave","music","Moving Through the Boreal Forest","7:30p-9p","",""
"1771","2024-04-20","Anchorage","The Carousel Lounge","music","6th Anniversary Party w/ Free Food & Glacier Blues Band","7p-1a","",""
"1772","2024-04-20","Anchorage","Koot’s","music","Comedian Kathleen Dunbar","7p-8:30p & 9p-10:30p","",""
"1773","2024-04-20","Anchorage","Broken Blender","music","Karaoke w/ Host Steve Franklin","8p-11:45p","",""
"1774","2024-04-20","Anchorage","Billiard Palace","music","Spaffdaddy","8p-12a","",""
"1775","2024-04-20","Anchorage","Pink Cadillac","dance","Country Night Dance Lessons & Music","8p-2a","",""
"1776","2024-04-20","Anchorage","Humpy’s","music","Glacier Hoppers Band","9:30p-1a","",""
"1777","2024-04-20","Anchorage","Anya Latin Dance","dance","Salsa Saturdays: Beginner Dance Class &Latin Dance Party","9p-1a","",""
"1778","2024-04-20","Anchorage","Matanuska Brewing Company","music","420 Party w/ Loaded Karma, R&R Reggae, Rootzy Soul & Jarod Dominic","9p-1a","",""
"1779","2024-04-20","Anchorage","Koot’s","music","Dankstep: A Dubstep 4/20 Party","9p-2:30a","",""
"1780","2024-04-20","Anchorage","Williwaw Social","music","Big Bubble Rave: Spongebob Themed Party","9p-2a","",""
"1781","2024-04-20","Eagle River","Pakalolo Tasting Room & Coffee Shop","comedy","420 Fest w/ Live Music & Stand Up Comedy","10a-11p","",""
"1782","2024-04-20","Eagle River","The Crowbar","music","DJ Manny","10p-3:30a","",""
"1783","2024-04-20","Eagle River","Odess Theater","music","Sitka Fine Arts Camp: Annie & Annie Jr.","2p-3p & 7p-9:30p","",""
"1784","2024-04-20","Eagle River","Juneau-Douglas High School","music","Alice in Wonderland","2p-4p & 7p-9p","",""
"1785","2024-04-20","Eagle River","Marie Drake Planetarium","music","Total Solar Eclipse Experience","6p-7p","",""
"1786","2024-04-20","Eagle River","AJ’s Old Town Steakhouse & Tavern","music","Piano Music by Sunrise Kilcher","6p-8p","",""
"1787","2024-04-20","Eagle River","Challenger Learning Center of Alaska","dance","Carhartts & Xtratufs Ball w/ Big Chimney Barn Dance","6p-9p","",""
"1788","2024-04-20","Eagle River","Everett’s","music","Jerry Wessling Band","6p-9p","",""
"1789","2024-04-20","Eagle River","Charles Davis Concert Hall","music","Choir of the North","7:30p-9p","",""
"1790","2024-04-20","Eagle River","Chop House","music","Schaefer Mueller & Alex White Live","7p-10p","",""
"1791","2024-04-20","Eagle River","Red Dog Saloon","music","Rewind: Juneau Drag Throwback Show!","7p-11:45p","",""
"1792","2024-04-20","Eagle River","Garcia’s Cantina & Café","music","Open Mic Night","7p-11p","",""
"1793","2024-04-20","Eagle River","American Legion Post 15","music","Karaoke","7p-11p","",""
"1794","2024-04-20","Eagle River","Palace Theater","music","Parlor in the Round w/ Alex Lahey, Emily Anderson & Rachel DeTemple","7p-9p","",""
"1795","2024-04-20","Eagle River","Pioneer Park Dance Hall","dance","Contra Dance w/ The Simple Sugars","8p-10p","",""
"1796","2024-04-20","Eagle River","The Cabin","music","Solo Artist Night w/ Gail Norton, Carl Addington, & Johnny J","8p-11p","",""
"1797","2024-04-20","Eagle River","Alibi Bar & Café","music","Uplift 420 Reggae Jam","9:30p-2a","",""
"1798","2024-04-20","Eagle River","Yukon Bar","music","April Spring Weekend in Seward","9a-11p","",""
"1799","2024-04-20","Eagle River","The Sitzmark","music","420 w/ H3","9p-1a","",""
"1800","2024-04-20","Eagle River","Klondike Mike’s & the Main Street Grill","music","DJ Brazen","9p-1a","",""
"1801","2024-04-20","Eagle River","Fairview Inn","music","DJ Butchy","9p-1a","",""
"1802","2024-04-21","Anchorage","Koot’s","music","Koots Karaoke","10p-2a","",""
"1803","2024-04-21","Anchorage","Pioneer Bar","music","Industry Night w/ Joe Brady","10p-2a","",""
"1804","2024-04-21","Anchorage","Williwaw Social","community","Ghoul Bye! Zombie Drag Brunch & Farewell to Scarlett Crypt","11:30a-2p","",""
"1805","2024-04-21","Anchorage","Writer’s Block Bookstore & Café","community","Sunday Brunch w/ Aspenyarro & Grace C. Elliot","12p-2p","",""
"1806","2024-04-21","Anchorage","Broken Blender","community","Bluegrass Brunch w/ Todd Grebe & Friends","12p-4p","",""
"1807","2024-04-21","Anchorage","Alaska Center for The Performing Arts","music","Disney's Aladdin","1p-3:30p","",""
"1808","2024-04-21","Anchorage","Rage City Vintage","music","Songwriter's Circle","3p-6p","",""
"1809","2024-04-21","Anchorage","VFW Post 1685","music","Open Mic/Jam Night w/ Tyrone Palmer","4:30p-8:30p","",""
"1810","2024-04-21","Anchorage","UAA Recital Hall","theatre","UAA Opera Ensemble & University Singers: Candide","4p-5:30p","",""
"1811","2024-04-21","Anchorage","Billiard Palace","music","Sunday Blues Jam Hosted by the Rebel Blues Band","6p-10p","",""
"1812","2024-04-21","Anchorage","Susitna Brewing","music","Open Mic Night","6p-9p","",""
"1813","2024-04-21","Anchorage","Koot’s","comedy","Comedy Open Mic","8:30p-10p","",""
"1814","2024-04-21","Anchorage","Time Out Lounge","music","Blast From The Past","8:30p-1a","",""
"1815","2024-04-21","Anchorage","Van’s Dive Bar","music","Open Mic! Overlorded by Wash Your Hands","8p-12a","",""
"1816","2024-04-21","Anchorage","The Carousel Lounge","music","Sunday Karaoke","9p-2a","",""
"1817","2024-04-21","Eagle River","Pakalolo Tasting Room & Coffee Shop","comedy","420 Fest w/ Jeff Dean Stand Up Comedy","12p-2p","",""
"1818","2024-04-21","Eagle River","Odess Theater","music","Sitka Fine Arts Camp: Annie & Annie Jr.","2p-3p","",""
"1819","2024-04-21","Eagle River","Juneau-Douglas High School","music","Alice in Wonderland","2p-4p & 7p-9p","",""
"1820","2024-04-21","Eagle River","Charles Davis Concert Hall","music","Ellie Martinson, Senior Voice Recital","4p-5:30p","",""
"1821","2024-04-21","Eagle River","The Pub","music","Emily Anderson & Alex Lahey","7p-110p","",""
"1822","2024-04-21","Eagle River","Four Corner’s Lounge","music","Karaoke","8p-12a","",""
"1823","2024-04-21","Eagle River","Yukon Bar","music","April Spring Weekend in Seward","9a-8p","",""
"1824","2024-04-21","Eagle River","The Sitzmark","music","Medium Build Live","9p-1a","",""
"1825","2024-04-22","Anchorage","K Street Market","music","AJW Community Jazz Jam Session","6p-9p","",""
"1826","2024-04-22","Anchorage","Blue Fox Cocktail Lounge","music","Open Mic Night w/ Mike Miller","8p-12a","",""
"1827","2024-04-22","Anchorage","Koot’s","music","Koots Open Mic","9p-12a","",""
"1828","2024-04-22","Anchorage","Van’s Dive Bar","music","Jay Straw's Bass to Mouth Mondays!","9p-12a","",""
"1829","2024-04-22","Eagle River","The Sitzmark","music","Open Mic Nights at the Sitz","7p-10p","",""
"1830","2024-04-22","Eagle River","The Crystal Saloon","music","Karaoke Mondays","8p-11p","",""
"1831","2024-04-22","Eagle River","The Crowbar","music","Karaoke Night","8p-12a","",""
"1832","2024-04-22","Eagle River","Four Corner’s Lounge","music","Karaoke","9p-12a","",""
"1833","2024-04-23","Eagle River","Justin Cole’s Down East Saloon","music","Taco Tuesday's with Jim Maloney","6:30p-10p","",""
"1834","2024-04-23","Eagle River","Tuffy’s","music","Tuesday Night Karaoke w/ Rocky","7p-10p","",""
"1835","2024-04-23","Eagle River","Kayhi Auditorium","music","Lost Girl","7p-8:30p","",""
"1836","2024-04-23","Eagle River","International Hotel & Bar","comedy","Naked Stage Productions: Comedy Night","7p-9p","",""
"1837","2024-04-23","Eagle River","The Crystal Saloon","music","Jazz Jam","8p-11p","",""
"1838","2024-04-23","Eagle River","Four Corner’s Lounge","music","Karaoke","8p-12a","",""
"1839","2024-04-23","Eagle River","Yukon Bar","music","Karaoke","9p-2a","",""
"1840","2024-04-24","Anchorage","Koot’s","dance","Dancing to Dallas! West Coast Swing Competition w/ lots of Prizes!","6p-12a","",""
"1841","2024-04-24","Anchorage","Writer’s Block Bookstore & Café","music","Alaska Writer's Guild: Open Mic Night","6p-8p","",""
"1842","2024-04-24","Anchorage","Organic Oasis","music","A-Town Sharps","9p-11p","",""
"1843","2024-04-24","Eagle River","Schwabenhof","music","Open Mic","7:30p-11p","",""
"1844","2024-04-24","Eagle River","Charles Davis Concert Hall","music","UAF Percission Ensembles","7:30p-9p","",""
"1845","2024-04-24","Eagle River","Tuffy’s","music","Open Mic Night w/ Matt & Chelsea","7p-10p","",""
"1846","2024-04-24","Eagle River","Kayhi Auditorium","music","Lost Girl","7p-8:30p","",""
"1847","2024-04-24","Eagle River","Alaskan Hotel and Bar","music","Karaoke","8p-11p","",""
"1848","2024-04-24","Eagle River","Four Corner’s Lounge","music","Karaoke","8p-12a","",""
"1849","2024-04-24","Eagle River","Fairview Inn","music","Open Mic with Jimmy Sandy","9p-1a","",""
"1850","2024-04-24","Eagle River","Yukon Bar","music","Karaoke","9p-2a","",""
"1851","2024-04-25","Eagle River","Alaskan Hotel and Bar","music","Open Mic","8p-11p","",""
"1852","2024-06-13","Anchorage","Floaters","music","Karaoke","8p-12a","",""
"1853","2024-06-13","Eagle River","Chair 5","music","The VIntage Retro","10:30p-1a","",""
"1854","2024-06-13","Eagle River","International Hotel & Bar","music","Karaoke","10p-2a","",""
"1855","2024-06-13","Eagle River","Odess Theater","music","Bach's Lunch","12p-1p","",""
"1856","2024-06-13","Eagle River","Mykel’s Restaurant","music","Live Music by Local Musicians","5p-9p","",""
"1857","2024-06-13","Eagle River","Devil’s Club Brewing","music","Beer Choir","6:30p-9p","",""
"1858","2024-06-13","Eagle River","Gold Town Theatre","music","Dirty Chello","7p-10p","",""
"1859","2024-06-13","Eagle River","Tailgater’s Sport’s Bar & Grill","music","The AKoustic Project","7p-10p","",""
"1860","2024-06-13","Eagle River","Fairview Inn","music","DJ Butchy","7p-11p","",""
"1861","2024-06-13","Eagle River","Klondike Mike’s & the Main Street Grill","music","Karaoke w/ Sadie","7p-12a","",""
"1862","2024-06-13","Eagle River","Pioneer Park","music","Karaoke Basket & Brews w/ DJ Tony Taylor","7p-9p","",""
"1863","2024-06-13","Eagle River","The Pub","music","Karaoke Thursdays","8:30p-11p","",""
"1864","2024-06-13","Eagle River","The Cabin","music","Open Mic Night","8p-11p","",""
"1865","2024-06-13","Eagle River","Alaskan Hotel and Bar","music","Open Mic","8p-11p","",""
"1866","2024-06-13","Eagle River","The Crystal Saloon","music","Karaoke Thursdays","8p-11p","",""
"1867","2024-06-13","Eagle River","4 Royle Parkers","music","Open Mic w/ Cody Kniceley","8p-12a","",""
"1868","2024-06-13","Eagle River","Alibi Bar & Café","music","Karaoke Night","9:15p-12:15a","",""
"1869","2024-06-13","Eagle River","Yukon Bar","dance","Dance Party w/ DJ Hankerchief","9p-2a","",""
"1870","2024-06-14","Anchorage","Airport Road","festival","ChickenstockMusic Festival","1p-1a","",""
"1871","2024-06-14","Eagle River","Mug-Shot Saloon","music","Glacier Hopper Band","10p-2a","",""
"1872","2024-06-14","Eagle River","The Crowbar","music","DJ Manny","10p-3:30a","",""
"1873","2024-06-14","Eagle River","UAF Charles Davis Concert Hall","music","SMA Band, Orchestra, & Symphony","4:30p-8p","",""
"1874","2024-06-14","Eagle River","Justin Cole’s Down East Saloon","music","2nd Annual Backyard Summer Concert Series","4p-10p","",""
"1875","2024-06-14","Eagle River","Talkeetna Village Park","music","H3","5p-7p","",""
"1876","2024-06-14","Eagle River","Dirty Skillet","music","Hwy9","6p-10p","",""
"1877","2024-06-14","Eagle River","Matanuska Brewing","music","Brett Michaels","6p-11p","",""
"1878","2024-06-14","Eagle River","AJ’s Old Town Steakhouse & Tavern","music","Piano Music by Erika","6p-8p","",""
"1879","2024-06-14","Eagle River","Palmer Alehouse","music","Hope Social Club","7p-10p","",""
"1880","2024-06-14","Eagle River","Mountain High Pizza Pie","music","River Lovers","7p-10p","",""
"1881","2024-06-14","Eagle River","Creekbend Company","music","The California Honeydrops","7p-11p","",""
"1882","2024-06-14","Eagle River","American Legion Post 15","music","Karaoke","7p-11p","",""
"1883","2024-06-14","Eagle River","Marie Drake Planetarium","music","Science Fiction Movie KIRA (Free Showing)","7p-8p","",""
"1884","2024-06-14","Eagle River","Harrigan Centennial Hall","music","Chopin: Etudes en Jazz with Matt Herskowitz","7p-9p","",""
"1885","2024-06-14","Eagle River","Meta & Rose","music","Live Music w/ Lia Everett","7p-9p","",""
"1886","2024-06-14","Eagle River","The Crystal Saloon","music","The Getting Strangers","8:30p-11p","",""
"1887","2024-06-14","Eagle River","The Cabin","music","LuLu Small w/ Carey Seward","8p-11p","",""
"1888","2024-06-14","Eagle River","Trail Lake Lodge","music","Roland Roberts Band","8p-12a","",""
"1889","2024-06-14","Eagle River","Magpies On The Fly","music","The Fringe & then Karaoke","8p-12a","",""
"1890","2024-06-14","Eagle River","Yukon Bar","music","Nothin' But Karma Live","9p-12a","",""
"1891","2024-06-14","Eagle River","Fairview Inn","music","H3","9p-1a","",""
"1892","2024-06-15","Anchorage","Airport Road","festival","ChickenstockMusic Festival","12p-1a","",""
"1893","2024-06-15","Eagle River","Mug-Shot Saloon","music","Glacier Hopper Band","10p-2a","",""
"1894","2024-06-15","Eagle River","The Crowbar","music","DJ Manny","10p-3:30a","",""
"1895","2024-06-15","Eagle River","Mountain High Pizza Pie","music","Brothers of Tom","2p-5p","",""
"1896","2024-06-15","Eagle River","Everett’s","festival","Beach Party & Music Festival","3p-9p","",""
"1897","2024-06-15","Eagle River","Dirty Skillet","music","Spindrift with Jim Pfeiffenberger","6p-10p","",""
"1898","2024-06-15","Eagle River","AJ’s Old Town Steakhouse & Tavern","music","Piano Music by Sunrise Kilcher","6p-8p","",""
"1899","2024-06-15","Eagle River","Wonderland Park","music","3000-21 Live","6p-9p","",""
"1900","2024-06-15","Eagle River","Palmer Alehouse","music","Matt Hopper & the Roman Candles","7p-10p","",""
"1901","2024-06-15","Eagle River","Mountain High Pizza Pie","music","Loop of Alley","7p-10p","",""
"1902","2024-06-15","Eagle River","Creekbend Company","music","The California Honeydrops","7p-11p","",""
"1903","2024-06-15","Eagle River","Historic Hope Cafe & Campground (Seaview)","music","Denali Cooks","7p-11p","",""
"1904","2024-06-15","Eagle River","American Legion Post 15","music","Karaoke","7p-11p","",""
"1905","2024-06-15","Eagle River","Harrigan Centennial Hall","music","Simply Three Returns to Sitka!","7p-9p","",""
"1906","2024-06-15","Eagle River","Meta & Rose","music","Live Music w/ Lia Everett","7p-9p","",""
"1907","2024-06-15","Eagle River","Tuffy’s","music","Blues Child","8p-11p","",""
"1908","2024-06-15","Eagle River","Elizabeth Peratrovich Hall","music","Juneau Drag Presents GLAM Dragstravaganza","8p-11p","",""
"1909","2024-06-15","Eagle River","The Boatel","music","Valley Below & Ryan Bowers and the Brain Trust","8p-12a","",""
"1910","2024-06-15","Eagle River","The Cabin","music","Summer Heatwave w/ DJ TraxMadeIt","8p-12a","",""
"1911","2024-06-15","Eagle River","4 Royle Parkers","music","Alaska Redd’s 907 Hiphop 24’ Tour","8p-12a","",""
"1912","2024-06-15","Eagle River","Magpies On The Fly","music","Saturday Open Mic","8p-12a","",""
"1913","2024-06-15","Eagle River","The Crystal Saloon","music","Joy Pearson","9p-11p","",""
"1914","2024-06-15","Eagle River","Yukon Bar","music","Nothin' But Karma Live","9p-12a","",""
"1915","2024-06-15","Eagle River","Fairview Inn","music","Tamera Ashburn Band","9p-1a","",""
"1916","2024-06-16","Anchorage","Susitna Brewing","music","Open Mic Night","6p-9p","",""
"1917","2024-06-16","Eagle River","Crescent Harbor Shelter","community","Community Crab Feed","3p-6p","",""
"1918","2024-06-16","Eagle River","Mountain High Pizza Pie","music","Steve Durr","5p-8p","",""
"1919","2024-06-16","Eagle River","BearPaw River Brewing","music","Schaefer Mueller","5p-8p","",""
"1920","2024-06-16","Eagle River","Fairview Inn","music","Andy Mullen","5p-9p","",""
"1921","2024-06-16","Eagle River","Everett’s","music","Open Mic Night","6p-10p","",""
"1922","2024-06-16","Eagle River","Four Corner’s Lounge","music","Karaoke","8p-12a","",""
"1923","2024-06-16","Eagle River","Yukon Bar","music","Alaska Redd's 907 HipHop 24' Tour","9p-12a","",""
"1924","2024-06-17","Anchorage","K Street Market","music","AJW Community Jazz Jam Session","6p-9p","",""
"1925","2024-06-17","Anchorage","Blue Fox Cocktail Lounge","music","Open Mic Night w/ Mike Miller","8p-12a","",""
"1926","2024-06-17","Anchorage","Koot’s","music","Koots Open Mic","9p-12a","",""
"1927","2024-06-17","Anchorage","Van’s Dive Bar","music","Jay Straw's Bass to Mouth Mondays!","9p-12a","",""
"1928","2024-06-17","Eagle River","The Crowbar","music","Karaoke Night","8p-12a","",""
"1929","2024-06-17","Eagle River","Magpies On The Fly","dance","Dance Lessons & Open Dance Floor","8p-12a","",""
"1930","2024-06-17","Eagle River","Four Corner’s Lounge","music","Karaoke","9p-12a","",""
"1931","2024-06-17","Eagle River","Fairview Inn","music","Karaoke","9p-1a","",""
"1932","2024-06-17","Eagle River","Yukon Bar","music","Karaoke","9p-2a","",""
"1933","2024-06-18","Anchorage","Anchorage Museum","music","Lunch on the Lawn: SpeNerds","11:30a-1:30p","",""
"1934","2024-06-18","Anchorage","Williwaw Social","music","Taco Tuesdays on the Roof w/ DJ Joe Brady","4p-10p","",""
"1935","2024-06-18","Anchorage","Organic Oasis","music","Irish Music and Dancing","6p-8p","",""
"1936","2024-06-18","Anchorage","Van’s Dive Bar","music","Open Jam Night","7p-11p","",""
"1937","2024-06-18","Anchorage","The Carousel Lounge","music","AK Rockstar Karaoke","8p-2a","",""
"1938","2024-06-18","Anchorage","Koot’s","music","Joey Fender","9p-12a","",""
"1939","2024-06-18","Eagle River","Sheldon Community Arts Hanger","music","Youth Jam Night","5p-7p","",""
"1940","2024-06-18","Eagle River","Justin Cole’s Down East Saloon","music","Taco Tuesday's with Jim Maloney","6:30p-10p","",""
"1941","2024-06-18","Eagle River","Chepo’s","music","Yachtly Crew","6p-9p","",""
"1942","2024-06-18","Eagle River","The Cabin","music","Tuesday Night Karaoke w/ Rocky","7p-10p","",""
"1943","2024-06-18","Eagle River","Four Corner’s Lounge","music","Karaoke","8p-12a","",""
"1944","2024-06-18","Eagle River","Four Corner’s Lounge","dance","Dance Social & Game Night","8p-12a","",""
"1945","2024-06-18","Eagle River","The Crystal Saloon","music","Jazz Jam","9p-11p","",""
"1946","2024-06-18","Eagle River","Yukon Bar","music","Open Jam Night","9p-2a","",""
"1947","2024-06-19","Anchorage","Alaska Zoo","community","Community Storytime","10:30a-11a","",""
"1948","2024-06-19","Anchorage","Pioneer Bar","music","The Eternal Cowboys","10p-12a","",""
"1949","2024-06-19","Anchorage","Koot’s","music","Koots Karaoke","10p-2a","",""
"1950","2024-06-19","Anchorage","Chinook Parking Lot","music","Backyard BBQ w/ Brett Young, Kendal Marvel, & Hayley Winters","4p-10p","",""
"1951","2024-06-19","Anchorage","Williwaw Social","music","Sun Sets Roof Party w/ DJ Lloyds Noize","6p-10p","",""
"1952","2024-06-19","Anchorage","907 Alehouse","music","Tyrone Palmer & Friends","7p-10p","",""
"1953","2024-06-19","Anchorage","Pink Cadillac","dance","Line Dance Night","7p-11p","",""
"1954","2024-06-19","Anchorage","Koot’s","music","Country Night","7p-1a","",""
"1955","2024-06-19","Anchorage","Lil Babes Cocktail Lounge","music","Open Mic","8p-12a","",""
"1956","2024-06-19","Anchorage","The Carousel Lounge","music","AK Rockstar Karaoke","8p-2a","",""
"1957","2024-06-19","Anchorage","Van’s Dive Bar","music","KARAOKE w/ Uswi","9p-12a","",""
"1958","2024-06-19","Eagle River","Stevenson Hall","music","Midweek at Miner Music Center","5:30p-7:30p","",""
"1959","2024-06-19","Eagle River","Soldotna Creek Park","music","Music in the Park Series: Alder Street","6p-9p","",""
"1960","2024-06-19","Eagle River","Schwabenhof","music","Open Mic","7:30p-11p","",""
"1961","2024-06-19","Eagle River","The Cabin","music","Mike Stackhouse Live","7p-10p","",""
"1962","2024-06-19","Eagle River","Running Reindeer Ranch","music","House Concert Series: Headbolt Heaters","7p-8p","",""
"1963","2024-06-19","Eagle River","Alaskan Hotel and Bar","music","Karaoke","8p-11p","",""
"1964","2024-06-19","Eagle River","Four Corner’s Lounge","music","Karaoke","8p-12a","",""
"1965","2024-06-19","Eagle River","Fairview Inn","music","Open Mic Night","9p-1a","",""
"1966","2024-06-19","Eagle River","Yukon Bar","music","Karaoke","9p-2a","",""
"1967","2024-07-10","Eagle River","The Roadside Potato","music","Kuf Knotz & Christine Elise","","",""
"1968","2024-07-10","Eagle River","Soldotna Creek Park","music","Music in the Park Series: Bunny Swan Band","6p-9p","",""
"1969","2024-07-10","Eagle River","LuLu’s Tent’s & Events","music","Campfire Sessions w/ Jerry Wessling","6p-9p","",""
"1970","2024-07-10","Eagle River","Schwabenhof","music","Open Mic","7:30p-11p","",""
"1971","2024-07-10","Eagle River","The Cabin","music","Mike Stackhouse Live","7p-10p","",""
"1972","2024-07-10","Eagle River","Alaskan Hotel and Bar","music","Karaoke","8p-11p","",""
"1973","2024-07-10","Eagle River","The Crystal Saloon","music","Open Mic Wednesdays","8p-11p","",""
"1974","2024-07-10","Eagle River","Four Corner’s Lounge","music","Karaoke","8p-12a","",""
"1975","2024-07-10","Eagle River","Fairview Inn","music","Open Mic Night","9p-1a","",""
"1976","2024-07-10","Eagle River","Yukon Bar","music","Karaoke","9p-2a","",""
"1977","2024-07-11","Anchorage","Floaters","music","Karaoke","8p-12a","",""
"1978","2024-07-11","Cooper Landing","Gwin’s Lodge","music","Mario Carboni","7p-9:30p","",""
"1979","2024-07-11","Cooper Landing","Trophy Lounge","music","Skrizzly Adams Lake House Town Tour","8p-10p","",""
"1980","2024-07-11","Eagle River","Chair 5","music","Rick Brooks","10:30p-1a","",""
"1981","2024-07-11","Eagle River","Mykel’s Restaurant","music","Live Music by Local Musicians","5p-9p","",""
"1982","2024-07-11","Eagle River","Creekbend Café","music","Gaelic Storm","6p-10p","",""
"1983","2024-07-11","Eagle River","Four Corner’s Lounge","music","Reeves Brothers w/ Ken Peltier","6p-10p","",""
"1984","2024-07-11","Eagle River","Palmer Alehouse","music","Gaelic Storm","7p-10p","",""
"1985","2024-07-11","Eagle River","Mountain High Pizza Pie","music","Jimmy Sandy","7p-10p","",""
"1986","2024-07-11","Eagle River","Tailgater’s Sport’s Bar & Grill","music","The AKoustic Project","7p-10p","",""
"1987","2024-07-11","Eagle River","Klondike Mike’s & the Main Street Grill","music","Karaoke w/ Sadie","7p-12a","",""
"1988","2024-07-11","Eagle River","Alaska Salmon Bake","music","Karaoke Basket & Brews Party w/ DJ Tony Taylor","7p-9p","",""
"1989","2024-07-11","Eagle River","The Cabin","music","Open Mic Night","8p-11p","",""
"1990","2024-07-11","Eagle River","Alaskan Hotel and Bar","music","Open Mic","8p-11p","",""
"1991","2024-07-11","Eagle River","The Crystal Saloon","music","Karaoke Thursdays","8p-11p","",""
"1992","2024-07-11","Eagle River","4 Royle Parkers","music","Open Mic w/ Cody Kniceley","8p-12a","",""
"1993","2024-07-11","Eagle River","Alibi Bar & Café","music","Karaoke Night","9:15p-12:15a","",""
"1994","2024-07-11","Eagle River","Yukon Bar","dance","Dance Party w/ DJ Hankerchief","9p-2a","",""
"1995","2024-07-12","Cooper Landing","Gwin’s Lodge","music","Luna & Ursus","7p-9p","",""
"1996","2024-07-12","Eagle River","Kharacters","music","Pudgies, Gary Omen, & Discpoians","10p-2a","",""
"1997","2024-07-12","Eagle River","Klondike Mike’s & the Main Street Grill","music","DJ Blaque","10p-2a","",""
"1998","2024-07-12","Eagle River","Eagle River Town Square Park","festival","Bear Paw Festival","3p-10p","",""
"1999","2024-07-12","Eagle River","Talkeetna Village Park","music","Deke & Whippersnappers","5p-7p","",""
"2000","2024-07-12","Eagle River","Dirty Skillet","music","Ukulele Russ","6p-10p","",""
"2001","2024-07-12","Eagle River","AJ’s Old Town Steakhouse & Tavern","music","Piano Music by Erika","6p-8p","",""
"2002","2024-07-12","Eagle River","Sheldon Community Arts Hanger","music","Green Light Circus Camp: Wayward Wonders","6p-9p","",""
"2003","2024-07-12","Eagle River","Palmer Alehouse","music","The Ken Peltier Band","7p-10p","",""
"2004","2024-07-12","Eagle River","Mountain High Pizza Pie","music","Steve Norwood","7p-10p","",""
"2005","2024-07-12","Eagle River","Everett’s","music","Jerry Wessling","7p-10p","",""
"2006","2024-07-12","Eagle River","Creekbend Café","music","Gaelic Storm","7p-11p","",""
"2007","2024-07-12","Eagle River","American Legion Post 15","music","Karaoke","7p-11p","",""
"2008","2024-07-12","Eagle River","Meta & Rose","music","Live Music w/ Lia Everett","7p-9p","",""
"2009","2024-07-12","Eagle River","Tacos Cancun Mexican Grill","dance","Salsa Night Social Dancing","8:30p-12:30p","",""
"2010","2024-07-12","Eagle River","Odd Man Rush","music","Schaefer Mueller and The Neon Highway!","8p-11p","",""
"2011","2024-07-12","Eagle River","Magpies On The Fly","music","Zen Trembles","8p-12a","",""
"2012","2024-07-12","Eagle River","Marie Drake Planetarium","music","The Sun: Creator/Destroyer Free Presentation","8p-9p","",""
"2013","2024-07-12","Eagle River","The Crystal Saloon","music","AK Inverted Presents: Amatuer Night","9p-11:30p","",""
"2014","2024-07-12","Eagle River","The Cabin","music","Skrizzly Adams Lake House Town Tour","9p-12a","",""
"2015","2024-07-12","Eagle River","Yukon Bar","music","Baddies With Bars","9p-12a","",""
"2016","2024-07-12","Eagle River","Fairview Inn","music","Deke & Whippersnappers","9p-1a","",""
"2017","2024-07-13","Anchorage","Koot’s","music","Parton My French","10p-1a","",""
"2018","2024-07-13","Anchorage","Williwaw Social","dance","KnowleDJ & Joe Brady's All Decades Video Dance Party","10p-2a","",""
"2019","2024-07-13","Anchorage","American Legion Spenard Post 28","music","Woofstock 2024","2p-9p","",""
"2020","2024-07-13","Anchorage","Penny Royalty","music","Parking Lot Party with Grace C. Elliot and Kuf Knotz & Christine Elise","4p-10p","",""
"2021","2024-07-13","Anchorage","Peratrovich Park","music","Jazz in the Park: Spenard Jazz Messengers","4p-6p","",""
"2022","2024-07-13","Anchorage","Writer’s Block Bookstore & Café","music","Poetry Slam w/ Cash Prizes","6p-8p","",""
"2023","2024-07-13","Anchorage","49th State Brewing Co","music","Garden Grooves: Live Music in the Beer Garden","6p-9p","",""
"2024","2024-07-13","Anchorage","Williwaw Social","music","3OH!3 Live!","7p-10p","",""
"2025","2024-07-13","Anchorage","Williwaw Social","music","Schaefer Mueller & the Neon Highway on the Roof","7p-10p","",""
"2026","2024-07-13","Anchorage","Anchorage Social Dance Club","music","Santoro","7p-11p","",""
"2027","2024-07-13","Anchorage","Humpy’s","music","The Red Flags","8:30p-12a","",""
"2028","2024-07-13","Anchorage","Broken Blender","music","Karaoke w/ DJ Sparkles","8p-12a","",""
"2029","2024-07-13","Anchorage","Broken Blender","music","Sweet Cheeks Cabaret: Glitter & Gold","8p-9:30p","",""
"2030","2024-07-13","Anchorage","Mad Myrna’s","music","Mad Myrna's Diva Variety Show","9p-11:30p","",""
"2031","2024-07-13","Anchorage","Flattop Pizza & Pool","music","DJ Ke","9p-1a","",""
"2032","2024-07-13","Anchorage","Time Out Lounge","music","Blast From The Past","9p-2:30a","",""
"2033","2024-07-13","Eagle River","ACF Church","music","Bear Paw Parade After Party w/ Parton My French","10:30a-11a & 1p-2:30p","",""
"2034","2024-07-13","Eagle River","Museum of Alaska Transportation and Industry","music","Mighty Machines","10a-5p","",""
"2035","2024-07-13","Eagle River","The Crystal Saloon","music","Noche Latina w/ DJ Beto","10p-1a","",""
"2036","2024-07-13","Eagle River","Klondike Mike’s & the Main Street Grill","music","Baddies With Bars","10p-2a","",""
"2037","2024-07-13","Eagle River","Skeetawk","festival","HatcherRomp Music Festival 2024","12p-10p","",""
"2038","2024-07-13","Eagle River","Sheldon Community Arts Hanger","music","Green Light Circus Camp: Saturday Carnival","12p-6p","",""
"2039","2024-07-13","Eagle River","Eagle River Town Square Park","festival","Bear Paw Festival","3p-10p","",""
"2040","2024-07-13","Eagle River","Palmer Alehouse","music","The Jangle Bees & Skrizzly Adams","4p-10p","",""
"2041","2024-07-13","Eagle River","Fairbanks Drama Association","theatre","22nd Annual Murder Mystery Dinner Theatre","5p-9p","",""
"2042","2024-07-13","Eagle River","Dirty Skillet","music","THV","6p-10p","",""
"2043","2024-07-13","Eagle River","AJ’s Old Town Steakhouse & Tavern","music","Piano Music by Sunrise Kilcher","6p-8p","",""
"2044","2024-07-13","Eagle River","Sheldon Community Arts Hanger","music","Green Light Circus Camp: Wayward Wonders","6p-9p","",""
"2045","2024-07-13","Eagle River","The Cabin","community","GrungeBob Rockin the Cabin","7p-10p","",""
"2046","2024-07-13","Eagle River","Mountain High Pizza Pie","music","Brothers of Tom","7p-10p","",""
"2047","2024-07-13","Eagle River","Creekbend Café","music","Gaelic Storm","7p-11p","",""
"2048","2024-07-13","Eagle River","American Legion Post 15","music","Karaoke","7p-11p","",""
"2049","2024-07-13","Eagle River","American Legion Post 15","dance","Free Dance Lessons with Shufflin' Country Style","7p-8p","",""
"2050","2024-07-13","Eagle River","Meta & Rose","music","Live Music w/ Lia Everett","7p-9p","",""
"2051","2024-07-13","Eagle River","Tuffy’s","music","Outdoor Concert Series with Lulu Small & Carey Seward","8p-11p","",""
"2052","2024-07-13","Eagle River","Magpies On The Fly","music","Saturday Open Mic","8p-12a","",""
"2053","2024-07-13","Eagle River","Yukon Bar","music","In the Groove with Koa & Friends","9p-12a","",""
"2054","2024-07-13","Eagle River","Fairview Inn","music","Deke & Whippersnappers","9p-1a","",""
"2055","2024-07-14","Anchorage","Sunday Fresh Market","music","Kuf Knotz & Christine Elise","","",""
"2056","2024-07-14","Anchorage","Alaska Zoo","music","Summer Family Fun Days at the Zoo","10:30a-11a","",""
"2057","2024-07-14","Anchorage","Koot’s","music","Koots Karaoke","10p-2a","",""
"2058","2024-07-14","Anchorage","Pioneer Bar","music","Industry Night w/ Joe Brady","10p-2a","",""
"2059","2024-07-14","Anchorage","Writer’s Block Bookstore & Café","community","Sunday Brunch w/ Grace C. Elliot","12p-2p","",""
"2060","2024-07-14","Anchorage","VFW Post 1685","music","Open Mic & Jam","4:30p-8:30p","",""
"2061","2024-07-14","Anchorage","Williwaw Social","music","SunDaze Roof Party w/ DJ GRE","4p-10p","",""
"2062","2024-07-14","Anchorage","Billiard Palace","music","Sunday Blues Jam w/ Rebel Blues Band","6p-10p","",""
"2063","2024-07-14","Anchorage","Susitna Brewing","music","Open Mic Night","6p-9p","",""
"2064","2024-07-14","Anchorage","Humpy’s","music","Solo Sundays: Schaefer Mueller","7p-10:30p","",""
"2065","2024-07-14","Anchorage","Broken Blender","music","Open Mic Night w/ Mister Boobs","7p-10p","",""
"2066","2024-07-14","Anchorage","Van’s Dive Bar","music","Open Mic Night","7p-11p","",""
"2067","2024-07-14","Anchorage","Koot’s","comedy","Comedy Open Mic","8:30p-10p","",""
"2068","2024-07-14","Anchorage","Time Out Lounge","music","Open Jam with Blast From The Past","8:30p-1a","",""
"2069","2024-07-14","Anchorage","The Carousel Lounge","music","Sunday Karaoke","9p-2a","",""
"2070","2024-07-14","Eagle River","Mountain High Pizza Pie","music","Steve Durr","5p-8p","",""
"2071","2024-07-14","Eagle River","Everett’s","music","Open Mic Night","6p-10p","",""
"2072","2024-07-14","Eagle River","Four Corner’s Lounge","music","Karaoke","8p-12a","",""
"2073","2024-07-14","Eagle River","Yukon Bar","music","Mario Carboni, The Honky-Tonk Rebel","9p-12a","",""
"2074","2024-07-14","Eagle River","Fairview Inn","music","Ukulele Russ & His One Man Frontier Band","9p-1a","",""
"2075","2024-07-15","Anchorage","K Street Market","music","AJW Community Jazz Jam Session","6p-9p","",""
"2076","2024-07-15","Anchorage","Blue Fox Cocktail Lounge","music","Open Mic Night w/ Mike Miller","8p-12a","",""
"2077","2024-07-15","Anchorage","Koot’s","music","Koots Open Mic","9p-12a","",""
"2078","2024-07-15","Anchorage","Van’s Dive Bar","music","Jay Straw's Bass to Mouth Mondays!","9p-12a","",""
"2079","2024-07-15","Eagle River","Four Corner’s Lounge","music","Karaoke","9p-12a","",""
"2080","2024-07-15","Eagle River","Fairview Inn","music","Karaoke","9p-1a","",""
"2081","2024-07-15","Eagle River","Yukon Bar","music","Karaoke","9p-2a","",""
"2082","2024-07-16","Anchorage","Anchorage Museum","music","Lunch on the Lawn: Kuf Knots & Christine Elise","11:30a-1:30p","",""
"2083","2024-07-16","Anchorage","Williwaw Social","music","Taco Tuesdays on the Roof w/ DJ Joe Brady","4p-10p","",""
"2084","2024-07-16","Anchorage","Organic Oasis","music","Irish Music and Dancing","6p-8p","",""
"2085","2024-07-16","Anchorage","Van’s Dive Bar","music","Open Jam Night","7p-11p","",""
"2086","2024-07-16","Anchorage","Alaska Airlines Center","music","Ice Cube Live In Concert","8p-11p","",""
"2087","2024-07-16","Anchorage","The Carousel Lounge","music","AK Rockstar Karaoke","8p-2a","",""
"2088","2024-07-16","Anchorage","Koot’s","music","Joey Fender","9p-12a","",""
"2089","2024-07-16","Eagle River","Sheldon Community Arts Hanger","music","Youth Jam Night","5p-7p","",""
"2090","2024-07-16","Eagle River","Justin Cole’s Down East Saloon","music","Taco Tuesday's with Jim Maloney","6:30p-10p","",""
"2091","2024-07-16","Eagle River","Tug Bar & Goose Bay Inn","music","Taco Tuesdays with Jerry Wessling","6p-9p","",""
"2092","2024-07-16","Eagle River","Klondike Mike’s & the Main Street Grill","music","Open Stage Night w/ Sabrina Speers","7:30p-10:30p","",""
"2093","2024-07-16","Eagle River","The Cabin","music","Tuesday Night Karaoke w/ Rocky","8p-11p","",""
"2094","2024-07-16","Eagle River","The Crystal Saloon","music","Jazz Jam Tuesdays","8p-11p","",""
"2095","2024-07-16","Eagle River","Four Corner’s Lounge","music","Karaoke","8p-12a","",""
"2096","2024-07-16","Eagle River","Yukon Bar","music","Open Jam Night","9p-2a","",""
"2097","2024-07-17","Anchorage","Alaska Zoo","community","Community Storytime","10:30a-11a","",""
"2098","2024-07-17","Anchorage","Pioneer Bar","music","The Eternal Cowboys","10p-12a","",""
"2099","2024-07-17","Anchorage","Koot’s","music","Koots Karaoke","10p-2a","",""
"2100","2024-07-17","Anchorage","Williwaw Social","music","Sun Sets Roof Party w/ DJ Lloyds Noize","6p-10p","",""
"2101","2024-07-17","Anchorage","907 Alehouse","music","Tyrone Palmer & Friends","7p-10p","",""
"2102","2024-07-17","Anchorage","Pink Cadillac","dance","Line Dance Nights","7p-12a","",""
"2103","2024-07-17","Anchorage","Koot’s","music","Country Night","7p-1a","",""
"2104","2024-07-17","Anchorage","Lil Babes Cocktail Lounge","music","Open Mic","8p-12a","",""
"2105","2024-07-17","Anchorage","The Carousel Lounge","music","AK Rockstar Karaoke","8p-2a","",""
"2106","2024-07-17","Anchorage","Van’s Dive Bar","music","KARAOKE w/ Uswi","9p-12a","",""
"2107","2024-07-17","Eagle River","Soldotna Creek Park","music","Music in the Park Series: Roland Roberts Band & Seth Malone","6p-9p","",""
"2108","2024-07-17","Eagle River","Schwabenhof","music","Open Mic","7:30p-11p","",""
"2109","2024-07-17","Eagle River","The Cabin","music","Mike Stackhouse Live","7p-10p","",""
"2110","2024-07-17","Eagle River","Running Reindeer Ranch","music","House Concert Series: Emily Anderson","7p-8p","",""
"2111","2024-07-17","Eagle River","Alaskan Hotel and Bar","music","Karaoke","8p-11p","",""
"2112","2024-07-17","Eagle River","The Crystal Saloon","music","Open Mic Wednesdays","8p-11p","",""
"2113","2024-07-17","Eagle River","Four Corner’s Lounge","music","Karaoke","8p-12a","",""
"2114","2024-07-17","Eagle River","Fairview Inn","music","Open Mic Night","9p-1a","",""
"2115","2024-07-17","Eagle River","Yukon Bar","music","Karaoke","9p-2a","",""
"2116","2024-08-22","Anchorage","Floaters","music","Karaoke","8p-12a","",""
"2117","2024-08-22","Eagle River","Chair 5","music","Ukulele Russ","10:30p-12a","",""
"2118","2024-08-22","Eagle River","Alaska State Fair Grounds","festival","Alaska State Fair","11a-10p","",""
"2119","2024-08-22","Eagle River","Mykel’s Restaurant","music","Live Music by Local Musicians","5p-9p","",""
"2120","2024-08-22","Eagle River","Brown Bear Saloon","music","Pie Eating Contest Live","6p-9:30p","",""
"2121","2024-08-22","Eagle River","Alaska State Fair Borealis Theatre","music","Wynonna Judd","7p-10p","",""
"2122","2024-08-22","Eagle River","Klondike Mike’s & the Main Street Grill","music","Karaoke w/ Sadie","7p-12a","",""
"2123","2024-08-22","Eagle River","Alaska Salmon Bake","music","Karaoke Basket & Brews Party w/ DJ Tony Taylor","7p-9p","",""
"2124","2024-08-22","Eagle River","The Cabin","music","Open Mic Night","8p-11p","",""
"2125","2024-08-22","Eagle River","Alaskan Hotel and Bar","music","Open Mic","8p-11p","",""
"2126","2024-08-22","Eagle River","The Crystal Saloon","music","Karaoke Thursdays","8p-11p","",""
"2127","2024-08-22","Eagle River","4 Royle Parkers","music","Open Mic w/ Cody Kniceley","8p-12a","",""
"2128","2024-08-22","Eagle River","Alibi Bar & Café","music","Karaoke Night","9:15p-12:15a","",""
"2129","2024-08-22","Eagle River","Fairview Inn","music","Mario Carboni","9p-1a","",""
"2130","2024-08-22","Eagle River","Yukon Bar","dance","Dance Party w/ DJ Hankerchief","9p-2a","",""
"2131","2024-08-22","Wasilla","Tailgater’s Sport’s Bar & Grill","music","The AKoustic Project","7p-10p","",""
"2132","2024-08-23","Cooper Landing","Gwin’s Lodge","music","Ayden See & Good Companies","7p-9p","",""
"2133","2024-08-23","Eagle River","Kharacters Alaskan Bar","music","Ukulele Russ & His One Man Frontier Band","10p-1a","",""
"2134","2024-08-23","Eagle River","Klondike Mike’s & the Main Street Grill","music","Earth 2 Travolta","10p-2a","",""
"2135","2024-08-23","Eagle River","Alaska State Fair Grounds","festival","Alaska State Fair","11a-10p","",""
"2136","2024-08-23","Eagle River","Talkeetna Village Park","music","Zen Trembles","5p-7p","",""
"2137","2024-08-23","Eagle River","Odd Man Rush","music","The Acoustic Oosik","6p-10p","",""
"2138","2024-08-23","Eagle River","Dirty Skillet","music","Transient Identity","6p-10p","",""
"2139","2024-08-23","Eagle River","AJ’s Old Town Steakhouse & Tavern","music","Piano Music by Erika","6p-8p","",""
"2140","2024-08-23","Eagle River","Alaska State Fair Borealis Theatre","music","Ludacris","7p-10p","",""
"2141","2024-08-23","Eagle River","Mountain High Pizza Pie","music","Roland Roberts Band","7p-10p","",""
"2142","2024-08-23","Eagle River","Creekbend Café","music","Sons of the East","7p-11p","",""
"2143","2024-08-23","Eagle River","American Legion Post 15","music","Karaoke","7p-11p","",""
"2144","2024-08-23","Eagle River","Marie Drake Planetarium","music","Free Show: Nuclear Physics in Space","7p-8p","",""
"2145","2024-08-23","Eagle River","The Cabin","music","TED w/ Once and Future and Ryan Bateman","8p-11p","",""
"2146","2024-08-23","Eagle River","Magpies On The Fly","music","John J Roberts Y Pan Blanco","8p-12a","",""
"2147","2024-08-23","Eagle River","Yukon Bar","music","The Jephries Album Release Tour","9p-12a","",""
"2148","2024-08-23","Eagle River","Fairview Inn","music","Zen Trembles","9p-12a","",""
"2149","2024-08-23","Eagle River","The Crystal Saloon","music","Naked Presents: School of Hard Knocks","9p-1a","",""
"2150","2024-08-23","Wasilla","Everett’s Restaurant","comedy","Comedy Show w/ Andrew J. Andrist & Nathan Hart","7:30p-9p","",""
"2151","2024-08-23","Wasilla","Meta & Rose","music","Live Music w/ Lia Everett","7p-9p","",""
"2152","2024-08-23","Wasilla","Schwabenhof","music","Karaoke Night","8p-11p","",""
"2153","2024-08-24","Anchorage","Angry Salmon","music","Pushki Pickers","7p-10p","",""
"2154","2024-08-24","Cooper Landing","Gwin’s Lodge","music","Steve Norwood","7p-10p","",""
"2155","2024-08-24","Eagle River","Klondike Mike’s & the Main Street Grill","music","Earth 2 Travolta","10p-2a","",""
"2156","2024-08-24","Eagle River","Alaska State Fair Grounds","festival","Alaska State Fair","11a-10p","",""
"2157","2024-08-24","Eagle River","Mountain High Pizza Pie","music","Brothers of Tom","2p-5p","",""
"2158","2024-08-24","Eagle River","Dirty Skillet","music","Ukulele Russ","6p-10p","",""
"2159","2024-08-24","Eagle River","AJ’s Old Town Steakhouse & Tavern","music","Piano Music by Sunrise Kilcher","6p-8p","",""
"2160","2024-08-24","Eagle River","The Basement","music","Thy Hard","7p-10p","",""
"2161","2024-08-24","Eagle River","Hightower Pub","music","Blackwater Railroad Company Live","7p-10p","",""
"2162","2024-08-24","Eagle River","Alaska State Fair Borealis Theatre","music","Halestrom","7p-10p","",""
"2163","2024-08-24","Eagle River","Mountain High Pizza Pie","music","Zen Trembles","7p-10p","",""
"2164","2024-08-24","Eagle River","Creekbend Café","music","Sons of the East","7p-11p","",""
"2165","2024-08-24","Eagle River","American Legion Post 15","music","Karaoke","7p-11p","",""
"2166","2024-08-24","Eagle River","The Cabin","music","Back Street Social Club","8p-11p","",""
"2167","2024-08-24","Eagle River","Magpies On The Fly","music","Saturday Open Mic","8p-12a","",""
"2168","2024-08-24","Eagle River","Yukon Bar","music","The Jephries Album Release Tour","9p-12a","",""
"2169","2024-08-24","Eagle River","The Crystal Saloon","music","Naked Presents: School of Hard Knocks","9p-1a","",""
"2170","2024-08-24","Eagle River","Fairview Inn","music","Nothing But Karma","9p-1a","",""
"2171","2024-08-24","Wasilla","Chop House","music","Shaefer Mueller","6p-10p","",""
"2172","2024-08-25","Anchorage","Susitna Brewing","music","Open Mic Night","6p-9p","",""
"2173","2024-08-25","Anchorage","Angry Salmon","music","Chris Murphy","8p-11p","",""
"2174","2024-08-25","Eagle River","Alaska State Fair Grounds","festival","Alaska State Fair","11a-10p","",""
"2175","2024-08-25","Eagle River","Fairview Inn","music","Ukulele Russ","1p-5p","",""
"2176","2024-08-25","Eagle River","Mountain High Pizza Pie","music","Steve Durr","5p-8p","",""
"2177","2024-08-25","Eagle River","Alaska State Fair Borealis Theatre","music","Ludacris","6p-9p","",""
"2178","2024-08-25","Eagle River","Four Corner’s Lounge","music","Karaoke","8p-12a","",""
"2179","2024-08-25","Eagle River","The Golden Saloon","music","Prom Night: Wilderness CosProm","9p-12a","",""
"2180","2024-08-25","Eagle River","Yukon Bar","music","Mario Carboni","9p-12a","",""
"2181","2024-08-25","Wasilla","Everett’s","music","Open Mic Night","6p-10p","",""
"2182","2024-08-26","Eagle River","Alaska State Fair Grounds","festival","Alaska State Fair","11a-10p","",""
"2183","2024-08-26","Eagle River","Brown Bear Saloon","music","The Jephries Album Release Tour","6p-9:30p","",""
"2184","2024-08-26","Eagle River","Alaska State Fair Borealis Theatre","music","NeedToBreathe","7p-10p","",""
"2185","2024-08-26","Eagle River","The Golden Saloon","music","Blackwater Railroad Company","9p-12a","",""
"2186","2024-08-26","Eagle River","Four Corner’s Lounge","music","Karaoke","9p-12a","",""
"2187","2024-08-26","Eagle River","Fairview Inn","music","Karaoke","9p-1a","",""
"2188","2024-08-26","Eagle River","Yukon Bar","music","Karaoke","9p-2a","",""
"2189","2024-08-27","Anchorage","Anchorage Museum","music","Lunch on the Lawn: Alex Cruver & Kat Moore","11:30a-1:30p","",""
"2190","2024-08-27","Anchorage","Williwaw Social","music","Taco Tuesdays on the Roof w/ DJ Joe Brady","4p-10p","",""
"2191","2024-08-27","Anchorage","Organic Oasis","music","Irish Music and Dancing","6p-8p","",""
"2192","2024-08-27","Anchorage","49th State Brewing Co","music","Garden Grooves: Live Music in the Beer Garden","6p-9p","",""
"2193","2024-08-27","Anchorage","Alaska Sound Celebration","music","A Cappella Performance Opportunity Program","6p-9p","",""
"2194","2024-08-27","Anchorage","Van’s Dive Bar","music","Open Jam Night","7p-11p","",""
"2195","2024-08-27","Anchorage","The Carousel Lounge","music","AK Rockstar Karaoke","8p-2a","",""
"2196","2024-08-27","Anchorage","Koot’s","music","Hope Cassity","9p-12a","",""
"2197","2024-08-27","Eagle River","Justin Cole’s Down East Saloon","music","Taco Tuesday's with Jim Maloney","6:30p-10p","",""
"2198","2024-08-27","Eagle River","Klondike Mike’s & the Main Street Grill","music","Open Stage Night w/ Sabrina Speers","7:30p-10:30p","",""
"2199","2024-08-27","Eagle River","Pakalolo Supply Co.","comedy","Stand Up Comedy Open Mic Night","7p-9p","",""
"2200","2024-08-27","Eagle River","The Cabin","music","Tuesday Night Karaoke w/ Rocky","8p-11p","",""
"2201","2024-08-27","Eagle River","Four Corner’s Lounge","music","Karaoke","8p-12a","",""
"2202","2024-08-27","Eagle River","Yukon Bar","music","Open Jam Night","9p-2a","",""
"2203","2024-08-27","Wasilla","Tug Bar & Goose Bay Inn","music","Taco Tuesdays with Jerry Wessling","6p-9p","",""
"2204","2024-08-27","Wasilla","Schwabenhof","music","Karaoke Night","8p-11p","",""
"2205","2024-08-28","Anchorage","Alaska Zoo","community","Community Storytime","10:30a-11a","",""
"2206","2024-08-28","Anchorage","Pioneer Bar","music","The Eternal Cowboys","10p-12a","",""
"2207","2024-08-28","Anchorage","Koot’s","music","Koots Karaoke","10p-2a","",""
"2208","2024-08-28","Anchorage","Williwaw Social","music","Sun Sets Roof Party w/ DJ Lloyds Noize","6p-10p","",""
"2209","2024-08-28","Anchorage","907 Alehouse","music","Tyrone Palmer & Friends","7p-10p","",""
"2210","2024-08-28","Anchorage","Koot’s","music","Country Night","7p-1a","",""
"2211","2024-08-28","Anchorage","Lil Babes Cocktail Lounge","music","Open Mic","8p-12a","",""
"2212","2024-08-28","Anchorage","Mad Myrna’s","music","Karaoke","9p-12a","",""
"2213","2024-08-28","Anchorage","Van’s Dive Bar","music","KARAOKE w/ Uswi","9p-12a","",""
"2214","2024-08-28","Eagle River","Soldotna Creek Park","music","Music in the Park Series: Ellie and The Echoes w/ Transient Identity","6p-9p","",""
"2215","2024-08-28","Eagle River","The Cabin","music","Mike Stackhouse Live","7p-10p","",""
"2216","2024-08-28","Eagle River","Alaskan Hotel and Bar","music","Karaoke","8p-11p","",""
"2217","2024-08-28","Eagle River","The Crystal Saloon","music","Open Mic Wednesdays","8p-11p","",""
"2218","2024-08-28","Eagle River","Four Corner’s Lounge","music","Karaoke","8p-12a","",""
"2219","2024-08-28","Eagle River","Fairview Inn","music","Open Mic Night","9p-1a","",""
"2220","2024-08-28","Eagle River","Yukon Bar","music","Karaoke","9p-2a","",""
"2221","2024-08-28","Wasilla","Schwabenhof","music","Open Mic","7:30p-11p","",""
"2222","2024-09-11","Eagle River","Palmer Alehouse","music","Cousin Curtiss w/ Black Barrel and the Bad Men","6p-10p","",""
"2223","2024-09-11","Eagle River","Schwabenhof","music","Open Mic","7:30p-11p","",""
"2224","2024-09-11","Eagle River","Perseverance Theatre","music","COLD CASE by Cathy Tagnak Rexford","7:30p-9:30p","",""
"2225","2024-09-11","Eagle River","The Cabin","music","Mike Stackhouse Live","7p-10p","",""
"2226","2024-09-11","Eagle River","Fishhook Bar & Grill","music","Roki Kilroy","7p-11p","",""
"2227","2024-09-11","Eagle River","Alaskan Hotel and Bar","music","Karaoke","8p-11p","",""
"2228","2024-09-11","Eagle River","The Crystal Saloon","music","Open Mic Wednesdays","8p-11p","",""
"2229","2024-09-11","Eagle River","Four Corner’s Lounge","music","Karaoke","9p-12a","",""
"2230","2024-09-11","Eagle River","Fairview Inn","music","Open Mic Night","9p-1a","",""
"2231","2024-09-11","Eagle River","Yukon Bar","music","Karaoke","9p-2a","",""
"2232","2024-09-12","Anchorage","Floaters","music","Karaoke","8p-12a","",""
"2233","2024-09-12","Eagle River","Perseverance Theatre","music","COLD CASE by Cathy Tagnak Rexford","7:30p-9:30p","",""
"2234","2024-09-12","Eagle River","Tailgater’s Sport’s Bar & Grill","music","The AKoustic Project","7p-10p","",""
"2235","2024-09-12","Eagle River","Klondike Mike’s & the Main Street Grill","music","Karaoke w/ Sadie","7p-12a","",""
"2236","2024-09-12","Eagle River","Alaska Salmon Bake","music","Karaoke Basket & Brews Party w/ DJ Tony Taylor","7p-9p","",""
"2237","2024-09-12","Eagle River","The Cabin","music","Open Mic Night","8p-11p","",""
"2238","2024-09-12","Eagle River","Alaskan Hotel and Bar","music","Open Mic","8p-11p","",""
"2239","2024-09-12","Eagle River","The Crystal Saloon","music","Karaoke Thursdays","8p-11p","",""
"2240","2024-09-12","Eagle River","4 Royle Parkers","music","Open Mic w/ Cody Kniceley","8p-12a","",""
"2241","2024-09-12","Eagle River","Alibi Bar & Café","music","Karaoke Night","9:15p-12:15a","",""
"2242","2024-09-12","Eagle River","Golden Saloon","music","Open Mic Night","9p-12a","",""
"2243","2024-09-12","Eagle River","Four Corner’s Lounge","music","Karaoke","9p-12a","",""
"2244","2024-09-12","Eagle River","Yukon Bar","dance","Dance Party w/ DJ Hankerchief","9p-2a","",""
"2245","2024-09-13","Eagle River","Klondike Mike’s & the Main Street Grill","music","Arctic Oultaws Live","10p-2a","",""
"2246","2024-09-13","Eagle River","Dirty Skillet","music","Juno Smiles","6p-10p","",""
"2247","2024-09-13","Eagle River","Marie Drake Planetarium","music","Climate Change: Earth, Mars, & Venus (2 Shows)","6p-8:15p","",""
"2248","2024-09-13","Eagle River","AJ’s Old Town Steakhouse & Tavern","music","Piano Music by Erika","6p-8p","",""
"2249","2024-09-13","Eagle River","Last Frontier Brewing","music","Sergio Castillejo","6p-9p","",""
"2250","2024-09-13","Eagle River","Perseverance Theatre","music","COLD CASE by Cathy Tagnak Rexford","7:30p-9:30p","",""
"2251","2024-09-13","Eagle River","Everett’s","comedy","Comedy Show w/ Nikki Carr","7:30p-9p","",""
"2252","2024-09-13","Eagle River","Creek Street Cabaret","dance","Square Dance w/ Music by the Free Radicals","7p-10p","",""
"2253","2024-09-13","Eagle River","Palmer Alehouse","music","Roland Roberts Band Live","7p-10p","",""
"2254","2024-09-13","Eagle River","Creekbend Café","music","Hope Hangout with Próxima Parada, Cousin Curtiss and more","7p-11p","",""
"2255","2024-09-13","Eagle River","American Legion Post 15","music","Karaoke","7p-11p","",""
"2256","2024-09-13","Eagle River","Sitka Performing Arts Center","dance","Emerge125 Dance Performance","7p-8:30p","",""
"2257","2024-09-13","Eagle River","Meta & Rose","music","Live Music w/ Lia Everett","7p-9p","",""
"2258","2024-09-13","Eagle River","Schwabenhof","music","Karaoke Night","8p-11p","",""
"2259","2024-09-13","Eagle River","Yukon Bar","music","Matt & Co.","9p-12a","",""
"2260","2024-09-13","Eagle River","Fairview Inn","music","Raised by Elephants","9p-1a","",""
"2261","2024-09-14","Anchorage","Koot’s","music","The Stack","10:30p-2a","",""
"2262","2024-09-14","Anchorage","Matanuska Brewing Company","music","The Latin Brothers in Alaska","10p-1a","",""
"2263","2024-09-14","Anchorage","Writer’s Block Bookstore & Café","music","Second Saturday Brunch Music Special","12p-2p","",""
"2264","2024-09-14","Anchorage","Organic Oasis","music","Ten Dollar Bet","4p-6p","",""
"2265","2024-09-14","Anchorage","Writer’s Block Bookstore & Café","music","Poetry Slam w/ Cash Prizes","6p-8p","",""
"2266","2024-09-14","Anchorage","Williwaw Social","music","Sea Raiders on a Roll w/ Nervis Rex, Fan Service, & Megasisqo","7p-1:30a","",""
"2267","2024-09-14","Anchorage","Williwaw Social","music","Nervis Rex Rocks the Pirate Pub Crawl","7p-10p","",""
"2268","2024-09-14","Anchorage","Koot’s","music","Comedian Nikki Carr","7p-8:30 & 9:30p-11p","",""
"2269","2024-09-14","Anchorage","Anchorage Festival of Music","music","Dungeons and Dragons","7p-8:30p","",""
"2270","2024-09-14","Anchorage","Cyrano’s Theatre Company","music","Meteor Shower","7p-8:30p","",""
"2271","2024-09-14","Anchorage","Humpy’s","music","Pirate Pub Crawl with Rogues & Wenches","8:30p-12a","",""
"2272","2024-09-14","Anchorage","Broken Blender","music","Karaoke w/ DJ Sparkles","8p-12a","",""
"2273","2024-09-14","Anchorage","Pink Cadillac","dance","Country Night w/ Dance Lessons & Music","8p-12a","",""
"2274","2024-09-14","Anchorage","Broken Blender","theatre","Wenches & Wrenches: A Steampunk Burlesque Musical","8p-9:30p","",""
"2275","2024-09-14","Anchorage","Mad Myrna’s","music","Mad Myrna's Diva Variety Show","9p-11:30p","",""
"2276","2024-09-14","Anchorage","Arctic Academie de Danse","music","Latin Night w/ Kagan Ford","9p-1a","",""
"2277","2024-09-14","Anchorage","The Carousel Lounge","music","Jen X & The Pop Rockets","9p-1a","",""
"2278","2024-09-14","Anchorage","Flattop Pizza & Pool","music","DJ Ke","9p-1a","",""
"2279","2024-09-14","Anchorage","Time Out Lounge","music","Blast From The Past","9p-2:30a","",""
"2280","2024-09-14","Anchorage","Koot’s","music","Posterchild & Friends","9p-2a","",""
"2281","2024-09-14","Eagle River","The Crystal Saloon","music","Noche Latina ""Grito De Dolores""","10p-2a","",""
"2282","2024-09-14","Eagle River","Four Corner’s Lounge","music","Jerry Wessling Band","10p-2a","",""
"2283","2024-09-14","Eagle River","Klondike Mike’s & the Main Street Grill","music","Arctic Oultaws Live","10p-2a","",""
"2284","2024-09-14","Eagle River","SkeetTawk","music","7th Annual Blueberry Ball","12p-9p","",""
"2285","2024-09-14","Eagle River","Holy Trinity Church","theatre","Juneau Lyric Opera: Auditions for Die Fledemaus","3p-5p","",""
"2286","2024-09-14","Eagle River","Klondike Mike’s & the Main Street Grill","music","Diamonds & Denim Fundraiser","5p-8p","",""
"2287","2024-09-14","Eagle River","Dirty Skillet","music","Juno Smiles","6p-10p","",""
"2288","2024-09-14","Eagle River","AJ’s Old Town Steakhouse & Tavern","music","Piano Music by Sunrise Kilcher","6p-8p","",""
"2289","2024-09-14","Eagle River","Odd Man Rush","music","Tyson Davis","6p-9p","",""
"2290","2024-09-14","Eagle River","Last Frontier Brewing","music","Travis Watson","6p-9p","",""
"2291","2024-09-14","Eagle River","Perseverance Theatre","music","COLD CASE by Cathy Tagnak Rexford","7:30p-9:30p","",""
"2292","2024-09-14","Eagle River","Palmer Alehouse","music","I Like Robots & 3000-21","7p-10p","",""
"2293","2024-09-14","Eagle River","Creekbend Café","music","Hope Hangout with Próxima Parada, Cousin Curtiss and more","7p-11p","",""
"2294","2024-09-14","Eagle River","American Legion Post 15","music","Karaoke","7p-11p","",""
"2295","2024-09-14","Eagle River","Fishhook Bar & Grill","music","Earth 2 Travolta & Monster On The Mountain","7p-11p","",""
"2296","2024-09-14","Eagle River","The Cabin","music","SHAGG: Live at the Cabin","8p-11p","",""
"2297","2024-09-14","Eagle River","Yukon Bar","music","Matt & Co.","9p-12a","",""
"2298","2024-09-14","Eagle River","Fairview Inn","music","Gold Peak","9p-1a","",""
"2299","2024-09-15","Anchorage","Koot’s","music","Koots Karaoke","10p-2a","",""
"2300","2024-09-15","Anchorage","Pioneer Bar","music","Industry Night w/ Joe Brady","10p-2a","",""
"2301","2024-09-15","Anchorage","Writer’s Block Bookstore & Café","community","Sunday Brunch w/ THV","12p-2p","",""
"2302","2024-09-15","Anchorage","Rage City Vintage","music","Sunday Song Writer's Social hosted by Shane Russell","1p-4p","",""
"2303","2024-09-15","Anchorage","Writer’s Block Bookstore & Café","music","Django Jam","2p-5p","",""
"2304","2024-09-15","Anchorage","Cyrano’s Theatre Company","music","Meteor Shower","3p-4:30p","",""
"2305","2024-09-15","Anchorage","VFW Post 1685","music","Open Mic & Jam","4:30p-8:30p","",""
"2306","2024-09-15","Anchorage","Anchorage Festival of Music","music","Dungeons and Dragons","4p-5:30p","",""
"2307","2024-09-15","Anchorage","Rage City Vintage","music","Abbey Blackwell w/ Keeley Boyle & Nelson Kempf","5p-7p","",""
"2308","2024-09-15","Anchorage","Billiard Palace","music","Sunday Blues Jam w/ Rebel Blues Band","6p-10p","",""
"2309","2024-09-15","Anchorage","Susitna Brewing","music","Open Mic Night","6p-9p","",""
"2310","2024-09-15","Anchorage","Alaska Center for the Performing Arts","music","Judy Collins","7:30p-9p","",""
"2311","2024-09-15","Anchorage","Humpy’s","music","Jared Woods","7p-10:30p","",""
"2312","2024-09-15","Anchorage","Broken Blender","music","Open Mic Night w/ Mister Boobs","7p-10p","",""
"2313","2024-09-15","Anchorage","Van’s Dive Bar","music","Open Mic Night","7p-11p","",""
"2314","2024-09-15","Anchorage","Koot’s","comedy","Comedy Open Mic","8:30p-10p","",""
"2315","2024-09-15","Anchorage","Time Out Lounge","music","Open Jam with Blast From The Past","8:30p-1a","",""
"2316","2024-09-15","Anchorage","Mad Myrna’s","music","Karaoke","9p-12a","",""
"2317","2024-09-15","Anchorage","The Carousel Lounge","music","Sunday Karaoke","9p-2a","",""
"2318","2024-09-15","Eagle River","Perseverance Theatre","music","COLD CASE by Cathy Tagnak Rexford","4p-6p","",""
"2319","2024-09-15","Eagle River","Everett’s","music","Open Mic Night","6p-10p","",""
"2320","2024-09-15","Eagle River","Golden Saloon","comedy","Last Man Standing Comedy Show","9p-12a","",""
"2321","2024-09-16","Anchorage","K Street Market","music","AJW Community Jazz Jam Session","6p-9p","",""
"2322","2024-09-16","Anchorage","Rage City Vintage","music","All Ages Open Mic","6p-9p","",""
"2323","2024-09-16","Anchorage","Koot’s","music","Koots Open Mic","9p-12a","",""
"2324","2024-09-16","Anchorage","Van’s Dive Bar","music","Jay Straw's Bass to Mouth Mondays!","9p-12a","",""
"2325","2024-09-16","Eagle River","Perseverance Theatre","music","COLD CASE by Cathy Tagnak Rexford","7:30p-9:30p","",""
"2326","2024-09-16","Eagle River","Four Corner’s Lounge","music","Karaoke","9p-12a","",""
"2327","2024-09-16","Eagle River","Yukon Bar","music","Karaoke","9p-2a","",""
"2328","2024-09-17","Anchorage","Matanuska Brewing","music","Phatt Tuesday New Orleans Jazz & Funk","6p-10p","",""
"2329","2024-09-17","Anchorage","Organic Oasis","music","Irish Music and Dancing","6p-8p","",""
"2330","2024-09-17","Anchorage","Alaska Sound Celebration","music","A Cappella Performance Opportunity Program","6p-9p","",""
"2331","2024-09-17","Anchorage","Van’s Dive Bar","music","Open Jam Night","7p-11p","",""
"2332","2024-09-17","Anchorage","The Carousel Lounge","music","AK Rockstar Karaoke","8p-2a","",""
"2333","2024-09-17","Anchorage","Mad Myrna’s","comedy","Mad Myrna's Comedy Showcase","9p-11:30p","",""
"2334","2024-09-17","Anchorage","Koot’s","music","Eternal Cowboys","9p-12a","",""
"2335","2024-09-17","Anchorage","Koot’s","music","Midnight Freestyle","9p-2a","",""
"2336","2024-09-17","Eagle River","Justin Cole’s Down East Saloon","music","Taco Tuesday's with Jim Maloney","6:30p-10p","",""
"2337","2024-09-17","Eagle River","Tug Bar & Goose Bay Inn","music","Taco Tuesdays with Jerry Wessling","6p-9p","",""
"2338","2024-09-17","Eagle River","Perseverance Theatre","music","COLD CASE by Cathy Tagnak Rexford","7:30p-9:30p","",""
"2339","2024-09-17","Eagle River","The Crystal Saloon","music","Jazz Jam Tuesdays","8p-11p","",""
"2340","2024-09-17","Eagle River","Schwabenhof","music","Karaoke Night","8p-11p","",""
"2341","2024-09-17","Eagle River","Four Corner’s Lounge","music","Open Mic Night","8p-12a","",""
"2342","2024-09-17","Eagle River","Yukon Bar","music","Open Jam Night","9p-2a","",""
"2343","2024-09-18","Anchorage","Alaska Zoo","community","Community Storytime","10:30a-11a","",""
"2344","2024-09-18","Anchorage","Pioneer Bar","music","The Eternal Cowboys","10p-12a","",""
"2345","2024-09-18","Anchorage","Koot’s","music","Koots Karaoke","10p-2a","",""
"2346","2024-09-18","Anchorage","907 Alehouse","music","Tyrone Palmer & Friends","7p-10p","",""
"2347","2024-09-18","Anchorage","Pink Cadillac","dance","Line Dance Night","7p-10p","",""
"2348","2024-09-18","Anchorage","Koot’s","dance","Country Night & Dance Lessons","7p-1a","",""
"2349","2024-09-18","Anchorage","Lil Babes Cocktail Lounge","music","Open Mic","8p-12a","",""
"2350","2024-09-18","Anchorage","Van’s Dive Bar","music","KARAOKE w/ Uswi","9p-12a","",""
"2351","2024-09-18","Eagle River","Schwabenhof","music","Open Mic","7:30p-11p","",""
"2352","2024-09-18","Eagle River","Perseverance Theatre","music","COLD CASE by Cathy Tagnak Rexford","7:30p-9:30p","",""
"2353","2024-09-18","Eagle River","Alaskan Hotel and Bar","music","Karaoke","8p-11p","",""
"2354","2024-09-18","Eagle River","The Crystal Saloon","music","Open Mic Wednesdays","8p-11p","",""
"2355","2024-09-18","Eagle River","Four Corner’s Lounge","music","Karaoke","9p-12a","",""
"2356","2024-09-18","Eagle River","Fairview Inn","music","Open Mic Night","9p-1a","",""
"2357","2024-09-18","Eagle River","Yukon Bar","music","Karaoke","9p-2a","",""
"2358","2024-10-03","Anchorage","Floaters","music","Karaoke","8p-12a","",""
"2359","2024-10-04","Eagle River","Kharacter’s Alaskan Bar","music","Ukulele Russ & His One Man Frontier Band 9p-12a?","","",""
"2360","2024-10-04","Eagle River","Four Corner’s Lounge","music","Jerry Wessling Band","10p-2a","",""
"2361","2024-10-04","Eagle River","The Mug-Shot Saloon","music","The Glacier Hoppers Band","10p-2a","",""
"2362","2024-10-04","Eagle River","Main Street Tap & Grill","music","Eric Doucet Live","6p-10p","",""
"2363","2024-10-04","Eagle River","American Legion Post 15","music","Karaoke","7p-11p","",""
"2364","2024-10-04","Eagle River","Schwabenhof","music","Karaoke Night","8p-11p","",""
"2365","2024-10-04","Eagle River","Fairview Inn","music","Will Balcoa & Company","9p-1a","",""
"2366","2024-10-05","Anchorage","Angry Salmon","music","Ukulele Russ & His One Man Frontier Band","7p-10p","",""
"2367","2024-10-05","Eagle River","The Crystal Saloon","music","Noche Latina ""Un Ano De Aniversario""","10p-2a","",""
"2368","2024-10-05","Eagle River","Four Corner’s Lounge","music","Jerry Wessling Band","10p-2a","",""
"2369","2024-10-05","Eagle River","The Mug-Shot Saloon","music","The Glacier Hoppers Band","10p-2a","",""
"2370","2024-10-05","Eagle River","T.K. Maguire’s","community","HallowQueen! Gigi’s Drag Brunch Halloween Edition","12p-2p","",""
"2371","2024-10-05","Eagle River","Creekbend Café","festival","Annual Hopetober Fest with Blackwater Railroad","1p-8p","",""
"2372","2024-10-05","Eagle River","Main Street Tap & Grill","comedy","HaHas for TaTas: A Comedy Night Fundraiser","6p-10p","",""
"2373","2024-10-05","Eagle River","Schwabenhof","festival","Oktoberfest with Jerry Wessling & Eric Lovely","6p-10p","",""
"2374","2024-10-05","Eagle River","AJ’s Old Town Steakhouse & Tavern","music","Piano Music by Sunrise Kilcher","6p-8p","",""
"2375","2024-10-05","Eagle River","Hering Auditorium","music","Skerryvore","7:30p-9:20p","",""
"2376","2024-10-05","Eagle River","Odd Man Rush","music","Decepticide & Wayward Shot","7p-10p","",""
"2377","2024-10-05","Eagle River","Palmer Alehouse","festival","Octoberfest w/ H3 Hawaii Reggae Live","7p-10p","",""
"2378","2024-10-05","Eagle River","Valley Performing Arts","music","The Miscast Spooktacular","7p-10p","",""
"2379","2024-10-05","Eagle River","American Legion Post 15","music","Karaoke","7p-11p","",""
"2380","2024-10-05","Eagle River","American Legion Post 15","dance","Free Dance Lessons w/ Shufflin' Country Style","7p-8p","",""
"2381","2024-10-05","Eagle River","Sheldon Community Arts Hanger","theatre","An Evening of One Act Plays","7p-9p","",""
"2382","2024-10-05","Eagle River","Alice’s Champagne Palace","dance","Dystopia Dance Party w/ The Wet Spots, Rut, & Concrete to Clouds","9p-1a","",""
"2383","2024-10-05","Eagle River","Fairview Inn","music","Cami from Miami","9p-1a","",""
"2384","2024-10-05","Eagle River","Yukon Bar","music","Karaoke","9p-2a","",""
"2385","2024-10-06","Anchorage","Koot’s","music","Koots Karaoke","10p-2a","",""
"2386","2024-10-06","Anchorage","Pioneer Bar","music","Industry Night w/ Joe Brady","10p-2a","",""
"2387","2024-10-06","Anchorage","Humpy’s","festival","30 Years of Humpy's Oktoberfest Parties","12p-12a","",""
"2388","2024-10-06","Anchorage","Writer’s Block Bookstore & Café","community","Sunday Brunch w/ Alex Parsons","12p-2p","",""
"2389","2024-10-06","Anchorage","VFW Post 1685","music","Open Mic & Jam","4:30p-8:30p","",""
"2390","2024-10-06","Anchorage","Billiard Palace","music","Sunday Blues Jam w/ Rebel Blues Band","6p-10p","",""
"2391","2024-10-06","Anchorage","Susitna Brewing","music","Open Mic Night","6p-9p","",""
"2392","2024-10-06","Anchorage","Broken Blender","music","Open Mic Night w/ Mister Boobs","7p-10p","",""
"2393","2024-10-06","Anchorage","Van’s Dive Bar","music","Open Mic Night","7p-11p","",""
"2394","2024-10-06","Anchorage","Koot’s","comedy","Comedy Open Mic","8:30p-10p","",""
"2395","2024-10-06","Anchorage","Time Out Lounge","music","Open Jam with Blast From The Past","8:30p-1a","",""
"2396","2024-10-06","Anchorage","Pink Cadillac","music","Latin Night","8p-12a","",""
"2397","2024-10-06","Anchorage","Mad Myrna’s","music","Karaoke","9p-12a","",""
"2398","2024-10-06","Anchorage","The Carousel Lounge","music","Sunday Karaoke","9p-2a","",""
"2399","2024-10-06","Eagle River","Palmer Alehouse","music","Deer-A-Palooza in Palmer!","3p-5p","",""
"2400","2024-10-06","Eagle River","Everett’s","music","Open Mic Night","6p-10p","",""
"2401","2024-10-07","Anchorage","K Street Market","music","AJW Community Jazz Jam Session","6p-9p","",""
"2402","2024-10-07","Anchorage","Koot’s","music","Koots Open Mic","9p-12a","",""
"2403","2024-10-07","Anchorage","Van’s Dive Bar","music","Jay Straw's Bass to Mouth Mondays!","9p-12a","",""
"2404","2024-10-07","Eagle River","Four Corner’s Lounge","music","Karaoke","9p-12a","",""
"2405","2024-10-07","Eagle River","Yukon Bar","music","Karaoke","9p-2a","",""
"2406","2024-10-08","Anchorage","Matanuska Brewing","music","Phatt Tuesday New Orleans Jazz & Funk","6p-10p","",""
"2407","2024-10-08","Anchorage","Organic Oasis","music","Irish Music and Dancing","6p-8p","",""
"2408","2024-10-08","Anchorage","Van’s Dive Bar","music","Open Jam Night","7p-11p","",""
"2409","2024-10-08","Anchorage","The Carousel Lounge","music","AK Rockstar Karaoke","8p-2a","",""
"2410","2024-10-08","Anchorage","Koot’s","music","Eternal Cowboys","9p-12a","",""
"2411","2024-10-08","Eagle River","Justin Cole’s Down East Saloon","music","Taco Tuesday's with Jim Maloney","6:30p-10p","",""
"2412","2024-10-08","Eagle River","Tug Bar & Goose Bay Inn","music","Taco Tuesdays with Jerry Wessling","6p-9p","",""
"2413","2024-10-08","Eagle River","The Crystal Saloon","music","Jazz Jam Tuesdays","8p-11p","",""
"2414","2024-10-08","Eagle River","Schwabenhof","music","Karaoke Night","8p-11p","",""
"2415","2024-10-08","Eagle River","Four Corner’s Lounge","music","Open Mic Night","8p-12a","",""
"2416","2024-10-08","Eagle River","Yukon Bar","music","Open Jam Night","9p-2a","",""
"2417","2024-10-09","Anchorage","Alaska Zoo","community","Community Storytime","10:30a-11a","",""
"2418","2024-10-09","Anchorage","Pioneer Bar","music","The Eternal Cowboys","10p-12a","",""
"2419","2024-10-09","Anchorage","Koot’s","music","Koots Karaoke","10p-2a","",""
"2420","2024-10-09","Anchorage","907 Alehouse","music","Tyrone Palmer & Friends","7p-10p","",""
"2421","2024-10-09","Anchorage","Pink Cadillac","dance","Line Dance Night","7p-10p","",""
"2422","2024-10-09","Anchorage","Koot’s","dance","Country Night & Dance Lessons","7p-1a","",""
"2423","2024-10-09","Anchorage","Lil Babes Cocktail Lounge","music","Open Mic","8p-12a","",""
"2424","2024-10-09","Anchorage","The Carousel Lounge","music","AK Rockstar Karaoke","8p-2a","",""
"2425","2024-10-09","Anchorage","Van’s Dive Bar","music","KARAOKE w/ Uswi","9p-12a","",""
"2426","2024-10-09","Eagle River","Schwabenhof","music","Open Mic","7:30p-11p","",""
"2427","2024-10-09","Eagle River","Alaskan Hotel and Bar","music","Karaoke","8p-11p","",""
"2428","2024-10-09","Eagle River","The Crystal Saloon","music","Open Mic Wednesdays","8p-11p","",""
"2429","2024-10-09","Eagle River","Four Corner’s Lounge","music","Karaoke","9p-12a","",""
"2430","2024-10-09","Eagle River","Fairview Inn","music","Open Mic","9p-1a","",""
"2431","2024-10-09","Eagle River","Yukon Bar","music","Karaoke","9p-2a","",""
"2432","2024-10-11","Eagle River","Fairview Inn","music","Acoustic Oosik","9p-1a","",""
"2433","2024-11-20","Eagle River","Schwabenhof","music","Live Music w/ Rick Brooks","8p-11p","",""
"2434","2024-11-27","Eagle River","Schwabenhof","music","Open Mic","7:30p-11p","",""
"2435","2024-11-27","Eagle River","Alaskan Hotel and Bar","music","Karaoke","8p-11p","",""
"2436","2024-11-27","Eagle River","The Crystal Saloon","music","Open Mic Wednesday","8p-11p","",""
"2437","2024-11-27","Eagle River","Four Corner’s Lounge","music","Karaoke","9p-12a","",""
"2438","2024-11-27","Eagle River","Fairview Inn","music","Open Mic","9p-1a","",""
"2439","2024-11-27","Eagle River","Yukon Bar","music","Karaoke","9p-2a","",""
"2440","2024-11-28","Anchorage","Floaters","music","Karaoke","8p-12a","",""
"2441","2024-11-28","Eagle River","Hatcher Pass Lodge","music","Thanksgiving with Juno Smile","4p-7p","",""
"2442","2024-11-28","Eagle River","Tailgater’s Sport’s Bar & Grill","music","The AKoustic Project","7p-10p","",""
"2443","2024-11-28","Eagle River","The Spur","comedy","Comedy w/ Kellen Erskine","7p-9p","",""
"2444","2024-11-28","Eagle River","Alaskan Hotel and Bar","music","Open Mic","8p-11p","",""
"2445","2024-11-28","Eagle River","The Crystal Saloon","music","Karaoke Thursdays","8p-11p","",""
"2446","2024-11-28","Eagle River","4 Royle Parkers","music","Open Mic w/ Cody Kniceley","8p-12a","",""
"2447","2024-11-28","Eagle River","Alibi Bar & Café","music","Karaoke Night","9:15p-12:15a","",""
"2448","2024-11-28","Eagle River","Four Corner’s Lounge","music","Karaoke","9p-12a","",""
"2449","2024-11-29","Anchorage","Angry Salmon","music","Jacques Longpre","7p-10p","",""
"2450","2024-11-29","Eagle River","Four Corner’s Lounge","music","Jerry Wessling","10p-2a","",""
"2451","2024-11-29","Eagle River","The Mug-Shot Saloon","music","Glacier Hoppers Band","10p-2a","",""
"2452","2024-11-29","Eagle River","Black Birch Books","music","All Ages Open Mic Night","5p-7p","",""
"2453","2024-11-29","Eagle River","Douglas Community United Methodist Church","music","Christmas Tree Lighting & Ice Skating w/Santa","6:30p-9p","",""
"2454","2024-11-29","Eagle River","AJ’s Old Town Steakhouse & Tavern","music","Piano Music by Erika","6p-8p","",""
"2455","2024-11-29","Eagle River","Odd Man Rush","music","H3 Hawaiian Reggae","7p-10p","",""
"2456","2024-11-29","Eagle River","American Legion Post 15","music","Karaoke","7p-11p","",""
"2457","2024-11-29","Eagle River","Pioneer Bar","music","Trivia & Open Mike Night Fridays","7p-12a","",""
"2458","2024-11-29","Eagle River","Pioneer Park Theater","comedy","Comedy w/ Kellen Erskine","7p-9p","",""
"2459","2024-11-29","Eagle River","Meta & Rose","music","Live Music w/ Lia Everett","7p-9p","",""
"2460","2024-11-29","Eagle River","Schwabenhof","music","Karaoke Night","8p-11p","",""
"2461","2024-11-29","Eagle River","Fairview Inn","music","Cami de Miami","9p-1a","",""
"2462","2024-11-30","Anchorage","Williwaw Social","music","Pop Royalty: A Tribute to 2010's Pop w/ DJ Remax","10p-1:30a","",""
"2463","2024-11-30","Anchorage","Alaska Center for the Performing Arts","music","The Nutcraker with Eugene Ballet","2p-4p & 7:30p- 9:30p","",""
"2464","2024-11-30","Anchorage","Alaska Zoo","music","Zoo Lights","5p-8p","",""
"2465","2024-11-30","Anchorage","Williwaw Social","music","The Super Saturated Sugar Strings Live","6:30p-10p","",""
"2466","2024-11-30","Anchorage","Town Square Park","music","ADP Holiday Tree Lighting Ceremony","6p-8p","",""
"2467","2024-11-30","Anchorage","Susitna Brewing","music","Jerry Wessling Band","6p-9p","",""
"2468","2024-11-30","Anchorage","Anchorage Community Theatre","theatre","Little Women: The Broadway Musical","7p-10p","",""
"2469","2024-11-30","Anchorage","Angry Salmon","music","Jim Maloney & English John","7p-10p","",""
"2470","2024-11-30","Anchorage","Cyrano’s Theatre","music","The Wickhams: Christmas at Pemberley","7p-8:45p","",""
"2471","2024-11-30","Anchorage","Humpy’s","music","Yachtly Crew","8:30p-12:30a","",""
"2472","2024-11-30","Anchorage","Broken Blender","music","Sassy Saturdays Cabaret","8p-10p","",""
"2473","2024-11-30","Anchorage","Anchorage Moose Lodge","music","The Vintage Retro","8p-12a","",""
"2474","2024-11-30","Anchorage","Broken Blender","music","Karaoke w/ DJ Sparkles","8p-12a","",""
"2475","2024-11-30","Anchorage","Pink Cadillac","dance","Country Night w/ Dance Lessons & Music","8p-12a","",""
"2476","2024-11-30","Anchorage","Koot’s","music","Riddim & Beats Down South Edition","8p-2a","",""
"2477","2024-11-30","Anchorage","Mad Myrna’s","music","Mad Myrna's Diva Variety Show","9p-11:30p","",""
"2478","2024-11-30","Anchorage","Koot’s","music","Mourning High x Wayward Shot","9p-12a","",""
"2479","2024-11-30","Anchorage","Flattop Pizza & Pool","music","DJ Ke","9p-1a","",""
"2480","2024-11-30","Anchorage","Time Out Lounge","music","Blast From The Past","9p-2:30a","",""
"2481","2024-11-30","Eagle River","Klondike Mike’s & the Main Street Grill","music","Velvet La La","10p-2a","",""
"2482","2024-11-30","Eagle River","The Mug-Shot Saloon","music","Glacier Hoppers Band","10p-2a","",""
"2483","2024-11-30","Eagle River","Seward Community Library & Museum","music","Open House & Tree Lighting","12p-6:15p","",""
"2484","2024-11-30","Eagle River","Hatcher Pass Lodge","music","Ayden See And The Good Company","4p-7p","",""
"2485","2024-11-30","Eagle River","AJ’s Old Town Steakhouse & Tavern","music","Piano Music by Sunrise Kilcher","6p-8p","",""
"2486","2024-11-30","Eagle River","Odd Man Rush","music","Thera & Special Guest The Trichomes","7p-10p","",""
"2487","2024-11-30","Eagle River","American Legion Post 15","music","Karaoke","7p-11p","",""
"2488","2024-11-30","Eagle River","Four Corner’s Lounge","dance","Dance Lessons with Shufflin’ Country Style","7p-8p","",""
"2489","2024-11-30","Eagle River","Pioneer Park Theater","comedy","Comedy w/ Kellen Erskine","7p-9p","",""
"2490","2024-11-30","Eagle River","Fairview Inn","music","Gold Peak","8p-12a","",""
"2491","2024-11-30","Eagle River","Pioneer Bar","music","Karaoke Saturdays","9p-12a","",""
"2492","2024-11-30","Eagle River","The Cabin","music","Caribbean Night w/ DJ Tony Taylor & DJ Osito","9p-1a","",""
"2493","2024-11-30","Eagle River","Four Corner’s Lounge","music","Ken Peltier Band","9p-1a","",""
"2494","2024-12-01","Anchorage","Koot’s","music","Koots Karaoke","10p-2a","",""
"2495","2024-12-01","Anchorage","Pioneer Bar","music","Industry Night w/ Joe Brady","10p-2a","",""
"2496","2024-12-01","Anchorage","Midnight Sun Theatre","music","Improv Dojo","12p-1:30p","",""
"2497","2024-12-01","Anchorage","Writer’s Block Bookstore & Café","community","Sunday Brunch w/ Dawson Gentleman","12p-2p","",""
"2498","2024-12-01","Anchorage","Alaska Center for the Performing Arts","music","The Nutcraker with Eugene Ballet","1p-3p & 5:30p- 7:30p","",""
"2499","2024-12-01","Anchorage","First Baptist Church","community","78th Community Messiah","2p-4p","",""
"2500","2024-12-01","Anchorage","Cyrano’s Theatre","music","The Wickhams: Christmas at Pemberley","3p-4:45p","",""
"2501","2024-12-01","Anchorage","Anchorage Community Theatre","theatre","Little Women: The Broadway Musical","3p-6p","",""
"2502","2024-12-01","Anchorage","VFW Post 1685","music","Open Mic & Jam","4:30p-8:30p","",""
"2503","2024-12-01","Anchorage","Billiard Palace","music","Sunday Blues Jam w/ Rebel Blues Band","6p-10p","",""
"2504","2024-12-01","Anchorage","Susitna Brewing","music","Open Mic Night","6p-9p","",""
"2505","2024-12-01","Anchorage","Broken Blender","music","Open Mic Night w/ Mister Boobs","7p-10p","",""
"2506","2024-12-01","Anchorage","Van’s Dive Bar","music","Open Mic Night","7p-11p","",""
"2507","2024-12-01","Anchorage","Koot’s","comedy","Comedy Open Mic","8:30p-10p","",""
"2508","2024-12-01","Anchorage","Time Out Lounge","music","Open Jam with Blast From The Past","8:30p-1a","",""
"2509","2024-12-01","Anchorage","Pink Cadillac","music","Latin Night","8p-12a","",""
"2510","2024-12-01","Anchorage","Mad Myrna’s","music","Karaoke","9p-12a","",""
"2511","2024-12-01","Anchorage","The Carousel Lounge","music","Sunday Karaoke","9p-2a","",""
"2512","2024-12-01","Eagle River","Everett’s","music","Open Mic Night","6p-10p","",""
"2513","2024-12-02","Anchorage","Broken Blender","music","Boombox Bingo","6:30p-8:30","",""
"2514","2024-12-02","Anchorage","K Street Market","music","AJW Community Jazz Jam Session","6p-9p","",""
"2515","2024-12-02","Anchorage","Pink Cadillac","music","Buckaroos Night w/ DJ Rico","7p-11p","",""
"2516","2024-12-02","Anchorage","Koot’s","music","The Monday Mic w/ Boobs","9p-12a","",""
"2517","2024-12-02","Anchorage","Van’s Dive Bar","music","Jay Straw's Bass to Mouth Mondays!","9p-12a","",""
"2518","2024-12-02","Eagle River","Alice’s Champagne Palace","music","Open Mic Night w/ Jim Maloney & Orion Donicht","7p-10p","",""
"2519","2024-12-02","Eagle River","Four Corner’s Lounge","music","Karaoke","9p-12a","",""
"2520","2024-12-03","Anchorage","Matanuska Brewing","music","Phatt Tuesday New Orleans Jazz & Funk","6p-10p","",""
"2521","2024-12-03","Anchorage","Organic Oasis","music","Irish Music and Dancing","6p-8p","",""
"2522","2024-12-03","Anchorage","Van’s Dive Bar","music","Open Jam Night","7p-11p","",""
"2523","2024-12-03","Anchorage","The Carousel Lounge","music","AK Rockstar Karaoke","8p-2a","",""
"2524","2024-12-03","Anchorage","Koot’s","music","Eternal Cowboys","9p-12a","",""
"2525","2024-12-03","Eagle River","Justin Cole’s Down East Saloon","music","Taco Tuesday's with Jim Maloney","6:30p-10p","",""
"2526","2024-12-03","Eagle River","The Crystal Saloon","music","Jazz Jam Tuesdays","8p-11p","",""
"2527","2024-12-03","Eagle River","Schwabenhof","music","Karaoke Night","8p-11p","",""
"2528","2024-12-03","Eagle River","Four Corner’s Lounge","music","Open Mic Night","8p-12a","",""
"2529","2024-12-03","Eagle River","Yukon Bar","music","Open Jam Night","9p-2a","",""
"2530","2024-12-04","Anchorage","Alaska Zoo","community","Community Storytime","10:30a-11a","",""
"2531","2024-12-04","Anchorage","Pioneer Bar","music","The Eternal Cowboys","10p-12a","",""
"2532","2024-12-04","Anchorage","Pink Cadillac","dance","Line Dance Night","7:15p-11:45p","",""
"2533","2024-12-04","Anchorage","Alaska Center for the Performing Arts","theatre","Mean Girls on Broadway","7:30p-10p","",""
"2534","2024-12-04","Anchorage","907 Alehouse","music","Tyrone Palmer & Friends","7p-10p","",""
"2535","2024-12-04","Anchorage","Koot’s","dance","Country Night & Dance Lessons","7p-1a","",""
"2536","2024-12-04","Anchorage","Lil Babes Cocktail Lounge","music","Open Mic","8p-12a","",""
"2537","2024-12-04","Anchorage","The Carousel Lounge","music","AK Rockstar Karaoke","8p-2a","",""
"2538","2024-12-04","Anchorage","Organic Oasis","music","A-Town Sharps","9p-11p","",""
"2539","2024-12-04","Anchorage","Van’s Dive Bar","music","KARAOKE w/ Uswi","9p-12a","",""
"2540","2024-12-04","Eagle River","Schwabenhof","music","Open Mic","7:30p-11p","",""
"2541","2024-12-04","Eagle River","Alibi Bar & Café","music","Beer Choir: Holiday Edition","7p-10p","",""
"2542","2024-12-04","Eagle River","Alaskan Hotel and Bar","music","Karaoke","8p-11p","",""
"2543","2024-12-04","Eagle River","The Crystal Saloon","music","Open Mic Wednesday","8p-11p","",""
"2544","2024-12-04","Eagle River","Four Corner’s Lounge","music","Karaoke","9p-12a","",""
"2545","2024-12-04","Eagle River","Yukon Bar","music","Karaoke","9p-2a","",""
"2546","2024-12-15","Anchorage","Koot’s","music","Koots Karaoke","10p-2a","",""
"2547","2024-12-15","Anchorage","Pioneer Bar","music","Industry Night w/ Joe Brady","10p-2a","",""
"2548","2024-12-15","Anchorage","Writer’s Block Bookstore & Café","community","Sunday Brunch w/ The Squash Bottoms","12p-2p","",""
"2549","2024-12-15","Anchorage","Alaska Center for the Performing Arts","theatre","Mean Girls on Broadway","1p-3:30p & 7p-9:30p","",""
"2550","2024-12-15","Anchorage","Rage City Vintage","music","Songwriter's Circle Hosted by Shane Russell","1p-4p","",""
"2551","2024-12-15","Anchorage","Writer’s Block Bookstore & Café","music","Django Jam","2p-5p","",""
"2552","2024-12-15","Anchorage","Cyrano’s Theatre","music","The Wickhams: Christmas at Pemberley","3p-4:45p","",""
"2553","2024-12-15","Anchorage","Anchorage Community Theatre","theatre","Little Women: The Broadway Musical","3p-6p","",""
"2554","2024-12-15","Anchorage","VFW Post 1685","music","Open Mic & Jam","4:30p-8:30p","",""
"2555","2024-12-15","Anchorage","Williwaw Social","music","Taylor Swift's 35th All Ages B-Day Party w/ The Blank Space Tribute","4p-8p","",""
"2556","2024-12-15","Anchorage","Alaska Zoo","music","Zoo Lights","5p-8p","",""
"2557","2024-12-15","Anchorage","Billiard Palace","music","Sunday Blues Jam w/ Rebel Blues Band","6p-10p","",""
"2558","2024-12-15","Anchorage","Susitna Brewing","music","Open Mic Night","6p-9p","",""
"2559","2024-12-15","Anchorage","Broken Blender","music","Open Mic Night w/ Mister Boobs","7p-10p","",""
"2560","2024-12-15","Anchorage","Van’s Dive Bar","music","Open Mic Night","7p-11p","",""
"2561","2024-12-15","Anchorage","Koot’s","comedy","Comedy Open Mic","8:30p-10p","",""
"2562","2024-12-15","Anchorage","Time Out Lounge","music","Open Jam with Blast From The Past","8:30p-1a","",""
"2563","2024-12-15","Anchorage","Pink Cadillac","music","Latin Night","8p-12a","",""
"2564","2024-12-15","Anchorage","Mad Myrna’s","music","Karaoke","9p-12a","",""
"2565","2024-12-15","Anchorage","The Carousel Lounge","music","Sunday Karaoke","9p-2a","",""
"2566","2024-12-15","Eagle River","Big Dipper Ice Arena","music","Santa Skate","1p-2:30p","",""
"2567","2024-12-15","Eagle River","Treadwell Arena","music","Juneau Skating Club: Holiday Show","1p-2p","",""
"2568","2024-12-15","Eagle River","Clover Pass Community Church","music","The Singing Christmas Tree","2:30p-4p & 4:30p-6p","",""
"2569","2024-12-15","Eagle River","Marie Drake Planetarium","music","One World, One Sky: Big Bird's Adventure 1:30p & 2:","30p","",""
"2570","2024-12-15","Eagle River","Thunder Mountain High School","music","Juneau Symphony: Holiday Cheer 2024","3p-5p","",""
"2571","2024-12-15","Eagle River","The Musk Ox Farm","music","Indoor Concert with Matt The Electrician","4:30p-8p","",""
"2572","2024-12-15","Eagle River","St. Andrew Catholic Church","music","Christmas with Alaska Chamber Singers","4p-6p","",""
"2573","2024-12-15","Eagle River","Pakalolo Supply Co","music","Sunday Serenade w/ Spank Williams & Cherie Bowman","4p-6p","",""
"2574","2024-12-15","Eagle River","Alaska State Fairgrounds","festival","Yuletide Festival","5p-10p","",""
"2575","2024-12-15","Eagle River","Everett’s","music","Open Mic Night","6p-10p","",""
"2576","2024-12-15","Eagle River","King’s Christian School","music","Alaska Jingle & Joy Christmas Program","6p-8p","",""
"2577","2024-12-16","Anchorage","Broken Blender","music","Boombox Bingo","6:30p-8:30","",""
"2578","2024-12-16","Anchorage","K Street Market","music","AJW Community Jazz Jam Session","6p-9p","",""
"2579","2024-12-16","Anchorage","Pink Cadillac","music","Buckaroos Night w/ DJ Rico","7p-11p","",""
"2580","2024-12-16","Anchorage","Koot’s","music","The Monday Mic w/ Boobs","9p-12a","",""
"2581","2024-12-16","Anchorage","Van’s Dive Bar","music","Jay Straw's Bass to Mouth Mondays!","9p-12a","",""
"2582","2024-12-16","Eagle River","Soldotna Library","music","Live Music by the Fire!","2p-4:30p","",""
"2583","2024-12-16","Eagle River","Alice’s Champagne Palace","music","Open Mic Night w/ Jim Maloney & Orion Donicht","7p-10p","",""
"2584","2024-12-16","Eagle River","Hering Auditorium","music","Holiday Concert w/ LHS Show Choir & Jazz Band","7p-9p","",""
"2585","2024-12-16","Eagle River","Four Corner’s Lounge","music","Karaoke","9p-12a","",""
"2586","2024-12-17","Anchorage","Matanuska Brewing","music","Phatt Tuesday New Orleans Jazz & Funk","6p-10p","",""
"2587","2024-12-17","Anchorage","Organic Oasis","music","Irish Music and Dancing","6p-8p","",""
"2588","2024-12-17","Anchorage","Wendler Middle School","music","Wendler Choir Concert","6p-8p","",""
"2589","2024-12-17","Anchorage","Van’s Dive Bar","music","Open Jam Night","7p-11p","",""
"2590","2024-12-17","Anchorage","The Carousel Lounge","music","AK Rockstar Karaoke","8p-2a","",""
"2591","2024-12-17","Anchorage","Koot’s","music","Midnight Freestyle","9p-12a","",""
"2592","2024-12-17","Anchorage","Koot’s","music","Eternal Cowboys","9p-12a","",""
"2593","2024-12-17","Eagle River","Justin Cole’s Down East Saloon","music","Taco Tuesday's with Jim Maloney","6:30p-10p","",""
"2594","2024-12-17","Eagle River","Kenai Community Library","music","Holiday Carolers","6p-8p","",""
"2595","2024-12-17","Eagle River","The Crystal Saloon","music","Jazz Jam Tuesdays","8p-11p","",""
"2596","2024-12-17","Eagle River","Schwabenhof","music","Karaoke Night","8p-11p","",""
"2597","2024-12-17","Eagle River","Four Corner’s Lounge","music","Open Mic Night","8p-12a","",""
"2598","2024-12-17","Eagle River","Yukon Bar","music","Open Jam Night","9p-2a","",""
"2599","2024-12-18","Anchorage","Alaska Zoo","community","Community Storytime","10:30a-11a","",""
"2600","2024-12-18","Anchorage","Pioneer Bar","music","The Eternal Cowboys","10p-12a","",""
"2601","2024-12-18","Anchorage","Ginger","music","Disco Magnifique","6:30p-10:30p","",""
"2602","2024-12-18","Anchorage","Organic Oasis","music","A-Town Sharps","6p-8p","",""
"2603","2024-12-18","Anchorage","Pink Cadillac","dance","Line Dance Night","7:15p-11:45p","",""
"2604","2024-12-18","Anchorage","907 Alehouse","music","Tyrone Palmer & Friends","7p-10p","",""
"2605","2024-12-18","Anchorage","Koot’s","dance","Country Night & Dance Lessons","7p-1a","",""
"2606","2024-12-18","Anchorage","Bear Tooth Theatrepub","music","National Lampoon’s Christmas Vacation 35th Anniversary","8p-10p","",""
"2607","2024-12-18","Anchorage","Lil Babes Cocktail Lounge","music","Open Mic","8p-12a","",""
"2608","2024-12-18","Anchorage","Van’s Dive Bar","music","UNofficial IATSE Local 918 Holiday Party","8p-1a","",""
"2609","2024-12-18","Anchorage","The Carousel Lounge","music","AK Rockstar Karaoke","8p-2a","",""
"2610","2024-12-18","Eagle River","Schwabenhof","music","Open Mic","7:30p-11p","",""
"2611","2024-12-18","Eagle River","Nonna’s Osteria","music","Marian Call & Matt the Electrician","7p-10p","",""
"2612","2024-12-18","Eagle River","Sitzmark","music","Snow Film Series: TGR's Beyond the Fantasy","7p-9p","",""
"2613","2024-12-18","Eagle River","Alaskan Hotel and Bar","music","Karaoke","8p-11p","",""
"2614","2024-12-18","Eagle River","The Crystal Saloon","music","Open Mic Wednesday","8p-11p","",""
"2615","2024-12-18","Eagle River","Fairview Inn","music","Open Mic","8p-12a","",""
"2616","2024-12-18","Eagle River","Four Corner’s Lounge","music","Karaoke","9p-12a","",""
"2617","2024-12-18","Eagle River","Yukon Bar","music","Karaoke","9p-2a","",""
"2618","2025-01-21","Anchorage","Koot’s","music","The Eternal Cowboys","10p-2a","",""
"2619","2025-01-21","Anchorage","Matanuska Brewing","music","Phatt Tuesday New Orleans Jazz & Funk","6p-10p","",""
"2620","2025-01-21","Anchorage","Organic Oasis","music","Irish Music and Dancing","6p-8p","",""
"2621","2025-01-21","Anchorage","Van’s Dive Bar","music","Open Jam Night","7p-11p","",""
"2622","2025-01-21","Anchorage","Koot’s","music","Midnight Freestyle","9p-2a","",""
"2623","2025-01-21","Eagle River","Pakalolo Supply Company","comedy","Comedy Night Open Mic w/ AK Sexy Killer","12p-2p","",""
"2624","2025-01-21","Eagle River","Government Peak Chalet","music","Art & Music Night","5:30p-6:30p","",""
"2625","2025-01-21","Eagle River","Justin Cole’s Down East Saloon","music","Taco Tuesday's with Jim Maloney","6:30p-10p","",""
"2626","2025-01-21","Eagle River","The Crystal Saloon","music","Jazz Jam Tuesday","8p-11p","",""
"2627","2025-01-21","Eagle River","Schwabenhof","music","Karaoke Night","8p-11p","",""
"2628","2025-01-21","Eagle River","Four Corner’s Lounge","music","Open Mic Night","8p-12a","",""
"2629","2025-01-21","Eagle River","Yukon Bar","music","Open Jam Night","9p-2a","",""
"2630","2025-01-22","Anchorage","Pioneer Bar","music","The Eternal Cowboys","10p-12a","",""
"2631","2025-01-22","Anchorage","Koot’s","music","Koots Karaoke","10p-2a","",""
"2632","2025-01-22","Anchorage","907 Alehouse","music","Tyrone Palmer & Friends","7p-10p","",""
"2633","2025-01-22","Anchorage","Pink Cadillac","dance","Line Dance Night","7p-11p","",""
"2634","2025-01-22","Anchorage","Koot’s","dance","Country Night & Dance Lessons","7p-1a","",""
"2635","2025-01-22","Anchorage","Lil Babes Cocktail Lounge","music","Open Mic","8p-12a","",""
"2636","2025-01-22","Anchorage","The Carousel Lounge","music","AK Rockstar Karaoke","8p-2a","",""
"2637","2025-01-22","Anchorage","Mad Myrna’s","music","Karaoke","9p-12a","",""
"2638","2025-01-22","Eagle River","Main Street Tap & Grill","music","Open Mike w/ Ben Sayers","6p-9p","",""
"2639","2025-01-22","Eagle River","Schwabenhof","music","Open Mic","7:30p-11p","",""
"2640","2025-01-22","Eagle River","Alaskan Hotel and Bar","music","Karaoke","8p-11p","",""
"2641","2025-01-22","Eagle River","The Crystal Saloon","music","Open Mic Wednesday","8p-11p","",""
"2642","2025-01-22","Eagle River","Four Corner’s Lounge","music","Karaoke","9p-12a","",""
"2643","2025-01-22","Eagle River","Yukon Bar","music","Karaoke","9p-2a","",""
"2644","2025-01-23","Anchorage","Williwaw Social","festival","Acoustic Affair w/ Lizzie G, Ken Cline, Garrett Hermansen, Silas Wade, & Pepper Kit","7p-10p","",""
"2645","2025-01-23","Anchorage","Broken Blender","music","Country Music Night w/ Schaefer Mueller","7p-11p","",""
"2646","2025-01-23","Anchorage","Pink Cadillac","music","Ladies Night at Pink Cadillac w/ DJ Rico","7p-12a","",""
"2647","2025-01-23","Anchorage","Wendy Williamson Theatre","festival","Anchorage Folk Festival","7p-9:30p","",""
"2648","2025-01-23","Anchorage","Koot’s","music","Latin Thursday w/ DJ Mykey T","8p-11:45p","",""
"2649","2025-01-23","Anchorage","Flattop Pizza & Pool","music","Karaoke w/ Big Dream Entertainment","8p-12a","",""
"2650","2025-01-23","Anchorage","Floaters","music","Karaoke","8p-12a","",""
"2651","2025-01-23","Anchorage","The Carousel Lounge","music","AK Rockstar Karaoke","8p-2a","",""
"2652","2025-01-23","Anchorage","Koot’s","music","Will Balcao","9p-2a","",""
"2653","2025-01-23","Eagle River","Chair 5 Restaurant","music","The Vintage Retro","10:30p-1:30a","",""
"2654","2025-01-23","Eagle River","The International Hotel & Bar","music","Karaoke Nights at the Big I","10p-2a","",""
"2655","2025-01-23","Eagle River","Sitzmark","music","Town League Race Series & Live Music w/ Dreamcat + 3000-21","5p-9p","",""
"2656","2025-01-23","Eagle River","Palmer Alehouse","music","Shakedown Strings Live","6p-9p","",""
"2657","2025-01-23","Eagle River","Tailgater’s Sport’s Bar & Grill","music","The AKoustic Project","7p-10p","",""
"2658","2025-01-23","Eagle River","Four Corner’s Lounge","music","Open Jam/Mic Night w/ Host Jesse James","7p-11p","",""
"2659","2025-01-23","Eagle River","Hering Auditorium","music","Mean Girls: High School Version","7p-9p","",""
"2660","2025-01-23","Eagle River","Main Street Tap & Grill","music","Lindsay Glazer","7p-9p","",""
"2661","2025-01-23","Eagle River","Alaskan Hotel and Bar","music","Open Mic","8p-11p","",""
"2662","2025-01-23","Eagle River","The Crystal Saloon","music","Karaoke Thursdays","8p-11p","",""
"2663","2025-01-23","Eagle River","4 Royle Parkers","music","Open Mic w/ Cody Kniceley","8p-12a","",""
"2664","2025-01-23","Eagle River","Klondike Mike’s and Garcia’s Grill","music","Karaoke","8p-1a","",""
"2665","2025-01-23","Eagle River","Alibi Bar & Café","music","Karaoke Night","9:15p-12:15a","",""
"2666","2025-01-24","Anchorage","Koots","music","The Stack Alaska","10:30p-2a","",""
"2667","2025-01-24","Anchorage","Zip Kombucha","music","Organic Launch Party w/ The 7 Duo","6p-8p","",""
"2668","2025-01-24","Anchorage","Angry Salmon","music","Ivan Dennis","6p-9p","",""
"2669","2025-01-24","Anchorage","Alaska Center for the Performing Arts","music","International Guitar Night XXV","7:30p-9:20p","",""
"2670","2025-01-24","Anchorage","Wendy Williamson Theatre","festival","Anchorage Folk Festival","7p-10p","",""
"2671","2025-01-24","Anchorage","The Fraternal Order of Eagles Aerie 4207","music","Karaoke Friday at the Eagles!","7p-12a","",""
"2672","2025-01-24","Anchorage","Beartooth Theatrepub","comedy","Stand-Up Comedy Show with Billy Wayne Davis","7p-9p","",""
"2673","2025-01-24","Anchorage","Humpy’s","music","Glacier Hoppers Band","8:30p-12a","",""
"2674","2025-01-24","Anchorage","Broken Blender","music","Karaoke w/ DJ Sparkles","8p-12a","",""
"2675","2025-01-24","Anchorage","Williwaw Social","dance","Pop vs Hip Hop Dance Party w/ DJ GRE","9:30p-1a","",""
"2676","2025-01-24","Anchorage","Mad Myrna’s","music","Mad Myrna's Diva Variety Show","9p-11:30p","",""
"2677","2025-01-24","Anchorage","Arctic Academie de Danse","dance","Friday Night Dance Social","9p-11p","",""
"2678","2025-01-24","Anchorage","Alaska Dance Promotions","dance","Friday Night Dance Lounge","9p-1a","",""
"2679","2025-01-24","Anchorage","The Carousel Lounge","music","Live Music w/ Travis Watson","9p-1a","",""
"2680","2025-01-24","Anchorage","Flattop Pizza & Pool","music","DJ Ke","9p-1a","",""
"2681","2025-01-24","Anchorage","Time Out Lounge","music","Blast From The Past","9p-2:30a","",""
"2682","2025-01-24","Anchorage","Koots","music","Slow Burn (A Blunts & Blondes Pre-Party)","9p-2a","",""
"2683","2025-01-24","Eagle River","The Mug-Shot Saloon","music","Jerry Wessling Band","10p-2a","",""
"2684","2025-01-24","Eagle River","Last Frontier Brewing","music","Lizzie Guillot","6-9","",""
"2685","2025-01-24","Eagle River","AJ’s Old Town Steakhouse & Tavern","music","Piano Music by Erika","6p-8p","",""
"2686","2025-01-24","Eagle River","Everett’s","comedy","Comedy Show w/ Lindsay Glazer","7:30p-10p","",""
"2687","2025-01-24","Eagle River","Odd Man Rush","music","Nervis Rex","7p-10p","",""
"2688","2025-01-24","Eagle River","American Legion Post 15","music","Karaoke","7p-11p","",""
"2689","2025-01-24","Eagle River","Pioneer Bar","music","Trivia & Open Mike Night Fridays","7p-12a","",""
"2690","2025-01-24","Eagle River","Hering Auditorium","music","Mean Girls: High School Version","7p-9p","",""
"2691","2025-01-24","Eagle River","Seward Alehouse","music","Free Music Fridays: Grace C. Elliot","7p-9p","",""
"2692","2025-01-24","Eagle River","Schwabenhof","music","Karaoke Night","8p-11p","",""
"2693","2025-01-24","Eagle River","The Cabin","music","Emo Night at the Cabin w/ DJ Trax","9p-12a","",""
"2694","2025-01-24","Eagle River","Sitzmark","music","Ski Bunny Ball w/ I Like Robots","9p-12a","",""
"2695","2025-01-24","Eagle River","Alice’s Champagne Palace","music","Shakedown Strings","9p-12a","",""
"2696","2025-01-24","Eagle River","Four Corner’s Lounge","music","The Ken Peltier Band","9p-1a","",""
"2697","2025-01-24","Eagle River","Klondike Mike’s and Garcia’s Grill","music","DJ Blaque","9p-1a","",""
"2698","2025-01-24","Eagle River","Fairview Inn","music","Rick Brooks","9p-1a","",""
"2699","2025-01-25","Anchorage","Koots","music","Riddim + Beats w/ DJ JRock & DJ Militant","10p-2:30a","",""
"2700","2025-01-25","Anchorage","Koot’s","music","Shakedown Strings","10p-2a","",""
"2701","2025-01-25","Anchorage","Williwaw Social","dance","All The Single Ladies Dance Party w/ DJ Blaque","10p-2a","",""
"2702","2025-01-25","Anchorage","Cyrano’s Playhouse","festival","Auditions for Twinkle's Fairy Pet Day","10p-2p","",""
"2703","2025-01-25","Anchorage","Arctic Valley Ski Area","music","Tim Easton","2p-5p","",""
"2704","2025-01-25","Anchorage","Writer’s Block Bookstore & Café","music","Karaoke","5:30p-8p","",""
"2705","2025-01-25","Anchorage","Angry Salmon","music","JunoSmile","6p-9p","",""
"2706","2025-01-25","Anchorage","Alaska Center for the Performing Arts","music","Anchorage Symphony's ""Portraits""","7:30p-9:30p","",""
"2707","2025-01-25","Anchorage","Beartooth Theatrepub","festival","Anchorage Folk Festival","7p-10p","",""
"2708","2025-01-25","Anchorage","Anchorage Social Dance Club","dance","Dance Lessons & Social Dance","7p-11p","",""
"2709","2025-01-25","Anchorage","Koots","comedy","Comedy Show with Lindsay Glazer","7p-8:30p & 9p-10:30p","",""
"2710","2025-01-25","Anchorage","Humpy’s","music","Woodrow","8:30p-12a","",""
"2711","2025-01-25","Anchorage","Anchorage Moose Lodge","music","Glacier Hoppers Band","8p-12a","",""
"2712","2025-01-25","Anchorage","Wendy Williamson Theatre","festival","Anchorage Folk Festival","9a-10p","",""
"2713","2025-01-25","Anchorage","Oriental Garden","music","Weekly Karaoke Contest","9p-1:30a","",""
"2714","2025-01-25","Anchorage","Pink Cadillac","music","Open Range Country Mash-Up Night w/ DJ Lloyds Noize","9p-2a","",""
"2715","2025-01-25","Eagle River","Bernie’s Bar","music","Ladies Night Out","10p-1a","",""
"2716","2025-01-25","Eagle River","The International Hotel & Bar","music","Fuego Saturday w/ DJ Trey","10p-2a","",""
"2717","2025-01-25","Eagle River","Klondike Mike’s and Garcia’s Grill","music","DJ Brazen","10p-2a","",""
"2718","2025-01-25","Eagle River","The Mug-Shot Saloon","music","Jerry Wessling Band","10p-2a","",""
"2719","2025-01-25","Eagle River","Hering Auditorium","music","Mean Girls: High School Version","2p-4p & 7p-9p","",""
"2720","2025-01-25","Eagle River","Hatcher Pass Lodge","music","Head With Wings","4p-7p","",""
"2721","2025-01-25","Eagle River","Last Frontier Brewing","music","Jesse James","6-9","",""
"2722","2025-01-25","Eagle River","Sheldon Community Arts Hangar","festival","Back Country Film Festival","6:30p-9p","",""
"2723","2025-01-25","Eagle River","AJ’s Old Town Steakhouse & Tavern","music","Piano Music by Sunrise Kilcher","6p-8p","",""
"2724","2025-01-25","Eagle River","Wasilla High School","music","Mardi Gras Night","6p-9p","",""
"2725","2025-01-25","Eagle River","American Legion","dance","Dance Lessons with Shufflin’ Country Style & Karaoke After","7p-10p","",""
"2726","2025-01-25","Eagle River","American Legion Post 15","music","Karaoke","7p-11p","",""
"2727","2025-01-25","Eagle River","The Crystal Saloon","music","Teri Tibbett Presents: Beatles Night","8p-11p","",""
"2728","2025-01-25","Eagle River","Schwabenhof","music","Justin McCain","8p-11p","",""
"2729","2025-01-25","Eagle River","The Cabin","community","Rockin' Night w/ GrungeBob","9p-12a","",""
"2730","2025-01-25","Eagle River","Sitzmark","music","Ski Bunny Ball w/ I Like Robots","9p-12a","",""
"2731","2025-01-25","Eagle River","Pioneer Bar","music","Karaoke Saturdays","9p-12a","",""
"2732","2025-01-25","Eagle River","The Backdoor Lounge","music","Hot Mess","9p-1a","",""
"2733","2025-01-25","Eagle River","Four Corner’s Lounge","music","The Ken Peltier Band","9p-1a","",""
"2734","2025-01-25","Eagle River","Fairview Inn","music","Glacier Blues Band","9p-1a","",""
"2735","2025-01-26","Anchorage","Cyrano’s Playhouse","festival","Auditions for Twinkle's Fairy Pet Day","10p-21p","",""
"2736","2025-01-26","Anchorage","Pioneer Bar","music","Industry Night w/ Joe Brady","10p-2a","",""
"2737","2025-01-26","Anchorage","Writer’s Block Bookstore & Café","music","Brunch Music w/ Alan Parsons","12p-2p","",""
"2738","2025-01-26","Anchorage","Arctic Valley Ski Area","music","Long Nights Moon Live","1p-4p","",""
"2739","2025-01-26","Anchorage","VFW Post 1685","music","Open Mic & Jam","4:30p-8:30p","",""
"2740","2025-01-26","Anchorage","Billiard Palace","music","Sunday Blues Jam w/ Rebel Blues Band","6p-10p","",""
"2741","2025-01-26","Anchorage","Susitna Brewing","music","Open Mic Night","6p-9p","",""
"2742","2025-01-26","Anchorage","Change Point","dance","American Tango Lesson & Open Dance","7:45p-10p","",""
"2743","2025-01-26","Anchorage","Broken Blender","music","Open Mic Night w/ Mister Boobs","7p-10p","",""
"2744","2025-01-26","Anchorage","Van’s Dive Bar","music","Open Mic Night","7p-11p","",""
"2745","2025-01-26","Anchorage","Koot’s","comedy","Comedy Open Mic","8:30p-10p","",""
"2746","2025-01-26","Anchorage","Time Out Lounge","music","Open Jam with Blast From The Past","8:30p-1a","",""
"2747","2025-01-26","Anchorage","Wendy Williamson Theatre","festival","Anchorage Folk Festival","9:45a-10p","",""
"2748","2025-01-26","Anchorage","Koot’s","music","Open Decks","9p-2:30a","",""
"2749","2025-01-26","Anchorage","The Carousel Lounge","music","Sunday Karaoke","9p-2a","",""
"2750","2025-01-26","Eagle River","Sheldon Community Arts Hangar","music","International Guitar Night: 25th Anniversary","6:30p-9p","",""
"2751","2025-01-26","Eagle River","Everett’s","music","Open Mic Night","6p-10p","",""
"2752","2025-01-26","Eagle River","Red Dog Saloon","dance","Sunday Swing at the Red Dog","6p-9p","",""
"2753","2025-01-27","Anchorage","Middle Way Café","festival","Anchorage Folk Festival","2p-4p","",""
"2754","2025-01-27","Anchorage","Hearth Artisan Pizza","festival","Anchorage Folk Festival","5p-8p","",""
"2755","2025-01-27","Anchorage","Organic Oasis","festival","Anchorage Folk Festival","5p-8p","",""
"2756","2025-01-27","Anchorage","Broken Blender","music","Boombox Bingo","6:30p-8:30","",""
"2757","2025-01-27","Anchorage","Reilly’s Irish Pub","festival","Anchorage Folk Festival","6p-10p","",""
"2758","2025-01-27","Anchorage","K Street Market","music","AJW Community Jazz Jam Session","6p-9p","",""
"2759","2025-01-27","Anchorage","Sleepy Dog Coffee Co","festival","Anchorage Folk Festival","6p-9p","",""
"2760","2025-01-27","Anchorage","Koot’s","music","The Monday Mic w/ Boobs","9p-12a","",""
"2761","2025-01-27","Eagle River","Government Peak Chalet","music","Art & Music Night","5:30p-6:30p","",""
"2762","2025-01-27","Eagle River","Sheldon Community Arts Hangar","community","Community Choir Rehearsal","6p-9p","",""
"2763","2025-01-27","Eagle River","Alice’s Champagne Palace","music","Open Mic Night w/ Jim Maloney & Orion Donicht","7p-10p","",""
"2764","2025-01-27","Eagle River","Four Corner’s Lounge","music","Karaoke","9p-12a","",""
"2765","2025-01-28","Anchorage","Sleepy Dog Coffee Co","festival","Anchorage Folk Festival","6p-8p","",""
"2766","2025-01-28","Anchorage","Guido’s Pizza","festival","Anchorage Folk Festival","7p-9p","",""
"2767","2025-01-28","Eagle River","Government Peak Chalet","music","Art & Music Night","5:30p-6:30p","",""
"2768","2025-01-28","Eagle River","Justin Cole’s Down East Saloon","music","Taco Tuesday's with Jim Maloney","6:30p-10p","",""
"2769","2025-01-28","Eagle River","Alice’s Champagne Palace","music","Myles From Dublin: Irish Trio","7p-10p","",""
"2770","2025-01-28","Eagle River","The Crystal Saloon","music","Jazz Jam Tuesday","8p-11p","",""
"2771","2025-01-28","Eagle River","Schwabenhof","music","Karaoke Night","8p-11p","",""
"2772","2025-01-28","Eagle River","Four Corner’s Lounge","music","Open Mic Night","8p-12a","",""
"2773","2025-01-28","Eagle River","Yukon Bar","music","Open Jam Night","9p-2a","",""
"2774","2025-01-29","Anchorage","UAA Student Union","festival","Anchorage Folk Festival","12p-2p","",""
"2775","2025-01-29","Anchorage","Organic Oasis","festival","Anchorage Folk Festival","6p-8p","",""
"2776","2025-01-29","Anchorage","Cyrano’s Playhouse","music","Cabaret: Pay-What-You-Can-Preview","7p-9:30p","",""
"2777","2025-01-29","Anchorage","Writer’s Block Bookstore & Café","festival","Anchorage Folk Festival","7p-9p","",""
"2778","2025-01-29","Eagle River","Main Street Tap & Grill","music","Open Mike w/ Ben Sayers","6p-9p","",""
"2779","2025-01-29","Eagle River","Schwabenhof","music","Open Mic","7:30p-11p","",""
"2780","2025-01-29","Eagle River","Alaskan Hotel and Bar","music","Karaoke","8p-11p","",""
"2781","2025-01-29","Eagle River","The Crystal Saloon","music","Open Mic Wednesday","8p-11p","",""
"2782","2025-01-29","Eagle River","Four Corner’s Lounge","music","Karaoke","9p-12a","",""
"2783","2025-01-29","Eagle River","Yukon Bar","music","Karaoke","9p-2a","",""
"2784","2025-02-16","Anchorage","Koot’s","music","Koots Karaoke","10p-2a","",""
"2785","2025-02-16","Anchorage","Pioneer Bar","music","Industry Night w/ Joe Brady","10p-2a","",""
"2786","2025-02-16","Anchorage","Bear Tooth Theatrepub","music","Jams For Fams w/ DJ Spencer Lee: Neon Love Party","11a-1p","",""
"2787","2025-02-16","Anchorage","Midnight Sun Theatre","music","Improv Dojo","12p-1:30p","",""
"2788","2025-02-16","Anchorage","Writer’s Block Bookstore & Café","music","Brunch Music w/ Alex Parsons","12p-2p","",""
"2789","2025-02-16","Anchorage","Writer’s Block Bookstore & Café","music","Brunch Music w/ Django Jam","2p-5p","",""
"2790","2025-02-16","Anchorage","UAA Fine Arts Building","music","Judy Moody and the Stink: The Mad, Mad, Mad, Mad Treasure Hunt","3p-4:30p","",""
"2791","2025-02-16","Anchorage","Cyrano’s Theatre Building","music","Cabaret","3p-5p","",""
"2792","2025-02-16","Anchorage","Arctic Valley Ski Area","music","Comfortably Dumb Live","3p-6p","",""
"2793","2025-02-16","Anchorage","VFW Post 1685","music","Open Mic & Jam","4:30p-8:30p","",""
"2794","2025-02-16","Anchorage","Alaska Zoo","music","Valentine’s Weekend Zoo Lights","5p-8p","",""
"2795","2025-02-16","Anchorage","Billiard Palace","music","Sunday Blues Jam w/ Rebel Blues Band","6p-10p","",""
"2796","2025-02-16","Anchorage","Susitna Brewing","music","Open Mic Night","6p-9p","",""
"2797","2025-02-16","Anchorage","Change Point","dance","American Tango Lesson & Open Dance","7:45p-10p","",""
"2798","2025-02-16","Anchorage","Broken Blender","music","Open Mic Night w/ Mister Boobs","7p-10p","",""
"2799","2025-02-16","Anchorage","Van’s Dive Bar","music","Open Mic Night","7p-11p","",""
"2800","2025-02-16","Anchorage","Koot’s","comedy","Comedy Open Mic","8:30p-10p","",""
"2801","2025-02-16","Anchorage","Time Out Lounge","music","Open Jam with Blast From The Past","8:30p-1a","",""
"2802","2025-02-16","Anchorage","Mad Myrna’s","music","Karaoke","9p-12a","",""
"2803","2025-02-16","Anchorage","Continental Events","dance","Salsa Festival Black & Blue Themed Closing Party","9p-1a","",""
"2804","2025-02-16","Anchorage","Koots","music","Open Decks","9p-2:30a","",""
"2805","2025-02-16","Anchorage","The Carousel Lounge","music","Sunday Karaoke","9p-2a","",""
"2806","2025-02-16","Eagle River","Juneau Arts and Humanities","music","Gospel Choir Celebrations","2p-4 & 5p-7p","",""
"2807","2025-02-16","Eagle River","The Creek Street Cabaret","music","Open Mic Night","5p-8p","",""
"2808","2025-02-16","Eagle River","Everett’s","music","Open Mic Night","6p-10p","",""
"2809","2025-02-16","Eagle River","Red Dog Saloon","dance","Sunday Swing at the Red Dog","6p-9p","",""
"2810","2025-02-17","Anchorage","Broken Blender","music","Boombox Bingo","6:30p-8:30","",""
"2811","2025-02-17","Anchorage","K Street Market","music","AJW Community Jazz Jam Session","6p-9p","",""
"2812","2025-02-17","Anchorage","Koot’s","music","The Monday Mic w/ Boobs","9p-12a","",""
"2813","2025-02-17","Eagle River","Government Peak Chalet","music","Art & Music Night","5:30p-6:30p","",""
"2814","2025-02-17","Eagle River","Sheldon Community Arts Hangar","community","Community Choir Rehearsal","6p-9p","",""
"2815","2025-02-17","Eagle River","Alice’s Champagne Palace","music","Open Mic Night w/ Jim Maloney & Orion Donicht","7p-10p","",""
"2816","2025-02-17","Eagle River","Four Corner’s Lounge","music","Karaoke","9p-12a","",""
"2817","2025-02-18","Anchorage","Orso","music","Live Music with Witty Youngman","6p-8p","",""
"2818","2025-02-18","Anchorage","Organic Oasis","music","Irish Music and Dancing","6p-8p","",""
"2819","2025-02-18","Anchorage","Van’s Dive Bar","music","Open Jam Night","7p-11p","",""
"2820","2025-02-18","Anchorage","Koot’s","music","The Eternal Cowboys","9p-12a","",""
"2821","2025-02-18","Eagle River","Government Peak Chalet","music","Art & Music Night","5:30p-6:30p","",""
"2822","2025-02-18","Eagle River","Justin Cole’s Down East Saloon","music","Taco Tuesday's with Jim Maloney","6:30p-10p","",""
"2823","2025-02-18","Eagle River","Seward Alehouse","music","Tyson Davis Tuesdays","6p-8p","",""
"2824","2025-02-18","Eagle River","The Cabin","music","Karaoke Night at the Cabin","7p-10p","",""
"2825","2025-02-18","Eagle River","The Crystal Saloon","music","Jazz Jam Tuesday","8p-11p","",""
"2826","2025-02-18","Eagle River","Schwabenhof","music","Karaoke Night","8p-11p","",""
"2827","2025-02-18","Eagle River","Four Corner’s Lounge","music","Open Mic Night","8p-12a","",""
"2828","2025-02-18","Eagle River","Yukon Bar","music","Open Jam Night","9p-2a","",""
"2829","2025-02-19","Anchorage","Pioneer Bar","music","The Eternal Cowboys","10p-12a","",""
"2830","2025-02-19","Anchorage","Humpy’s","music","Board Night w/ DJ Covy","6p-9p","",""
"2831","2025-02-19","Anchorage","907 Alehouse","music","Tyrone Palmer & Friends","7p-10p","",""
"2832","2025-02-19","Anchorage","Pink Cadillac","dance","Line Dance Night","7p-11p","",""
"2833","2025-02-19","Anchorage","Koot’s","dance","Country Night & Dance Lessons","7p-1a","",""
"2834","2025-02-19","Anchorage","Angry Salmon","comedy","Stand Up Comedy w/ Joey Medina","7p-8:30p","",""
"2835","2025-02-19","Anchorage","Lil Babes Cocktail Lounge","music","Open Mic","8p-12a","",""
"2836","2025-02-19","Anchorage","The Carousel Lounge","music","AK Rockstar Karaoke","8p-2a","",""
"2837","2025-02-19","Eagle River","Nome Mini Convention Center","music","2025 Iron Dog Race Nome Halfway Ceremonies & Banquet","4p-6p","",""
"2838","2025-02-19","Eagle River","Main Street Tap & Grill","music","Open Mike w/ Ben Sayers","6p-9p","",""
"2839","2025-02-19","Eagle River","Schwabenhof","music","Open Mic","7:30p-11p","",""
"2840","2025-02-19","Eagle River","The Cabin","music","Open Mic Night at the Cabin","7p-10p","",""
"2841","2025-02-19","Eagle River","Alaskan Hotel and Bar","music","Karaoke","8p-11p","",""
"2842","2025-02-19","Eagle River","The Crystal Saloon","music","Open Mic Wednesday","8p-11p","",""
"2843","2025-02-19","Eagle River","Four Corner’s Lounge","music","Karaoke","9p-12a","",""
"2844","2025-02-19","Eagle River","Yukon Bar","music","Karaoke","9p-2a","",""
"2845","2025-03-18","Anchorage","Orso","music","Live Music with Witty Youngman","6p-8p","",""
"2846","2025-03-18","Anchorage","Organic Oasis","music","Irish Music and Dancing","6p-8p","",""
"2847","2025-03-18","Anchorage","Van’s Dive Bar","music","Open Jam Night","7p-11p","",""
"2848","2025-03-18","Anchorage","Koot’s","music","The Eternal Cowboys","9p-12a","",""
"2849","2025-03-20","Eagle River","Chair 5","dance","70’s Dance Party w/ The Vintage Retro","10:30p-1:30a","",""
"2850","2025-03-20","Eagle River","The International Hotel & Bar","music","Karaoke Nights at the Big I","10p-2a","",""
"2851","2025-03-20","Eagle River","The Goods","music","Open Mic Night w/ Kenai Collaborative","6p-8p","",""
"2852","2025-03-20","Eagle River","Palmer Alehouse","music","Matt Hopper Live","6p-9p","",""
"2853","2025-03-20","Eagle River","Holy Trinity Church","theatre","William Shakespeare’s Long Lost First Play","7:30p-9p","",""
"2854","2025-03-20","Eagle River","Tailgater’s Sport’s Bar & Grill","music","The AKoustic Project","7p-10p","",""
"2855","2025-03-20","Eagle River","Four Corner’s Lounge","music","Open Jam/Mic Night w/ Host Jesse James","7p-11p","",""
"2856","2025-03-20","Eagle River","Alaskan Hotel and Bar","music","Open Mic","8p-11p","",""
"2857","2025-03-20","Eagle River","The Crystal Saloon","music","Karaoke Thursdays","8p-11p","",""
"2858","2025-03-20","Eagle River","Klondike Mike’s and Garcia’s Grill","music","Karaoke","8p-1a","",""
"2859","2025-03-20","Eagle River","Alibi Bar & Café","music","Karaoke Night","9:15p-12:15a","",""
"2860","2025-03-21","Anchorage","Angry Salmon","music","Rachel Whitmore","6p-8p","",""
"2861","2025-03-21","Eagle River","Main Street Tap & Grill","music","Blackwater Railroad Company Live7p","10p","",""
"2862","2025-03-21","Eagle River","The International Hotel & Bar","music","Marc Brown & The Blues Crew","10p-2a","",""
"2863","2025-03-21","Eagle River","Kharacter’s Alaskan Bar","music","DJ Darkstar and Deadzillenial","10p-2a","",""
"2864","2025-03-21","Eagle River","Four Corner’s Lounge","music","Schaefer Mueller and The Neon Highway!","10p-2a","",""
"2865","2025-03-21","Eagle River","The Mug-Shot Saloon","music","Hot Mess","10p-2a","",""
"2866","2025-03-21","Eagle River","Alice’s Champagne Palace","music","Winter King Tournament Kick-Off Party w/ The Copper River Band","4p-7p","",""
"2867","2025-03-21","Eagle River","Marie Drake Planetarium Juneau","music","Yoga and Relaxation Under the Stars","5:30p-6:30p","",""
"2868","2025-03-21","Eagle River","Last Frontier Brewing","music","Lia Everett","6-9","",""
"2869","2025-03-21","Eagle River","Devil’s Club Brewing Company","music","Beer Choir","6:30p-9p","",""
"2870","2025-03-21","Eagle River","Palmer Train Depot","community","Women’s History Month Celebration","6p-10p","",""
"2871","2025-03-21","Eagle River","AJ’s Old Town Steakhouse & Tavern","music","Piano Music by Erika","6p-8p","",""
"2872","2025-03-21","Eagle River","The Crystal Saloon","music","A Felicidade Fridays","6p-8p","",""
"2873","2025-03-21","Eagle River","Next Step Dance Kodiak","music","Spring Fling Sock Hop","6p-8p","",""
"2874","2025-03-21","Eagle River","Carlson Center","music","Irish Karaoke Jam","6p-9p","",""
"2875","2025-03-21","Eagle River","Everett’s","comedy","Comedy Show w/ Retha Jones","7:30p-9p","",""
"2876","2025-03-21","Eagle River","Palmer Alehouse","music","Ken Peltier Live","7p-10p","",""
"2877","2025-03-21","Eagle River","American Legion Post 15","music","Karaoke","7p-11p","",""
"2878","2025-03-21","Eagle River","Pioneer Bar","music","Trivia & Open Mike Night Fridays","7p-12a","",""
"2879","2025-03-21","Eagle River","Bunnell Street Arts Center","music","Arts by Air: Shake City String Band","7p-9","",""
"2880","2025-03-21","Eagle River","The Glenn Massay Theatre","music","Valley Performing Arts: Annie","7p-9:30p","",""
"2881","2025-03-21","Eagle River","Chilkat Center for the Arts","music","Parlor In The Round feat. Lizzie No, Annie B, & Joel Stuk","7p-9p","",""
"2882","2025-03-21","Eagle River","Seward Alehouse","music","Free Music Fridays: The Robotz","7p-9p","",""
"2883","2025-03-21","Eagle River","The Pioneer Park Dance Hall","dance","St. Patrick's Day Social Dance","8:30p-11p","",""
"2884","2025-03-21","Eagle River","The Pub","music","Baddies With Bars","8:30p-12a","",""
"2885","2025-03-21","Eagle River","Schwabenhof","music","Karaoke Night","8p-11p","",""
"2886","2025-03-21","Eagle River","Fairview Inn","music","Fireweed Fiddle","8p-1a","",""
"2887","2025-03-21","Eagle River","Bernie’s Bar","music","Country Night","8p-2a","",""
"2888","2025-03-21","Eagle River","The Cabin","music","Pop vs House Music with DJ Tony Taylor","9p-12a","",""
"2889","2025-03-21","Eagle River","The Crystal Saloon","music","Hot Buttered Rum W/ Quinton Woolman-Morgan","9p-12a","",""
"2890","2025-03-21","Eagle River","Sitzmark","music","Live at the Sitz: Dizgo","9p-1a","",""
"2891","2025-03-21","Eagle River","Klondike Mike’s and Garcia’s Grill","music","Jesse James & The Unlikely Gentlemen","9p-1a","",""
"2892","2025-03-22","Anchorage","Angry Salmon","music","JUNOsmile","6p-9p","",""
"2893","2025-03-22","Anchorage","Trophy Lounge","music","Karaoke Night","8:30p-1a","",""
"2894","2025-03-22","Anchorage","American Legion Post 33","music","Karaoke Night with Matti Moosic!","8p-12a","",""
"2895","2025-03-22","Eagle River","The International Hotel & Bar","music","Marc Brown & The Blues Crew","10p-2a","",""
"2896","2025-03-22","Eagle River","Kharacter’s Alaskan Bar","music","Pudgies & Gaiaspyre","10p-2a","",""
"2897","2025-03-22","Eagle River","Bernie’s Bar","music","Spring Break Party: Jersey Shore Edition!","10p-2a","",""
"2898","2025-03-22","Eagle River","The Mug-Shot Saloon","music","Hot Mess","10p-2a","",""
"2899","2025-03-22","Eagle River","Sheldon Community Arts Hangar","music","Unit Souzou","12p-2p","",""
"2900","2025-03-22","Eagle River","Hatcher Pass Lodge","music","Black Barrel & The Bad Men","4p-7p","",""
"2901","2025-03-22","Eagle River","AJ’s Old Town Steakhouse & Tavern","music","Piano Music by Sunrise Kilcher","6p-8p","",""
"2902","2025-03-22","Eagle River","Creekbend Company","music","80's Hollywood Prom Night!","6p-9p","",""
"2903","2025-03-22","Eagle River","Everett’s","music","Jerry Wessling Live","6p-9p","",""
"2904","2025-03-22","Eagle River","Porcupine Theatre","music","Matt Hopper & The Roman Candles","7:30p-10p","",""
"2905","2025-03-22","Eagle River","The Goods","music","Conch Street All-Ages Show","7:30p-8:30p","",""
"2906","2025-03-22","Eagle River","American Legion Post 15","dance","Dance Lessons with Shufflin’ Country Style & Karaoke After","7p-10p","",""
"2907","2025-03-22","Eagle River","Odd Man Rush","music","Matt Nino","7p-11p","",""
"2908","2025-03-22","Eagle River","American Legion Post 15","music","Karaoke","7p-11p","",""
"2909","2025-03-22","Eagle River","Fairview Inn","music","Triple Black Dimond","8p-1a","",""
"2910","2025-03-22","Eagle River","Pioneer Bar","music","Karaoke Saturdays","9p-12a","",""
"2911","2025-03-22","Eagle River","The Bayou","music","Live Music w/ Ayden See","9p-12a","",""
"2912","2025-03-22","Eagle River","Sitzmark","music","Live at the Sitz: Dizgo","9p-1a","",""
"2913","2025-03-22","Eagle River","Four Corner’s Lounge","music","Ken Peltier Band","9p-1a","",""
"2914","2025-03-22","Eagle River","Klondike Mike’s and Garcia’s Grill","music","Glacier Hoppers Band","9p-1a","",""
"2915","2025-03-23","Anchorage","Susitna Brewing","music","Open Mic Night","6p-9p","",""
"2916","2025-03-23","Eagle River","Aurora Mediterranean Restaurant","dance","Argentine Tango Lesson & Open Dance","1p-3p","",""
"2917","2025-03-23","Eagle River","The Glenn Massay Theatre","music","Valley Performing Arts: Annie","2p-4:30p","",""
"2918","2025-03-23","Eagle River","St. Andrew Catholic","music","Songs of Spring","4p-6p","",""
"2919","2025-03-23","Eagle River","Stevenson Hall","music","PF Classical Community Concert","4p-6p","",""
"2920","2025-03-23","Eagle River","The Creek Street Cabaret","music","Open Mic Night","5p-8p","",""
"2921","2025-03-23","Eagle River","Everett’s","music","Open Mic Night","6p-10p","",""
"2922","2025-03-23","Eagle River","Red Dog Saloon","dance","Sunday Swing at the Red Dog","6p-9p","",""
"2923","2025-03-23","Eagle River","Skagway Brewing","music","Parlor in the Round ft Lizzie No, Annie Bartholomew, & Eliza Russell","6p-9p","",""
"2924","2025-03-24","Anchorage","Broken Blender","music","Boombox Bingo","6:30p-8:30","",""
"2925","2025-03-24","Anchorage","K Street Market","music","AJW Community Jazz Jam Session","6p-9p","",""
"2926","2025-03-24","Anchorage","Koot’s","music","Monday Open Mic","9p-12a","",""
"2927","2025-03-24","Anchorage","Koot’s","music","The Monday Mic w/ Boobs","9p-12a","",""
"2928","2025-03-24","Eagle River","The Goods","music","Song Circle w/ Friends of Mike Morgan","5p-7p","",""
"2929","2025-03-24","Eagle River","Main Street Gallery","dance","BOOMbal Dance Hall","6p-7:30p","",""
"2930","2025-03-24","Eagle River","Alice’s Champagne Palace","music","Open Mic Night w/ Jim Maloney & Orion Donicht","7p-10p","",""
"2931","2025-03-24","Eagle River","Four Corner’s Lounge","music","Karaoke","9p-12a","",""
"2932","2025-03-25","Eagle River","Justin Cole’s Down East Saloon","music","Taco Tuesday's with Jim Maloney","6:30p-10p","",""
"2933","2025-03-25","Eagle River","Seward Alehouse","music","Tyson Tuesdays","6p-8p","",""
"2934","2025-03-25","Eagle River","The Cabin","music","Karaoke Night at the Cabin","7p-10p","",""
"2935","2025-03-25","Eagle River","Pakalolo Supply Co.","comedy","Stand Up Comedy Open Mic","7p-9p","",""
"2936","2025-03-25","Eagle River","Nonna’s Osteria","music","Lizzie No & Kevin Worrell","7p-9p","",""
"2937","2025-03-25","Eagle River","The Crystal Saloon","music","Jazz Jam Tuesday","8p-11p","",""
"2938","2025-03-25","Eagle River","Schwabenhof","music","Karaoke Night","8p-11p","",""
"2939","2025-03-25","Eagle River","Four Corner’s Lounge","music","Open Mic Night","8p-12a","",""
"2940","2025-03-25","Eagle River","Yukon Bar","music","Open Jam Night","9p-2a","",""
"2941","2025-03-26","Anchorage","Alaska Zoo","community","Community Storytime","10:30a-11a","",""
"2942","2025-03-26","Anchorage","Pioneer Bar","music","The Eternal Cowboys","10p-12a","",""
"2943","2025-03-26","Anchorage","Koot’s","music","Koots Karaoke","10p-2a","",""
"2944","2025-03-26","Anchorage","Orso","music","Live Music with Rick Brooks","6p-8p","",""
"2945","2025-03-26","Anchorage","Humpy’s","music","Board Night w/ DJ Covy","6p-9p","",""
"2946","2025-03-26","Anchorage","907 Alehouse","music","Tyrone Palmer & Friends","7p-10p","",""
"2947","2025-03-26","Anchorage","Pink Cadillac","dance","Line Dance Wednesdays","7p-12a","",""
"2948","2025-03-26","Anchorage","Koot’s","music","Country Night","8p-12a","",""
"2949","2025-03-26","Anchorage","Lil Babes Cocktail Lounge","music","Open Mic","8p-12a","",""
"2950","2025-03-26","Anchorage","The Carousel Lounge","music","AK Rockstar Karaoke","8p-2a","",""
"2951","2025-03-26","Anchorage","K Street Market","music","All Vinyl Lunch Time with DJ Spencer Lee","9a-1p","",""
"2952","2025-03-26","Anchorage","Mad Myrna’s","music","Karaoke","9p-12a","",""
"2953","2025-03-26","Eagle River","Main Street Tap & Grill","music","Open Mike w/ Ben Sayers","6p-9p","",""
"2954","2025-03-26","Eagle River","Schwabenhof","music","Open Mic","7:30p-11p","",""
"2955","2025-03-26","Eagle River","The Cabin","music","Open Mic Night at the Cabin","7p-10p","",""
"2956","2025-03-26","Eagle River","Mariner Theatre","music","Unit Souzou","7p-9p","",""
"2957","2025-03-26","Eagle River","Alaskan Hotel and Bar","music","Karaoke","8p-11p","",""
"2958","2025-03-26","Eagle River","The Crystal Saloon","music","Open Mic Wednesday","8p-11p","",""
"2959","2025-03-26","Eagle River","Fairview Inn","music","Open Mic Night","8p-1a","",""
"2960","2025-03-26","Eagle River","Four Corner’s Lounge","music","Karaoke","9p-12a","",""
"2961","2025-03-26","Eagle River","Yukon Bar","music","Karaoke","9p-2a","",""
"2962","2025-05-10","Eagle River","Gerald C. Wilson Auditorium","dance","Next Step Dance: Second Star to the Right","6-7p","",""
"2963","2025-05-11","Anchorage","Alaska Botanical Garden","music","Mother’s Day at the Garden w/ Live Music","10a-4p","",""
"2964","2025-05-11","Anchorage","Koot’s","music","Koots Karaoke","10p-2a","",""
"2965","2025-05-11","Anchorage","Pioneer Bar","music","Industry Night w/ Joe Brady","10p-2a","",""
"2966","2025-05-11","Anchorage","Writer’s Block Bookstore & Café","music","Brunch Music w/ The Work Shoes","12p-2p","",""
"2967","2025-05-11","Anchorage","Zip Kombucha","comedy","Rubber Ptarmigan: Mama Bird Brunch Comedy","12p-3p","",""
"2968","2025-05-11","Anchorage","Organic Oasis","music","907 Jazz Jam","3:30p-6p","",""
"2969","2025-05-11","Anchorage","Cyrano’s Theatre Company","music","Dial M for Murder","3p-4:45p","",""
"2970","2025-05-11","Anchorage","APU Grant Hall","music","A Wrinkle In Time","3p-6p","",""
"2971","2025-05-11","Anchorage","VFW Post 1685","music","Open Mic & Jam","4:30p-8:30p","",""
"2972","2025-05-11","Anchorage","Billiard Palace","music","Sunday Blues Jam w/ Rebel Blues Band","6p-10p","",""
"2973","2025-05-11","Anchorage","Writer’s Block Bookstore & Café","music","Traditional Irish Music w/ Jim Kerr & Friends","6p-8p","",""
"2974","2025-05-11","Anchorage","Susitna Brewing","music","Open Mic Night","6p-9p","",""
"2975","2025-05-11","Anchorage","Humpy’s","music","Live Music w/ Dawson Gent","7:30p-11:30p","",""
"2976","2025-05-11","Anchorage","Van’s Dive Bar","music","Open Mic Night","7p-11p","",""
"2977","2025-05-11","Anchorage","Koot’s","comedy","Comedy Open Mic","8:30p-10p","",""
"2978","2025-05-11","Anchorage","Time Out Lounge","music","Open Jam with Blast From The Past","8:30p-1a","",""
"2979","2025-05-11","Anchorage","Mad Myrna’s","music","Karaoke","9p-12a","",""
"2980","2025-05-11","Anchorage","The Carousel Lounge","music","Sunday Karaoke","9p-2a","",""
"2981","2025-05-11","Eagle River","Creekbend Café","community","Mother's Day Brunch with Kat Moore","10a-12p","",""
"2982","2025-05-11","Eagle River","Palmer Train Depot","festival","3rd Annual One Health Fest w/ Live Music","11a-3p","",""
"2983","2025-05-11","Eagle River","Land’s End Resort","festival","5th Annual Motherbird Fair","12p-6p","",""
"2984","2025-05-11","Eagle River","Aurora Mediterranean Restaurant","dance","Argentine Tango Lesson & Open Dance","1p-3p","",""
"2985","2025-05-11","Eagle River","UAS Egan Library","music","Sunday Serenade w/ Martha Masters","2p-4p","",""
"2986","2025-05-11","Eagle River","Juneau Douglas High School","music","JDT’s Spring Showcase","2p-4p","",""
"2987","2025-05-11","Eagle River","The Alaska Club","dance","Mother’s Day Blues Dance Workshop","2p-5p","",""
"2988","2025-05-11","Eagle River","Sheldon Community Arts Hangar","music","Mother's Day Concert","4p-6p","",""
"2989","2025-05-11","Eagle River","Everett’s","music","Open Mic Night","6p-10p","",""
"2990","2025-05-11","Eagle River","The Creek Street Cabaret","music","Open Mic Night","6p-9p","",""
"2991","2025-05-11","Eagle River","The Anchor","music","Blackwater Railroad Company","7p-10p","",""
"2992","2025-05-11","Eagle River","Four Corner’s Lounge","music","Karaoke","9p-12a","",""
"2993","2025-05-12","Eagle River","The Goods","music","Song Circle w/ Friends of Mike Morgan","5p-7p","",""
"2994","2025-05-12","Eagle River","The Crystal Saloon","music","A Felicidade Dinner Jazz","6p-8p","",""
"2995","2025-05-12","Eagle River","Four Corner’s Lounge","music","Karaoke","9p-12a","",""
"2996","2025-05-13","Anchorage","Williwaw Social","music","Killoran Productions Spring Show: The Final Curtain Call","10p-1a","",""
"2997","2025-05-13","Anchorage","Broken Blender","music","Boombox Bingo","6:30p-8:30","",""
"2998","2025-05-13","Anchorage","Bear Tooth Theatrepub","festival","International Packraft Film Festival","6p-8p","",""
"2999","2025-05-13","Anchorage","Orso","music","Live Music with Witty Youngman","6p-8p","",""
"3000","2025-05-13","Anchorage","Organic Oasis","music","Irish Music and Dancing","6p-8p","",""
"3001","2025-05-13","Anchorage","K Street Market","music","AJW Community Jazz Jam Session","6p-9p","",""
"3002","2025-05-13","Anchorage","Anchorage Community Theatre","music","Auditions for “The Addams Family”","7p-10p","",""
"3003","2025-05-13","Anchorage","Van’s Dive Bar","music","Open Jam Night","7p-11p","",""
"3004","2025-05-13","Anchorage","Pink Cadillac","music","Buckaroos Night Fundraiser for Mrs. Alaska","7p-12a","",""
"3005","2025-05-13","Anchorage","Koot’s","music","The Monday Mic w/ Boobs","9p-12a","",""
"3006","2025-05-13","Anchorage","Koot’s","music","The Eternal Cowboys","9p-12a","",""
"3007","2025-05-13","Eagle River","The Cabin","music","Karaoke Night at the Cabin","7p-10p","",""
"3008","2025-05-13","Eagle River","The Creek Street Cabaret","community","(Almost) Summer Story Slam","7p-10p","",""
"3009","2025-05-13","Eagle River","Seward Alehouse","music","Live Music Tyson Tuesdays!","8p-10p","",""
"3010","2025-05-13","Eagle River","The Crystal Saloon","music","Jazz Jam Tuesday","8p-11p","",""
"3011","2025-05-13","Eagle River","Schwabenhof","music","Karaoke Night","8p-11p","",""
"3012","2025-05-13","Eagle River","Four Corner’s Lounge","music","Live DJ","8p-12a","",""
"3013","2025-05-13","Eagle River","Yukon Bar","music","Open Jam Night","9p-2a","",""
"3014","2025-05-14","Anchorage","Alaska Zoo","community","Community Storytime","10:30a-11a","",""
"3015","2025-05-14","Anchorage","Pioneer Bar","music","The Eternal Cowboys","10p-12a","",""
"3016","2025-05-14","Anchorage","Koot’s","music","Koots Karaoke","10p-2a","",""
"3017","2025-05-14","Anchorage","907 Alehouse","music","Tyrone Palmer & Friends","7p-10p","",""
"3018","2025-05-14","Anchorage","Anchorage Community Theatre","music","Auditions for “The Addams Family”","7p-10p","",""
"3019","2025-05-14","Anchorage","Pink Cadillac","dance","Line Dance Wednesdays","7p-12a","",""
"3020","2025-05-14","Anchorage","Koot’s","music","Country Night","8p-12a","",""
"3021","2025-05-14","Anchorage","Lil Babes Cocktail Lounge","music","Open Mic","8p-12a","",""
"3022","2025-05-14","Anchorage","The Carousel Lounge","music","AK Rockstar Karaoke","8p-2a","",""
"3023","2025-05-14","Anchorage","Mad Myrna’s","music","Karaoke","9p-12a","",""
"3024","2025-05-14","Anchorage","Van’s Dive Bar","music","Karaoke Wednesdays w/ Kellie B","9p-12a","",""
"3025","2025-05-14","Eagle River","Ketchikan Public Library","music","Island Music w/ Opus 76 Quartet","4:30p-5:30p","",""
"3026","2025-05-14","Eagle River","Shrine of St. Therese","music","Strings at the Shrine","5:30p-7p & 7:30p-9p","",""
"3027","2025-05-14","Eagle River","The Goods","music","Clark Whitney","5p-7p","",""
"3028","2025-05-14","Eagle River","Main Street Tap & Grill","music","Open Mic Night","6p-9p","",""
"3029","2025-05-14","Eagle River","Four Corner’s Lounge","dance","West Coast Swing Wednesday","7:30p-10p","",""
"3030","2025-05-14","Eagle River","Schwabenhof","music","Open Mic","7:30p-11p","",""
"3031","2025-05-14","Eagle River","The Cabin","music","Open Mic Night at the Cabin","7p-10p","",""
"3032","2025-05-14","Eagle River","Pioneer Park Dance Hall","dance","Ballroom Dance Club: Dance Practice","7p-9p","",""
"3033","2025-05-14","Eagle River","The Porcupine Theater","festival","Paddling Film Festival","7p-9p","",""
"3034","2025-05-14","Eagle River","Alaskan Hotel and Bar","music","Karaoke","8p-11p","",""
"3035","2025-05-14","Eagle River","The Crystal Saloon","music","Open Mic Wednesday","8p-11p","",""
"3036","2025-05-14","Eagle River","Fairview Inn","music","Open Mic Night","8p-1a","",""
"3037","2025-05-14","Eagle River","Yukon Bar","music","Karaoke","9p-2a","",""
"3038","2025-06-19","Ester","Chair 5","music","Ukulele Russ & His One-Man Frontier Band","10p-1a","",""
"3039","2025-06-19","Ester","The International Hotel & Bar","music","Karaoke Nights at the Big I","10p-2a","",""
"3040","2025-06-19","Ester","Hightower Pub","music","Celebration of Life for Dennis Rittenberry","5p-9p","",""
"3041","2025-06-19","Ester","Malemute Saloon","music","Caitlin Warbelow","7:30p-11:30p","",""
"3042","2025-06-19","Ester","The Cabin","music","Open Mic Night at the Cabin","8p-11p","",""
"3043","2025-06-19","Ester","The Cabin","music","Karaoke on the outside stage w/ Cherie Bowman","8p-11p","",""
"3044","2025-06-19","Haines","Kharacter’s Alaskan Bar","music","Jenny Baker Matinee","5p-7p","",""
"3045","2025-06-19","Haines","Pier One Theatre, Inc.","music","Treasure Island","7p-9p","",""
"3046","2025-06-19","Juneau","Alaskan Hotel and Bar","music","Nina Edwards","4p-6p","",""
"3047","2025-06-19","Juneau","Vintage Food Truck Park","music","Busking Night with Local Artists","5p-8p","",""
"3048","2025-06-19","Juneau","Main Street Tap & Grill","music","Bryan Hopkins of Elvis Monroe","7p-10p","",""
"3049","2025-06-19","Juneau","Palmer Alehouse","music","Natalie Cressman and Ian Faquini","7p-10p","",""
"3050","2025-06-19","Juneau","Four Corner’s Lounge","music","Open Jam/Mic Night w/ Host Jesse James","7p-11p","",""
"3051","2025-06-19","Juneau","The Crystal Saloon","music","Karaoke Thursdays","7p-12a","",""
"3052","2025-06-19","Juneau","Alaskan Hotel and Bar","music","Open Mic","8p-11p","",""
"3053","2025-06-19","Juneau","Klondike Mike’s and Garcia’s Grill","music","Karaoke","8p-1a","",""
"3054","2025-06-19","Juneau","Golden Saloon","music","Open Mic Night","9:30p-12a","",""
"3055","2025-06-19","Seward","The Goods","music","Azad Safavi + Them Badgers","6p-8p","",""
"3056","2025-06-19","Seward","Mountain High Pizza Pie","music","Deadphish Orchestra","7p-10p","",""
"3057","2025-06-19","Seward","Yukon Bar","dance","Thursday Night Dance Party w/ DJ WaitWat","9p-2a","",""
"3058","2025-06-20","Anchorage","Angry Salmon","music","Jacques Longpre","6p-9p","",""
"3059","2025-06-20","Ester","Malemute Saloon","music","Raisin' Holy Hell","7:30p-11:30p","",""
"3060","2025-06-20","Ester","The Boatel","music","Renegade HiFi w/ Dig Sista","9p-12a","",""
"3061","2025-06-20","Ester","The Cabin","music","For the Millennials","9p-12a","",""
"3062","2025-06-20","Ester","The International Hotel & Bar","music","Gorilla Zoe Live","9p-12a","",""
"3063","2025-06-20","Haines","Kharacter’s Alaskan Bar","music","DJ Darkstar","10p-2a","",""
"3064","2025-06-20","Haines","Dirty Skillet","music","Spindrift","6p-10p","",""
"3065","2025-06-20","Haines","The Porcupine Theater","music","The Pudgies, Discopians and D.S.B","7p-10p","",""
"3066","2025-06-20","Haines","Creekbend Company","music","Deadphish Orchestra","7p-11p","",""
"3067","2025-06-20","Haines","Bunnell Street Arts Center","music","Arts by Air: Chris Needham","7p-8p","",""
"3068","2025-06-20","Haines","Pier One Theatre, Inc.","music","Treasure Island","7p-9p","",""
"3069","2025-06-20","Juneau","Klondike Mike’s and Garcia’s Grill","music","Hot Mess","10p-2a","",""
"3070","2025-06-20","Juneau","Ketchikan Boat Dock","music","Buoy Daze","11a-12p","",""
"3071","2025-06-20","Juneau","Downtown","music","Friday Flings Market & Live Music","11a-6p","",""
"3072","2025-06-20","Juneau","Deckhand Dave’s","music","Marc Brown & The Blues Crew","7p-10p","",""
"3073","2025-06-20","Juneau","Palmer Alehouse","music","H3 Hawaii Reggae","7p-10p","",""
"3074","2025-06-20","Juneau","American Legion Post 15","music","Karaoke","7p-11p","",""
"3075","2025-06-20","Juneau","Fishhook Bar & Grill","music","Raised by Elephants feat Harp Daddy","7p-11p","",""
"3076","2025-06-20","Juneau","Juneau Arts & Humanities","music","Juneau Piano Series w/ Alexander Tutunov","7p-8:30p","",""
"3077","2025-06-20","Juneau","Kayhi Auditorium","dance","Andiamo Dance Company: Light","7p-8:30p","",""
"3078","2025-06-20","Juneau","Skeet’s Dive Bar","music","Seth Malone & Eric Doucet","8:30p-12a","",""
"3079","2025-06-20","Juneau","The Bayou","music","Ivan Denis","8p-1a","",""
"3080","2025-06-20","Juneau","The Crystal Saloon","music","Indigik’were Social Club","9p-11:30p","",""
"3081","2025-06-20","Juneau","Alaskan Hotel and Bar","music","Pride Pub Crawl Afterparty","9p-2a","",""
"3082","2025-06-20","Seward","Village Park","music","Live At Five: King Saison","5p-7p","",""
"3083","2025-06-20","Seward","The Goods","music","Mandy Madson","6p-9p","",""
"3084","2025-06-20","Seward","Seward Alehouse","music","Free Music Fridays: Lucas McCain","8p-10p","",""
"3085","2025-06-20","Seward","Talkeetna Inn","music","Free Concert w/ John Morgan & Kendell Marvel","8p-10p","",""
"3086","2025-06-20","Seward","Fairview Inn","music","King Saison","8p-1a","",""
"3087","2025-06-20","Seward","Yukon Bar","music","Ukulele Russ and His One-Man Frontier Band","9p-12a","",""
"3088","2025-06-20","Seward","The CATCH Restaurant & Bar","music","Kelly Henson & Bill Mabrey","9p-12a","",""
"3089","2025-06-20","Wasilla","Bearpaw River Brewing Company","music","Schaefer Mueller","6p-9p","",""
"3090","2025-06-20","Wasilla","Schwabenhof","music","Karaoke Night","8p-11p","",""
"3091","2025-06-21","Anchorage","Angry Salmon","music","REI","6p-9p","",""
"3092","2025-06-21","Cooper Landing","Trophy Lounge","music","Karaoke Night","8:30p-11p","",""
"3093","2025-06-21","Ester","Springhill Suites","music","Golden Heart Performing Arts Circus Shows","12:30p-8p","",""
"3094","2025-06-21","Ester","Downtown Fairbanks","festival","43rd Annual Midnight Sun Festival","12p-12a","",""
"3095","2025-06-21","Ester","Humble Roots Beer Project","music","Pups on the Patio: Solstice Animal Adoption","12p-4p","",""
"3096","2025-06-21","Ester","Gather","music","Summer Solstice Celebration","12p-8p","",""
"3097","2025-06-21","Ester","The International Hotel & Bar","music","Arctic Entry","6p-10p","",""
"3098","2025-06-21","Ester","Malemute Saloon","music","Benefield Blues Band","7:30p-11:30p","",""
"3099","2025-06-21","Ester","The Cabin","music","Dawn McClain Live","8p-11p","",""
"3100","2025-06-21","Ester","The International Hotel & Bar","festival","Midnight Sun Festival w/ SHAGG","9:30p-1a","",""
"3101","2025-06-21","Ester","The Boatel","music","Triple Black Diamonds","9p-12a","",""
"3102","2025-06-21","Haines","Kharacter’s Alaskan Bar","music","Lucas McCain","10p-2a","",""
"3103","2025-06-21","Haines","AJ’s Old Town Steakhouse & Tavern","music","Piano Music by Sunrise Kilcher","6p-8p","",""
"3104","2025-06-21","Haines","Alibi Bar & Café","music","Solstice Bash w/ Xavilai, Multikat, & Jay Wail","7:30p-12:15a","",""
"3105","2025-06-21","Haines","Creekbend Company","music","Deadphish Orchestra","7p-11p","",""
"3106","2025-06-21","Haines","Pier One Theatre, Inc.","music","Treasure Island","7p-9p","",""
"3107","2025-06-21","Haines","Pioneer Bar","music","Karaoke Saturdays","9p-12a","",""
"3108","2025-06-21","Haines","Justin Cole’s Down East Saloon","music","Goldpeak","9p-1a","",""
"3109","2025-06-21","Juneau","Klondike Mike’s and Garcia’s Grill","music","Jerry Wessling","10p-2a","",""
"3110","2025-06-21","Juneau","TK Maguire’s","community","Pride Drag Brunch","12p-2p","",""
"3111","2025-06-21","Juneau","The Creek Street Cabaret","festival","KRBD Summer Solstice Music Festival","12p-9p","",""
"3112","2025-06-21","Juneau","Hatcher Pass Lodge","music","Alicia Viani Duo","4p-7p","",""
"3113","2025-06-21","Juneau","The Crystal Saloon","music","Lucas James McCain","6p-10p","",""
"3114","2025-06-21","Juneau","Deckhand Dave’s","music","Marc Brown & The Blues Crew","7p-10p","",""
"3115","2025-06-21","Juneau","Golden Saloon","music","John Roberts Y Pan Blanco","7p-10p","",""
"3116","2025-06-21","Juneau","American Legion Post 15","dance","Dance Lessons with Shufflin’ Country Style & Karaoke After","7p-10p","",""
"3117","2025-06-21","Juneau","Palmer Alehouse","music","Black Barrel & The Bad Men","7p-10p","",""
"3118","2025-06-21","Juneau","American Legion Post 15","music","Karaoke","7p-11p","",""
"3119","2025-06-21","Juneau","Tony’s Bar","music","Live Music w/ Drew Sablon, Ronnie Wolf, Stephanie & Eric Quinth","7p-12a","",""
"3120","2025-06-21","Juneau","The Crystal Saloon","music","Middle Names ft. Magical America, Fear Boner, & DJ Donny Bru","8p-10p","",""
"3121","2025-06-21","Juneau","Ted Ferry Civic Center","music","Queer Prom","8p-12a","",""
"3122","2025-06-21","Juneau","The Bayou","music","Music w/ the Ridgeway Rounders","8p-1a","",""
"3123","2025-06-21","Seward","Soldotna Creek Park","music","Soldotna Pride in the Park","1p-5p","",""
"3124","2025-06-21","Seward","Naptowne Brewing Company","comedy","Solstice Comedy Showcase","8p-10p","",""
"3125","2025-06-21","Seward","Fairview Inn","music","Glacier Blues Band","8p-1a","",""
"3126","2025-06-21","Seward","Yukon Bar","music","Ukulele Russ and His One-Man Frontier Band","9p-12a","",""
"3127","2025-06-21","Wasilla","Wonderland Park","music","Music in the Park: The Harp Twins & H3 Hawaii Reggae Band","3p-9p","",""
"3128","2025-06-21","Wasilla","Everett’s","music","Summer Solstice Concert w/ Madame Mayhem, Bryan Hopkins, & Wayward Shot","6p-10p","",""
"3129","2025-06-22","Anchorage","Susitna Brewing","music","Open Mic Night","6p-9p","",""
"3130","2025-06-22","Ester","Aurora Mediterranean Restaurant","dance","Taste of Tango: Lessons & Dance","1p-3p","",""
"3131","2025-06-22","Ester","Malemute Saloon","music","Sunday Deck Jam","2p-5p","",""
"3132","2025-06-22","Ester","Raw Market","music","Never Miss a Sunday Show: Deadphish Orchestra","5p-8p","",""
"3133","2025-06-22","Ester","Chair 5","music","Karaoke","8p-12a","",""
"3134","2025-06-22","Haines","Kenai Peninsula College","festival","Summer Solstice Fair","10a-10p","",""
"3135","2025-06-22","Haines","Creekbend Company","music","Natalie Cressman & Ian Faquini","10a-3p","",""
"3136","2025-06-22","Haines","Pier One Theatre, Inc.","music","Johnny B’s Rhythm of the North","7:30p-8:30p","",""
"3137","2025-06-22","Juneau","The Creek Street Cabaret","music","Open Mic Night","6p-9p","",""
"3138","2025-06-22","Juneau","Four Corner’s Lounge","music","Karaoke","9p-12a","",""
"3139","2025-06-22","Seward","Yukon Bar","music","Alicia Viani Duo Live!","7:30p-12a","",""
"3140","2025-06-23","Haines","Alice’s Champagne Palace","music","Open Mic Night w/ Jim Maloney & Orion Donicht","7p-10p","",""
"3141","2025-06-23","Juneau","Four Corner’s Lounge","music","Karaoke","9p-12a","",""
"3142","2025-06-23","Seward","The Goods","music","Song Circle w/ Friends of Mike Morgan","5p-7p","",""
"3143","2025-06-23","Seward","Fairview Inn","music","Karaoke Night","8p-1a","",""
"3144","2025-06-23","Seward","Yukon Bar","music","Karaoke","9p-2a","",""
"3145","2025-06-24","Anchorage","Anchorage Museum","music","Lunch on the Lawn w/ music by Sally Quinto","11:30a-1:30p","",""
"3146","2025-06-24","Anchorage","UAA Lucy Cuddy Hall","music","Concerts in the Quad","11:30p-1p","",""
"3147","2025-06-24","Anchorage","Mountain View Public Library","music","Senior Poetry","2p-3:30p","",""
"3148","2025-06-24","Anchorage","49th State Brewery","music","Garden Grooves: Christina Napoleon","5p-7p","",""
"3149","2025-06-24","Anchorage","Organic Oasis","music","Irish Music and Dancing","6p-8p","",""
"3150","2025-06-24","Anchorage","The Blue Note AK","music","Tuesday Jazz Jam","7p-10p","",""
"3151","2025-06-24","Anchorage","Pink Cadillac","music","All Ages Buckarooos Night","7p-11p","",""
"3152","2025-06-24","Anchorage","Van’s Dive Bar","music","Open Jam Night","7p-11p","",""
"3153","2025-06-24","Anchorage","Williwaw Social","music","Taco & Tune Tuesday w/ DJ Joe Brady","7p-9p","",""
"3154","2025-06-24","Anchorage","Koot’s","music","The Eternal Cowboys","9p-12a","",""
"3155","2025-06-24","Ester","The Cabin","music","Karaoke Night at the Cabin","7p-10p","",""
"3156","2025-06-24","Juneau","Alaskan Hotel and Bar","music","Tuesday Music w/ Cherie Bowman","3p-5p","",""
"3157","2025-06-24","Juneau","Four Corner’s Lounge","music","West Coast Sing Wednesday","7:30p-9:30p","",""
"3158","2025-06-24","Juneau","The Crystal Saloon","music","Jazz Jam Tuesday","8p-11p","",""
"3159","2025-06-24","Juneau","Four Corner’s Lounge","music","Live DJ, Karaoke, and/or Live Music","8p-11p","",""
"3160","2025-06-24","Seward","Seward Alehouse","music","Live Music Tyson Tuesdays!","8p-10p","",""
"3161","2025-06-24","Seward","Yukon Bar","music","Open Mic Night w/ Braden Rollins","9p-2a","",""
"3162","2025-06-24","Wasilla","Chepo’s Mexican Restaurant","music","Taco Tuesday with Ken Peltier Band","6p-9p","",""
"3163","2025-06-24","Wasilla","Schwabenhof","music","Karaoke Night","8p-11p","",""
"3164","2025-06-25","Anchorage","Alaska Zoo","community","Community Storytime","10:30a-11a","",""
"3165","2025-06-25","Anchorage","Pioneer Bar","music","The Eternal Cowboys","10p-12a","",""
"3166","2025-06-25","Anchorage","Koot’s","music","Koots Karaoke","10p-2a","",""
"3167","2025-06-25","Anchorage","49th State Brewery","music","Garden Grooves: Joe Schumacher","5p-7p","",""
"3168","2025-06-25","Anchorage","Anchorage Social Dance Club","music","International Folk Dancing","6:30p-8p","",""
"3169","2025-06-25","Anchorage","907 Alehouse","music","Tyrone Palmer & Friends","7p-10p","",""
"3170","2025-06-25","Anchorage","Pink Cadillac","dance","Line Dance Wednesdays","7p-12a","",""
"3171","2025-06-25","Anchorage","Humpy’s","music","Live Music with Nothin' But Karma Trio","8:30p-12a","",""
"3172","2025-06-25","Anchorage","Koot’s","music","Country Night Rhinestone Cowboy: DJ Lefty's Birthday Bash","8p-12a","",""
"3173","2025-06-25","Anchorage","The Carousel Lounge","music","AK Rockstar Karaoke","8p-2a","",""
"3174","2025-06-25","Anchorage","Mad Myrna’s","music","Karaoke","9p-12a","",""
"3175","2025-06-25","Anchorage","Van’s Dive Bar","music","Karaoke Wednesdays w/ Kellie B","9p-12a","",""
"3176","2025-06-25","Cooper Landing","Gwin’s Lodge","music","Ukulele Russ & His One-Man Frontier Band","7p-10p","",""
"3177","2025-06-25","Ester","The Cabin","music","Local Talent Showcase","7p-10p","",""
"3178","2025-06-25","Ester","The Boatel","music","Harp Twins & Volfgang Twins","9p-12a","",""
"3179","2025-06-25","Juneau","Alaskan Hotel and Bar","music","Live Music w/ Lisa Denny","3p-5p","",""
"3180","2025-06-25","Juneau","Alaskan Hotel and Bar","music","Karaoke","8p-11p","",""
"3181","2025-06-25","Juneau","The Crystal Saloon","music","Open Mic Wednesday","8p-11p","",""
"3182","2025-06-25","Seward","Skagway Public Library","community","Ms. Anna's FInal Story Time","11a-1p","",""
"3183","2025-06-25","Seward","Soldotna Creek Park","music","HuDost & Acoustic Eidolon","6p-9p","",""
"3184","2025-06-25","Seward","Denali Brewpub","music","King Saison Summer Tour","6p-9p","",""
"3185","2025-06-25","Seward","Fairview Inn","music","Open Mic Night","8p-1a","",""
"3186","2025-06-25","Seward","Yukon Bar","music","Karaoke","9p-2a","",""
"3187","2025-06-25","Wasilla","Lulu’s Tents & Events","music","Campfire Sessions w/ Jerry Wessling","6p-9p","",""
"3188","2025-06-25","Wasilla","Schwabenhof","music","Open Mic","7:30p-11p","",""
"3189","2025-06-26","Seward","The Goods","music","Open Mic Night w/ Kenai Collaborative","6p-8p","",""
"3190","2025-07-03","Seward","Yukon Bar","music","Bois Rouge Cajun Band Live","7:30p-10p","",""
"3191","2025-07-06","Anchorage","O’Malley Center","music","Sunday Fresh Market & More w/ Live Music","10a-2p","",""
"3192","2025-07-06","Anchorage","Creekbend Company","music","Saturday Cinders","10a-3p","",""
"3193","2025-07-06","Anchorage","Hightower Pub","music","Good Company & The Jephries","10p-12a","",""
"3194","2025-07-06","Anchorage","Koot’s","music","Koots Karaoke","10p-2a","",""
"3195","2025-07-06","Anchorage","Pioneer Bar","music","Industry Night w/ Joe Brady","10p-2a","",""
"3196","2025-07-06","Anchorage","Writer’s Block Bookstore & Café","music","Brunch Music w/ Ashton Barabree","12p-2p","",""
"3197","2025-07-06","Anchorage","Aurora Mediterranean Restaurant","dance","Taste of Tango: Lessons & Dance","1p-3p","",""
"3198","2025-07-06","Anchorage","Malemute Saloon","music","Sunday Deck Jam","2p-5p","",""
"3199","2025-07-06","Anchorage","VFW Post 1685","music","Open Mic & Jam","4:30p-8:30p","",""
"3200","2025-07-06","Anchorage","Anchorage Social Dance Club","dance","Country Dance Nights","6:30p-10p","",""
"3201","2025-07-06","Anchorage","Billiard Palace","music","Sunday Blues Jam w/ Rebel Blues Band","6p-10p","",""
"3202","2025-07-06","Anchorage","Writer’s Block Bookstore & Café","music","Tradiditional Irish Music","6p-8p","",""
"3203","2025-07-06","Anchorage","Angry Salmon","music","The Leafy Greens Band","6p-9p","",""
"3204","2025-07-06","Anchorage","Susitna Brewing","music","Open Mic Night","6p-9p","",""
"3205","2025-07-06","Anchorage","The Creek Street Cabaret","music","Open Mic Night","6p-9p","",""
"3206","2025-07-06","Anchorage","Humpy’s","music","Pam Santoro","7:30p-11p","",""
"3207","2025-07-06","Anchorage","Van’s Dive Bar","music","Open Mic Night","7p-11p","",""
"3208","2025-07-06","Anchorage","The Palace Theater","music","The Golden Heart Revue","8:15p-9:15p","",""
"3209","2025-07-06","Anchorage","Koot’s","comedy","Comedy Open Mic","8:30p-10p","",""
"3210","2025-07-06","Anchorage","Time Out Lounge","music","Open Jam with Blast From The Past","8:30p-1a","",""
"3211","2025-07-06","Anchorage","Chair 5","music","Karaoke","8p-12a","",""
"3212","2025-07-06","Anchorage","Fairview Inn","music","Rocco & Friends","8p-1a","",""
"3213","2025-07-06","Anchorage","The International Hotel & Bar","music","DJ Mraj Nite's House Party","9:30p-12a","",""
"3214","2025-07-06","Anchorage","Mad Myrna’s","music","Karaoke","9p-12a","",""
"3215","2025-07-06","Anchorage","Pioneer Bar","music","Karaoke Saturdays","9p-12a","",""
"3216","2025-07-06","Anchorage","Four Corner’s Lounge","music","Karaoke","9p-12a","",""
"3217","2025-07-06","Anchorage","Yukon Bar","music","Ron Marsh","9p-12a","",""
"3218","2025-07-06","Anchorage","The Carousel Lounge","music","Sunday Karaoke","9p-2a","",""
"3219","2025-07-07","Anchorage","Grace Ridge Brewing","music","Cirque Date Night","6:30p-7:30p","",""
"3220","2025-07-07","Anchorage","Broken Blender","music","Boombox Bingo","6:30p-8:30","",""
"3221","2025-07-07","Anchorage","Fire Island Bakery @ K Street Market","music","Weekly Jazz Jam","6:30p-9:30p","",""
"3222","2025-07-07","Anchorage","Alice’s Champagne Palace","music","Open Mic Night w/ Jim Maloney & Orion Donicht","7p-10p","",""
"3223","2025-07-07","Anchorage","Anchorage Social Dance Club","dance","Learn to Square Dance","7p-9p","",""
"3224","2025-07-07","Anchorage","The Creek Street Cabaret","dance","90's Dance Party with ARCHIEologic","7p-9p","",""
"3225","2025-07-07","Anchorage","The Palace Theater","music","The Golden Heart Revue","8:15p-9:15p","",""
"3226","2025-07-07","Anchorage","The Blue Fox","music","Open Mic Night","8p-12a","",""
"3227","2025-07-07","Anchorage","Fairview Inn","music","Karaoke Night","8p-1a","",""
"3228","2025-07-07","Anchorage","Koot’s","music","The Monday Mic w/ Boobs","9p-12a","",""
"3229","2025-07-07","Anchorage","Four Corner’s Lounge","music","Karaoke","9p-12a","",""
"3230","2025-07-07","Anchorage","Yukon Bar","music","Karaoke","9p-2a","",""
"3231","2025-07-08","Anchorage","Ken’s Garden Center","community","Storytime at Ken’s","10a-11a","",""
"3232","2025-07-08","Anchorage","Anchorage Museum","music","Lunch on the Lawn: Dog Days of Summer","11:30a-1:30p","",""
"3233","2025-07-08","Anchorage","Organic Oasis","music","Irish Music and Dancing","6p-8p","",""
"3234","2025-07-08","Anchorage","Billiard Palace","music","Tuesday Jazz Jam","7p-10p","",""
"3235","2025-07-08","Anchorage","The Cabin","music","Karaoke Night at the Cabin","7p-10p","",""
"3236","2025-07-08","Anchorage","Alaska Legends Cider & Wine","music","Summer Slam: “Reverse!”","7p-10p","",""
"3237","2025-07-08","Anchorage","Pink Cadillac","music","All Ages Buckarooos Night","7p-11p","",""
"3238","2025-07-08","Anchorage","Van’s Dive Bar","music","Open Jam Night","7p-11p","",""
"3239","2025-07-08","Anchorage","Williwaw Social","music","Taco & Tune Tuesday w/ DJ Joe Brady","7p-9p","",""
"3240","2025-07-08","Anchorage","The Palace Theater","music","The Golden Heart Revue","8:15p-9:15p","",""
"3241","2025-07-08","Anchorage","Seward Alehouse","music","Live Music Tyson Tuesdays!","8p-10p","",""
"3242","2025-07-08","Anchorage","The Crystal Saloon","music","Jazz Jam Tuesday","8p-11p","",""
"3243","2025-07-08","Anchorage","Four Corner’s Lounge","music","Industry Night: Live DJ, Karaoke, and/or Live Music","8p-11p","",""
"3244","2025-07-08","Anchorage","Schwabenhof","music","Karaoke Night","8p-11p","",""
"3245","2025-07-08","Anchorage","Koot’s","music","The Eternal Cowboys","9p-12a","",""
"3246","2025-07-09","Anchorage","Alaska Zoo","community","Community Storytime","10:30a-11a","",""
"3247","2025-07-09","Anchorage","Pioneer Bar","music","The Eternal Cowboys","10p-12a","",""
"3248","2025-07-09","Anchorage","Koot’s","music","Koots Karaoke","10p-2a","",""
"3249","2025-07-09","Anchorage","Alaska Botanical Garden","music","Summer Storytime: ""Yukon Dan's Animal Band""","11:30a-12:30p","",""
"3250","2025-07-09","Anchorage","AK Child & Family","music","Alaska Flag Day Celebration","5:30p-8:30p","",""
"3251","2025-07-09","Anchorage","Anchorage Social Dance Club","music","International Folk Dancing","6:30p-8p","",""
"3252","2025-07-09","Anchorage","Organic Oasis","music","Jazz with A-Town Sharps","6p-8p","",""
"3253","2025-07-09","Anchorage","Soldotna Creek Park","music","H3 Hawaii Reggae & The River Livers","6p-9p","",""
"3254","2025-07-09","Anchorage","Schwabenhof","music","Open Mic","7:30p-11p","",""
"3255","2025-07-09","Anchorage","Four Corner’s Lounge","music","West Coast Sing Wednesday","7:30p-9:30p","",""
"3256","2025-07-09","Anchorage","907 Alehouse","music","Tyrone Palmer & Friends","7p-10p","",""
"3257","2025-07-09","Anchorage","The Cabin","music","Local Talent Showcase","7p-10p","",""
"3258","2025-07-09","Anchorage","Pink Cadillac","dance","Line Dance Wednesdays","7p-12a","",""
"3259","2025-07-09","Anchorage","Black Bear","music","Kuf Knotz & Christine Elise","7p-9p","",""
"3260","2025-07-09","Anchorage","The International Hotel & Bar","music","Mike Stackhouse Live","7p-9p","",""
"3261","2025-07-09","Anchorage","The Palace Theater","music","The Golden Heart Revue","8:15p-9:15p","",""
"3262","2025-07-09","Anchorage","Humpy’s","music","Live Music with Schaefer Mueller Duo","8:30p-12a","",""
"3263","2025-07-09","Anchorage","Alaskan Hotel and Bar","music","Karaoke","8p-11p","",""
"3264","2025-07-09","Anchorage","The Crystal Saloon","music","Open Mic Wednesday","8p-11p","",""
"3265","2025-07-09","Anchorage","Koot’s","music","Country Night","8p-12a","",""
"3266","2025-07-09","Anchorage","Fairview Inn","music","Open Mic Night","8p-1a","",""
"3267","2025-07-09","Anchorage","The Carousel Lounge","music","AK Rockstar Karaoke","8p-2a","",""
"3268","2025-07-09","Anchorage","Mad Myrna’s","music","Karaoke","9p-12a","",""
"3269","2025-07-09","Anchorage","Van’s Dive Bar","music","Karaoke Wednesdays w/ Kellie B","9p-12a","",""
"3270","2025-07-09","Anchorage","Yukon Bar","music","Open Mic Night w/ Braden Rollins","9p-2a","",""
"3271","2025-07-09","Anchorage","Yukon Bar","music","Karaoke","9p-2a","",""
"3272","2025-07-30","Eagle River","Alaskan Hotel and Bar","music","Lisa Denny","3p-5p","",""
"3273","2025-07-30","Eagle River","Ketchikan Public Library","music","Japanese Peace Drummer Takumi Kato","6p-8p","",""
"3274","2025-07-30","Eagle River","Black Spruce Brewing","music","Public Lands Pint Night: Current Dall Sheep Research","7p-10p","",""
"3275","2025-07-30","Eagle River","The Cabin","music","Local Talent Showcase","7p-10p","",""
"3276","2025-07-30","Eagle River","The International Hotel & Bar","music","Mike Stackhouse Live","7p-9p","",""
"3277","2025-07-30","Eagle River","The Palace Theater","music","The Golden Heart Revue","8:15p-9:15p","",""
"3278","2025-07-30","Eagle River","The Porcupine Theater","music","Glacier Quartet","8p-10p","",""
"3279","2025-07-30","Eagle River","Alaskan Hotel and Bar","music","Karaoke","8p-11p","",""
"3280","2025-07-30","Eagle River","The Crystal Saloon","music","Open Mic Wednesday","8p-11p","",""
"3281","2025-07-30","Eagle River","Alice’s Champagne Palace","music","Shakedown Strings","9p-12a","",""
"3282","2025-07-30","Palmer","Hatcher Pass Lodge","music","Michael Kirkpatrick","4p-7p","",""
"3283","2025-07-30","Palmer","Four Corner’s Lounge","music","West Coast Sing Wednesday","7:30p-9:30p","",""
"3284","2025-07-30","Seward","Schwabenhof","music","Open Mic","7:30p-11p","",""
"3285","2025-07-30","Seward","Mountain High Pizza Pie","music","Barry Sless and Stephen Englis","7p-10p","",""
"3286","2025-07-30","Seward","Fairview Inn","music","Open Mic","8p-1a","",""
"3287","2025-07-30","Seward","Yukon Bar","music","Karaoke","9p-2a","",""
"3288","2025-07-31","Eagle River","Pioneer Bar","music","Open Mic Wife Swap","10p-1a","",""
"3289","2025-07-31","Eagle River","The International Hotel & Bar","music","Karaoke Nights at the Big I","10p-2a","",""
"3290","2025-07-31","Eagle River","Alaskan Hotel and Bar","music","Nina Edwards","4p-6p","",""
"3291","2025-07-31","Eagle River","Vintage Food Truck Park","music","Busking Night with Local Artists","5p-8p","",""
"3292","2025-07-31","Eagle River","Malemute Saloon","music","Alaska Wompus Cats","7:30p-9:30p","",""
"3293","2025-07-31","Eagle River","Davis Concert Hall","music","CORVUS and Composing in the Wilderness Concert","7p-10p","",""
"3294","2025-07-31","Eagle River","Creekbend Company","festival","Salmonfest Pre-Party w/ Tim Easton, Blackwater Railroad, Katy Guillen & The Drive, and Free Creatures!","7p-11p","",""
"3295","2025-07-31","Eagle River","Historic Hope & Seaview Bar","music","Michael Kirkpatrick","7p-11p","",""
"3296","2025-07-31","Eagle River","The Palace Theater","music","The Golden Heart Revue","8:15p-9:15p","",""
"3297","2025-07-31","Eagle River","The Crystal Saloon","music","Karaoke Thursday","8p-11:30p","",""
"3298","2025-07-31","Eagle River","The Cabin","music","Open Mic Night at the Cabin","8p-11p","",""
"3299","2025-07-31","Eagle River","Northern Whimsy Wellness","music","Line Dancing","8p-11p","",""
"3300","2025-07-31","Eagle River","Alaskan Hotel and Bar","music","Open Mic","8p-11p","",""
"3301","2025-07-31","Eagle River","Golden Saloon","music","Open Mic Night","9:30p-12a","",""
"3302","2025-07-31","Palmer","Hatcher Pass Lodge","music","Barry Sless & Steve Inglis","4p-7p","",""
"3303","2025-07-31","Palmer","Palmer Alehouse","music","High Step Society","7p-10p","",""
"3304","2025-07-31","Palmer","Four Corner’s Lounge","music","Open Jam/Mic Night w/ Host Jesse James","7p-11p","",""
"3305","2025-07-31","Palmer","Klondike Mike’s and Garcia’s Grill","music","Karaoke","8p-12a","",""
"3306","2025-07-31","Seward","Downtown Valdez","music","Gold Rush Days Celebration 2025","2p-8p","",""
"3307","2025-07-31","Seward","The Goods","music","Carol Markstrom","6p-8p","",""
"3308","2025-07-31","Seward","Mountain High Pizza Pie","music","Tracorium","7p-10p","",""
"3309","2025-07-31","Seward","Fairview Inn","music","Roses Pawn Shop","8p-1a","",""
"3310","2025-07-31","Seward","Yukon Bar","dance","Thursday Night Dance Party w/ DJ WaitWat","9p-2a","",""
"3311","2025-08-01","Anchorage","Angry Salmon","music","Amelia Doll","6p-9p","",""
"3312","2025-08-01","Cooper Landing","Gwin’s Lodge","music","Kenai Band","8p-10p","",""
"3313","2025-08-01","Cooper Landing","Trophy Lodge","music","Ukulele Russ & His One-Man Frontier Band","8p-11p","",""
"3314","2025-08-01","Eagle River","The Crystal Saloon","music","It's Not A Phase: Hawthorne Heights Pre(EMO)-Party","10p-11:30p","",""
"3315","2025-08-01","Eagle River","Pioneer Bar","festival","Fairaoke","10p-1a","",""
"3316","2025-08-01","Eagle River","The International Hotel & Bar","music","DJ Mraj Nite","11p-2a","",""
"3317","2025-08-01","Eagle River","Ketchikan City Dock","music","Music on the Dock: Takumi Kato","12p-1p","",""
"3318","2025-08-01","Eagle River","Kenai Peninsula Fairgrounds","festival","Salmonfest 2025","12p-2a","",""
"3319","2025-08-01","Eagle River","Ketchikan Area Arts & Humanities Council","festival","50th Annual Blueberry Festival","2p-5p","",""
"3320","2025-08-01","Eagle River","Alaskan Hotel and Bar","music","Kristin Larson","4p-6p","",""
"3321","2025-08-01","Eagle River","Marie Drake Planetarium","music","Explore the Universe","5:30p-7p","",""
"3322","2025-08-01","Eagle River","Dirty Skillet","music","Saturday Cinders","6p-10p","",""
"3323","2025-08-01","Eagle River","Pakalolo Supply Co.","music","Matt Lewis Band w/ Matt Hopper","7p-10p","",""
"3324","2025-08-01","Eagle River","Billiken Theater","comedy","Coast Guard Day Comedy Night","7p-10p","",""
"3325","2025-08-01","Eagle River","The Palace Theater","music","The Golden Heart Revue","8:15p-9:15p","",""
"3326","2025-08-01","Eagle River","The Harbor Bar","music","Andy Koch’s Badd Dog Blues Society","8p-12p","",""
"3327","2025-08-01","Eagle River","The Cabin","music","Old School Throwback Jams","8p-1a","",""
"3328","2025-08-01","Palmer","Klondike Mike’s and Garcia’s Grill","music","Earth 2 Travolta","10p-2a","",""
"3329","2025-08-01","Palmer","Downtown","music","Friday Flings Market & Live Music","11a-6p","",""
"3330","2025-08-01","Palmer","Palmer Alehouse","music","H3 Hawaiian Reggae","7p-10p","",""
"3331","2025-08-01","Palmer","American Legion Post 15","music","Karaoke","7p-11p","",""
"3332","2025-08-01","Seward","Downtown Valdez","music","Gold Rush Days Celebration 2025","10a-10p","",""
"3333","2025-08-01","Seward","Seward Community Library & Museum","music","First Friday Garden Party","4p-6p","",""
"3334","2025-08-01","Seward","Village Park","music","Nothin' but Kharma","5p-7p","",""
"3335","2025-08-01","Seward","Flamingo Lounge","music","Live Music: High Step Society","6:30p-9:30p","",""
"3336","2025-08-01","Seward","Everett’s","music","Concert on the Lake w/ Thompson Square & James Otto","6p-10p","",""
"3337","2025-08-01","Seward","The Commons Café","music","First Friday Poetry Night: Some Things Stay","6p-8p","",""
"3338","2025-08-01","Seward","Naptowne Brewery","music","Brandon Kellum","6p-9p","",""
"3339","2025-08-01","Seward","Sitka Fine Arts Camp","theatre","The SpongeBob Musical","7p-10p","",""
"3340","2025-08-01","Seward","Magpies on the Fly","theatre","Leaving for a Loon (Play)","7p-10p","",""
"3341","2025-08-01","Seward","Church of Latter-Day Saints","dance","West Coast Swing Dance Lesson","7p-9p","",""
"3342","2025-08-01","Seward","Schwabenhof","music","Karaoke Night","8p-11p","",""
"3343","2025-08-01","Seward","Seward Alehouse","music","Free Music Fridays: Pepper Kit","8p-12a","",""
"3344","2025-08-01","Seward","Yukon Bar","music","Rage to Rhymes: A Night of Nu Metal and Hip Hop","9p-12a","",""
"3345","2025-08-02","Cooper Landing","Cooper Landing Brewing","music","Cousin Curtiss, The Builders & The Butchers, & Hwy9","5p-9p","",""
"3346","2025-08-02","Cooper Landing","The Sunrise Inn","music","Hwy9 Live","9:30p-12a","",""
"3347","2025-08-02","Eagle River","Kenai Peninsula Fairgrounds","festival","Salmonfest 2025","11a-2a","",""
"3348","2025-08-02","Eagle River","Pioneer Bar","music","Kingswardfish","11p-2a","",""
"3349","2025-08-02","Eagle River","Ketchikan Area Arts & Humanities Council","festival","50th Annual Blueberry Festival","12p-5p","",""
"3350","2025-08-02","Eagle River","Dirty Skillet","music","Saturday Cinders","6p-10p","",""
"3351","2025-08-02","Eagle River","The International Hotel & Bar","music","Island Music Night w/ Ukulele Russ & Rootsy Soul","6p-2a","",""
"3352","2025-08-02","Eagle River","AJ’s Old Town Steakhouse & Tavern","music","Piano Music by Sunrise Kilcher","6p-8p","",""
"3353","2025-08-02","Eagle River","Odd Man Rush","music","Schaefer Mueller & The Neon Highway","7p-10p","",""
"3354","2025-08-02","Eagle River","Arctic Harvest","music","Matt Lewis Band w/ Matt Hopper & Jake Chavez","7p-10p","",""
"3355","2025-08-02","Eagle River","Tanana Valley State Fairgrounds","music","Thompson Square & James Otto","7p-11p","",""
"3356","2025-08-02","Eagle River","The Palace Theater","music","The Golden Heart Revue","8:15p-9:15p","",""
"3357","2025-08-02","Eagle River","Alaskan Hotel and Bar","dance","Salsa & Bachata Lessons","8p-11p","",""
"3358","2025-08-02","Eagle River","Kenai Joes","music","Bois Rouge Cajun Band","9p-12a","",""
"3359","2025-08-02","Eagle River","Golden Saloon","music","Zen Trembles","9p-12a","",""
"3360","2025-08-02","Eagle River","The Cabin","music","Hellcat Maggie","9p-1a","",""
"3361","2025-08-02","Palmer","Klondike Mike’s and Garcia’s Grill","music","Earth 2 Travolta","10p-2a","",""
"3362","2025-08-02","Palmer","Fishhook Bar and Grill","community","Hatcher Pass Community Market","11a-5p","",""
"3363","2025-08-02","Palmer","Hatcher Pass Lodge","music","TBA","4p-7p","",""
"3364","2025-08-02","Palmer","American Legion Post 15","dance","Dance Lessons with Shufflin’ Country Style & Karaoke After","7p-10p","",""
"3365","2025-08-02","Palmer","Palmer Alehouse","music","Nervis Rex","7p-10p","",""
"3366","2025-08-02","Palmer","American Legion Post 15","music","Karaoke","7p-11p","",""
"3367","2025-08-02","Seward","Downtown Valdez","music","Gold Rush Days Celebration 2025","10a-10p","",""
"3368","2025-08-02","Seward","Menard Sports Center","festival","Thrive Fest","1p-10p","",""
"3369","2025-08-02","Seward","Naptowne Brewery","music","Amelia Doll","6p-9p","",""
"3370","2025-08-02","Seward","Sitka Fine Arts Camp","theatre","The SpongeBob Musical","7p-10p","",""
"3371","2025-08-02","Seward","Magpies on the Fly","theatre","Leaving for a Loon (Play)","7p-10p","",""
"3372","2025-08-02","Seward","Yukon Bar","music","One Love & Mic: A Reggae & Hip-Hop Showcase","9p-12a","",""
"3373","2025-08-02","Seward","Red Onion Saloon","comedy","Red Onion Charity Drag Show","9p-1a","",""
"3374","2025-08-03","Anchorage","O’Malley Center","music","Sunday Fresh Market & More w/ Live Music","10a-2p","",""
"3375","2025-08-03","Anchorage","Koot’s","music","Koots Karaoke","10p-2a","",""
"3376","2025-08-03","Anchorage","Pioneer Bar","music","Industry Night w/ Joe Brady","10p-2a","",""
"3377","2025-08-03","Anchorage","Writer’s Block Bookstore & Café","music","Brunch Music w/ Vinter.Baer","12p-2p","",""
"3378","2025-08-03","Anchorage","House of Harley Davidson","music","Spenard Bike Week Opening Ceremony","1p-8p","",""
"3379","2025-08-03","Anchorage","VFW Post 1685","music","Open Mic & Jam","4:30p-8:30p","",""
"3380","2025-08-03","Anchorage","Billiard Palace","music","Celebration of Life: Remembering Ron Brown","4p-11p","",""
"3381","2025-08-03","Anchorage","49th State Brewing","music","Garden Grooves","5p-7p","",""
"3382","2025-08-03","Anchorage","Anchorage Social Dance Club","dance","Country Dance Nights","6:30p-10p","",""
"3383","2025-08-03","Anchorage","Billiard Palace","music","Sunday Blues Jam w/ Rebel Blues Band","6p-10p","",""
"3384","2025-08-03","Anchorage","Susitna Brewing","music","Open Mic Night","6p-9p","",""
"3385","2025-08-03","Anchorage","Humpy’s","music","Amelia Doll","7:30p-11p","",""
"3386","2025-08-03","Anchorage","Van’s Dive Bar","music","Open Mic Night","7p-11p","",""
"3387","2025-08-03","Anchorage","Koot’s","comedy","Comedy Open Mic","8:30p-10p","",""
"3388","2025-08-03","Anchorage","Time Out Lounge","music","Open Jam with Blast From The Past","8:30p-1a","",""
"3389","2025-08-03","Anchorage","Mad Myrna’s","music","Karaoke","9p-12a","",""
"3390","2025-08-03","Anchorage","The Carousel Lounge","music","Sunday Karaoke","9p-2a","",""
"3391","2025-08-03","Eagle River","Kenai Peninsula Fairgrounds","festival","Salmonfest 2025","11a-10p","",""
"3392","2025-08-03","Eagle River","Creekbend Company","community","Sunday Brunch w/ Saturday Cinders","11a-2p","",""
"3393","2025-08-03","Eagle River","Malemute Saloon","music","Sunday Deck Jam","2p-5p","",""
"3394","2025-08-03","Eagle River","Lat 65 Brewery","music","- Matt Lewis Band w/ Matt Hopper","4p-7p","",""
"3395","2025-08-03","Eagle River","The Creek Street Cabaret","music","Open Mic Night","6p-9p","",""
"3396","2025-08-03","Eagle River","Historic Hope & Seaview Bar","music","Shakedown Strings Live","7p-10p","",""
"3397","2025-08-03","Eagle River","The Palace Theater","music","The Golden Heart Revue","8:15p-9:15p","",""
"3398","2025-08-03","Eagle River","Chair 5","music","Karaoke","8p-12a","",""
"3399","2025-08-03","Palmer","Four Corner’s Lounge","music","Karaoke","9p-12a","",""
"3400","2025-08-03","Seward","Downtown Valdez","music","Gold Rush Days Celebration 2025","12p-5p","",""
"3401","2025-08-04","Anchorage","Broken Blender","music","Boombox Bingo","6:30p-8:30","",""
"3402","2025-08-04","Anchorage","Fire Island Bakery @ K Street Market","music","Weekly Jazz Jam","6:30p-9:30p","",""
"3403","2025-08-04","Anchorage","Anchorage Social Dance Club","dance","Learn to Square Dance","7p-9p","",""
"3404","2025-08-04","Anchorage","The Blue Fox","music","Open Mic Night","8p-12a","",""
"3405","2025-08-04","Anchorage","Koot’s","music","The Monday Mic w/ Boobs","9p-12a","",""
"3406","2025-08-04","Eagle River","Kharacter’s Alaskan Bar","music","Bois Rouge Cajun Band","10p-1a","",""
"3407","2025-08-04","Eagle River","Kenai Community Library","music","Carol Markstrom","5p-8p","",""
"3408","2025-08-04","Eagle River","Alice’s Champagne Palace","music","Open Mic Night w/ Jim Maloney & Orion Donicht","7p-10p","",""
"3409","2025-08-04","Eagle River","The Palace Theater","music","The Golden Heart Revue","8:15p-9:15p","",""
"3410","2025-08-04","Palmer","Four Corner’s Lounge","music","Karaoke","9p-12a","",""
"3411","2025-08-04","Seward","Fairview Inn","music","Cousin Curtiss","8p-1a","",""
"3412","2025-08-04","Seward","Yukon Bar","music","Karaoke","9p-2a","",""
"3413","2025-08-05","Anchorage","Anchorage Museum","music","Lunch on the Lawn w/ Live Music","11:30a-1:30p","",""
"3414","2025-08-05","Anchorage","Organic Oasis","music","Irish Music and Dancing","6p-8p","",""
"3415","2025-08-05","Anchorage","Billiard Palace","music","Tuesday Jazz Jam","7p-10p","",""
"3416","2025-08-05","Anchorage","Pink Cadillac","music","All Ages Buckarooos Night","7p-11p","",""
"3417","2025-08-05","Anchorage","Van’s Dive Bar","music","Open Jam Night","7p-11p","",""
"3418","2025-08-05","Anchorage","Williwaw Social","music","Taco & Tune Tuesday w/ DJ Joe Brady","7p-9p","",""
"3419","2025-08-05","Anchorage","The Carousel Lounge","music","AK Rockstar Karaoke","8p-2a","",""
"3420","2025-08-05","Anchorage","Koot’s","music","The Eternal Cowboys","9p-12a","",""
"3421","2025-08-05","Eagle River","Pratt Museum","community","Storytime at the PRATT: Fun in the Sun!","10:30a-3p","",""
"3422","2025-08-05","Eagle River","Justin Cole’s Down East Saloon","music","Taco Tuesday's with Jim Maloney","6:30p-10p","",""
"3423","2025-08-05","Eagle River","Rendezvous Kodiak","music","Michael Kirkpatrick","6p-9p","",""
"3424","2025-08-05","Eagle River","The Cabin","music","Karaoke Night at the Cabin","7p-10p","",""
"3425","2025-08-05","Eagle River","The Palace Theater","music","The Golden Heart Revue","8:15p-9:15p","",""
"3426","2025-08-05","Eagle River","The Crystal Saloon","music","Jazz Jam Tuesday","8p-11p","",""
"3427","2025-08-05","Eagle River","Alice’s Champagne Palace","music","Bois Rouge Cajun Band","9p-12a","",""
"3428","2025-08-05","Palmer","Four Corner’s Lounge","music","Industry Night: Live DJ, Karaoke, and/or Live Music","8p-11p","",""
"3429","2025-08-05","Seward","Ken’s Garden Center","community","Storytime at Ken’s!","10a-11a","",""
"3430","2025-08-05","Seward","Chepo’s Mexican Restaurant","music","The Ken Peltier Band","6p-9p","",""
"3431","2025-08-05","Seward","Seward Alehouse","music","Live Music Tyson Tuesdays!","8p-10p","",""
"3432","2025-08-05","Seward","Schwabenhof","music","Karaoke Night","8p-11p","",""
"3433","2025-08-05","Seward","Yukon Bar","music","Open Mic Night w/ Braden Rollins","9p-2a","",""
"3434","2025-08-06","Anchorage","Alaska Zoo","community","Community Storytime","10:30a-11a","",""
"3435","2025-08-06","Anchorage","Pioneer Bar","music","The Eternal Cowboys","10p-12a","",""
"3436","2025-08-06","Anchorage","Koot’s","music","Koots Karaoke","10p-2a","",""
"3437","2025-08-06","Anchorage","49th State Brewing","music","Garden Grooves","5p-7p","",""
"3438","2025-08-06","Anchorage","House of Harley Davidson","music","Spenard Bike Week Hogs & Hot Rods","5p-9p","",""
"3439","2025-08-06","Anchorage","Anchorage Social Dance Club","music","International Folk Dancing","6:30p-8p","",""
"3440","2025-08-06","Anchorage","907 Alehouse","music","Tyrone Palmer & Friends","7p-10p","",""
"3441","2025-08-06","Anchorage","Pink Cadillac","dance","Line Dance Wednesdays","7p-12a","",""
"3442","2025-08-06","Anchorage","Humpy’s","music","Schafer Mueller Duo","8:30p-12a","",""
"3443","2025-08-06","Anchorage","Koot’s","music","Country Night","8p-12a","",""
"3444","2025-08-06","Anchorage","Mad Myrna’s","music","Karaoke","9p-12a","",""
"3445","2025-08-06","Anchorage","Van’s Dive Bar","music","Karaoke Wednesdays w/ Kellie B","9p-12a","",""
"3446","2025-08-06","Eagle River","Alaskan Hotel and Bar","music","Lisa Denny","3p-5p","",""
"3447","2025-08-06","Eagle River","The Cabin","music","Local Talent Showcase","7p-10p","",""
"3448","2025-08-06","Eagle River","The Porcupine Theater","music","PechaKucha: Stories at the Porcupine","7p-11p","",""
"3449","2025-08-06","Eagle River","The International Hotel & Bar","music","Mike Stackhouse Live","7p-9p","",""
"3450","2025-08-06","Eagle River","The Palace Theater","music","The Golden Heart Revue","8:15p-9:15p","",""
"3451","2025-08-06","Eagle River","Alaskan Hotel and Bar","music","Karaoke","8p-11p","",""
"3452","2025-08-06","Eagle River","The Crystal Saloon","music","Michael Kirkpatrick","8p-11p","",""
"3453","2025-08-06","Palmer","Hatcher Pass Lodge","music","Michael Kirkpatrick","4p-7p","",""
"3454","2025-08-06","Palmer","Four Corner’s Lounge","music","West Coast Sing Wednesday","7:30p-9:30p","",""
"3455","2025-08-06","Palmer","Palmer Alehouse","music","Cousin Curtiss & Harrison B","7p-10p","",""
"3456","2025-08-06","Seward","Soldotna Creek Park","music","Young Dubliners & Men With Guns","6p-9p","",""
"3457","2025-08-06","Seward","Lulu’s Tents and Events","music","Campfire Sessions with Jerry Wessling","6p-9p","",""
"3458","2025-08-06","Seward","Schwabenhof","music","Open Mic","7:30p-11p","",""
"3459","2025-08-06","Seward","Tufted Puffin","music","Barry Sless and Stephen Inglis","7p-10p","",""
"3460","2025-08-06","Seward","Fairview Inn","music","Open Mic","8p-1a","",""
"3461","2025-08-06","Seward","Yukon Bar","music","Karaoke","9p-2a","",""
"3462","2025-08-07","Palmer","Palmer Alehouse","music","Cousin Curtiss & Harrison B","7p-10p","",""
"3463","2025-08-08","Palmer","Palmer Alehouse","music","Free Creatures","7p-10p","",""
"3464","2025-08-09","Palmer","Palmer Alehouse","music","Black Barrel and the Bad Men","7p-10p","",""
"3465","2025-10-12","Anchorage","Koot’s","music","Koots Karaoke","10p-2a","",""
"3466","2025-10-12","Anchorage","Pioneer Bar","music","Industry Night w/ Joe Brady","10p-2a","",""
"3467","2025-10-12","Anchorage","Writer’s Block Bookstore & Café","music","Brunch Music with Whitney & Belle","12p-2p","",""
"3468","2025-10-12","Anchorage","49th State Brewing","music","5th Annual Great Pumpkin Patch","12p-5p","",""
"3469","2025-10-12","Anchorage","Cyrano’s Theater Company","music","Outside Mullingar","3p-4:30p","",""
"3470","2025-10-12","Anchorage","UAA Fine Arts Building","theatre","Midnight Sun Theatre: 39 Steps","3p-5p","",""
"3471","2025-10-12","Anchorage","VFW Post 1685","music","Open Mic & Jam","4:30p-8:30p","",""
"3472","2025-10-12","Anchorage","St. Patrick’s Parish","music","Alaska Chamber Singers: Ernest Bloch: Avodath Hakodesh","4p-6p","",""
"3473","2025-10-12","Anchorage","UAA Fine Arts Building","music","UAA Music Faculty Chamber Recital","4p-6p","",""
"3474","2025-10-12","Anchorage","Billiard Palace","music","Sunday Blues Jam w/ Rebel Blues Band","6p-10p","",""
"3475","2025-10-12","Anchorage","Writer’s Block Bookstore & Café","music","Traditional Irish Music Jam","6p-8p","",""
"3476","2025-10-12","Anchorage","Van’s Dive Bar","music","Open Mic Night","7p-11p","",""
"3477","2025-10-12","Anchorage","Koot’s","comedy","Comedy Open Mic","8:30p-10p","",""
"3478","2025-10-12","Anchorage","Time Out Lounge","music","Open Jam with Blast From The Past","8:30p-1a","",""
"3479","2025-10-12","Anchorage","Koot’s","music","Open Decks","8p-1a","",""
"3480","2025-10-12","Anchorage","Mad Myrna’s","music","Karaoke","9p-12a","",""
"3481","2025-10-12","Anchorage","The Carousel Lounge","music","Sunday Karaoke","9p-2a","",""
"3482","2025-10-12","Big Lake","McPhetres Hall","theatre","Theater in the Rough: Romeo & Juliet","2p-3:30p","",""
"3483","2025-10-12","Big Lake","Hering Auditorium","theatre","The Addams Family Musical","2p-5p","",""
"3484","2025-10-12","Big Lake","Susitna Brewing","music","Open Mic Night","6p-9p","",""
"3485","2025-10-12","Big Lake","The Creek Street Cabaret","music","Open Mic Night","6p-9p","",""
"3486","2025-10-12","Big Lake","The Cabin","festival","Fairbanks Friendly Feud","7p-10p","",""
"3487","2025-10-12","Big Lake","Chair 5","music","Karaoke","8p-12a","",""
"3488","2025-10-13","Anchorage","Broken Blender","music","Boombox Bingo","6:30p-8:30","",""
"3489","2025-10-13","Anchorage","Fire Island Bakery @ K Street Market","music","Weekly Jazz Jam","6:30p-9:30p","",""
"3490","2025-10-13","Anchorage","Anchorage Social Dance Club","dance","Learn to Square Dance","7p-9p","",""
"3491","2025-10-13","Anchorage","The Blue Fox","music","Open Mic Night","8p-12a","",""
"3492","2025-10-13","Anchorage","Koot’s","music","The Monday Mic w/ Boobs","9p-12a","",""
"3493","2025-10-13","Big Lake","Higher Ground","music","Jeff Tweedy","3:30p-6p","",""
"3494","2025-10-13","Big Lake","Kuskokwim Consortium Library","music","Indigenous Peoples’ Day Celebration","4p-8p","",""
"3495","2025-10-13","Big Lake","The Crystal Saloon","music","Luke & Heather In the Afternoon","5p-7p","",""
"3496","2025-10-13","Big Lake","The Goods","music","Friends of Mike Morgan Song Circle","5p-7p","",""
"3497","2025-10-13","Big Lake","Alice’s Champagne Palace","music","Open Mic Night w/ Jim Maloney & Orion Donicht","7p-10p","",""
"3498","2025-10-13","Big Lake","First Assembly Church","music","Community Concert Band Rehearsals","7p-8:30p","",""
"3499","2025-10-14","Anchorage","Organic Oasis","music","Irish Music and Dancing","6p-8p","",""
"3500","2025-10-14","Anchorage","Billiard Palace","music","Tuesday Jazz Jam","7p-10p","",""
"3501","2025-10-14","Anchorage","Pink Cadillac","music","All Ages Buckarooos Night","7p-11p","",""
"3502","2025-10-14","Anchorage","Van’s Dive Bar","music","Open Jam Night","7p-11p","",""
"3503","2025-10-14","Anchorage","The Carousel Lounge","music","AK Rockstar Karaoke","8p-2a","",""
"3504","2025-10-14","Anchorage","Koot’s","music","The Eternal Cowboys","9p-12a","",""
"3505","2025-10-14","Big Lake","Pratt Museum","community","Storytime at the PRATT: Earth's Climate","10:30a-3p","",""
"3506","2025-10-14","Big Lake","Ken’s Garden Center","community","Songs & Storytime at Ken’s!","10a-11a","",""
"3507","2025-10-14","Big Lake","Inn at Creek Street","music","The Ukulele Group","3:45p-4:45p","",""
"3508","2025-10-14","Big Lake","Justin Cole’s Down East Saloon","music","Taco Tuesday's with Jim Maloney","6:30p-10p","",""
"3509","2025-10-14","Big Lake","First United Methodist Church","community","Community Chorus Rehearsals","6:30p-8:30p","",""
"3510","2025-10-14","Big Lake","Alaska Legends Cider & Wine","community","Story Slam: Cabin Fever","7:30p-9p","",""
"3511","2025-10-14","Big Lake","The Cabin","music","Karaoke Night at the Cabin","7p-10p","",""
"3512","2025-10-14","Big Lake","Nonna’s Osteria","music","Abby Posner Live","7p-9p","",""
"3513","2025-10-14","Big Lake","The Crystal Saloon","music","Jazz Jam Tuesday","8p-11p","",""
"3514","2025-10-14","Big Lake","Four Corner’s Lounge","music","Industry Night with DJ Red","8p-11p","",""
"3515","2025-10-14","Big Lake","Schwabenhof","music","Karaoke Night","8p-11p","",""
"3516","2025-10-15","Anchorage","Alaska Zoo","community","Community Storytime","10:30a-11a","",""
"3517","2025-10-15","Anchorage","Pioneer Bar","music","The Eternal Cowboys","10p-12a","",""
"3518","2025-10-15","Anchorage","Koot’s","music","Koots Karaoke","10p-2a","",""
"3519","2025-10-15","Anchorage","First Congregational Church of Anchorage","music","Chancel Choir Practice","6:30p-7:30p","",""
"3520","2025-10-15","Anchorage","Anchorage Social Dance Club","music","International Folk Dancing","6:30p-8p","",""
"3521","2025-10-15","Anchorage","Wildbirch Hotel","music","The Whisper Campaign Live at Crimson","6:30p-9:30p","",""
"3522","2025-10-15","Anchorage","907 Alehouse","music","Tyrone Palmer & Friends","7p-10p","",""
"3523","2025-10-15","Anchorage","Pink Cadillac","dance","Line Dance Wednesdays","7p-12a","",""
"3524","2025-10-15","Anchorage","Koot’s","music","Country Night","8p-12a","",""
"3525","2025-10-15","Anchorage","Mad Myrna’s","music","Karaoke","9p-12a","",""
"3526","2025-10-15","Anchorage","Van’s Dive Bar","music","Karaoke Wednesdays w/ Kellie B","9p-12a","",""
"3527","2025-10-15","Big Lake","The Crystal Saloon","music","Luke & Heather In the Afternoon","5p-7p","",""
"3528","2025-10-15","Big Lake","The Goods","music","Karaoke with Eve","5p-8p","",""
"3529","2025-10-15","Big Lake","Schwabenhof","music","Open Mic","7:30p-11p","",""
"3530","2025-10-15","Big Lake","Four Corner’s Lounge","music","West Coast Sing Wednesday","7:30p-9:30p","",""
"3531","2025-10-15","Big Lake","The Cabin","music","Country Line Dancing w/ Greyson & Logan","7p-11:30p","",""
"3532","2025-10-15","Big Lake","The Spur","music","Karaoke Night with Rocky!","8p-11p","",""
"3533","2025-10-15","Big Lake","Alaskan Hotel and Bar","music","Karaoke","8p-11p","",""
"3534","2025-10-15","Big Lake","Fairview Inn","music","Open Mic","8p-1a","",""
"3535","2025-10-15","Big Lake","Yukon Bar","music","Open Mic Night w/ Braden Rollins","9p-2a","",""
"3536","2025-10-16","Big Lake","The Goods","music","Open Mic w/ Garret Ennis","6p-8p","",""
"3537","2025-11-06","Eagle River","Odd Man Rush","music","SalmonState Screening of ""Ocean with David Attenborough""","6:30p-8p","",""
"3538","2025-11-06","Eagle River","UAF Charles Davis Concert Hall","music","Michael Austin Graduate Violin","7:30p-9:15p","",""
"3539","2025-11-06","Eagle River","Northern Whimsy Wellness","music","Line Dancing","7p-8p","",""
"3540","2025-11-06","Eagle River","The Cabin","music","Open Mic Night at the Cabin","8p-11p","",""
"3541","2025-11-06","Haines","Devil’s Club Brewing","music","Science on Tap","5:30p-7:30p","",""
"3542","2025-11-06","Haines","Vintage Food Truck Park","music","Busking Night with Local Artists","5p-8p","",""
"3543","2025-11-06","Haines","Alaska Fish House","music","Sea Shanties with Greg Thomas and Friends","6p-8p","",""
"3544","2025-11-06","Haines","Palmer Alehouse","music","Unplugged: Roland Roberts","6p-9p","",""
"3545","2025-11-06","Haines","Four Corner’s Lounge","music","Open Jam/Mic Night w/ Host Jesse James","7p-11p","",""
"3546","2025-11-06","Haines","Harrigan Centennial Hall","festival","WhaleFest Film Fest: Sitka’s Hidden Wonders","7p-8p","",""
"3547","2025-11-06","Haines","Skeets Dive Bar","music","Karaoke with Nita","8p-1a","",""
"3548","2025-11-06","Haines","Yukon Bar","music","Karaoke","8p-2a","",""
"3549","2025-11-06","Haines","The Crystal Saloon","music","Karaoke Night","9p-11:30p","",""
"3550","2025-11-06","Haines","Alaskan Hotel and Bar","music","Open Mic","9p-11p","",""
"3551","2025-11-07","Eagle River","The International Hotel & Bar","music","Karaoke with Angel","10p-3a","",""
"3552","2025-11-07","Eagle River","Gather","music","First Friday: Games & Jams in the Garage","5p-8p","",""
"3553","2025-11-07","Eagle River","The Spur","music","Slay at the Spur","6p-7:30p","",""
"3554","2025-11-07","Eagle River","The Cabin","music","Family Night at the Cabin","6p-9p","",""
"3555","2025-11-07","Eagle River","Hering Auditorium","music","Portland Cello Project","7:30p-9:30p","",""
"3556","2025-11-07","Eagle River","Warrior Zone","music","Karaoke Night","7p-11:45p","",""
"3557","2025-11-07","Haines","Around Haines","festival","Alaska Bald Eagle Festival 2025","10a-10p","",""
"3558","2025-11-07","Haines","Seward Community Library & Museum","community","Storytime & Craft","12:30p-3:30p","",""
"3559","2025-11-07","Haines","Harrigan Centennial Hall","festival","Sitka WhaleFest Science Symposium","12:30p-4p","",""
"3560","2025-11-07","Haines","The Mustard Seed Resale Shop","music","First Friday Art Sale w/ Music","4p-7p","",""
"3561","2025-11-07","Haines","Marie Drake Planetarium","music","First Friday Open House","5:30p-7p","",""
"3562","2025-11-07","Haines","Diamond Park Field House","music","Family Fun Night","5p-6:30p","",""
"3563","2025-11-07","Haines","The Goods","music","Geoffrey Haase","6p-8p","",""
"3564","2025-11-07","Haines","Harrigan Centennial Hall","music","The Maritime Grind","7:30p-9p","",""
"3565","2025-11-07","Haines","Everett’s","comedy","Comedy Show with Adam Tiller","7:30p-9p","",""
"3566","2025-11-07","Haines","Raven Yoga Shala Juneau","dance","Friday Spooky Social Dance","7p-10:30p","",""
"3567","2025-11-07","Haines","Glenn Massay Theater","music","Sweeney Todd: The Demon Barber of Fleet Street","7p-10p","",""
"3568","2025-11-07","Haines","American Legion Post 15","music","Karaoke","7p-11p","",""
"3569","2025-11-07","Haines","Emerald Isle Market","community","Kodiak Galley Tables Storytelling: Back In My Day","7p-9p","",""
"3570","2025-11-07","Haines","Skagway Brewing","music","Live Music w/ Sam Sonnemann & Friends","7p-9p","",""
"3571","2025-11-07","Haines","Valdez Cinema","music","Springsteen: Deliver Me from Nowhere","7p-9p","",""
"3572","2025-11-07","Haines","Alaskan Hotel and Bar","music","Fear Boner ft The Bone Heads & Fysh Houck","8p-1a","",""
"3573","2025-11-07","Haines","Klondike Mike’s and Garcia’s Grill","music","Friday Night with DJ Blaque","9p-1a","",""
"3574","2025-11-08","Eagle River","The International Hotel & Bar","music","Burlesque Bingo w/ Delilah Danger","10p-12a","",""
"3575","2025-11-08","Eagle River","Odd Man Rush","festival","2025 Alaska Crafted Festival","3p-6p","",""
"3576","2025-11-08","Eagle River","Polar Ice","music","Open Skate: Pixar's ""Coco"" Movie","6p-8p","",""
"3577","2025-11-08","Eagle River","Warrior Zone","community","Line Dancing Classes","7p-9p","",""
"3578","2025-11-08","Haines","The Kodiak Marketplace","music","Second Saturday Shenanigans","10:30a-11:30a","",""
"3579","2025-11-08","Haines","Around Haines","festival","Alaska Bald Eagle Festival 2025","10a-10p","",""
"3580","2025-11-08","Haines","Haines Visitor Center","festival","Eagle Festival: Eagle Fun Run","10a-11a","",""
"3581","2025-11-08","Haines","Pratt Museum","music","Second Saturday: Free Entry to the Museum","10a-3p","",""
"3582","2025-11-08","Haines","The Crystal Saloon","music","Hot Club of Juneau","10p-1a","",""
"3583","2025-11-08","Haines","Harrigan Centennial Hall","festival","Sitka WhaleFest Science Symposium","1p-4p","",""
"3584","2025-11-08","Haines","The Mustard Seed Resale Shop","music","Special Saturday Art Sale w/ Music","2p-4p","",""
"3585","2025-11-08","Haines","Glenn Massay Theater","music","Sweeney Todd: The Demon Barber of Fleet Street","2p-5p & 7p-10p","",""
"3586","2025-11-08","Haines","Alaska SeaLife Center","music","Beers by the Bay 2025 Fundraiser","4p-10p","",""
"3587","2025-11-08","Haines","Hatcher Pass Lodge","music","Grassteroids","4p-7p","",""
"3588","2025-11-08","Haines","Resurrection Lutheran Church","music","Juneau Hunger Jam","6p-10","",""
"3589","2025-11-08","Haines","AJ’s Old Town Steakhouse & Tavern","music","Piano Music by Sunrise Kilcher","6p-8p","",""
"3590","2025-11-08","Haines","Afognak Native Corporation","music","2025 Annual Awards Recognition Dinner","6p-9:30p","",""
"3591","2025-11-08","Haines","Ted Ferry Civic Center","music","2025 Celebration of the Stars: A Star Spangled Ketchikan","6p-9p","",""
"3592","2025-11-08","Haines","Lekker Coffee House and Bakery","dance","Cabbage Hop Dance Party","6p-9p","",""
"3593","2025-11-08","Haines","Hangar on the Warf","theatre","Masquerade with Juneau Lyric Opera","7p-11p","",""
"3594","2025-11-08","Haines","American Legion Post 15","music","Karaoke","7p-11p","",""
"3595","2025-11-08","Haines","Haines Visitor Center","music","River Talk: “The Bird is the Word”","7p-8:30p","",""
"3596","2025-11-08","Haines","Valdez Cinema","music","Springsteen: Deliver Me from Nowhere 1p-3p, 4p-6p, &","7p-9p","",""
"3597","2025-11-08","Haines","Whale Park","festival","Sitka WhaleFest Fun Run & Walk","8a-10a","",""
"3598","2025-11-08","Haines","Schwabenhof","music","Karaoke Night","8p-11p","",""
"3599","2025-11-08","Haines","Skeets Dive Bar","dance","Line Dance Lessons","8p-1a","",""
"3600","2025-11-08","Haines","Alice’s Champagne Palace","music","Sneaux Cats","9p-12a","",""
"3601","2025-11-08","Haines","Pioneer Bar","music","Karaoke Night","9p-1a","",""
"3602","2025-11-08","Haines","Fairview Inn","music","The Glacier Blues Band Live","9p-1a","",""
"3603","2025-11-08","Haines","Yukon Bar","music","Beers By The Bay Afterparty w/ Bananahands","9p-2a","",""
"3604","2025-11-08","Haines","Yukon Bar","music","Karaoke","9p-2a","",""
"3605","2025-11-09","Anchorage","Koot’s","music","Koots Karaoke","10p-2a","",""
"3606","2025-11-09","Anchorage","Pioneer Bar","music","Industry Night w/ Joe Brady","10p-2a","",""
"3607","2025-11-09","Anchorage","Susitna Brewing","music","Open Mic Night","6p-9p","",""
"3608","2025-11-09","Anchorage","Time Out Lounge","music","Open Jam with Blast From The Past","8:30p-1a","",""
"3609","2025-11-09","Anchorage","The Carousel Lounge","music","Sunday Karaoke","9p-2a","",""
"3610","2025-11-09","Eagle River","UAF Charles Davis Concert Hall","music","Stech Memorial Organ Dedication Recital","4p-6p","",""
"3611","2025-11-09","Eagle River","Chair 5","music","Karaoke","8p-12a","",""
"3612","2025-11-09","Haines","Harrigan Centennial Hall","festival","Sitka WhaleFest Science Symposium","1p-4p","",""
"3613","2025-11-09","Haines","Glenn Massay Theater","music","Sweeney Todd: The Demon Barber of Fleet Street","2p-5p","",""
"3614","2025-11-09","Haines","The Creek Street Cabaret","music","Open Mic Night","6p-9p","",""
"3615","2025-11-09","Haines","Around Haines","festival","Alaska Bald Eagle Festival 2025","7a-6p","",""
"3616","2025-11-09","Haines","Valdez Cinema","music","Springsteen: Deliver Me from Nowhere 1p-3p, 4p-6p, &","7p-9p","",""
"3617","2025-11-10","Anchorage","Broken Blender","music","Boombox Bingo","6:30p-8:30","",""
"3618","2025-11-10","Anchorage","Alaska Center for the Performing Arts","music","Alaska Youth Orchestras: AYO Fall Celebration Concert","6:30p-8p","",""
"3619","2025-11-10","Anchorage","Fire Island Bakery @ K Street Market","music","Weekly Jazz Jam","6:30p-9:30p","",""
"3620","2025-11-10","Anchorage","Anchorage Social Dance Club","dance","Learn to Square Dance","7p-9p","",""
"3621","2025-11-10","Anchorage","The Blue Fox","music","Open Mic Night","8p-12a","",""
"3622","2025-11-10","Anchorage","Koot’s","music","The Monday Mic w/ Boobs","9p-12a","",""
"3623","2025-11-10","Haines","Kenai Cultural Center","community","Storytime: An Arctic Story “The Animals of the Frozen North”","11a-1p","",""
"3624","2025-11-10","Haines","The Crystal Saloon","music","Luke & Heather In the Afternoon","5p-7p","",""
"3625","2025-11-10","Haines","The Goods","music","Friends of Mike Morgan Song Circle","5p-7p","",""
"3626","2025-11-10","Haines","Alice’s Champagne Palace","music","Open Mic Night w/ Jim Maloney & Orion Donicht","7p-10p","",""
"3627","2025-11-10","Haines","First Assembly Church","music","Community Concert Band Rehearsals","7p-8:30p","",""
"3628","2025-11-10","Haines","New Archangel Dancers","dance","New Archangel Dancers Recruitment Nights","7p-9p","",""
"3629","2025-11-11","Anchorage","Alaska Zoo","music","Veteran’s Day Special: Free Admission for Vets & Active Duty","10a-4p","",""
"3630","2025-11-11","Anchorage","Organic Oasis","music","Irish Music and Dancing","6p-8p","",""
"3631","2025-11-11","Anchorage","Billiard Palace","music","Tuesday Jazz Jam","7p-10p","",""
"3632","2025-11-11","Anchorage","Pink Cadillac","music","All Ages Buckarooos Night","7p-11p","",""
"3633","2025-11-11","Anchorage","Van’s Dive Bar","music","Open Jam Night","7p-11p","",""
"3634","2025-11-11","Anchorage","The Carousel Lounge","music","AK Rockstar Karaoke","8p-2a","",""
"3635","2025-11-11","Anchorage","Koot’s","music","The Eternal Cowboys","9p-12a","",""
"3636","2025-11-11","Eagle River","The Cabin","music","Karaoke Night at the Cabin","7p-10p","",""
"3637","2025-11-11","Haines","Pratt Museum","community","Storytime at the PRATT: Native American Heritage Month","10:30a-3p","",""
"3638","2025-11-11","Haines","Ken’s Garden Center","community","Songs & Storytime at Ken’s!","10a-11a","",""
"3639","2025-11-11","Haines","Higher Ground","music","Nick Shoulders Live","4p-6p","",""
"3640","2025-11-11","Haines","Justin Cole’s Down East Saloon","music","Taco Tuesday's with Jim Maloney","6:30p-10p","",""
"3641","2025-11-11","Haines","First United Methodist Church","community","Community Chorus Rehearsals","6:30p-8:30p","",""
"3642","2025-11-11","Haines","Alaska Legends Cider & Wine","community","Story Slam: “Robbing Peter to Pay Paul”","7p-9p","",""
"3643","2025-11-11","Haines","The Crystal Saloon","music","Jazz Jam Tuesday","8p-11p","",""
"3644","2025-11-11","Haines","Four Corner’s Lounge","music","Industry Night with DJ Red","8p-11p","",""
"3645","2025-11-12","Anchorage","Alaska Zoo","community","Community Storytime","10:30a-11a","",""
"3646","2025-11-12","Anchorage","Pioneer Bar","music","The Eternal Cowboys","10p-12a","",""
"3647","2025-11-12","Anchorage","Koot’s","music","Koots Karaoke","10p-2a","",""
"3648","2025-11-12","Anchorage","First Congregational Church of Anchorage","music","Chancel Choir Practice","6:30p-7:30p","",""
"3649","2025-11-12","Anchorage","Anchorage Social Dance Club","music","International Folk Dancing","6:30p-8p","",""
"3650","2025-11-12","Anchorage","Writer’s Block Bookstore & Café","comedy","Stand-Up & Comedy Writing Workshop","6:30p-8p","",""
"3651","2025-11-12","Anchorage","Loussac Public Library","community","Community Wildfire Town Hall","6p-7p","",""
"3652","2025-11-12","Anchorage","Alaska Zoo","music","Wildlife Wednesdays Free Science Lecture Series: Karelian Bear Dogs","7-8p","",""
"3653","2025-11-12","Anchorage","907 Alehouse","music","Tyrone Palmer & Friends","7p-10p","",""
"3654","2025-11-12","Anchorage","Pink Cadillac","dance","Line Dance Wednesdays","7p-12a","",""
"3655","2025-11-12","Anchorage","Koot’s","music","Country Night","8p-12a","",""
"3656","2025-11-12","Anchorage","Mad Myrna’s","music","Karaoke","9p-12a","",""
"3657","2025-11-12","Anchorage","Van’s Dive Bar","music","Karaoke Wednesdays","9p-12a","",""
"3658","2025-11-12","Eagle River","The Cabin","music","Country Line Dancing w/ Greyson & Logan","7p-11:30p","",""
"3659","2025-11-12","Eagle River","The Spur","music","Karaoke Night with Rocky!","8p-11p","",""
"3660","2025-11-12","Haines","Inn at Creek Street","music","The Ukulele Group","3:45p-4:45p","",""
"3661","2025-11-12","Haines","The Crystal Saloon","music","Luke & Heather In the Afternoon","5p-7p","",""
"3662","2025-11-12","Haines","The Goods","music","Karaoke with Eve","5p-8p","",""
"3663","2025-11-12","Haines","Porcupine Theatre","community","Community Potluck & Food Pantry Fundraiser","6p-9p","",""
"3664","2025-11-12","Haines","Schwabenhof","music","Open Mic","7:30p-11p","",""
"3665","2025-11-12","Haines","Four Corner’s Lounge","music","West Coast Sing Wednesday","7:30p-9:30p","",""
"3666","2025-11-12","Haines","The Crystal Saloon","music","Open Mic Night","8p-11:30p","",""
"3667","2025-11-12","Haines","Alaskan Hotel and Bar","music","Karaoke","8p-11p","",""
"3668","2025-11-12","Haines","Fairview Inn","music","Open Mic","8p-1a","",""
"3669","2025-11-12","Haines","Yukon Bar","music","Open Mic Night w/ Braden Rollins","9p-2a","",""
"3670","2025-11-13","Haines","The Goods","music","Open Mic Night","6p-8p","",""
"3671","2025-11-13","Haines","Palmer Alehouse","music","Unplugged: Schaefer Mueller","6p-9p","",""
"3672","2025-11-13","Haines","Four Corner’s Lounge","music","Open Jam/Mic Night w/ Host Jesse James","7p-11p","",""
"3673","2025-11-14","Haines","Riverside Bar","music","Tom Letson","8p-11p","",""
"3674","2026-02-11","Eagle River","Gerrish Library","community","Family Storytime","10:30a-11:30a","",""
"3675","2026-02-11","Eagle River","Soldotna Library","community","Bouncing Babes Story Time","10:30a-11a","",""
"3676","2026-02-11","Eagle River","Inn at Creek Street","music","The Ukulele Group","3:45p-4:45p","",""
"3677","2026-02-11","Eagle River","The Goods","music","Karaoke Nights","5:30p-8p","",""
"3678","2026-02-11","Eagle River","Porcupine Theater","music","David Webster: A Life in 12 Bars","6p-?","",""
"3679","2026-02-11","Eagle River","Schwabenhof","music","Open Mic","7:30p-11p","",""
"3680","2026-02-11","Eagle River","Four Corner’s Lounge","music","West Coast Sing Wednesday","7:30p-9:30p","",""
"3681","2026-02-11","Eagle River","Holy Name Catholic Church","festival","Sitka Music Festival: Winter Classics","7p-8:30p","",""
"3682","2026-02-11","Eagle River","The Crystal Saloon","music","Open Mic Night","8p-11:30p","",""
"3683","2026-02-11","Eagle River","The Spur","music","Karaoke Night with Rocky!","8p-11p","",""
"3684","2026-02-11","Eagle River","Alaskan Hotel and Bar","music","Karaoke","8p-11p","",""
"3685","2026-02-11","Eagle River","Fairview Inn","music","Open Mic Night","8p-1a","",""
"3686","2026-02-11","Eagle River","Yukon Bar","music","Open Mic Night","8p-2a","",""
"3687","2026-02-11","Eagle River","North Pole Alehouse","comedy","Stand-Up Comedy w/ Dana Gould","8p-9:30p","",""
"3688","2026-02-11","Eagle River","105.3 FM KRBD","music","After Hours Alaska","9p-11p","",""
"3689","2026-02-12","Anchorage","Beartooth Theatrepub","music","Secret Admirer Movie: Mystery Movie Date Night 6p-8p?","","",""
"3690","2026-02-12","Anchorage","Pioneer Bar","music","DJ Cross","10p-1a","",""
"3691","2026-02-12","Anchorage","New Sagaya City Market","music","Song Circle of Love w/ Irish Club of Alaska","6p-8p","",""
"3692","2026-02-12","Anchorage","Williwaw Social","music","Kage Free’s Velvet Hours feat Melissa Mitchell","6p-9p","",""
"3693","2026-02-12","Anchorage","Broken Blender","music","Karaoke","7p-11p","",""
"3694","2026-02-12","Anchorage","Pink Cadillac","music","Ladies Night at Pink Cadillac w/ DJ Rico","7p-12a","",""
"3695","2026-02-12","Anchorage","Cyrano’s Theatre Company","music","The Fantasticks","7p-9p","",""
"3696","2026-02-12","Anchorage","West High School","music","Little Shop of Horrors Live","7p-9p","",""
"3697","2026-02-12","Anchorage","Blarney Stone","music","Black & Tan Open Jam","8p-11p","",""
"3698","2026-02-12","Anchorage","Flattop Pizza & Pool","music","Karaoke Night","8p-12a","",""
"3699","2026-02-12","Anchorage","The Carousel Lounge","music","AK Rockstar Karaoke","8p-2a","",""
"3700","2026-02-12","Anchorage","Koot’s","music","Joey Fender","9p-?","",""
"3701","2026-02-12","Eagle River","Fairbanks Library","community","Preschool Storytime","10:30a-11:15p & 1:30p-2:15p","",""
"3702","2026-02-12","Eagle River","Soldotna Library","community","Pre-School Story Time","10:30a-11a","",""
"3703","2026-02-12","Eagle River","Chugiak-Eagle River Library","community","Family Storytime","10:30a-11p","",""
"3704","2026-02-12","Eagle River","Kenai Chamber of Commerce &Visitor Center","music","Beyond the Exhibit: Kenai's Ice Age Fossils","12p-?","",""
"3705","2026-02-12","Eagle River","Wasilla Area Seniors, Inc","dance","Valentine’s Day Dance","3p-5p","",""
"3706","2026-02-12","Eagle River","Mendenhall Valley Library","music","The Briefcase: An Art Mask Presentation","5:30p-?","",""
"3707","2026-02-12","Eagle River","Downtown Library","community","Community Classes: Love Your Brain","5:30p-7:30p","",""
"3708","2026-02-12","Eagle River","Alyeska Resort","music","Town League Race Series & Live Music: Ayden See","5p-10p","",""
"3709","2026-02-12","Eagle River","Gather","festival","From Fairbanks, With Love: A Valentine’s Postcard Event","5p-8p","",""
"3710","2026-02-12","Eagle River","Alyeska Resort","music","Lifts for Love: Chairlift Speed Dating!","5p-8p","",""
"3711","2026-02-12","Eagle River","UAS Egan Lecture Hall","music","Fins, Fur, & Feathers of the Amazon & Galapagos","6:30p-?","",""
"3712","2026-02-12","Eagle River","Chapel by the Lake","dance","Thursday Night Dance Social: Salsa","6:30p-8:30p","",""
"3713","2026-02-12","Eagle River","Hoodoo Brewing Company","community","Frosty Feet Valentine’s Beer Run","6p-?","",""
"3714","2026-02-12","Eagle River","AJ’s Old Town Steakhouse & Tavern","music","Piano Music by Erica","6p-8p","",""
"3715","2026-02-12","Eagle River","Soba Restaurant","music","Valentine’s Wine Tasting & Live Music","6p-9p","",""
"3716","2026-02-12","Eagle River","Palmer Alehouse","music","Unplugged: Matt Hopper","6p-9p","",""
"3717","2026-02-12","Eagle River","UAF Charles Davis Concert Hall","music","Grahm Jones","7:30p-8p","",""
"3718","2026-02-12","Eagle River","The Spur","comedy","Stand Up Comedy w/ Dana Gould","7p-9p","",""
"3719","2026-02-12","Eagle River","105.3 FM KRBD","music","Ketchikan Arts & Humanities Council: Arts Report","8:20a-8:35a","",""
"3720","2026-02-12","Eagle River","The Crystal Saloon","music","Karaoke Night","8p-12a","",""
"3721","2026-02-12","Eagle River","North Pole Alehouse","music","Karaoke Thursdays with Rocky Barnette","8p-12a","",""
"3722","2026-02-12","Eagle River","Yukon Bar","music","Karaoke","8p-2a","",""
"3723","2026-02-12","Eagle River","Alaskan Hotel and Bar","music","Open Mic","9p-11p","",""
"3724","2026-02-12","Eagle River","Alibi Bar & Café","music","Karaoke Night","9p-12:30a","",""
"3725","2026-02-13","Anchorage","Sweet Cheeks Cabaret: Hot & Bothered","music","A Burlesque ode to Rom-Com","","",""
"3726","2026-02-13","Anchorage","Koot’s","music","Coach Kern's 67 Feels Like Heaven Party 10:30p-2a?","","",""
"3727","2026-02-13","Anchorage","Koot’s","music","Cold Fusion 10:30p-2a?","","",""
"3728","2026-02-13","Anchorage","Barry’s Baranof Lounge","music","Odds Are Good","10p-?","",""
"3729","2026-02-13","Anchorage","Pink Cadillac","music","Schaefer Mueller & The Neon Highway","10p-1a","",""
"3730","2026-02-13","Anchorage","Williwaw Social","dance","Dump Them: An Anti-Valentines Day Dance Party w/ DJ Remax","10p-2p","",""
"3731","2026-02-13","Anchorage","Bartlett High School","music","Chinese Immersion Schools Chinese New Year Performance","11a-12:30p","",""
"3732","2026-02-13","Anchorage","Alaska Zoo","music","Zoo Lights","5p-8p","",""
"3733","2026-02-13","Anchorage","49th State Brewing","music","Snowball 2026 w/ Hope Social Club","6:30p-11p","",""
"3734","2026-02-13","Anchorage","Williwaw Social","music","Friday the 13th All-Ages Improv Show","6:30p-8:30p","",""
"3735","2026-02-13","Anchorage","Gumbo House","music","Joe Craig & Terry Curran","6:30p-9p","",""
"3736","2026-02-13","Anchorage","O’Malley’s on the Green","music","Live Jazz with Rick Zelinsky","6:30p-9p","",""
"3737","2026-02-13","Anchorage","Alaska Native Heritage Center","dance","Unangax Dancers & Storytelling","6p-7:30p","",""
"3738","2026-02-13","Anchorage","Rogers Park Elementary","dance","Wolf Pack Disco Dance Fundraiser w/ DJ John","6p-8p","",""
"3739","2026-02-13","Anchorage","Sand Lake Elementary","dance","Aurora Glow Dance w/ DJ Spencer Lee","6p-8p","",""
"3740","2026-02-13","Anchorage","Alaska Center for the Performing Arts","music","Harry Potter and the Chamber of Secrets in Concert","7:30p-10p","",""
"3741","2026-02-13","Anchorage","Alaska Center for the Performing Arts","music","Bria Skonberg","7:30p-9:20p","",""
"3742","2026-02-13","Anchorage","UAA Main Stage","dance","Pulse Dance Company: Myth Behavin’","7:30p-9:30p","",""
"3743","2026-02-13","Anchorage","Pink Cadillac","music","Boots, Beer, & Ballads Country Night w/ DJ Rico","7p-10p","",""
"3744","2026-02-13","Anchorage","Anchorage Social Dance Club","dance","Friday Night Dance Social","7p-11p","",""
"3745","2026-02-13","Anchorage","The Fraternal Order of Eagles Aerie 4207","music","Karaoke Friday at the Eagles!","7p-12a","",""
"3746","2026-02-13","Anchorage","Chugiak High School","music","Chugiak & Eagle River Drama: The Music Man","7p-9:30p","",""
"3747","2026-02-13","Anchorage","UAA Fine Arts Building","theatre","Midnight Sun Theater: Pyrates!","7p-9p","",""
"3748","2026-02-13","Anchorage","The Whale’s Tail","comedy","Divorce Court of the Dead: A Comedy Roast Battle","7p-9p","",""
"3749","2026-02-13","Anchorage","Van’s Dive Bar","music","John Larson & The Pit Viperz","8:30p-?","",""
"3750","2026-02-13","Anchorage","Momentum Studios","music","IndigiVIBES: A Love Letter to Queer Indigenous Joy and Liberation","8p-10:30p","",""
"3751","2026-02-13","Anchorage","Broken Blender","music","Sweet Cheeks Cabaret: Hot & Bothered - A Burlesque ode to Rom-Com","8p-10p","",""
"3752","2026-02-13","Anchorage","49th Supply Co","music","R&B: Rhythm & Bobba Valentine’s Vibes","8p-11p","",""
"3753","2026-02-13","Anchorage","Broken Blender","music","Karaoke w/ DJ Charms","8p-12a","",""
"3754","2026-02-13","Anchorage","Arctic Academie de Danse","dance","West Coast Swing Lesson","8p-9p","",""
"3755","2026-02-13","Anchorage","Koot’s","music","Los Anchorage vol. 4 w/ Flow Lounge, SixStar, JDWP, Twiin, D.Loading, and Perdue","9:30a-2:30a","",""
"3756","2026-02-13","Anchorage","Flattop Pizza & Pool","music","DJ JRock","9:30p-12a","",""
"3757","2026-02-13","Anchorage","Humpy’s","music","Live Music w/ The Acoustic Oosik","9:30p-1a","",""
"3758","2026-02-13","Anchorage","Mad Myrna’s","music","Mad Myrna's Diva Variety Show","9p-11:30p","",""
"3759","2026-02-13","Anchorage","Arctic Academie de Danse","dance","Friday Night Dance Social","9p-11p","",""
"3760","2026-02-13","Anchorage","Alaska Dance Promotions","dance","Friday Night Dance Lounge","9p-1a","",""
"3761","2026-02-13","Anchorage","The Carousel Lounge","music","Danger Money Band","9p-1a","",""
"3762","2026-02-13","Anchorage","Time Out Lounge","music","Blast From The Past","9p-2:30a","",""
"3763","2026-02-13","Eagle River","The Goods","music","A Very Cheesey Valentine's Eve Karaoke 5p-??","","",""
"3764","2026-02-13","Eagle River","The International Hotel & Bar","music","Lucky in Love (or Not) w/ Marc Brown","10p-2a","",""
"3765","2026-02-13","Eagle River","Kharacter’s","music","Darkstar","10p-2a","",""
"3766","2026-02-13","Eagle River","Daubenspeck Family Park","music","Free Family Ice Skating","1p-4p","",""
"3767","2026-02-13","Eagle River","Gerrish Library","music","Family Movie Night","3p-5:30p","",""
"3768","2026-02-13","Eagle River","Glacier Cinemas","music","Free Screening: For the Love of JAMHI","4:30p-6p","",""
"3769","2026-02-13","Eagle River","Franklin Street","music","5 Hearts on Franklin: A Valentines Voyage","4p-8:30p","",""
"3770","2026-02-13","Eagle River","Mendenhall Glacier Visitor Center","music","Fireside Lecture: Submerged Archeology","5:30p-?","",""
"3771","2026-02-13","Eagle River","Main Street Gallery","music","""Weirdcore"" The 40th Annual Wearable Art Show","5p-7p","",""
"3772","2026-02-13","Eagle River","The Crystal Saloon","community","Sunny Porch Community Folk Revival & Recording Release Party","5p-8p","",""
"3773","2026-02-13","Eagle River","Kachemak Bay Recovery Connection","music","Friday Night Sober Lounge","6p-10p","",""
"3774","2026-02-13","Eagle River","Marie Drake Planetarium","music","Pluto, the Kuiper Belt and the Oort Clout","6p-7p","",""
"3775","2026-02-13","Eagle River","VFW 9785","music","Hwy9","7:30p-?","",""
"3776","2026-02-13","Eagle River","Sheldon Community Arts Hanger","music","Complexities of Love Variety Show","7p-10:15p","",""
"3777","2026-02-13","Eagle River","American Legion Post 15","music","Karaoke","7p-11p","",""
"3778","2026-02-13","Eagle River","Silver Fox Inn","music","Shaun Pacarro (from H3)","7p-11p","",""
"3779","2026-02-13","Eagle River","Warrior Zone","music","Karaoke Night","7p-12a","",""
"3780","2026-02-13","Eagle River","Pioneer Park Theater","comedy","Stand Up Comedy w/ Dana Gould","7p-9p","",""
"3781","2026-02-13","Eagle River","Kenai Arts Center","theatre","The Creel Play by Kate Rich","7p-9p","",""
"3782","2026-02-13","Eagle River","The Creek Street Cabaret","dance","Square Dance w/ the Free Radicals","7p-9p","",""
"3783","2026-02-13","Eagle River","Schwabenhof","music","Karaoke Night","8p-11p","",""
"3784","2026-02-13","Eagle River","Sitzmark","music","Live at the Sitz: Jerry Wessling Band","9p-12a","",""
"3785","2026-02-13","Eagle River","Pioneer Bar","music","Open Mic","9p-1a","",""
"3786","2026-02-13","Eagle River","Four Corner’s Lounge","music","Valentine's Ballroom Bash","9p-1a","",""
"3787","2026-02-13","Eagle River","The CATCH Restaurant & Bar","music","Music At the Catch","9p-1a","",""
"3788","2026-02-14","Anchorage","Koot’s","music","Bell Bottoms & Broken Hearts w/ The Vintage Retro","10:30p-2:30a","",""
"3789","2026-02-14","Anchorage","Williwaw Social","dance","Valentine's Dance Party w/ DJ Cross","10p-2a","",""
"3790","2026-02-14","Anchorage","Loussac Library","community","Be My Valentine Storytime","11a-12p","",""
"3791","2026-02-14","Anchorage","Chugiak High School","music","The Music Man","1p-3:30p & 7p-9:30p","",""
"3792","2026-02-14","Anchorage","Arctic Valley Ski Area","music","Silas Wade Live","1p-3p","",""
"3793","2026-02-14","Anchorage","Westchester Lagoon","music","Weekly Family Skate w/ Music & Hot Chocolate","1p-3p","",""
"3794","2026-02-14","Anchorage","Arctic Valley Ski Area","theatre","MusiCal Live","3:30p-5:30p","",""
"3795","2026-02-14","Anchorage","49th State Brewing","music","Candlelight: Valentine's Day Special ft. ""Romeo and Juliet""","4p-5p","",""
"3796","2026-02-14","Anchorage","Alaska Botanical Garden","music","Spring Fling: 80’s Night","5p-8p","",""
"3797","2026-02-14","Anchorage","Williwaw Social","music","For Love and Music: A Valentine's Day Special w/ Choice Bit of Calico & Good Company","5p-9:45p","",""
"3798","2026-02-14","Anchorage","49th State Brewing","dance","Prom 1988! A Valentines Day Costume Dance Party w/ Blackwater Railroad & The Whiskey Fish","6:30p-?","",""
"3799","2026-02-14","Anchorage","The Nave Spenard","comedy","Scared Scriptless Improv Valentine's Show","6:30p-9:30p","",""
"3800","2026-02-14","Anchorage","Liewer Community Trail","music","14th Annual DJTA Walk of Lights 2026","6p-8p","",""
"3801","2026-02-14","Anchorage","Gumbo House","music","Piano Bar Saturdays w/ MJ Riemann","6p-9p","",""
"3802","2026-02-14","Anchorage","Alaska Center for the Performing Arts","music","Machu Picchu by INCA, The Peruvian Ensemble","7:30p-9:30p","",""
"3803","2026-02-14","Anchorage","West High School","music","Little Shop of Horrors Live","7p-9p","",""
"3804","2026-02-14","Anchorage","Organic Oasis","music","Aquarius Party with DJ Big Gay Mike","8p-?","",""
"3805","2026-02-14","Anchorage","Beartooth Theatrepub","dance","Heated Rivalry Dance Party","8p-12:30p","",""
"3806","2026-02-14","Anchorage","Flattop Pizza & Pool","music","DJ JRock","9:30p-12a","",""
"3807","2026-02-14","Anchorage","Humpy’s","music","Black Heart Ball w/ Live Music from The Red Flags","9:30p-1a","",""
"3808","2026-02-14","Anchorage","Anchorage Social Dance Club","dance","Dance Lessons & Social Dance","9:30p-2a","",""
"3809","2026-02-14","Anchorage","Van’s Dive Bar","music","Eerie Flats","9p-?","",""
"3810","2026-02-14","Anchorage","Oriental Garden","music","Weekly Karaoke Contest","9p-1:30a","",""
"3811","2026-02-14","Anchorage","Blarney Stone","music","Live Music Lonely Hearts Party","9p-12a","",""
"3812","2026-02-14","Anchorage","The Carousel Lounge","music","Danger Money's Farewell Show & Bill's Birthday Bash","9p-1a","",""
"3813","2026-02-14","Anchorage","Koot’s","music","Double Vision 2026 An EDM B2B Night","9p-2a","",""
"3814","2026-02-14","Eagle River","Kodiak Marketplace","music","Second Saturday Shenanigans","10:30p-11:30","",""
"3815","2026-02-14","Eagle River","Savikko Park","music","Sweetheart’s Relay 2-miler","10a-?","",""
"3816","2026-02-14","Eagle River","Ken’s Garden Center","music","Valentines Photo Booth & Meeting w/ Bluey","10a-5p","",""
"3817","2026-02-14","Eagle River","The International Hotel & Bar","music","Cupid After Dark with DJ Theme","10p-?","",""
"3818","2026-02-14","Eagle River","Kharacter’s","music","Pit Viperz","10p-2a","",""
"3819","2026-02-14","Eagle River","Southeast Alaska State Fairgrounds","festival","Haines Winterfest","11a-?","",""
"3820","2026-02-14","Eagle River","Fairbanks Children’s Museum","dance","Valentine’s Day Crafts & Dance Party","11a-4p","",""
"3821","2026-02-14","Eagle River","Pratt Museum","music","Second Saturday Free Entry","11a-4p","",""
"3822","2026-02-14","Eagle River","The Pottery Jungle","music","Valentine’s GHOST Wheel Throwing Experience","3p-5p & 6p-8p","",""
"3823","2026-02-14","Eagle River","Starter Block","music","Valentines Skate Night","4p-6p","",""
"3824","2026-02-14","Eagle River","Sterling Community Center","dance","Daddy Daughter Dance","4p-6p","",""
"3825","2026-02-14","Eagle River","Hatcher Pass Lodge","music","Bandandy","4p-7p","",""
"3826","2026-02-14","Eagle River","Devil’s Club Brewing","music","A Cozy Date Night with Steady Going","5:30p-7:30","",""
"3827","2026-02-14","Eagle River","Last Frontier CAC","music","Murder on the Bayou: Mardi Gras Mystery Party","5p-8p","",""
"3828","2026-02-14","Eagle River","Valdez Brewing","music","Date Night Paint Night & Charcuterie","5p-8p","",""
"3829","2026-02-14","Eagle River","Polar Ice","music","Open Skate w/ Gnomeo & Juliet Movie","6p-8p","",""
"3830","2026-02-14","Eagle River","AJ’s Old Town Steakhouse & Tavern","music","Piano Music by Sunrise Kilcher","6p-8p","",""
"3831","2026-02-14","Eagle River","The Hearth Eatery","music","Valentine Pre-Fixe Dinner w/ Music by Poly Alfonso","6p-9p","",""
"3832","2026-02-14","Eagle River","Silver Legacy Stables","music","Valentine’s Date Night & Horseback Rides","6p-9p","",""
"3833","2026-02-14","Eagle River","The Crystal Saloon","music","Juneau Vaudeville Presents: ""Love & Lust""","7:30p-?","",""
"3834","2026-02-14","Eagle River","The Creek Street Cabaret","music","Music on the Couch at the Cabaret","7:30p-9p","",""
"3835","2026-02-14","Eagle River","Fairweather Ski Works","festival","Haines Winterfest: Kat to Koot 2026","7a-?","",""
"3836","2026-02-14","Eagle River","Sheldon Community Arts Hanger","music","Complexities of Love Variety Show","7p-10:15p","",""
"3837","2026-02-14","Eagle River","Palmer Alehouse","music","Unplugged: Ken Peltier and Friends","7p-10p","",""
"3838","2026-02-14","Eagle River","Odd Man Rush","music","Valentine’s Day 80’s Prom w/ I Like Robots","7p-11p","",""
"3839","2026-02-14","Eagle River","American Legion Post 15","music","Karaoke","7p-11p","",""
"3840","2026-02-14","Eagle River","Pier One Theatre Inc.","theatre","The Creel Play by Kate Rich","7p-8:15p","",""
"3841","2026-02-14","Eagle River","The Palace Theater","music","Second Saturdays at Seven: Cabaret Night","7p-8:30p","",""
"3842","2026-02-14","Eagle River","Lat 65 Brewing Co.","music","Tom Letson & Ned Gaines","7p-9p","",""
"3843","2026-02-14","Eagle River","Pioneer Park Theater","comedy","Stand Up Comedy w/ Dana Gould","7p-9p","",""
"3844","2026-02-14","Eagle River","Alice’s Champagne Palace","music","Between the Sheets Trivia","7p-9p","",""
"3845","2026-02-14","Eagle River","Centennial Hall Convention Center","music","Wearable Art Extravaganza: Camp","8p-10p","",""
"3846","2026-02-14","Eagle River","Fairview Inn","dance","Dance Party","8p-1a","",""
"3847","2026-02-14","Eagle River","Chena Lake","music","X-Country Ski Winter Adventures","9a-3p","",""
"3848","2026-02-14","Eagle River","The Cabin","music","2010's Hit Late Night Party w/ DJ Delli","9p-?","",""
"3849","2026-02-14","Eagle River","Sitzmark","music","Live at the Sitz: Jerry Wessling Band","9p-12a","",""
"3850","2026-02-14","Eagle River","North Pole Alehouse","music","Valentine's Bash with Carlos!/UNO","9p-12a","",""
"3851","2026-02-14","Eagle River","Pioneer Bar","music","Karaoke Night","9p-1a","",""
"3852","2026-02-14","Eagle River","The CATCH Restaurant & Bar","music","Music At the Catch","9p-1a","",""
"3853","2026-02-14","Eagle River","Yukon Bar","music","Karaoke","9p-2a","",""
"3854","2026-02-15","Anchorage","Koot’s","music","Koots Karaoke","10p-2a","",""
"3855","2026-02-15","Anchorage","Pioneer Bar","music","Industry Night w/ Joe Brady","10p-2a","",""
"3856","2026-02-15","Anchorage","Arctic Valley Ski Area","music","Adrienne McVey Live","12p-2:30p","",""
"3857","2026-02-15","Anchorage","Dimond High School","music","2026 Chinese New Year’s Celebration","12p-4p","",""
"3858","2026-02-15","Anchorage","Asian Cultural Center","dance","Dragon & Lion Dance Training","3p-5p","",""
"3859","2026-02-15","Anchorage","Cyrano’s Theatre Company","music","The Fantasticks","3p-5p","",""
"3860","2026-02-15","Anchorage","VFW Post 1685","music","Open Mic & Jam","4:30p-8:30p","",""
"3861","2026-02-15","Anchorage","Koot’s","music","A Tribute to Wicked Wanda","4p-8p","",""
"3862","2026-02-15","Anchorage","Anchorage Social Dance Club","dance","Country Dance Nights: Line Dancing & Swing","6:30p-10p","",""
"3863","2026-02-15","Anchorage","Billiard Palace","music","Sunday Blues Jam w/ Rebel Blues Band","6p-10p","",""
"3864","2026-02-15","Anchorage","Susitna Brewing","music","Open Mic Night","6p-9","",""
"3865","2026-02-15","Anchorage","Anchorage Community Theatre","music","Auditions for Ruthless!","6p-9p","",""
"3866","2026-02-15","Anchorage","Koot’s","comedy","Comedy Open Mic","8:30p-10p","",""
"3867","2026-02-15","Anchorage","Time Out Lounge","music","Open Jam with Blast From The Past","8:30p-1a","",""
"3868","2026-02-15","Anchorage","Van’s Dive Bar","music","Open Mic Night","8p-11p","",""
"3869","2026-02-15","Anchorage","Mad Myrna’s","music","Karaoke","9p-12a","",""
"3870","2026-02-15","Anchorage","The Carousel Lounge","music","Sunday Karaoke","9p-2a","",""
"3871","2026-02-15","Eagle River","Tsalteshi Trails","music","2026 Tour of Tsalteshi","11:30a-4p","",""
"3872","2026-02-15","Eagle River","Mile 25","community","Miles Klehini Ski Classic","12a-?","",""
"3873","2026-02-15","Eagle River","The Spur","dance","Argentine Tango Lesson & Open Dance","1p-3p","",""
"3874","2026-02-15","Eagle River","Palmer Train Depot","music","Mat-Su Orchestra Fundraising Performance","3p-?","",""
"3875","2026-02-15","Eagle River","Centennial Hall Convention Center","music","Wearable Art Extravaganza: Camp","3p-5p","",""
"3876","2026-02-15","Eagle River","Pioneer Park Centennial Center","music","4th Annual Valentine's Ties & Tiaras","3p-6p","",""
"3877","2026-02-15","Eagle River","The Creek Street Cabaret","music","Open Mic Night","6:30p-9:30p","",""
"3878","2026-02-15","Eagle River","Red Dog Saloon","music","Sunday Social Dancing & Lessons","6p-9p","",""
"3879","2026-02-15","Eagle River","Pier One Theatre Inc.","theatre","The Creel Play by Kate Rich","7p-8:15p","",""
"3880","2026-02-15","Eagle River","Four Corner’s Lounge","music","Karaoke","8p-?","",""
"3881","2026-02-16","Anchorage","Fire Island Bakery @ K Street Market","music","Weekly Jazz Jam","6:30p-9:30p","",""
"3882","2026-02-16","Anchorage","Studio 49","community","Sweet Cheeks Cabaret: Burlesque Basics Class w/ DeeDee S.Emme","7p-8p","",""
"3883","2026-02-16","Anchorage","Anchorage Social Dance Club","dance","Learn to Square Dance","7p-9p","",""
"3884","2026-02-16","Anchorage","Koot’s","music","The Monday Mic w/ Boobs","9p-12a","",""
"3885","2026-02-16","Eagle River","Skeetawk","music","JR Ski Patrol Day (Ages 13-17)","10a-1p","",""
"3886","2026-02-16","Eagle River","The Goods","music","Friends of Mike Morgan Song Circle","5p-7p","",""
"3887","2026-02-16","Eagle River","Palmer Train Depot","music","Stories of Free Rivers & Wild Salmon","6:30p-8:30p","",""
"3888","2026-02-16","Eagle River","Juneau Arts & Culture Center","music","Gospel Choir Workshops","6:30p-8p","",""
"3889","2026-02-17","Anchorage","Anchorage Museum","festival","Sitka Music Festival Perfomance","12p-?","",""
"3890","2026-02-17","Anchorage","49th State Brewing","music","Mardi Gras w/ music by The Blue Dixie Combo","6:30p-?","",""
"3891","2026-02-17","Anchorage","Alaska Dance Promotions","community","Beginner Kizomba Class","6p-7p","",""
"3892","2026-02-17","Anchorage","Pink Cadillac","music","All Ages Buckarooos Night","7p-11p","",""
"3893","2026-02-17","Anchorage","The Carousel Lounge","music","AK Rockstar Karaoke","8p-2a","",""
"3894","2026-02-17","Anchorage","Koot’s","music","The Eternal Cowboys","9p-12a","",""
"3895","2026-02-17","Eagle River","Pratt Museum","community","Storytime at the Pratt: Black History Month","10:30a-11:30a","",""
"3896","2026-02-17","Eagle River","Soldotna Library","community","Toddler Story Time","10:30a-11a","",""
"3897","2026-02-17","Eagle River","Ken’s Garden Center","community","Storytime at Ken’s","10a-11a","",""
"3898","2026-02-17","Eagle River","Justin Cole’s Down East Saloon","music","Taco Tuesday's with Jim Maloney","6:30p-10p","",""
"3899","2026-02-17","Eagle River","Alaska Sea Life Center","community","Winter Nights: Community Game Night","6:30p-8p","",""
"3900","2026-02-17","Eagle River","Lat 65 Brewing Co.","music","Pedals, Pints, & Poles","6p-9p","",""
"3901","2026-02-17","Eagle River","Four Corner’s Lounge","music","Industry Night with DJ Red","8p-?","",""
"3902","2026-02-17","Eagle River","The Crystal Saloon","music","Jazz Jam Tuesday","8p-11p","",""
"3903","2026-02-18","Anchorage","West High School","music","West High Choir Benefit Concert and Silent Auction 6p-??","","",""
"3904","2026-02-18","Anchorage","Alaska Zoo","community","Free Community Storytime","10:30a-11a","",""
"3905","2026-02-18","Anchorage","Pioneer Bar","music","The Eternal Cowboys","10p-1a","",""
"3906","2026-02-18","Anchorage","Koot’s","music","Koots Karaoke","10p-2a","",""
"3907","2026-02-18","Anchorage","Fairview Recreation Center","dance","UAA Dance & Cheer Class: Junior Varsity","5:30p-6:445p","",""
"3908","2026-02-18","Anchorage","Chanshtnu Muldoon Park","music","Skater Tots: Free Skate Rentals","5:30p-7:30p","",""
"3909","2026-02-18","Anchorage","Anchorage Social Dance Club","music","International Folk Dancing","6:30p-8p","",""
"3910","2026-02-18","Anchorage","Sullivan Arena","music","Alaska Fighting Championship 173","7:30p-11p","",""
"3911","2026-02-18","Anchorage","Pink Cadillac","dance","Line Dance Wednesdays","7p-12a","",""
"3912","2026-02-18","Anchorage","Crimson","music","Anchorage DJ Meetup Hosted by DJ Spencer Lee","7p-9p","",""
"3913","2026-02-18","Anchorage","Koot’s","music","Country Night","8p-2a","",""
"3914","2026-02-18","Anchorage","Van’s Dive Bar","music","Karaoke","9p-1a","",""
"3915","2026-02-18","Eagle River","Gerrish Library","community","Family Storytime","10:30a-11:30a","",""
"3916","2026-02-18","Eagle River","Soldotna Library","community","Bouncing Babes Story Time","10:30a-11a","",""
"3917","2026-02-18","Eagle River","Kenai Chamber of Commerce &Visitor Center","music","Kenai Chamber Small Business Symposium & Awards Ceremony","10a-3p","",""
"3918","2026-02-18","Eagle River","Inn at Creek Street","music","The Ukulele Group","3:45p-4:45p","",""
"3919","2026-02-18","Eagle River","The Goods","music","Karaoke Nights","5:30p-8p","",""
"3920","2026-02-18","Eagle River","Kodiak Island Brewing Company","music","Popular Music Trivia","6:30p-7:30p","",""
"3921","2026-02-18","Eagle River","Schwabenhof","music","Open Mic","7:30p-11p","",""
"3922","2026-02-18","Eagle River","Four Corner’s Lounge","music","West Coast Sing Wednesday","7:30p-9:30p","",""
"3923","2026-02-18","Eagle River","Porcupine Theater","music","The Glacier Quartet","7p-?","",""
"3924","2026-02-18","Eagle River","Palmer Alehouse","comedy","Comedy For A Cause w/ Damien Speranza: Alaska Firefighters","7p-9p","",""
"3925","2026-02-18","Eagle River","The Crystal Saloon","music","Open Mic Night","8p-11:30p","",""
"3926","2026-02-18","Eagle River","The Spur","music","Karaoke Night with Rocky!","8p-11p","",""
"3927","2026-02-18","Eagle River","Alaskan Hotel and Bar","music","Karaoke","8p-11p","",""
"3928","2026-02-18","Eagle River","Fairview Inn","music","Open Mic Night","8p-1a","",""
"3929","2026-02-18","Eagle River","Yukon Bar","music","Open Mic Night","8p-2a","",""
"3930","2026-02-19","Anchorage","Chugiak High School","music","Chugiak & Eagle River Drama: The Music Man","7p-9:30p","",""
"3931","2026-02-20","Anchorage","Chugiak High School","music","Chugiak & Eagle River Drama: The Music Man","7p-9:30p","",""
"3932","2026-02-21","Anchorage","Chugiak High School","music","Chugiak & Eagle River Drama: The Music Man","7p-9:30p","",""
"3933","2026-03-11","Eagle River","The Spur","music","Karaoke Night with Rocky!","8p-11p","",""
"3934","2026-03-11","Juneau","Inn at Creek Street","music","The Ukulele Group","3:45p-4:45p","",""
"3935","2026-03-11","Juneau","Schwabenhof","music","Open Mic","7:30p-11p","",""
"3936","2026-03-11","Juneau","Four Corner’s Lounge","music","West Coast Sing Wednesday","7:30p-9:30p","",""
"3937","2026-03-11","Juneau","Sheldon Community Arts Hanger","music","Bon Debarras","7p-3p","",""
"3938","2026-03-11","Juneau","The Crystal Saloon","music","Open Mic Night","8p-11:30p","",""
"3939","2026-03-11","Juneau","Alaskan Hotel and Bar","music","Karaoke","8p-11p","",""
"3940","2026-03-11","Juneau","Fairview Inn","music","Open Mic Night","8p-1a","",""
"3941","2026-03-11","Juneau","Yukon Bar","music","Open Mic Night","8p-2a","",""
"3942","2026-03-12","Eagle River","Fairbanks Library","community","Preschool Storytime","10:30a-11:15p & 1:30p-2:15p","",""
"3943","2026-03-12","Eagle River","Chugiak-Eagle River Library","community","Family Storytime","10:30a-11p","",""
"3944","2026-03-12","Eagle River","Tanana Lakes Recreation Area","festival","Tanana Lakes Springfest","11a-3p","",""
"3945","2026-03-12","Eagle River","Polar Ice","music","Open Skate: Paw Patrol","2:45p-4:45p","",""
"3946","2026-03-12","Eagle River","HooDoo Brewing","community","St. Patrick’s Beer Run & Shoe Demo","5:45p-?","",""
"3947","2026-03-12","Eagle River","HooDoo Brewing","comedy","Stand-Up Comedy w/ Geoffrey Asmus","9p-10p","",""
"3948","2026-03-12","Girdwood","AJ’s Old Town Steakhouse & Tavern","music","Piano Music by Erica","6p-8p","",""
"3949","2026-03-12","Girdwood","Alibi Bar & Café","music","Karaoke Night","9p-12:30a","",""
"3950","2026-03-12","Juneau","Soldotna Library","community","Pre-School Story Time","10:30a-11a","",""
"3951","2026-03-12","Juneau","Marie Drake Planetarium","music","Juneau Audubon Society presents: Birds and Artificial Light At Night","6:30p-?","",""
"3952","2026-03-12","Juneau","Chapel by the Lake","dance","Thursday Night Dance Social: Texas Two-Step","6:30p-8:30p","",""
"3953","2026-03-12","Juneau","Sheldon Community Arts Hanger","music","Krew Fewd 2","6p-?","",""
"3954","2026-03-12","Juneau","Palmer Alehouse","music","Unplugged: The Robotz + Turbo and the Butterfly","6p-9p","",""
"3955","2026-03-12","Juneau","105.3 FM KRBD","music","Ketchikan Arts & Humanities Council: Arts Report","8:20a-8:35a","",""
"3956","2026-03-12","Juneau","The Crystal Saloon","music","Karaoke Night","8p-12a","",""
"3957","2026-03-12","Juneau","North Pole Alehouse","music","Karaoke Thursdays with Rocky Barnette","8p-12a","",""
"3958","2026-03-12","Juneau","Yukon Bar","music","Karaoke","8p-2a","",""
"3959","2026-03-12","Juneau","Alaskan Hotel and Bar","music","Open Mic","9p-11p","",""
"3960","2026-03-13","Anchorage","Susitna Brewing","music","Schaefer Mueller Live","6p-9p","",""
"3961","2026-03-13","Eagle River","The International Hotel & Bar","music","Latin Night w/ DJ Osito","10p-?","",""
"3962","2026-03-13","Eagle River","Hering Auditorium","music","Dustbowl Revival and Hot Club of Cowtown","7:30p-?","",""
"3963","2026-03-13","Eagle River","Odd Man Rush","music","Acoustic Oosik & Wrick Luv","7p-11p","",""
"3964","2026-03-13","Eagle River","Warrior Zone","music","Karaoke Night","7p-12a","",""
"3965","2026-03-13","Eagle River","The Basement","comedy","Stand-Up Comedy w/ Geoffrey Asmus","8p-10p","",""
"3966","2026-03-13","Girdwood","Kachemak Bay Recovery Connection","music","Live Music with Cody Burch","7p-9:30p","",""
"3967","2026-03-13","Girdwood","Sitzmark","music","Live at the Sitz: SunDog","9p-12a","",""
"3968","2026-03-13","Girdwood","Pioneer Bar","music","Open Mic","9p-1a","",""
"3969","2026-03-13","Juneau","The Goods","music","Karaoke w/ Edencraft","5:30p-8p","",""
"3970","2026-03-13","Juneau","Alaskana Social Club","music","Live Music w/ Allie Keck","5p-8p","",""
"3971","2026-03-13","Juneau","Vintage Food Truck Park","music","2nd Annual Luck of the Food Trucks","6p-9p","",""
"3972","2026-03-13","Juneau","Sheldon Community Arts Hanger","music","Oosik Movie Night: The Last King","7:30p-?","",""
"3973","2026-03-13","Juneau","Juneau Arts & Culture Center","music","Juneau Big Band: Dust Off the Rust","7p-10p","",""
"3974","2026-03-13","Juneau","Palmer Alehouse","music","Unplugged: Ken Peltier & Friends","7p-10p","",""
"3975","2026-03-13","Juneau","American Legion Post 15","music","Karaoke","7p-11p","",""
"3976","2026-03-13","Juneau","Silver Fox Inn","music","HarpDaddy meets Jesse James","7p-11p","",""
"3977","2026-03-13","Juneau","The Creek Street Cabaret","dance","Square Dance w/ the Free Radicals","7p-9p","",""
"3978","2026-03-13","Juneau","Kodiak Arts Council","music","Romeo & Juliet","7p-9p","",""
"3979","2026-03-13","Juneau","Schwabenhof","music","Karaoke Night","8p-11p","",""
"3980","2026-03-13","Juneau","Four Corner’s Lounge","music","Schaefer Mueller & The Neon Highway","9p-1a","",""
"3981","2026-03-14","Anchorage","Jewel Lake Parish","music","SCA Kingdom of the West: Eskalya Pi Day","10:30a-5p","",""
"3982","2026-03-14","Anchorage","Koot’s","music","Velvet La La","10:30p-2a","",""
"3983","2026-03-14","Anchorage","Studio 49","community","Sweet Cheeks Cabaret: Burlesque Basics Class w/ DeeDee S.Emme","11a-12p","",""
"3984","2026-03-14","Anchorage","Pink Cadillac","music","NOCHE DE BANDA, Corridos Y CUMBIA","11p-3a","",""
"3985","2026-03-14","Anchorage","Anchorage House of Harley Davidson","music","Heartburn Chili Cook Off","12p-3p","",""
"3986","2026-03-14","Anchorage","The Nave Spenard","music","Spenard Song Circle Annual Fundraiser Songwriter Workshop, Open Mic, & Performances by Emma Hill, Evan Phillips, & Rosie Rush","2p-9p","",""
"3987","2026-03-14","Anchorage","Arctic Valley Ski Area","music","Spring Break with Pete Kartsounes Live","3:30p-6:30p","",""
"3988","2026-03-14","Anchorage","49th State Brewing","music","Fur Rondy Melodrama: Pirates of the Aleutians- Saloon Girls Gone Wild","3p-5p & 7:30p-9:30p","",""
"3989","2026-03-14","Anchorage","Blarney Stone","music","The Good ol' Good Ones and Jacob & Ken","6p-11:30","",""
"3990","2026-03-14","Anchorage","Williwaw Social","comedy","ComedySportz: All-Ages Improv Comedy","6p-8:30p","",""
"3991","2026-03-14","Anchorage","The Workshop","dance","All-Ages Annnual Spring Break Dance","6p-8p","",""
"3992","2026-03-14","Anchorage","49th State Brewing","music","Irish Food Specials & Live Irish Music w/ Bosca Ceoil","6p-9p","",""
"3993","2026-03-14","Anchorage","Gumbo House","music","Piano Bar Saturdays w/ MJ Riemann","6p-9p","",""
"3994","2026-03-14","Anchorage","Alaska Center for the Performing Arts","music","Dustbowl Revival & Hot Club of Cowtown","7:30p-10p","",""
"3995","2026-03-14","Anchorage","Arctic Academie de Danse","dance","Urban Kiz Dance Lesson & Social Dance","7p-11p","",""
"3996","2026-03-14","Anchorage","Turnagain Brewing","comedy","Rubber Ptarmigan: Frambwahaha Comedy Show","7p-8:30p","",""
"3997","2026-03-14","Anchorage","Alaska Zoo","music","Zoo Lights","7p-9:30p","",""
"3998","2026-03-14","Anchorage","Anchorage Community Theatre","music","Marvel: Alaska’s First Female Aviator","7p-9p","",""
"3999","2026-03-14","Anchorage","Mad Myrna’s","music","Mad Myrna's Presents: Grease","7p-9p","",""
"4000","2026-03-14","Anchorage","Beartooth Theatrepub","music","2026 Shamrock Shuffle","8a-?","",""
"4001","2026-03-14","Anchorage","Van’s Dive Bar","music","Turbo Hell, The Ouija BeeGees, and Dreamcat","8p-?","",""
"4002","2026-03-14","Anchorage","Broken Blender","music","Sweet Cheeks Cabaret: Vaudeville Vibes, A Variety Show","8p-10p","",""
"4003","2026-03-14","Anchorage","Broken Blender","music","Karaoke w/ DJ Charms","8p-12a","",""
"4004","2026-03-14","Anchorage","Humpy’s","music","Pints & Pub Songs with Rogues & Wenches","8p-1a","",""
"4005","2026-03-14","Anchorage","Williwaw Social","dance","St. PRACTICE Day Dance Party w/ DJ Militant & DJ Cross","8p-2a","",""
"4006","2026-03-14","Anchorage","Flattop Pizza & Pool","music","DJ JRock","9:30p-12a","",""
"4007","2026-03-14","Anchorage","Anchorage Social Dance Club","dance","Dance Lessons & Social Dance","9:30p-2a","",""
"4008","2026-03-14","Anchorage","Hilltop Ski Area","music","Methodology Snowboard Event","9p-?","",""
"4009","2026-03-14","Anchorage","Oriental Garden","music","Weekly Karaoke Contest","9p-1:30a","",""
"4010","2026-03-14","Anchorage","Mad Myrna’s","music","Mad Myrna's Diva Variety Show","9p-11:30p","",""
"4011","2026-03-14","Anchorage","The Carousel Lounge","music","Live Music w/ Santoro","9p-1a","",""
"4012","2026-03-14","Anchorage","Koot’s","music","Spenard Boiler Room XV","9p-2:30a","",""
"4013","2026-03-14","Anchorage","The Raven Bar","music","Get Lucky Underwear Party w/ Bodelia James","9p-2:30a","",""
"4014","2026-03-14","Anchorage","Time Out Lounge","music","Blast From The Past","9p-2:30a","",""
"4015","2026-03-14","Eagle River","The International Hotel & Bar","music","Marc Brown and The Blues Crew","10p-?","",""
"4016","2026-03-14","Eagle River","Pioneer Park Theatre","theatre","Missoula Children Theatre's Red Riding Hood","3p-?","",""
"4017","2026-03-14","Eagle River","Last Frontier CAC","music","Murder on the Bayou: Mardi Gras Mystery Party","5p-8p","",""
"4018","2026-03-14","Eagle River","Polar Ice","music","Open Skate: St. Patty's The Luck of the Irish","6p-8p","",""
"4019","2026-03-14","Eagle River","Lat 65 Brewing Co.","music","St.Paddy's w/ Steve Brown & the Bailers","7:30p-?","",""
"4020","2026-03-14","Eagle River","Palace Theater","music","Cabaret Night: Second Saturdays at Seven","7p-8:30p","",""
"4021","2026-03-14","Eagle River","Pakalolo Coffee Shop","comedy","Stand-Up Comedy w/ Geoffrey Asmus","7p-9p","",""
"4022","2026-03-14","Eagle River","Odd Man Rush","music","The Ken Peltier Band","8p-10p","",""
"4023","2026-03-14","Girdwood","Pratt Museum","music","Second Saturday at the Pratt: Free Admission","11a-4p","",""
"4024","2026-03-14","Girdwood","AJ’s Old Town Steakhouse & Tavern","music","Piano Music by Sunrise Kilcher","6p-8p","",""
"4025","2026-03-14","Girdwood","Sitzmark","music","Live at the Sitz: SunDog","9p-12a","",""
"4026","2026-03-14","Girdwood","Pioneer Bar","music","Karaoke Night","9p-1a","",""
"4027","2026-03-14","Juneau","Kodiak Market Place","music","Second Saturday St. Patrick’s Shenanigans","10:30p-?","",""
"4028","2026-03-14","Juneau","Borough Community Gym","music","Aurora Realms: A Gamer Convention","11a-6p","",""
"4029","2026-03-14","Juneau","Willow Community Center","music","Sled for Hope 2026","12p-?","",""
"4030","2026-03-14","Juneau","Valdez Brewing","music","St. Paddys Pie-Day Shenanigans w/ Moon Doggies Live","2p-9p","",""
"4031","2026-03-14","Juneau","Hatcher Pass Lodge","music","Bug In A Rug","4p-7p","",""
"4032","2026-03-14","Juneau","Bleeding Heart Brewery","music","St. Patrick’s Saturday w/ Live Music & Food","4p-8p","",""
"4033","2026-03-14","Juneau","Devil’s Club Brewing","music","St. Paddy’s Beer Choir","6:30p-?","",""
"4034","2026-03-14","Juneau","Last Frontier Brewing","music","Schaefer Mueller","6p-9p","",""
"4035","2026-03-14","Juneau","The Crystal Saloon","music","Blue Nagoon ft. Short Notice","7:30p-?","",""
"4036","2026-03-14","Juneau","Breeze Inn Seward","comedy","Comedy & Cocktails","7:30p-?","",""
"4037","2026-03-14","Juneau","St. Ann’s Parish Hall","dance","Contra Dance w/ Full Circle","7:30p-10:30p","",""
"4038","2026-03-14","Juneau","Sitka Performing Arts Center","music","The Original Artist Grind","7p-?","",""
"4039","2026-03-14","Juneau","Sheldon Community Arts Hanger","music","Roland Roberts Band: Oosik Afterparty","7p-?","",""
"4040","2026-03-14","Juneau","American Legion Post 15","music","Karaoke","7p-11p","",""
"4041","2026-03-14","Juneau","Silver Fox Inn","music","Glacier Blues Band","7p-11p","",""
"4042","2026-03-14","Juneau","Kodiak Arts Council","music","Romeo & Juliet","7p-9p","",""
"4043","2026-03-14","Juneau","Odess Theater","music","Sitka EDM: Aurora Show","8:30p-12a","",""
"4044","2026-03-14","Juneau","Red Dog Saloon","music","Fire on McGinnis","8p-11p","",""
"4045","2026-03-14","Juneau","Fairview Inn","music","The Getting Stranger","8p-1a","",""
"4046","2026-03-14","Juneau","North Pole Alehouse","music","St. Patrick’s Day w/ DJ Traxx","9p-?","",""
"4047","2026-03-14","Juneau","Four Corner’s Lounge","music","Schaefer Mueller & The Neon Highway","9p-1a","",""
"4048","2026-03-14","Juneau","Yukon Bar","music","Karaoke","9p-2a","",""
"4049","2026-03-14","Juneau","Yukon Bar","dance","St. Patrick's Dance Party w/ DJ Hankerchief","9p-2a","",""
"4050","2026-03-15","Anchorage","Koot’s","music","Koots Karaoke","10p-2a","",""
"4051","2026-03-15","Anchorage","Pioneer Bar","music","Industry Night w/ Joe Brady","10p-2a","",""
"4052","2026-03-15","Anchorage","The Wildbirch Hotel","community","Ales for Tails: Brunch for A Cause","11a-?","",""
"4053","2026-03-15","Anchorage","Midnight Sun Theater","music","MST’s Improv Dojo","12:30p-2p","",""
"4054","2026-03-15","Anchorage","Arctic Valley Ski Area","music","Spring Break with Pete Kartsounes Live","12:30p-3:30p","",""
"4055","2026-03-15","Anchorage","Point Waranzof","music","Maslenitsa","1p-4p","",""
"4056","2026-03-15","Anchorage","Beartooth Theatrepub","music","The Oscars Watch Party","2p-?","",""
"4057","2026-03-15","Anchorage","Arctic Valley Ski Area","music","Rousted By Bulls Live","3:30p-6:30p","",""
"4058","2026-03-15","Anchorage","Anchorage Community Theatre","music","Marvel: Alaska’s First Female Aviator","3p-5p","",""
"4059","2026-03-15","Anchorage","VFW Post 1685","music","Benefit Night for Tyrone Palmer","4:30p-8:30p","",""
"4060","2026-03-15","Anchorage","Anchorage Social Dance Club","dance","Country Dance Nights: Line Dancing & Swing","6:30p-10p","",""
"4061","2026-03-15","Anchorage","Billiard Palace","music","Sunday Blues Jam w/ Rebel Blues Band","6p-10p","",""
"4062","2026-03-15","Anchorage","49th State Brewing","music","Irish Food Specials & Live Irish Music w/ Andrea Childers","6p-9p","",""
"4063","2026-03-15","Anchorage","Susitna Brewing","music","Open Mic Night","6p-9p","",""
"4064","2026-03-15","Anchorage","Changepoint","dance","International Cha Cha Lesson & Open Dance","7:45p-10p","",""
"4065","2026-03-15","Anchorage","Koot’s","comedy","Comedy Open Mic","8:30p-10p","",""
"4066","2026-03-15","Anchorage","Time Out Lounge","music","Open Jam with Blast From The Past","8:30p-1a","",""
"4067","2026-03-15","Anchorage","Van’s Dive Bar","music","Open Mic Night","8p-11p","",""
"4068","2026-03-15","Anchorage","Mad Myrna’s","music","Karaoke","9p-12a","",""
"4069","2026-03-15","Anchorage","The Carousel Lounge","music","Sunday Karaoke","9p-2a","",""
"4070","2026-03-15","Eagle River","Pakalolo Coffee Shop","comedy","Stoney Comedy Brunch w/ Geoffrey Asmus","12p-2p","",""
"4071","2026-03-15","Eagle River","Jalapeno’s Mexican Restaurant","music","Loteria Night","5p-8p","",""
"4072","2026-03-15","Juneau","Salmon Landing","music","St. Paddy's Day Parade!","2p-3:30p","",""
"4073","2026-03-15","Juneau","Kodiak Arts Council","music","Romeo & Juliet","2p-4p","",""
"4074","2026-03-15","Juneau","Juneau Arts & Culture Center","music","Juneau Piano Series: Andrew Brownell","3p-4:30p","",""
"4075","2026-03-15","Juneau","Red Dog Saloon","music","Sunday Social Dancing & Lessons","6p-9p","",""
"4076","2026-03-15","Juneau","The Creek Street Cabaret","music","Open Mic Night w/ Joe Williams","6p-9p","",""
"4077","2026-03-15","Juneau","Four Corner’s Lounge","music","Karaoke","8p-?","",""
"4078","2026-03-16","Anchorage","Fire Island Bakery @ K Street Market","music","Weekly Jazz Jam","6:30p-9:30p","",""
"4079","2026-03-16","Anchorage","Writer’s Block Bookstore & Cafe","music","Auditions for “Gaslight (Angel Street)”","6p-?","",""
"4080","2026-03-16","Anchorage","Studio 49","community","Sweet Cheeks Cabaret: Burlesque Basics Class w/ DeeDee S.Emme","7p-8p","",""
"4081","2026-03-16","Anchorage","Anchorage Social Dance Club","dance","Learn to Square Dance","7p-9p","",""
"4082","2026-03-16","Anchorage","Koot’s","music","The Monday Mic w/ Boobs","9p-12a","",""
"4083","2026-03-16","Juneau","Kenai Chamber of Commerce &Visitor Center","community","Story Time: ""Salmon Stream""","11a-?","",""
"4084","2026-03-16","Juneau","The Goods","music","Friends of Mike Morgan Song Circle","5p-7p","",""
"4085","2026-03-17","Anchorage","JBER Library","music","Preschool Storytime: Music","10:30a-11p","",""
"4086","2026-03-17","Anchorage","Pink Cadillac","music","All Ages Buckarooos Night","7p-11p","",""
"4087","2026-03-17","Anchorage","Anchorage Museum","community","Trail Tales Storytelling Series","7p-9p","",""
"4088","2026-03-17","Anchorage","Van’s Dive Bar","music","Live Irish Music from Whiskey Jacks","8p-?","",""
"4089","2026-03-17","Anchorage","The Carousel Lounge","music","AK Rockstar Karaoke","8p-2a","",""
"4090","2026-03-17","Anchorage","Koot’s","music","The Eternal Cowboys","9p-12a","",""
"4091","2026-03-17","Eagle River","Wainwright Last Community Activity Center","community","Post Library Story Time","11a-12p","",""
"4092","2026-03-17","Eagle River","The International Hotel & Bar","music","St. Patrick's Day w/ Red Hackle Band","3p-?","",""
"4093","2026-03-17","Eagle River","Lat 65 Brewing Co.","music","Pedals, Pints, & Poles","6p-9p","",""
"4094","2026-03-17","Eagle River","Odd Man Rush","music","Anchorage Firefighters IAFF Local 1264's Pipes & Drums Band","7p-?","",""
"4095","2026-03-17","Girdwood","Pratt Museum","community","Storytime at the Pratt: Outstanding Otters","10:30a-11:30a","",""
"4096","2026-03-17","Girdwood","Justin Cole’s Down East Saloon","music","Taco Tuesday's with Jim Maloney","6:30p-10p","",""
"4097","2026-03-17","Juneau","Soldotna Library","community","Toddler Story Time","10:30a-11a","",""
"4098","2026-03-17","Juneau","Ken’s Garden Center","community","Storytime at Ken’s","10a-11a","",""
"4099","2026-03-17","Juneau","Sitka Elks #1662","music","St. Patrick's Day Dinner w/ Live Music","5p-8p","",""
"4100","2026-03-17","Juneau","Nonna’s Osteria","music","Jesse Ruben Live","7p","",""
"4101","2026-03-17","Juneau","The Crystal Saloon","music","Michael Kirkpatrick","8p-?","",""
"4102","2026-03-17","Juneau","The Creek Street Cabaret","music","Bear Bones & DJ Thomas Brooks","8p-?","",""
"4103","2026-03-17","Juneau","Four Corner’s Lounge","music","Industry Night with DJ Red","8p-?","",""
"4104","2026-03-17","Juneau","The Crystal Saloon","music","Jazz Jam Tuesday","8p-11p","",""
"4105","2026-03-18","Anchorage","Alaska Zoo","community","Free Community Storytime","10:30a-11a","",""
"4106","2026-03-18","Anchorage","Pioneer Bar","music","The Eternal Cowboys","10p-1a","",""
"4107","2026-03-18","Anchorage","Koot’s","music","Koots Karaoke","10p-2a","",""
"4108","2026-03-18","Anchorage","Anchorage Social Dance Club","music","International Folk Dancing","6:30p-8p","",""
"4109","2026-03-18","Anchorage","Organic Oasis","music","Poetry Parlay","6p-8p","",""
"4110","2026-03-18","Anchorage","The Art Lounge AK","community","Community Crafting and Movie Night: Spirited Away","6p-9p","",""
"4111","2026-03-18","Anchorage","UAA Main Stage Theatre","music","UAA Jazz Ensemble Presents Voices of Jazz, A Celebration of Jazz Songs","7:30p-9p","",""
"4112","2026-03-18","Anchorage","907 Alehouse","music","Tyrone & Friends","7p-10p","",""
"4113","2026-03-18","Anchorage","Pink Cadillac","dance","Line Dance Wednesdays","7p-12a","",""
"4114","2026-03-18","Anchorage","Koot’s","music","Country Night","8p-2a","",""
"4115","2026-03-18","Anchorage","Van’s Dive Bar","music","Karaoke","9p-1a","",""
"4116","2026-03-18","Eagle River","The Spur","music","Karaoke Night with Rocky!","8p-11p","",""
"4117","2026-03-18","Juneau","Soldotna Library","community","Bouncing Babes Story Time","10:30a-11a","",""
"4118","2026-03-18","Juneau","Inn at Creek Street","music","The Ukulele Group","3:45p-4:45p","",""
"4119","2026-03-18","Juneau","The Goods","music","Karaoke Nights","5:30p-8p","",""
"4120","2026-03-18","Juneau","Schwabenhof","music","Open Mic","7:30p-11p","",""
"4121","2026-03-18","Juneau","Four Corner’s Lounge","music","West Coast Sing Wednesday","7:30p-9:30p","",""
"4122","2026-03-18","Juneau","The Crystal Saloon","music","Open Mic Night","8p-11:30p","",""
"4123","2026-03-18","Juneau","Alaskan Hotel and Bar","music","Karaoke","8p-11p","",""
"4124","2026-03-18","Juneau","Fairview Inn","music","Open Mic Night","8p-1a","",""
"4125","2026-03-18","Juneau","Yukon Bar","music","Open Mic Night","8p-2a","",""
"4126","2026-03-20","Juneau","Everett’s Restaurant","comedy","Comedy Show w/ Eddie Ifft","7:30p-?","",""
"4127","2026-03-21","Hope","Creekbend Company","music","Up A Mountain","6p-9p","",""
"4128","2026-07-15","Eagle River","Homestead Lounge","music","Karaoke Night w/ KJ Smoke","8p-12a","https://akconcets.us20.list-manage.com/track/click?u=7bd13a48fecb63b6d795caadf&id=e982562f83&e=be0392aff7",""
"4129","2026-07-15","Fairbanks","The Palace Theater","music","Golden Heart Revue","8:15p-9:15p","https://www.akvisit.com/palace-theatre?fbclid=IwY2xjawR7CNdleHRuA2FlbQIxMABicmlkETFZQTc5Q1NiWm16bDhNY0RZc3J0YwZhcHBfaWQQMjIyMDM5MTc4ODIwMDg5MgABHrK_LgMLEgXX7mcIrxnzr8jTJ9RaI_Lt7mvGG48tR-IMPMLVZRSzqN26Ewga_aem_RqdeQf5Ku3SEWvV41NwhHg",""
"4130","2026-07-15","Fairbanks","The Spur","music","Karaoke Night with Rocky!","8p-11p","https://akconcets.us20.list-manage.com/track/click?u=7bd13a48fecb63b6d795caadf&id=e982562f83&e=be0392aff7",""
"4131","2026-07-15","Juneau","The Crystal Saloon","music","Open Mic Night","8p-11:30p","https://www.facebook.com/photo/?fbid=1507990474662996&set=a.752367223558662",""
"4132","2026-07-15","Juneau","Alaskan Hotel and Bar","music","Karaoke","8p-11p","https://www.facebook.com/BrokenBlenderAK",""
"4133","2026-07-15","Ketchikan","Ketchikan Dock","music","Music on the Dock: Dave, Hannah, and Chazz","12p-1p","https://www.ketchikanarts.org/programs-events/music-on-the-dock-summer-concert-series.html",""
"4134","2026-07-15","Ketchikan","Inn at Creek Street","music","The Ukulele Group","3:45p-4:45p","https://www.ketchikanarts.org/events-performances/full-arts-calendar.html/event/2026/06/03/1780533900/the-ukelele-group-/521570",""
"4135","2026-07-15","Palmer","Bleeding Heart Brewery","music","Mario Carboni Live","5p-7p","https://www.facebook.com/events/2217529165745705/?acontext=%7B%22event_action_history%22%3A%5b%7B%22mechanism%22%3A%22discovery_custom_tab%22%2C%22surface%22%3A%22bookmark%22%7D%5d%2C%22ref_notif_type%22%3Anull%7D",""
"4136","2026-07-15","Palmer","Four Corner’s Lounge","music","West Coast Sing Wednesday","7:30p-9:30p","https://www.facebook.com/photo/?fbid=1411992579757709&set=gm.1053059570049116",""
"4137","2026-07-15","Seward","Yukon Bar","music","Karaoke with Raunchy Rachel","9p-1a","https://akconcets.us20.list-manage.com/track/click?u=7bd13a48fecb63b6d795caadf&id=e982562f83&e=be0392aff7",""
"4138","2026-07-15","Soldotna","Soldotna Library","community","Bouncing Babes Story Time","10:30a-11a","https://www.facebook.com/events/843086674966253/843086688299585/?acontext=%7B%22event_action_history%22%3A%5b%7B%22extra_data%22%3A%22%22%2C%22mechanism%22%3A%22surface%22%2C%22surface%22%3A%22permalink%22%7D%2C%7B%22extra_data%22%3A%22%22%2C%22mech",""
"4139","2026-07-15","Soldotna","Soldotna Creek Park","music","Levitt Amp Music Series: Kuf Knotz & Christine Elise w/ Guy Patterson Opening","6p-9p","https://www.vansdivebaralaska.com/music-schedule",""
"4140","2026-07-15","Talkeetna","Denali Brewing Company","music","Jimmy Sandy","6p-8","https://www.facebook.com/photo/?fbid=1590844869717640&set=pb.100063764251860.-2207520000",""
"4141","2026-07-15","Wasilla","Schwabenhof","music","Open Mic","7:30p-11p","https://akconcets.us20.list-manage.com/track/click?u=7bd13a48fecb63b6d795caadf&id=2020d45d02&e=be0392aff7",""
"4142","2026-07-16","Chugiak","Lee Jordan Field","community","Free Baseball Game: Chugiak-Eagle River Chinooks vs the Oilers","6p-?","https://www.facebook.com/events/1320416256920916/?acontext=%7B%22event_action_history%22%3A%5b%7B%22mechanism%22%3A%22discovery_custom_tab%22%2C%22surface%22%3A%22bookmark%22%7D%5d%2C%22ref_notif_type%22%3Anull%7D",""
"4143","2026-07-16","Cooper Landing","Gwin’s Lodge","music","Seth Malone Band (Request Night)","7p-10p","https://www.facebook.com/photo/?fbid=1625154909614942&set=a.954924113304695",""
"4144","2026-07-16","Eagle River","Chugiak-Eagle River Library","music","Magic by Robbie Cannon","12p-1p","https://www.facebook.com/events/1012360481382853/",""
"4145","2026-07-16","Eagle River","Homestead Lounge","dance","Dance Lessons with Shufflin Country Style","8p-9p","https://www.facebook.com/photo/?fbid=956976277112870&set=gm.992446826503991",""
"4146","2026-07-16","Eagle River","Homestead Lounge","music","Country Night w/ DJ AumanJoy","9p-2a","https://www.facebook.com/HomesteadLounge",""
"4147","2026-07-16","Ester","Malemute Saloon & Gold Camp","music","Open Mic Night","7:30p-11:30p","https://www.facebook.com/photo/?fbid=1507990474662996&set=a.752367223558662",""
"4148","2026-07-16","Fairbanks","Tanana Valley State Fair Grounds","music","Backyard Country BBQ w/ The Band Perry","5-?","https://www.facebook.com/events/1564385905104121/?acontext=%7B%22event_action_history%22%3A%5b%7B%22mechanism%22%3A%22discovery_custom_tab%22%2C%22surface%22%3A%22bookmark%22%7D%5d%2C%22ref_notif_type%22%3Anull%7D",""
"4149","2026-07-16","Fairbanks","Fairbanks Community Band Hall","music","Free Youth Concert Band Rehearsals","5p-6p","https://www.facebook.com/events/1521883622657906/1521883639324571/?acontext=%7B%22event_action_history%22%3A%5b%7B%22mechanism%22%3A%22surface%22%2C%22surface%22%3A%22permalink%22%7D%5d%2C%22ref_notif_type%22%3Anull%7D",""
"4150","2026-07-16","Fairbanks","The Palace Theater","music","Golden Heart Revue","8:15p-9:15p","https://www.akvisit.com/palace-theatre?fbclid=IwY2xjawR7CNdleHRuA2FlbQIxMABicmlkETFZQTc5Q1NiWm16bDhNY0RZc3J0YwZhcHBfaWQQMjIyMDM5MTc4ODIwMDg5MgABHrK_LgMLEgXX7mcIrxnzr8jTJ9RaI_Lt7mvGG48tR-IMPMLVZRSzqN26Ewga_aem_RqdeQf5Ku3SEWvV41NwhHg",""
"4151","2026-07-16","Fairbanks","The Marlin","music","Open Mic Night","8p-11p","https://www.facebook.com/photo/?fbid=1507990474662996&set=a.752367223558662",""
"4152","2026-07-16","Fairbanks","The International Hotel & Bar","music","Karaoke with Angel","8p-2a","https://akconcets.us20.list-manage.com/track/click?u=7bd13a48fecb63b6d795caadf&id=e982562f83&e=be0392aff7",""
"4153","2026-07-16","Girdwood","Gerrish Community Library","music","Natalie Gelman Live","6p-9p","https://www.facebook.com/events/988716667353734/?acontext=%7B%22event_action_history%22%3A%5b%7B%22mechanism%22%3A%22discovery_custom_tab%22%2C%22surface%22%3A%22bookmark%22%7D%5d%2C%22ref_notif_type%22%3Anull%7D",""
"4154","2026-07-16","Girdwood","Jack Sprat","music","Natalie Gelman LIVE","6p-9p","https://www.facebook.com/events/988716667353734/?acontext=%7B%22event_action_history%22%3A%5b%7B%22mechanism%22%3A%22discovery_custom_tab%22%2C%22surface%22%3A%22bookmark%22%7D%5d%2C%22ref_notif_type%22%3Anull%7D",""
"4155","2026-07-16","Homer","Pratt Museum","music","Guided tours of the Botanical Gardens, Homestead Garden, & Forest Trails.","11a-12p","https://www.facebook.com/events/27331907429732951/27331907486399612/?acontext=%7B%22event_action_history%22%3A%5b%7B%22extra_data%22%3A%22%22%2C%22mechanism%22%3A%22surface%22%2C%22surface%22%3A%22permalink%22%7D%2C%7B%22extra_data%22%3A%22%22%2C%22",""
"4156","2026-07-16","Homer","Homer Council on the Arts","music","Community Jam Sessions","6:30p-9p","https://www.facebook.com/events/987084407583120/987084464249781/?acontext=%7B%22event_action_history%22%3A%5b%7B%22extra_data%22%3A%22%22%2C%22mechanism%22%3A%22surface%22%2C%22surface%22%3A%22permalink%22%7D%2C%7B%22extra_data%22%3A%22%22%2C%22mech",""
"4157","2026-07-16","Homer","AJ’s Old Town Steakhouse & Tavern","music","Piano Music by Erica","6p-8p","https://www.homeralaska.org/event/piano-by-sunrise-kilcher/19/",""
"4158","2026-07-16","Homer","Pier One Theatre","music","Our Town by Thornton Wilder","7:30p-10p","https://www.facebook.com/events/1571372071056224/1571372104389554/?active_tab=about",""
"4159","2026-07-16","Homer","The Porcupine Theater","music","USETHEMAP, Louser, & DiscopianS","7:30p-9:30p","https://www.facebook.com/events/1030543806076472/",""
"4160","2026-07-16","Homer","Alibi Bar & Café","music","Karaoke Night","9p-12:30a","https://akconcets.us20.list-manage.com/track/click?u=7bd13a48fecb63b6d795caadf&id=e982562f83&e=be0392aff7",""
"4161","2026-07-16","Juneau","Juneau Social Dance","dance","Argentine Tango Dance Series","6:30p-8:30p","https://www.facebook.com/events/27462717590082205/27462717613415536/?acontext=%7B%22event_action_history%22%3A%5b%7B%22mechanism%22%3A%22surface%22%2C%22surface%22%3A%22permalink%22%7D%5d%2C%22ref_notif_type%22%3Anull%7D",""
"4162","2026-07-16","Juneau","The Crystal Saloon","music","Karaoke Night","8p-12a","https://akconcets.us20.list-manage.com/track/click?u=7bd13a48fecb63b6d795caadf&id=e982562f83&e=be0392aff7",""
"4163","2026-07-16","Juneau","Alaskan Hotel and Bar","music","Open Mic","9p-11p","https://akconcets.us20.list-manage.com/track/click?u=7bd13a48fecb63b6d795caadf&id=2020d45d02&e=be0392aff7",""
"4164","2026-07-16","Kenai","Skeet’s Dive Bar","music","Milfs Night Out with Ellie Nelson","7p-9p","https://www.instagram.com/p/DaG8UJ4Bijd/",""
"4165","2026-07-16","Ketchikan","Ketchikan Dock","music","Music on the Dock: Evan Porter","12p-1p","https://www.ketchikanarts.org/events-performances/",""
"4166","2026-07-16","Ketchikan","105.3 FM KRBD","music","Ketchikan Arts & Humanities Council: Arts Report","8:20a-8:35a","https://www.ketchikanarts.org/events-performances/full-arts-calendar.html",""
"4167","2026-07-16","Ketchikan","Totem Bar","music","Open Mic Night","8p-10p","https://www.facebook.com/photo/?fbid=1507990474662996&set=a.752367223558662",""
"4168","2026-07-16","McCarthy","The Golden Saloon","music","Open Mic Night","","https://www.facebook.com/photo/?fbid=1507990474662996&set=a.752367223558662",""
"4169","2026-07-16","North Pole","North Pole Alehouse","music","Karaoke Thursdays with Rocky Barnette","8p-12a","https://akconcets.us20.list-manage.com/track/click?u=7bd13a48fecb63b6d795caadf&id=e982562f83&e=be0392aff7",""
"4170","2026-07-16","Palmer","Palmer Alehouse","music","Wayward Shot & Red Flags","7p-10p","https://www.facebook.com/events/1859832864979762/",""
"4171","2026-07-16","Seward","Yukon Bar","dance","Dance Night w/ DJ Waitwat","9p-2a","https://www.facebook.com/photo.php?fbid=1495877732548962&set=pb.100063802472762.-2207520000&type=3",""
"4172","2026-07-16","Skagway","Skagway Library","community","Summer Reading Program: History & Archeology w/ the NPS","10:30a-11:30a","https://www.facebook.com/events/27438069035811649/27438069075811645/?active_tab=about",""
"4173","2026-07-16","Soldotna","Soldotna Library","community","Preschool Storytime","10:30a-11a","https://www.facebook.com/events/26994401710190027/26994401746856690/?acontext=%7B%22event_action_history%22%3A%5b%7B%22mechanism%22%3A%22surface%22%2C%22surface%22%3A%22permalink%22%7D%5d%2C%22ref_notif_type%22%3Anull%7D",""
"4174","2026-07-16","Talkeetna","Mountain High Pizza Pie","music","Mario Carboni","7p-10p","https://www.facebook.com/events/2217529165745705/?acontext=%7B%22event_action_history%22%3A%5b%7B%22mechanism%22%3A%22discovery_custom_tab%22%2C%22surface%22%3A%22bookmark%22%7D%5d%2C%22ref_notif_type%22%3Anull%7D",""
"4175","2026-07-16","Wasilla","Everett’s","music","Songwriters In The Round w/ Matt Hopper, Aspenyarrow, Malia Hoagland, and Dawson Gentleman","6:30p-9p","https://www.facebook.com/events/930046933470229/?acontext=%7B%22event_action_history%22%3A%5b%7B%22mechanism%22%3A%22discovery_custom_tab%22%2C%22surface%22%3A%22bookmark%22%7D%5d%2C%22ref_notif_type%22%3Anull%7D",""
"4176","2026-07-17","Eagle River","Chugiak-Eagle River Library","community","Storytime & Songs in the Park","10:30a-1:30p","https://www.facebook.com/events/958920490083498/958920513416829/",""
"4177","2026-07-17","Eagle River","Odd Man Rush","music","The Cosmic Party","7p-11p","https://www.facebook.com/events/1296701228711448/",""
"4178","2026-07-17","Eagle River","Homestead Lounge","music","DJ AumanJoy","9p-2a","https://www.facebook.com/HomesteadLounge",""
"4179","2026-07-17","Ester","Malemute Saloon & Gold Camp","music","Casey Smith Project","7:30p-11:30p","https://malemutesaloon.com/schedule/",""
"4180","2026-07-17","Fairbanks","Raven Landing Senior Community","music","Music Together Generations Class","11:30a-12:15p","https://www.facebook.com/events/1698370238161849/1698370254828514/?acontext=%7B%22event_action_history%22%3A%5b%7B%22mechanism%22%3A%22surface%22%2C%22surface%22%3A%22permalink%22%7D%5d%2C%22ref_notif_type%22%3Anull%7D",""
"4181","2026-07-17","Fairbanks","Polar Ice","music","Boy Bands vs Girl Bands Open Skate","4p-5:30p","https://www.akconcerts.com/bands",""
"4182","2026-07-17","Fairbanks","Alaska Salmon Bake","music","6th Annual Pioneer Park Wine Mixer & Salmon Jam","5:30p-10:30p","https://www.facebook.com/events/1407969337831597",""
"4183","2026-07-17","Fairbanks","Polar Ice","music","Mamma Mia Open Skate","6p-8p","https://www.facebook.com/events/1330673068580289/",""
"4184","2026-07-17","Fairbanks","The Palace Theater","music","Golden Heart Revue","8:15p-9:15p","https://www.akvisit.com/palace-theatre?fbclid=IwY2xjawR7CNdleHRuA2FlbQIxMABicmlkETFZQTc5Q1NiWm16bDhNY0RZc3J0YwZhcHBfaWQQMjIyMDM5MTc4ODIwMDg5MgABHrK_LgMLEgXX7mcIrxnzr8jTJ9RaI_Lt7mvGG48tR-IMPMLVZRSzqN26Ewga_aem_RqdeQf5Ku3SEWvV41NwhHg",""
"4185","2026-07-17","Fairbanks","The International Hotel & Bar","music","Bag Lady Sue","8p-2a","https://www.facebook.com/events/1203288841697416/?acontext=%7B%22event_action_history%22%3A%5b%7B%22mechanism%22%3A%22discovery_custom_tab%22%2C%22surface%22%3A%22bookmark%22%7D%5d%2C%22ref_notif_type%22%3Anull%7D",""
"4186","2026-07-17","Haines","Pioneer Bar","music","Open Mic Night","9p-1a","https://www.facebook.com/photo/?fbid=1507990474662996&set=a.752367223558662",""
"4187","2026-07-17","Homer","Kharacters Alaskan Bar","music","Acoustic Oosik","10p-2a","https://www.facebook.com/kharacters.bar",""
"4188","2026-07-17","Homer","Homestead Restaurant","music","Ivan Dennis Live","6p-10p","https://www.facebook.com/events/697165803418202/",""
"4189","2026-07-17","Homer","Pier One Theatre","music","Our Town by Thornton Wilder","7:30p-10p","https://www.facebook.com/events/1571372071056224/1571372104389554/?active_tab=about",""
"4190","2026-07-17","Hope","Creekbend Co.","music","The National Parks, Sam Burchfield & Bre Kennedy","11a-2p","https://www.creekbendco.com/event",""
"4191","2026-07-17","Hope","Dirty Skillet","music","Anson Eggerss","6p-10p","https://www.dirtyskillet.com/music",""
"4192","2026-07-17","Juneau","Juneau-Douglas High School","music","Rugby Night","6:30p-8:30p","https://www.facebook.com/events/1227911459242350/1227911472575682/?acontext=%7B%22event_action_history%22%3A%5b%7B%22extra_data%22%3A%22%22%2C%22mechanism%22%3A%22surface%22%2C%22surface%22%3A%22permalink%22%7D%2C%7B%22extra_data%22%3A%22%22%2C%22me",""
"4193","2026-07-17","Juneau","St. Anne’s Parish Hall","dance","Rainforest Romp Contra Dance Weekend","7:30p-10:30p","https://www.facebook.com/events/914692727804915",""
"4194","2026-07-17","Juneau","Alaskan Hotel and Bar","comedy","Studio 54 x GiGi: Gigi'd Birthday Drag Show & Dance","8p-?","https://www.facebook.com/events/2060905101129143/?acontext=%7B%22event_action_history%22%3A%5b%7B%22mechanism%22%3A%22discovery_custom_tab%22%2C%22surface%22%3A%22bookmark%22%7D%5d%2C%22ref_notif_type%22%3Anull%7D",""
"4195","2026-07-17","Kenai","Vagabond Inn","music","American Peasants","7p-11p","https://www.facebook.com/profile.php?id=100057161362056",""
"4196","2026-07-17","Kenai","Skeet’s Dive Bar","music","Live Music w/ Guy Patterson","9p-?","https://www.vansdivebaralaska.com/music-schedule",""
"4197","2026-07-17","Ketchikan","Ted Ferry Civic Center","music","2026 Fish Pirate`s Daughter","7p-9:30p","https://firstcityplayers.org/buy-tickets-%5Bvbo%5D",""
"4198","2026-07-17","Ketchikan","The Creek Street Cabaret","music","Original Alternative Pop w/ Abby London","7p-9p","https://www.facebook.com/events/1373023591372973/",""
"4199","2026-07-17","Ketchikan","The New York Café","music","Live Music in the Café","7p-9p","https://www.ketchikanarts.org/events-performances/",""
"4200","2026-07-17","Kodiak","The Rendezvous","music","Justin Morris & Company","7p-12a","https://www.kodiakrendezvous.com/live-music",""
"4201","2026-07-17","McCarthy","The Golden Saloon","music","Red Flags Live","","https://www.mccarthylodge.com/mccarthy-events/",""
"4202","2026-07-17","Palmer","Downtown Palmer","music","Friday Fling Live Music w/ Mantra Luna & Sergio Adams","11a-6p","https://www.facebook.com/FridayFlings",""
"4203","2026-07-17","Palmer","Palmer Alehouse","music","ABBAlaska","7p-10p","https://www.facebook.com/events/1557927062622857/",""
"4204","2026-07-17","Palmer","American Legion Post 15","music","Karaoke","7p-11p","https://www.facebook.com/BrokenBlenderAK",""
"4205","2026-07-17","Seldovia","Linwood Bar & Grill","music","Live Music w/ JD Cox","","https://www.linwoodbar.com/events/",""
"4206","2026-07-17","Seward","Seward Community Library & Museum","community","Storytime & Craft Activities","12:30p-1p","https://www.facebook.com/events/1596397651615519/1596397678282183/?acontext=%7B%22event_action_history%22%3A%5b%7B%22mechanism%22%3A%22surface%22%2C%22surface%22%3A%22permalink%22%7D%5d%2C%22ref_notif_type%22%3Anull%7D",""
"4207","2026-07-17","Seward","Flamingo Lounge","music","Live Music w/ Kuf Knotz & Christine Elise","6:30p-9:30p","",""
"4208","2026-07-17","Seward","Yukon Bar","music","Nikki & The Skyrockets w/ UseTheMap & Louser","9p-2a","https://www.facebook.com/events/1736922737338830",""
"4209","2026-07-17","Soldotna","Red Onion Saloon","music","Divas, Drinks, & Dancing w/ Red Onion Saloon","9p-?","https://www.facebook.com/photo/?fbid=1605527931578537&set=pcb.1605529138245083",""
"4210","2026-07-17","Soldotna","The Duck Inn","music","Owen Macdonald Live","9p-1a","https://www.facebook.com/photo?fbid=1654167456714555&set=a.502707521860560",""
"4211","2026-07-17","Sterling","Naptowne Brewing Company","music","Good Company","6p-9p","https://www.facebook.com/photo.php?fbid=1350898113758213&set=pb.100065141125889.-2207520000&type=3",""
"4212","2026-07-17","Talkeetna","Talkeetna Village Park","music","Live At Five Summer Concerts: John Roberts Y Pan Blanco","5p-7p","https://fairviewtalkeetna.com/pages/live-music",""
"4213","2026-07-17","Talkeetna","Mountain High Pizza Pie","music","Mario Carboni","7p-10p","https://www.facebook.com/events/2217529165745705/?acontext=%7B%22event_action_history%22%3A%5b%7B%22mechanism%22%3A%22discovery_custom_tab%22%2C%22surface%22%3A%22bookmark%22%7D%5d%2C%22ref_notif_type%22%3Anull%7D",""
"4214","2026-07-17","Talkeetna","Fairview Inn","music","Blackwater Railroad Company w/ Sunflower Season","7p-11p","https://www.facebook.com/events/2276668402739076/?acontext=%7B%22event_action_history%22%3A%5b%7B%22mechanism%22%3A%22discovery_custom_tab%22%2C%22surface%22%3A%22bookmark%22%7D%5d%2C%22ref_notif_type%22%3Anull%7D",""
"4215","2026-07-17","Talkeetna","Fairview Inn","music","John Roberts y Pan Blanco","9p-1a","https://fairviewtalkeetna.com/pages/live-music",""
"4216","2026-07-17","Wasilla","Alaskana Social Club","music","Live Music w/ Scott Helle","6p-9p","https://www.facebook.com/events/1383414717013836/?acontext=%7B%22event_action_history%22%3A%5b%7B%22mechanism%22%3A%22discovery_custom_tab%22%2C%22surface%22%3A%22bookmark%22%7D%5d%2C%22ref_notif_type%22%3Anull%7D",""
"4217","2026-07-17","Wasilla","Schwabenhof","music","Karaoke Night","8p-11p","https://akconcets.us20.list-manage.com/track/click?u=7bd13a48fecb63b6d795caadf&id=e982562f83&e=be0392aff7",""
"4218","2026-07-17","Wasilla","Smith Drive","festival","Electric Sands 2026 Music Festival","8p-5a","https://www.eventbrite.com/e/dystraxion-presents-electric-sands-2026-tickets-1563880391349?aff=ehometext",""
"4219","2026-07-18","Anchorage","Koots","music","Tru Rhythm Entertainment: You Got Served","10p-2a","https://www.facebook.com/events/1564384791686660/?acontext=%7B%22event_action_history%22%3A%5b%7B%22surface%22%3A%22search%22%7D%2C%7B%22mechanism%22%3A%22attachment%22%2C%22surface%22%3A%22newsfeed%22%7D%5d%2C%22ref_notif_type%22%3Anull%7D",""
"4220","2026-07-18","Anchorage","Anchorage Weekend Market","music","Live Music at the Market","11a-5p","https://www.facebook.com/AnchorageWeekendDowntownMarket",""
"4221","2026-07-18","Anchorage","Pink Cadillac","music","Latin Night w/ DJ Mile","11p-3a","https://www.facebook.com/events/909196661488345",""
"4222","2026-07-18","Anchorage","Kincaid Park","community","Canicross Meetup","12p-?","https://www.facebook.com/events/4758077921092580/?acontext=%7B%22event_action_history%22%3A%5b%7B%22mechanism%22%3A%22discovery_custom_tab%22%2C%22surface%22%3A%22bookmark%22%7D%5d%2C%22ref_notif_type%22%3Anull%7D",""
"4223","2026-07-18","Anchorage","Delaney Park Strip","festival","Hooligan Fest: All Ages Music & Arts Festival","12p-10:30p","https://www.facebook.com/events/delaney-park-strip/hooligan-fest-all-ages-music-arts-festival/1537946304633059/",""
"4224","2026-07-18","Anchorage","Anchorage Museum","music","Jazz on the Lawn w/ Alaska Jazz Workshop","12p-2p","https://www.facebook.com/events/27022389210733263/27022389244066593/?acontext=%7B%22event_action_history%22%3A%5b%7B%22mechanism%22%3A%22surface%22%2C%22surface%22%3A%22permalink%22%7D%5d%2C%22ref_notif_type%22%3Anull%7D",""
"4225","2026-07-18","Anchorage","Double Shovel Cider Co.","community","Summer Outdoor Market","12p-6p","https://www.facebook.com/events/1295749335879398/?acontext=%7B%22event_action_history%22%3A%5b%7B%22mechanism%22%3A%22discovery_custom_tab%22%2C%22surface%22%3A%22bookmark%22%7D%5d%2C%22ref_notif_type%22%3Anull%7D",""
"4226","2026-07-18","Anchorage","Hilltop Ski Area","festival","Rock The Hill Music Festival","1p-10p","https://www.facebook.com/events/3197353453797961",""
"4227","2026-07-18","Anchorage","Arctic Rec Center","music","907 Pro Wrestling: MidSummer Meltdown","3p-6p","https://www.facebook.com/events/1673335720597069/?acontext=%7B%22event_action_history%22%3A%5b%7B%22mechanism%22%3A%22discovery_custom_tab%22%2C%22surface%22%3A%22bookmark%22%7D%5d%2C%22ref_notif_type%22%3Anull%7D",""
"4228","2026-07-18","Anchorage","Anchorage Brewing Company","dance","ABC Rooftop Dance Party w/ Rachel Monae, Bodelia James, Kizmet, & LSGNA","4p-9p","https://www.eventbrite.com/e/potassium-productions-anchorage-brewing-company-rooftop-takeover-tickets-1992559875225?aff=ehometext",""
"4229","2026-07-18","Anchorage","49th State Brewery","music","Garden Grooves: Music in the Beer Garden","5p-7p","https://www.facebook.com/photo/?fbid=1267333412235644&set=gm.1017207420732481",""
"4230","2026-07-18","Anchorage","49th State Brewery","music","Hot Honey Burlesque Show w/ Mayven Missbehavin' & Bird of Paradse","5p-7p","https://tickets.centertix.com/eventperformances.asp?evt=2169&_gl=1%2Aj4kn97%2A_gcl_au%2AMTIzMTQ2MTU0NC4xNzc5ODk2NjM1&fbclid=IwY2xjawTDpYFleHRuA2FlbQIxMABicmlkETFKektHaGdzWmpsbnAzZHVxc3J0YwZhcHBfaWQQMjIyMDM5MTc4ODIwMDg5MgABHqJAOHFIZ5qzU4p8nroy-RSHX",""
"4231","2026-07-18","Anchorage","Gumbo House","music","Pop Piano Bar w/ MJ Riemann","6p-9p","https://www.facebook.com/photo/?fbid=1556274459834673&set=a.500137705448359",""
"4232","2026-07-18","Anchorage","Koot’s","music","Halloween in July: Ghouls Gone Wild w/ The Robotz, Epic!, DJ Militant, DJ Akira, & DJ Dev","7:30p-2:30a","https://www.facebook.com/events/2068671713861422/?acontext=%7B%22event_action_history%22%3A%5b%7B%22mechanism%22%3A%22discovery_custom_tab%22%2C%22surface%22%3A%22bookmark%22%7D%5d%2C%22ref_notif_type%22%3Anull%7D",""
"4233","2026-07-18","Anchorage","Anchorage Social Dance Club","dance","Dance Social","7p-11p","https://www.facebook.com/35PlusClub/posts/pfbid0P3DAjVBjcJUeKMh6BHeyzaw1okomixpw7yhapb7nfusfQXpb7YpEiaVj83rNxeA8l",""
"4234","2026-07-18","Anchorage","Bernie’s Bungalow Lounge","music","Fine, Great & Sunflower Season","8p-?","https://www.instagram.com/p/Dax5hDuhv2Q/",""
"4235","2026-07-18","Anchorage","Broken Blender","music","Karaoke w/ DJ Charms","8p-12a","https://www.facebook.com/BrokenBlenderAK",""
"4236","2026-07-18","Anchorage","Muldoon Chanshtnu Park","community","Muldoon Community Market","9:30a-3p","https://www.facebook.com/events/942322318857990/942322338857988/?acontext=%7B%22event_action_history%22%3A%5b%7B%22extra_data%22%3A%22%22%2C%22mechanism%22%3A%22surface%22%2C%22surface%22%3A%22permalink%22%7D%2C%7B%22extra_data%22%3A%22%22%2C%22mech",""
"4237","2026-07-18","Anchorage","Flattop Pizza & Pool","music","DJ JRock","9:30p-12a","https://www.facebook.com/photo.php?fbid=1432955235502986&set=pb.100063655689037.-2207520000&type=3",""
"4238","2026-07-18","Anchorage","Humpy’s","music","Live Music w/ John J. Roberts Y Pan Blanco","9:30p-1a","https://www.facebook.com/events/1061042166453984/",""
"4239","2026-07-18","Anchorage","Oriental Garden","music","Weekly Karaoke Contest","9p-1:30a","https://www.facebook.com/Orientalgardenbestchinese",""
"4240","2026-07-18","Anchorage","Mad Myrna’s","music","Mad Myrna's Diva Variety Show","9p-11:30p","https://madmyrnas.com/events",""
"4241","2026-07-18","Anchorage","The Carousel Lounge","music","Nikki & The Skyrockets (from NJ)","9p-1a","https://www.carouselalaska.com/events",""
"4242","2026-07-18","Anchorage","Van’s Dive Bar","music","UseTheMap, The Nameless, & Louser","9p-1a","https://www.vansdivebaralaska.com/music-schedule",""
"4243","2026-07-18","Anchorage","Time Out Lounge","music","Blast From The Past","9p-2:30a","https://www.facebook.com/photo?fbid=10211867422076197&set=pcb.10211867422276202",""
"4244","2026-07-18","Barrow","Tuzzy Consortium Library","community","Storytime & Crafternoon","1p-3p","https://www.facebook.com/TuzzyConsortiumLibrary/",""
"4245","2026-07-18","Cooper Landing","Cooper Landing Brewing","music","Ken Peltier Band","6:30p-10p","https://www.eventbrite.com/e/ken-peltier-band-tickets-1985756827125?aff=ehometext",""
"4246","2026-07-18","Ester","Ester Community Park","festival","Ester Fest 2026","2p-10p","https://www.facebook.com/events/2394765841034268/?acontext=%7B%22event_action_history%22%3A%5b%7B%22mechanism%22%3A%22discovery_custom_tab%22%2C%22surface%22%3A%22bookmark%22%7D%5d%2C%22ref_notif_type%22%3Anull%7D",""
"4247","2026-07-18","Ester","Malemute Saloon & Gold Camp","music","Back Street Social Club","7:30p-11:30p","https://malemutesaloon.com/schedule/",""
"4248","2026-07-18","Fairbanks","Humble Roots Beer Project","music","Golden Days Kick Off Pet Adoption Event","12p-6p","https://www.facebook.com/events/2042889772998254/?acontext=%7B%22event_action_history%22%3A%5b%7B%22mechanism%22%3A%22discovery_custom_tab%22%2C%22surface%22%3A%22bookmark%22%7D%5d%2C%22ref_notif_type%22%3Anull%7D",""
"4249","2026-07-18","Fairbanks","Polar Ice","music","Katseye Vs Black Pink Open Skate","5:30p-7:30p","https://www.facebook.com/events/1016265284661234/",""
"4250","2026-07-18","Fairbanks","The Spur","music","Crazy Train: America's Ozzy Osbourne Experience","5p-8p","https://www.facebook.com/events/2241280099741148/?acontext=%7B%22event_action_history%22%3A%5b%7B%22mechanism%22%3A%22discovery_custom_tab%22%2C%22surface%22%3A%22bookmark%22%7D%5d%2C%22ref_notif_type%22%3Anull%7D",""
"4251","2026-07-18","Fairbanks","The Last Round Up Steak House","comedy","Golden Gays Y2K Drag Show","7p-11:45p","https://www.facebook.com/events/1743917077051634/?acontext=%7B%22event_action_history%22%3A%5b%7B%22mechanism%22%3A%22discovery_custom_tab%22%2C%22surface%22%3A%22bookmark%22%7D%5d%2C%22ref_notif_type%22%3Anull%7D",""
"4252","2026-07-18","Fairbanks","The Palace Theater","music","Golden Heart Revue","8:15p-9:15p","https://www.akvisit.com/palace-theatre?fbclid=IwY2xjawR7CNdleHRuA2FlbQIxMABicmlkETFZQTc5Q1NiWm16bDhNY0RZc3J0YwZhcHBfaWQQMjIyMDM5MTc4ODIwMDg5MgABHrK_LgMLEgXX7mcIrxnzr8jTJ9RaI_Lt7mvGG48tR-IMPMLVZRSzqN26Ewga_aem_RqdeQf5Ku3SEWvV41NwhHg",""
"4253","2026-07-18","Fairbanks","The International Hotel & Bar","music","Bag Lady Sue","8p-2a","https://www.facebook.com/events/1203288841697416/?acontext=%7B%22event_action_history%22%3A%5b%7B%22mechanism%22%3A%22discovery_custom_tab%22%2C%22surface%22%3A%22bookmark%22%7D%5d%2C%22ref_notif_type%22%3Anull%7D",""
"4254","2026-07-18","Haines","Pioneer Bar","music","Karaoke Night","9p-1a","https://akconcets.us20.list-manage.com/track/click?u=7bd13a48fecb63b6d795caadf&id=e982562f83&e=be0392aff7",""
"4255","2026-07-18","Homer","Kharacters Alaskan Bar","music","Guy Patterson","10p-2a","https://www.vansdivebaralaska.com/music-schedule",""
"4256","2026-07-18","Homer","Pratt Museum","music","Guided tours of the Botanical Gardens, Homestead Garden, & Forest Trails.","11a-12p","https://www.facebook.com/events/27331907429732951/27331907486399612/?acontext=%7B%22event_action_history%22%3A%5b%7B%22extra_data%22%3A%22%22%2C%22mechanism%22%3A%22surface%22%2C%22surface%22%3A%22permalink%22%7D%2C%7B%22extra_data%22%3A%22%22%2C%22",""
"4257","2026-07-18","Homer","AJ’s Old Town Steakhouse & Tavern","music","Piano Music by Sunrise Kilcher","6p-8p","https://www.homeralaska.org/event/piano-by-sunrise-kilcher/19/",""
"4258","2026-07-18","Homer","Pier One Theatre","music","Our Town by Thornton Wilder","7:30p-10p","https://www.facebook.com/events/1571372071056224/1571372104389554/?active_tab=about",""
"4259","2026-07-18","Hope","Creekbend Co.","music","The National Parks, Sam Burchfield & Bre Kennedy","11a-2p","https://www.creekbendco.com/event",""
"4260","2026-07-18","Hope","Dirty Skillet","music","Anson Eggerss","6p-10p","https://www.dirtyskillet.com/music",""
"4261","2026-07-18","Hope","Hope Social Hall","music","Pancake Feed, Cake Walk, & Puzzle Competition","8:30a-6p","https://hopewagonrun.com/weekend-events/",""
"4262","2026-07-18","Juneau","Alaskan Hotel and Bar","music","Andy Koch's Badd Dog Blues Society","7:30p-10p","https://www.facebook.com/events/1367675531957665/?acontext=%7B%22event_action_history%22%3A%5b%7B%22mechanism%22%3A%22discovery_custom_tab%22%2C%22surface%22%3A%22bookmark%22%7D%5d%2C%22ref_notif_type%22%3Anull%7D",""
"4263","2026-07-18","Juneau","St. Anne’s Parish Hall","dance","Rainforest Romp Contra Dance Weekend","8p-11p","https://www.facebook.com/events/914692727804915",""
"4264","2026-07-18","Juneau","The Crystal Saloon","music","The Return Of Astronomar Ft. Sa'Moona","9p-?","https://www.facebook.com/photo?fbid=1002054442428677&set=a.160104659956997",""
"4265","2026-07-18","Kenai","Vagabond Inn","music","Seth Freeman","8p-11p","https://www.facebook.com/profile.php?id=100057161362056",""
"4266","2026-07-18","Kenai","Skeet’s Dive Bar","music","Live Music w/ Seth Malone","9p-?","https://www.facebook.com/photo/?fbid=1625154909614942&set=a.954924113304695",""
"4267","2026-07-18","Ketchikan","Ketchikan City Park","music","Gays Eating Garlic Bread in the Park","12p-2p","https://www.facebook.com/events/27508251792196811/?acontext=%7B%22event_action_history%22%3A%5b%7B%22mechanism%22%3A%22discovery_custom_tab%22%2C%22surface%22%3A%22bookmark%22%7D%5d%2C%22ref_notif_type%22%3Anull%7D",""
"4268","2026-07-18","Ketchikan","Arctic Bar","music","Virgin Voyages: Brilliant Lady Land Party","12p-6p","https://www.facebook.com/events/1466272915541691/1466276532207996/?active_tab=about",""
"4269","2026-07-18","Ketchikan","Tongass Historical Museum","music","Summer Saturdays at the Museum","1p-3p","https://www.facebook.com/events/873907959081409/873908012414737/?acontext=%7B%22event_action_history%22%3A%5b%7B%22mechanism%22%3A%22surface%22%2C%22surface%22%3A%22permalink%22%7D%5d%2C%22ref_notif_type%22%3Anull%7D",""
"4270","2026-07-18","Ketchikan","Ted Ferry Civic Center","music","2026 Fish Pirate`s Daughter","7p-9:30p","https://firstcityplayers.org/buy-tickets-%5Bvbo%5D",""
"4271","2026-07-18","Kodiak","The Rendezvous","music","Justin Morris & Company","7p-12a","https://www.kodiakrendezvous.com/live-music",""
"4272","2026-07-18","McCarthy","The Golden Saloon","music","Red Flags Live","","https://www.mccarthylodge.com/mccarthy-events/",""
"4273","2026-07-18","Palmer","Hatcher Pass Lodge","music","Mario Carboni","4p-7p","https://www.facebook.com/events/2217529165745705/?acontext=%7B%22event_action_history%22%3A%5b%7B%22mechanism%22%3A%22discovery_custom_tab%22%2C%22surface%22%3A%22bookmark%22%7D%5d%2C%22ref_notif_type%22%3Anull%7D",""
"4274","2026-07-18","Palmer","Palmer Alehouse","music","Yachtly Crew","7p-10p","https://www.facebook.com/events/1006671702001516/",""
"4275","2026-07-18","Palmer","American Legion Post 15","dance","Two-Step and Country Swing Dance Lessons!","7p-8p","https://www.facebook.com/photo/?fbid=956981223779042&set=gm.1748027286563468",""
"4276","2026-07-18","Palmer","American Legion Post 15","music","Karaoke","8p-11p","https://www.facebook.com/BrokenBlenderAK",""
"4277","2026-07-18","Seldovia","Linwood Bar & Grill","music","Live Music w/ JD Cox","","https://www.linwoodbar.com/events/",""
"4278","2026-07-18","Skagway","Skagway Library","community","Summer Reading Program: Red, White, & Blue Storytime","10:30a-11:30a","https://www.facebook.com/events/27438069035811649/27438069075811645/?active_tab=about",""
"4279","2026-07-18","Soldotna","Soldotna Creek Park","music","Disability Pride","1p-4p","https://www.facebook.com/events/972600525442331/?acontext=%7B%22event_action_history%22%3A%5b%7B%22mechanism%22%3A%22discovery_custom_tab%22%2C%22surface%22%3A%22bookmark%22%7D%5d%2C%22ref_notif_type%22%3Anull%7D",""
"4280","2026-07-18","Soldotna","The Goods","music","Karaoke w/ Edencraft","5p-8p","https://akconcets.us20.list-manage.com/track/click?u=7bd13a48fecb63b6d795caadf&id=e982562f83&e=be0392aff7",""
"4281","2026-07-18","Talkeetna","Talkeetna Public Library","music","Kids Concert w/ John Roberts","12p-?","https://www.facebook.com/photo/?fbid=1596787165782884&set=a.500635148731430",""
"4282","2026-07-18","Talkeetna","Talkeetna Village Park","festival","Talkeetna Pride Fest 2026","12p-?","https://www.facebook.com/events/780904414652259/?acontext=%7B%22event_action_history%22%3A%5b%7B%22mechanism%22%3A%22discovery_custom_tab%22%2C%22surface%22%3A%22bookmark%22%7D%5d%2C%22ref_notif_type%22%3Anull%7D",""
"4283","2026-07-18","Talkeetna","Denali Brewing Company","music","Natalie Gelman","6p-8","https://www.facebook.com/events/988716667353734/?acontext=%7B%22event_action_history%22%3A%5b%7B%22mechanism%22%3A%22discovery_custom_tab%22%2C%22surface%22%3A%22bookmark%22%7D%5d%2C%22ref_notif_type%22%3Anull%7D",""
"4284","2026-07-18","Talkeetna","Mountain High Pizza Pie","music","Denali Cooks","7p-?","https://www.pizzapietalkeetna.com/event-type/live-music/?fbclid=IwY2xjawRvBv9leHRuA2FlbQIxMABicmlkETE4T3g0UnoxVExiYTJjdXdQc3J0YwZhcHBfaWQQMjIyMDM5MTc4ODIwMDg5MgABHjyB1eWoEUpiOvGrlQarejNeQ12UXmcHnrBjwbrtFOPH0Rv2MmpWh1UA2AxS_aem_ls3CB8uZ3Xj26XD5nR9-",""
"4285","2026-07-18","Talkeetna","Sheldon Community Arts Hanger","theatre","Broadway in Talkeetna w/ Kaitlin Lawrence","7p-?","https://www.facebook.com/denali.artscouncil",""
"4286","2026-07-18","Talkeetna","Fairview Inn","music","Ronnie V. & The Family Band","9p-1a","https://fairviewtalkeetna.com/pages/live-music",""
"4287","2026-07-18","Talkeetna","Talkeetna Inn","music","“Wigging Out” Pride Party w/ DJ2Stroke","9p-1a","https://www.facebook.com/events/1786301805861928/?acontext=%7B%22event_action_history%22%3A%5b%7B%22mechanism%22%3A%22discovery_custom_tab%22%2C%22surface%22%3A%22bookmark%22%7D%5d%2C%22ref_notif_type%22%3Anull%7D",""
"4288","2026-07-18","Wasilla","Tug Bar & Liquor- Goose Bay Inn","music","Live Music with Roadhouse Refugees","","https://www.facebook.com/photo/?fbid=1497931395460551&set=a.208825104371193",""
"4289","2026-07-18","Wasilla","Wasilla Lake","festival","Moose Nugget Regatta","12p-4p","https://www.facebook.com/events/2097647684116336/?acontext=%7B%22event_action_history%22%3A%5b%7B%22mechanism%22%3A%22discovery_custom_tab%22%2C%22surface%22%3A%22bookmark%22%7D%5d%2C%22ref_notif_type%22%3Anull%7D",""
"4290","2026-07-18","Wasilla","Smith Drive","festival","Electric Sands 2026 Music Festival","4p-6a","https://www.eventbrite.com/e/dystraxion-presents-electric-sands-2026-tickets-1563880391349?aff=ehometext",""
"4291","2026-07-19","Anchorage","Kincaid Park","community","Mud Factor 2026 Obstacle 5K & Fun Run","10:30a-?","",""
"4292","2026-07-19","Anchorage","Koot’s","music","Koots Karaoke","10p-2a","https://akconcets.us20.list-manage.com/track/click?u=7bd13a48fecb63b6d795caadf&id=51fd3075bf&e=be0392aff7",""
"4293","2026-07-19","Anchorage","Pioneer Bar","music","Industry Night w/ Joe Brady","10p-2a","https://www.facebook.com/profile.php?id=100035394206580",""
"4294","2026-07-19","Anchorage","Anchorage Weekend Market","music","Live Music at the Market","11a-5p","https://www.facebook.com/AnchorageWeekendDowntownMarket",""
"4295","2026-07-19","Anchorage","Pulse Dance Company","dance","Play with Pulse! Free Community Dance Classes","1p-2p","https://www.facebook.com/events/944281558212074/944281588212071/?acontext=%7B%22event_action_history%22%3A%5b%7B%22extra_data%22%3A%22%22%2C%22mechanism%22%3A%22surface%22%2C%22surface%22%3A%22permalink%22%7D%2C%7B%22extra_data%22%3A%22%22%2C%22mech",""
"4296","2026-07-19","Anchorage","VFW Post 1685","music","Open Mic & Jam","4:30p-8:30p","https://www.facebook.com/tyrone.palmer.722744",""
"4297","2026-07-19","Anchorage","49th State Brewery","music","Garden Grooves: Music in the Beer Garden","5p-7p","https://www.facebook.com/photo/?fbid=1267333412235644&set=gm.1017207420732481",""
"4298","2026-07-19","Anchorage","Anchorage Social Dance Club","dance","Country Dance Nights: Line Dancing & Swing","6:30p-9:30p","https://www.facebook.com/35PlusClub/posts/pfbid0WJizwEbNi85duFkPSHFUsdVjmCMNhvohUubFJ3YdcCa5a49CmcfsWq4FKLK63J9xl",""
"4299","2026-07-19","Anchorage","Billiard Palace","music","Sunday Blues Jam w/ Rebel Blues Band","6p-10p","https://www.facebook.com/events/2204843740345501/2204843823678826/?acontext=%7B%22event_action_history%22%3A%5b%7B%22mechanism%22%3A%22surface%22%2C%22surface%22%3A%22permalink%22%7D%5d%2C%22ref_notif_type%22%3Anull%7D",""
"4300","2026-07-19","Anchorage","Pink Cadillac","music","All Ages Buckarooos Night","6p-10p","https://www.facebook.com/events/1668434181079131/1668434264412456/?active_tab=about",""
"4301","2026-07-19","Anchorage","Koot’s","comedy","Comedy Open Mic","8:30p-10p","https://akconcets.us20.list-manage.com/track/click?u=7bd13a48fecb63b6d795caadf&id=2020d45d02&e=be0392aff7",""
"4302","2026-07-19","Anchorage","Time Out Lounge","music","Open Jam with Blast From The Past","8:30p-1a","https://www.facebook.com/photo?fbid=10211867422076197&set=pcb.10211867422276202",""
"4303","2026-07-19","Anchorage","Van’s Dive Bar","music","Open Mic Night","8p-11p","https://www.facebook.com/photo/?fbid=1507990474662996&set=a.752367223558662",""
"4304","2026-07-19","Anchorage","Centennial Rose Garden","community","2026 Skinny Raven Half Marathon & 10K","9a-?","https://www.facebook.com/events/1222472633161037/?acontext=%7B%22event_action_history%22%3A%5b%7B%22mechanism%22%3A%22discovery_custom_tab%22%2C%22surface%22%3A%22bookmark%22%7D%5d%2C%22ref_notif_type%22%3Anull%7D",""
"4305","2026-07-19","Anchorage","Mad Myrna’s","music","Karaoke","9p-12a","https://www.facebook.com/BrokenBlenderAK",""
"4306","2026-07-19","Anchorage","The Carousel Lounge","music","Sunday Karaoke","9p-2a","https://www.facebook.com/akrockstarkaraoke/events",""
"4307","2026-07-19","Big Lake","Susitna Brewing","music","Open Mic Night","6p-9p","https://www.facebook.com/photo/?fbid=1507990474662996&set=a.752367223558662",""
"4308","2026-07-19","Ester","Malemute Saloon & Gold Camp","music","Sunday Deck Open Jam","2p-5p","https://malemutesaloon.com/schedule/",""
"4309","2026-07-19","Fairbanks","The Palace Theater","music","Golden Heart Revue","8:15p-9:15p","https://www.akvisit.com/palace-theatre?fbclid=IwY2xjawR7CNdleHRuA2FlbQIxMABicmlkETFZQTc5Q1NiWm16bDhNY0RZc3J0YwZhcHBfaWQQMjIyMDM5MTc4ODIwMDg5MgABHrK_LgMLEgXX7mcIrxnzr8jTJ9RaI_Lt7mvGG48tR-IMPMLVZRSzqN26Ewga_aem_RqdeQf5Ku3SEWvV41NwhHg",""
"4310","2026-07-19","Fairbanks","The Marlin","music","Karaoke","9p-?","https://www.facebook.com/BrokenBlenderAK",""
"4311","2026-07-19","Homer","Kharacters Alaskan Bar","music","Chris Needham Matinee","5p-7p","https://www.facebook.com/kharacters.bar",""
"4312","2026-07-19","Hope","Hope Social Hall","community","Hope & Sunrise 5K Wagon Trail Run","11a-?","https://www.facebook.com/events/848724897920155/?acontext=%7B%22event_action_history%22%3A%5b%7B%22mechanism%22%3A%22discovery_custom_tab%22%2C%22surface%22%3A%22bookmark%22%7D%5d%2C%22ref_notif_type%22%3Anull%7D",""
"4313","2026-07-19","Hope","Creekbend Co.","community","Sunday Brunch with Shaun P from H3","11a-2p","https://www.creekbendco.com/event",""
"4314","2026-07-19","Hope","Hope Social Hall","music","Race Registration, Bib Pickup, & Bake Sale","9a-11a","https://hopewagonrun.com/weekend-events/",""
"4315","2026-07-19","Juneau","St. Anne’s Parish Hall","dance","Rainforest Romp Contra Dance Weekend","10a-5p","https://www.facebook.com/events/914692727804915",""
"4316","2026-07-19","Juneau","Statter Harbor","music","Annual Wildlife Cruise","2p-5p","https://www.facebook.com/events/1525988088972323/?acontext=%7B%22event_action_history%22%3A%5b%7B%22mechanism%22%3A%22discovery_custom_tab%22%2C%22surface%22%3A%22bookmark%22%7D%5d%2C%22ref_notif_type%22%3Anull%7D",""
"4317","2026-07-19","Juneau","The Crystal Saloon","music","KXLL Presents: Japan To Alaska: Ft The Rain Dogs, Fine, Great, & T-Loc","8p-?","https://www.eventbrite.com/e/kxll-presents-japan-to-alaska-ft-the-rain-dogs-fine-great-t-loc-tickets-1992675418819?aff=ehometext",""
"4318","2026-07-19","Ketchikan","The Creek Street Cabaret","music","Open Mic Night w/ Joe Williams","6p-9p","https://www.facebook.com/photo/?fbid=1507990474662996&set=a.752367223558662",""
"4319","2026-07-19","Palmer","Four Corner’s Lounge","music","Karaoke","8p-?","https://www.facebook.com/BrokenBlenderAK",""
"4320","2026-07-19","Seward","Yukon Bar","music","Karaoke","9p-1a","https://www.facebook.com/BrokenBlenderAK",""
"4321","2026-07-19","Talkeetna","Mountain High Pizza Pie","music","Steve Durr","1p-2:30p & 5p-6:30p","https://www.pizzapietalkeetna.com/event-type/live-music/?fbclid=IwY2xjawRvBv9leHRuA2FlbQIxMABicmlkETE4T3g0UnoxVExiYTJjdXdQc3J0YwZhcHBfaWQQMjIyMDM5MTc4ODIwMDg5MgABHjyB1eWoEUpiOvGrlQarejNeQ12UXmcHnrBjwbrtFOPH0Rv2MmpWh1UA2AxS_aem_ls3CB8uZ3Xj26XD5nR9-",""
"4322","2026-07-19","Wasilla","Tug Bar & Liquor- Goose Bay Inn","music","Live Music w/ John Cook","","https://www.facebook.com/photo/?fbid=1497931395460551&set=a.208825104371193",""
"4323","2026-07-19","Wasilla","Smith Drive","festival","Electric Sands 2026 Music Festival","3p-11p","https://www.eventbrite.com/e/dystraxion-presents-electric-sands-2026-tickets-1563880391349?aff=ehometext",""
"4324","2026-07-20","Anchorage","49th State Brewery","music","Garden Grooves: Music in the Beer Garden","5p-7p","https://www.facebook.com/photo/?fbid=1267333412235644&set=gm.1017207420732481",""
"4325","2026-07-20","Anchorage","Fire Island Bakery @ K Street Market","music","Weekly Jazz Jam","6:30p-9:30p","https://akjazzworkshop.org/calendar/",""
"4326","2026-07-20","Anchorage","Anchorage Social Dance Club","dance","Learn to Square Dance","7p-9p","https://www.akconcerts.com/learn",""
"4327","2026-07-20","Anchorage","Alaska Dance Promotions","dance","Bachata Dance Patterns","8:30p-9:30p","https://www.facebook.com/events/1363802471592782/1363802534926109/?acontext=%7B%22event_action_history%22%3A%5b%7B%22extra_data%22%3A%22%22%2C%22mechanism%22%3A%22surface%22%2C%22surface%22%3A%22permalink%22%7D%2C%7B%22extra_data%22%3A%22%22%2C%22me",""
"4328","2026-07-20","Anchorage","Van’s Dive Bar","music","Guy Patterson","8p-?","https://www.vansdivebaralaska.com/music-schedule",""
"4329","2026-07-20","Bethel","Kuskokwim Consortium Library","music","Toddler Time","11a-12p","https://www.facebook.com/events/1988217601791631/1988217631791628/?active_tab=about",""
"4330","2026-07-20","Chugiak","Lee Jordan Field","community","Free Baseball Game: Chugiak-Eagle River Chinooks vs the Miners","6p-?","https://www.facebook.com/events/27844071105234185/?acontext=%7B%22event_action_history%22%3A%5b%7B%22mechanism%22%3A%22discovery_custom_tab%22%2C%22surface%22%3A%22bookmark%22%7D%5d%2C%22ref_notif_type%22%3Anull%7D",""
"4331","2026-07-20","Eagle River","Odd Man Rush","music","Karaoke Mondays","6p-9p","https://akconcets.us20.list-manage.com/track/click?u=7bd13a48fecb63b6d795caadf&id=e982562f83&e=be0392aff7",""
"4332","2026-07-20","Fairbanks","Fairbanks Community Band Hall","music","Free Youth Jazz Band Rehearsals","5p-6p","https://www.facebook.com/events/1341908911193449/1341908927860114/?acontext=%7B%22event_action_history%22%3A%5b%7B%22mechanism%22%3A%22surface%22%2C%22surface%22%3A%22permalink%22%7D%5d%2C%22ref_notif_type%22%3Anull%7D",""
"4333","2026-07-20","Fairbanks","The Palace Theater","music","Golden Heart Revue","8:15p-9:15p","https://www.akvisit.com/palace-theatre?fbclid=IwY2xjawR7CNdleHRuA2FlbQIxMABicmlkETFZQTc5Q1NiWm16bDhNY0RZc3J0YwZhcHBfaWQQMjIyMDM5MTc4ODIwMDg5MgABHrK_LgMLEgXX7mcIrxnzr8jTJ9RaI_Lt7mvGG48tR-IMPMLVZRSzqN26Ewga_aem_RqdeQf5Ku3SEWvV41NwhHg",""
"4334","2026-07-20","Juneau","The Crystal Saloon","music","Josh Fortenbery","5p-7p","https://www.facebook.com/events/2434341350376564/2434341363709896/?acontext=%7B%22event_action_history%22%3A%5b%7B%22mechanism%22%3A%22surface%22%2C%22surface%22%3A%22permalink%22%7D%5d%2C%22ref_notif_type%22%3Anull%7D",""
"4335","2026-07-20","Kenai","Kenai Chamber of Commerce & Visitor Center","community","Storytime & Craft: If You Give A Moose A Muffin","11a-?","https://www.facebook.com/events/1154734120192170",""
"4336","2026-07-20","Seward","Seward Senior Center","music","Seward Strings","1p-4p","https://www.facebook.com/SewardSeniors",""
"4337","2026-07-20","Seward","Flamingo Lounge","music","Live Music w/ John Robert y Pan Blanco","6:30p-9:30p","",""
"4338","2026-07-20","Seward","Yukon Bar","music","Karaoke with Megan Killoran","9p-1a","https://akconcets.us20.list-manage.com/track/click?u=7bd13a48fecb63b6d795caadf&id=e982562f83&e=be0392aff7",""
"4339","2026-07-20","Soldotna","The Goods","music","Friends of Mike Morgan Song Circle","5p-7p","https://www.facebook.com/events/2211445169673257/2211445193006588/?acontext=%7B%22event_action_history%22%3A%5b%7B%22extra_data%22%3A%22%22%2C%22mechanism%22%3A%22surface%22%2C%22surface%22%3A%22permalink%22%7D%2C%7B%22extra_data%22%3A%22%22%2C%22me",""
"4340","2026-07-20","Talkeetna","Fairview Inn","music","Karaoke","9p-1a","https://www.facebook.com/BrokenBlenderAK",""
"4341","2026-07-21","Anchorage","Anchorage Museum","music","Lunch on the Lawn: Live Music w/ Jennifer Barnaba & Steven Laister","11:30a-1:30p","https://www.facebook.com/events/3945876455714851/3945876482381515/?acontext=%7B%22event_action_history%22%3A%5b%7B%22extra_data%22%3A%22%22%2C%22mechanism%22%3A%22surface%22%2C%22surface%22%3A%22permalink%22%7D%2C%7B%22extra_data%22%3A%22%22%2C%22me",""
"4342","2026-07-21","Anchorage","Loussac Library","community","Summer Mini-Golf at/in the Library","2:30p-3:30p","https://www.facebook.com/events/1573652387515299",""
"4343","2026-07-21","Anchorage","49th State Brewery","music","Garden Grooves: Music in the Beer Garden","5p-7p","https://www.facebook.com/photo/?fbid=1267333412235644&set=gm.1017207420732481",""
"4344","2026-07-21","Anchorage","Mountain View Public Library","community","Family Storytime","6p-6:30p","https://www.facebook.com/events/4209337435985219/4209337512651878/?acontext=%7B%22event_action_history%22%3A%5b%7B%22mechanism%22%3A%22surface%22%2C%22surface%22%3A%22permalink%22%7D%5d%2C%22ref_notif_type%22%3Anull%7D",""
"4345","2026-07-21","Anchorage","Organic Oasis","music","Irish Music & Dancing","6p-8p","https://www.facebook.com/organicoasisAK",""
"4346","2026-07-21","Anchorage","Oriental Healing Arts Center","music","Rope Dart Lessons w/ Jerrill","8:30p-10p","https://www.facebook.com/photo/?fbid=1705391324273626&set=gm.830839779862518",""
"4347","2026-07-21","Anchorage","The Carousel Lounge","music","AK Rockstar Karaoke","8p-2a","https://akconcets.us20.list-manage.com/track/click?u=7bd13a48fecb63b6d795caadf&id=e982562f83&e=be0392aff7",""
"4348","2026-07-21","Anchorage","Blarney Stone","dance","Two Step Tuesday w/ DJ Lele Beats","9p-12a","https://www.facebook.com/photo/?fbid=936585406046428&set=pcb.936585452713090",""
"4349","2026-07-21","Anchorage","Koot’s","music","The Eternal Cowboys","9p-12a","https://www.facebook.com/EternalCowboys",""
"4350","2026-07-21","Fairbanks","Fairbanks Children’s Museum","music","Lunch Bites: Corvus for Kids","12p-?","https://www.facebook.com/events/1430639975400538/?acontext=%7B%22event_action_history%22%3A%5b%7B%22mechanism%22%3A%22discovery_custom_tab%22%2C%22surface%22%3A%22bookmark%22%7D%5d%2C%22ref_notif_type%22%3Anull%7D",""
"4351","2026-07-21","Fairbanks","The Cabin","music","Karaoke Night","7p-10p","https://akconcets.us20.list-manage.com/track/click?u=7bd13a48fecb63b6d795caadf&id=e982562f83&e=be0392aff7",""
"4352","2026-07-21","Fairbanks","The Palace Theater","music","Golden Heart Revue","8:15p-9:15p","https://www.akvisit.com/palace-theatre?fbclid=IwY2xjawR7CNdleHRuA2FlbQIxMABicmlkETFZQTc5Q1NiWm16bDhNY0RZc3J0YwZhcHBfaWQQMjIyMDM5MTc4ODIwMDg5MgABHrK_LgMLEgXX7mcIrxnzr8jTJ9RaI_Lt7mvGG48tR-IMPMLVZRSzqN26Ewga_aem_RqdeQf5Ku3SEWvV41NwhHg",""
"4353","2026-07-21","Homer","Pratt Museum","community","Storytime at the Pratt: Celebrating Summer","10:30a-11:30a","https://www.facebook.com/events/1657086898673232/1657086915339897/?acontext=%7B%22event_action_history%22%3A%5b%7B%22extra_data%22%3A%22%22%2C%22mechanism%22%3A%22surface%22%2C%22surface%22%3A%22permalink%22%7D%2C%7B%22extra_data%22%3A%22%22%2C%22me",""
"4354","2026-07-21","Homer","Justin Cole’s Down East Saloon","music","Taco Tuesday's with Jim Maloney","6:30p-10p","https://akconcets.us20.list-manage.com/track/click?u=7bd13a48fecb63b6d795caadf&id=d4aeb6bcfd&e=be0392aff7",""
"4355","2026-07-21","Juneau","Zach Gordon Youth Center","community","Free Tlingit Language Classes","2p-3p","https://www.facebook.com/events/1010020791677649/1010020808344314/?active_tab=about",""
"4356","2026-07-21","Juneau","The Crystal Saloon","music","Jazz Jam Tuesday","8p-11p","https://www.crystalsaloon.com/events",""
"4357","2026-07-21","Kenai","Kenai Community Library","community","Nurse Storytime","10:30a-11a","https://www.facebook.com/events/1013769658218890",""
"4358","2026-07-21","Ketchikan","Ketchikan Dock","music","Music on the Dock: Scattered Sunshine Trombone Choir","12p-1p","https://www.ketchikanarts.org/programs-events/music-on-the-dock-summer-concert-series.html",""
"4359","2026-07-21","Ketchikan","Inn at Creek Street","music","The Ukulele Group","3:45p-4:45p","https://www.ketchikanarts.org/events-performances/full-arts-calendar.html/event/2026/06/03/1780533900/the-ukelele-group-/521570",""
"4360","2026-07-21","North Pole","North Pole Alehouse","community","Tuesday Pub Run w/ Tundra Trotters","6:15p-9p","https://www.facebook.com/events/1210834251124828/1210834337791486/?acontext=%7B%22event_action_history%22%3A%5b%7B%22extra_data%22%3A%22%22%2C%22mechanism%22%3A%22surface%22%2C%22surface%22%3A%22permalink%22%7D%2C%7B%22extra_data%22%3A%22%22%2C%22me",""
"4361","2026-07-21","Palmer","Fishhook Bar & Grill","music","Open Mic Night w/ Drew Sablon","6p-9p","https://www.facebook.com/photo/?fbid=1507990474662996&set=a.752367223558662",""
"4362","2026-07-21","Palmer","Four Corner’s Lounge","music","Industry Night with DJ Red","8p-?","https://www.facebook.com/FourCornersLounge",""
"4363","2026-07-21","Seward","Yukon Bar","music","Open Mic Night","8p-2a","https://www.facebook.com/photo/?fbid=1507990474662996&set=a.752367223558662",""
"4364","2026-07-21","Soldotna","Soldotna Library","community","Toddler Story Time","10:30a-11a","https://www.facebook.com/events/1503656801148774/1503656824482105/?acontext=%7B%22event_action_history%22%3A%5b%7B%22mechanism%22%3A%22surface%22%2C%22surface%22%3A%22permalink%22%7D%5d%2C%22ref_notif_type%22%3Anull%7D",""
"4365","2026-07-21","Wasilla","Ken’s Garden Center","community","Storytime at Ken’s","10a-11a","https://www.facebook.com/events/1439153171253533/1439153327920184/?active_tab=about",""
"4366","2026-07-21","Wasilla","Everett’s","music","Live Music w/ Jerry Wessling","6p-9p","https://www.facebook.com/events/1056348563732364/1056348587065695/?acontext=%7B%22event_action_history%22%3A%5b%7B%22extra_data%22%3A%22%22%2C%22mechanism%22%3A%22surface%22%2C%22surface%22%3A%22permalink%22%7D%2C%7B%22extra_data%22%3A%22%22%2C%22me",""
"4367","2026-07-21","Wasilla","Schwabenhof","music","Karaoke Night","8p-11p","https://akconcets.us20.list-manage.com/track/click?u=7bd13a48fecb63b6d795caadf&id=e982562f83&e=be0392aff7",""
"4368","2026-07-22","Anchorage","Alaska Zoo","community","Free Community Storytime","10:30a-11a","https://www.facebook.com/events/2118396738965650/2118396878965636/?acontext=%7B%22event_action_history%22%3A%5b%7B%22extra_data%22%3A%22%22%2C%22mechanism%22%3A%22surface%22%2C%22surface%22%3A%22permalink%22%7D%2C%7B%22extra_data%22%3A%22%22%2C%22me",""
"4369","2026-07-22","Anchorage","Muldoon Library","community","Parachute Storytime","10:30a-11a","https://www.facebook.com/events/1890280328351005/1890280351684336/?acontext=%7B%22event_action_history%22%3A%5b%7B%22extra_data%22%3A%22%22%2C%22mechanism%22%3A%22surface%22%2C%22surface%22%3A%22permalink%22%7D%2C%7B%22extra_data%22%3A%22%22%2C%22me",""
"4370","2026-07-22","Anchorage","Pioneer Bar","music","The Eternal Cowboys","10p-1a","https://www.facebook.com/EternalCowboys",""
"4371","2026-07-22","Anchorage","Koot’s","music","Koots Karaoke","10p-2a","https://akconcets.us20.list-manage.com/track/click?u=7bd13a48fecb63b6d795caadf&id=51fd3075bf&e=be0392aff7",""
"4372","2026-07-22","Anchorage","Muldoon Library","music","Summer Discovery: Visit From Campbell Creek Science Center","11:30a-?","https://www.facebook.com/events/1034613166176066/?acontext=%7B%22event_action_history%22%3A%5b%7B%22mechanism%22%3A%22discovery_custom_tab%22%2C%22surface%22%3A%22bookmark%22%7D%5d%2C%22ref_notif_type%22%3Anull%7D",""
"4373","2026-07-22","Anchorage","Alaska Theatre of Youth","dance","ATY Summer Pop-In Dance Series","5:30p-6:30p","https://www.facebook.com/events/979036658443816/979036695110479/?acontext=%7B%22event_action_history%22%3A%5b%7B%22extra_data%22%3A%22%22%2C%22mechanism%22%3A%22surface%22%2C%22surface%22%3A%22permalink%22%7D%2C%7B%22extra_data%22%3A%22%22%2C%22mech",""
"4374","2026-07-22","Anchorage","49th State Brewery","music","Garden Grooves: Music in the Beer Garden","5p-7p","https://www.facebook.com/photo/?fbid=1267333412235644&set=gm.1017207420732481",""
"4375","2026-07-22","Anchorage","Anchorage Social Dance Club","music","International Folk Dancing","6:30p-8p","https://www.facebook.com/35PlusClub/posts/pfbid0WJizwEbNi85duFkPSHFUsdVjmCMNhvohUubFJ3YdcCa5a49CmcfsWq4FKLK63J9xl",""
"4376","2026-07-22","Anchorage","Wildbirch Hotel","music","Live Music at Crimson w/ The Whisper Campaign","6:30p-9:30p","",""
"4377","2026-07-22","Anchorage","Manhattan’s Restaurant & Lounge","music","Seth Malone","6p-9p","https://www.facebook.com/photo/?fbid=1625154909614942&set=a.954924113304695",""
"4378","2026-07-22","Anchorage","907 Alehouse","music","Tyrone & Friends","7p-10p","https://www.facebook.com/tyrone.palmer.722744",""
"4379","2026-07-22","Anchorage","Koot’s","comedy","Comedy Open Mic","7p-10p","https://akconcets.us20.list-manage.com/track/click?u=7bd13a48fecb63b6d795caadf&id=2020d45d02&e=be0392aff7",""
"4380","2026-07-22","Anchorage","Pink Cadillac","dance","Line Dance Wednesdays","7p-12a","https://www.facebook.com/photo/?fbid=955556717518560&set=gm.1372978934760019",""
"4381","2026-07-22","Anchorage","Humpy’s","music","Live Music with Jared Woods","8p-11:30p","https://www.facebook.com/HumpysAlaska/posts/pfbid02ohZ1ZiZC8nNchkTSncCeeoiu3pT9WE3BvapCj1CjaTnwsyD9xy2GQKrxCMSpy5Dfl",""
"4382","2026-07-22","Anchorage","The Carousel Lounge","music","AK Rockstar Karaoke","8p-2a","https://akconcets.us20.list-manage.com/track/click?u=7bd13a48fecb63b6d795caadf&id=e982562f83&e=be0392aff7",""
"4383","2026-07-22","Anchorage","Mad Myrna’s","music","Karaoke","9p-12a","https://www.facebook.com/BrokenBlenderAK",""
"4384","2026-07-22","Anchorage","Van’s Dive Bar","music","Karaoke","9p-1a","https://www.facebook.com/BrokenBlenderAK",""
"4385","2026-07-22","Chugiak","Lee Jordan Field","community","Free Baseball Game: Chugiak-Eagle River Chinooks vs Glacier Pilots","6p-?","https://www.facebook.com/events/1522154296050476/?acontext=%7B%22event_action_history%22%3A%5b%7B%22mechanism%22%3A%22discovery_custom_tab%22%2C%22surface%22%3A%22bookmark%22%7D%5d%2C%22ref_notif_type%22%3Anull%7D",""
"4386","2026-07-22","Cordova","Cordova Public Library","community","Summer Reading Program","1p-2:30p","https://www.facebook.com/events/27438069035811649/27438069075811645/?active_tab=about",""
"4387","2026-07-22","Eagle River","Homestead Lounge","music","Karaoke Night w/ KJ Smoke","8p-12a","https://akconcets.us20.list-manage.com/track/click?u=7bd13a48fecb63b6d795caadf&id=e982562f83&e=be0392aff7",""
"4388","2026-07-22","Ester","Fairbanks Tango","dance","Wednesday Dance Practice","6p-9p","https://www.facebook.com/events/1043559824868668/1043559841535333/?active_tab=about",""
"4389","2026-07-22","Fairbanks","Noel Wien Library","music","Music in the Story Garden","6p-7p","https://www.facebook.com/events/1320844496040669/?acontext=%7B%22event_action_history%22%3A%5b%7B%22mechanism%22%3A%22discovery_custom_tab%22%2C%22surface%22%3A%22bookmark%22%7D%5d%2C%22ref_notif_type%22%3Anull%7D",""
"4390","2026-07-22","Fairbanks","Golden Heart Plaza & Monument","music","Free Concert: Blue Ridge Gathering","7p-?","https://www.facebook.com/events/2130850914149535/?acontext=%7B%22event_action_history%22%3A%5b%7B%22mechanism%22%3A%22discovery_custom_tab%22%2C%22surface%22%3A%22bookmark%22%7D%5d%2C%22ref_notif_type%22%3Anull%7D",""
"4391","2026-07-22","Fairbanks","The Palace Theater","music","Golden Heart Revue","8:15p-9:15p","https://www.akvisit.com/palace-theatre?fbclid=IwY2xjawR7CNdleHRuA2FlbQIxMABicmlkETFZQTc5Q1NiWm16bDhNY0RZc3J0YwZhcHBfaWQQMjIyMDM5MTc4ODIwMDg5MgABHrK_LgMLEgXX7mcIrxnzr8jTJ9RaI_Lt7mvGG48tR-IMPMLVZRSzqN26Ewga_aem_RqdeQf5Ku3SEWvV41NwhHg",""
"4392","2026-07-22","Fairbanks","The Spur","music","Karaoke Night with Rocky!","8p-11p","https://akconcets.us20.list-manage.com/track/click?u=7bd13a48fecb63b6d795caadf&id=e982562f83&e=be0392aff7",""
"4393","2026-07-22","Girdwood","Gerrish Community Library","community","Family Storytime","10:30a-11:30a","https://www.facebook.com/events/4209337435985219/4209337512651878/?acontext=%7B%22event_action_history%22%3A%5b%7B%22mechanism%22%3A%22surface%22%2C%22surface%22%3A%22permalink%22%7D%5d%2C%22ref_notif_type%22%3Anull%7D",""
"4394","2026-07-22","Homer","The Porcupine Theater","theatre","The Metropolitan Opera: The Merry Window 1p-4","6:30p-9:30p","https://porcupinetheater.com/movies/the-metropolitan-opera-the-merry-widow/?fbclid=IwY2xjawTCh8tleHRuA2FlbQIxMABicmlkETF6NGxnTHBEZU1PYVI3VEE3c3J0YwZhcHBfaWQQMjIyMDM5MTc4ODIwMDg5MgABHusQRcb_2HcLp-DNfx-ZKB65sjZoM2sbefuAAx9vEjOMrr4PmtS0M6PqfzVC_aem_J",""
"4395","2026-07-22","Homer","Homestead Restaurant","music","Live Music w/ Ben Peters","6p-9p","https://www.facebook.com/events/1481867250400832/",""
"4396","2026-07-22","Juneau","Marie Drake Planetarium","music","Free Show: Bears in Alaska","7p-8:15p","https://www.facebook.com/events/3980430022263473",""
"4397","2026-07-22","Juneau","The Crystal Saloon","music","Open Mic Night","8p-11:30p","https://www.facebook.com/photo/?fbid=1507990474662996&set=a.752367223558662",""
"4398","2026-07-22","Juneau","Alaskan Hotel and Bar","music","Karaoke","8p-11p","https://www.facebook.com/BrokenBlenderAK",""
"4399","2026-07-22","Palmer","Lulu’s Tents & Events","music","Adult Prom Night","6p-9p","https://www.facebook.com/events/1318222616481845/1318222639815176/?acontext=%7B%22event_action_history%22%3A%5b%7B%22mechanism%22%3A%22surface%22%2C%22surface%22%3A%22permalink%22%7D%5d%2C%22ref_notif_type%22%3Anull%7D",""
"4400","2026-07-22","Palmer","Four Corner’s Lounge","music","West Coast Sing Wednesday","7:30p-9:30p","https://www.facebook.com/photo/?fbid=1411992579757709&set=gm.1053059570049116",""
"4401","2026-07-22","Seward","Yukon Bar","music","Karaoke with Raunchy Rachel","9p-1a","https://akconcets.us20.list-manage.com/track/click?u=7bd13a48fecb63b6d795caadf&id=e982562f83&e=be0392aff7",""
"4402","2026-07-22","Soldotna","Soldotna Library","community","Bouncing Babes Story Time","10:30a-11a","https://www.facebook.com/events/843086674966253/843086688299585/?acontext=%7B%22event_action_history%22%3A%5b%7B%22extra_data%22%3A%22%22%2C%22mechanism%22%3A%22surface%22%2C%22surface%22%3A%22permalink%22%7D%2C%7B%22extra_data%22%3A%22%22%2C%22mech",""
"4403","2026-07-22","Soldotna","Soldotna Creek Park","music","Levitt Amp Music Series: Black Barrel & The Bad Men, Luci & Jackson, & Shonathin Hoskins","6p-9p","https://www.facebook.com/events/1649648349484643/",""
"4404","2026-07-22","Talkeetna","Denali Brewing Company","music","Larry Zarella","6p-8","https://www.facebook.com/photo/?fbid=1590844869717640&set=pb.100063764251860.-2207520000",""
"4405","2026-07-22","Wasilla","Schwabenhof","music","Open Mic","7:30p-11p","https://akconcets.us20.list-manage.com/track/click?u=7bd13a48fecb63b6d795caadf&id=2020d45d02&e=be0392aff7",""
"4406","2026-07-23","Ketchikan","Ketchikan Dock","music","Music on the Dock: The String Beings","12p-1p","https://www.ketchikanarts.org/programs-events/music-on-the-dock-summer-concert-series.html",""
"4407","2026-07-23","Ketchikan","Bush Pilots’ Lounge","music","Live Music with Marjorie Evers & Austin Hays","6p-8p","https://www.facebook.com/events/991412623671001",""
"4408","2026-08-03","Soldotna","Farnsworth Park","theatre","Storytime & Play","10:30a-11a","https://www.facebook.com/events/3481855768648747/3481855775315413/?acontext=%7B%22event_action_history%22%3A%5b%7B%22mechanism%22%3A%22surface%22%2C%22surface%22%3A%22permalink%22%7D%5d%2C%22ref_notif_type%22%3Anull%7D",""