id,date,city,venue,category,title,time,ticketUrl,cost
"2618","2025-01-21","Anchorage","Koot’s","music","The Eternal Cowboys","10p-2a","",""
"2619","2025-01-21","Anchorage","Matanuska Brewing","music","Phatt Tuesday New Orleans Jazz & Funk","6p-10p","",""
"2620","2025-01-21","Anchorage","Organic Oasis","music","Irish Music and Dancing","6p-8p","",""
"2621","2025-01-21","Anchorage","Van’s Dive Bar","music","Open Jam Night","7p-11p","",""
"2622","2025-01-21","Anchorage","Koot’s","music","Midnight Freestyle","9p-2a","",""
"2623","2025-01-21","Eagle River","Pakalolo Supply Company","comedy","Comedy Night Open Mic w/ AK Sexy Killer","12p-2p","",""
"2624","2025-01-21","Eagle River","Government Peak Chalet","music","Art & Music Night","5:30p-6:30p","",""
"2625","2025-01-21","Eagle River","Justin Cole’s Down East Saloon","music","Taco Tuesday's with Jim Maloney","6:30p-10p","",""
"2626","2025-01-21","Eagle River","The Crystal Saloon","music","Jazz Jam Tuesday","8p-11p","",""
"2627","2025-01-21","Eagle River","Schwabenhof","music","Karaoke Night","8p-11p","",""
"2628","2025-01-21","Eagle River","Four Corner’s Lounge","music","Open Mic Night","8p-12a","",""
"2629","2025-01-21","Eagle River","Yukon Bar","music","Open Jam Night","9p-2a","",""
"2630","2025-01-22","Anchorage","Pioneer Bar","music","The Eternal Cowboys","10p-12a","",""
"2631","2025-01-22","Anchorage","Koot’s","music","Koots Karaoke","10p-2a","",""
"2632","2025-01-22","Anchorage","907 Alehouse","music","Tyrone Palmer & Friends","7p-10p","",""
"2633","2025-01-22","Anchorage","Pink Cadillac","dance","Line Dance Night","7p-11p","",""
"2634","2025-01-22","Anchorage","Koot’s","dance","Country Night & Dance Lessons","7p-1a","",""
"2635","2025-01-22","Anchorage","Lil Babes Cocktail Lounge","music","Open Mic","8p-12a","",""
"2636","2025-01-22","Anchorage","The Carousel Lounge","music","AK Rockstar Karaoke","8p-2a","",""
"2637","2025-01-22","Anchorage","Mad Myrna’s","music","Karaoke","9p-12a","",""
"2638","2025-01-22","Eagle River","Main Street Tap & Grill","music","Open Mike w/ Ben Sayers","6p-9p","",""
"2639","2025-01-22","Eagle River","Schwabenhof","music","Open Mic","7:30p-11p","",""
"2640","2025-01-22","Eagle River","Alaskan Hotel and Bar","music","Karaoke","8p-11p","",""
"2641","2025-01-22","Eagle River","The Crystal Saloon","music","Open Mic Wednesday","8p-11p","",""
"2642","2025-01-22","Eagle River","Four Corner’s Lounge","music","Karaoke","9p-12a","",""
"2643","2025-01-22","Eagle River","Yukon Bar","music","Karaoke","9p-2a","",""
"2644","2025-01-23","Anchorage","Williwaw Social","festival","Acoustic Affair w/ Lizzie G, Ken Cline, Garrett Hermansen, Silas Wade, & Pepper Kit","7p-10p","",""
"2645","2025-01-23","Anchorage","Broken Blender","music","Country Music Night w/ Schaefer Mueller","7p-11p","",""
"2646","2025-01-23","Anchorage","Pink Cadillac","music","Ladies Night at Pink Cadillac w/ DJ Rico","7p-12a","",""
"2647","2025-01-23","Anchorage","Wendy Williamson Theatre","festival","Anchorage Folk Festival","7p-9:30p","",""
"2648","2025-01-23","Anchorage","Koot’s","music","Latin Thursday w/ DJ Mykey T","8p-11:45p","",""
"2649","2025-01-23","Anchorage","Flattop Pizza & Pool","music","Karaoke w/ Big Dream Entertainment","8p-12a","",""
"2650","2025-01-23","Anchorage","Floaters","music","Karaoke","8p-12a","",""
"2651","2025-01-23","Anchorage","The Carousel Lounge","music","AK Rockstar Karaoke","8p-2a","",""
"2652","2025-01-23","Anchorage","Koot’s","music","Will Balcao","9p-2a","",""
"2653","2025-01-23","Eagle River","Chair 5 Restaurant","music","The Vintage Retro","10:30p-1:30a","",""
"2654","2025-01-23","Eagle River","The International Hotel & Bar","music","Karaoke Nights at the Big I","10p-2a","",""
"2655","2025-01-23","Eagle River","Sitzmark","music","Town League Race Series & Live Music w/ Dreamcat + 3000-21","5p-9p","",""
"2656","2025-01-23","Eagle River","Palmer Alehouse","music","Shakedown Strings Live","6p-9p","",""
"2657","2025-01-23","Eagle River","Tailgater’s Sport’s Bar & Grill","music","The AKoustic Project","7p-10p","",""
"2658","2025-01-23","Eagle River","Four Corner’s Lounge","music","Open Jam/Mic Night w/ Host Jesse James","7p-11p","",""
"2659","2025-01-23","Eagle River","Hering Auditorium","music","Mean Girls: High School Version","7p-9p","",""
"2660","2025-01-23","Eagle River","Main Street Tap & Grill","music","Lindsay Glazer","7p-9p","",""
"2661","2025-01-23","Eagle River","Alaskan Hotel and Bar","music","Open Mic","8p-11p","",""
"2662","2025-01-23","Eagle River","The Crystal Saloon","music","Karaoke Thursdays","8p-11p","",""
"2663","2025-01-23","Eagle River","4 Royle Parkers","music","Open Mic w/ Cody Kniceley","8p-12a","",""
"2664","2025-01-23","Eagle River","Klondike Mike’s and Garcia’s Grill","music","Karaoke","8p-1a","",""
"2665","2025-01-23","Eagle River","Alibi Bar & Café","music","Karaoke Night","9:15p-12:15a","",""
"2666","2025-01-24","Anchorage","Koots","music","The Stack Alaska","10:30p-2a","",""
"2667","2025-01-24","Anchorage","Zip Kombucha","music","Organic Launch Party w/ The 7 Duo","6p-8p","",""
"2668","2025-01-24","Anchorage","Angry Salmon","music","Ivan Dennis","6p-9p","",""
"2669","2025-01-24","Anchorage","Alaska Center for the Performing Arts","music","International Guitar Night XXV","7:30p-9:20p","",""
"2670","2025-01-24","Anchorage","Wendy Williamson Theatre","festival","Anchorage Folk Festival","7p-10p","",""
"2671","2025-01-24","Anchorage","The Fraternal Order of Eagles Aerie 4207","music","Karaoke Friday at the Eagles!","7p-12a","",""
"2672","2025-01-24","Anchorage","Beartooth Theatrepub","comedy","Stand-Up Comedy Show with Billy Wayne Davis","7p-9p","",""
"2673","2025-01-24","Anchorage","Humpy’s","music","Glacier Hoppers Band","8:30p-12a","",""
"2674","2025-01-24","Anchorage","Broken Blender","music","Karaoke w/ DJ Sparkles","8p-12a","",""
"2675","2025-01-24","Anchorage","Williwaw Social","dance","Pop vs Hip Hop Dance Party w/ DJ GRE","9:30p-1a","",""
"2676","2025-01-24","Anchorage","Mad Myrna’s","music","Mad Myrna's Diva Variety Show","9p-11:30p","",""
"2677","2025-01-24","Anchorage","Arctic Academie de Danse","dance","Friday Night Dance Social","9p-11p","",""
"2678","2025-01-24","Anchorage","Alaska Dance Promotions","dance","Friday Night Dance Lounge","9p-1a","",""
"2679","2025-01-24","Anchorage","The Carousel Lounge","music","Live Music w/ Travis Watson","9p-1a","",""
"2680","2025-01-24","Anchorage","Flattop Pizza & Pool","music","DJ Ke","9p-1a","",""
"2681","2025-01-24","Anchorage","Time Out Lounge","music","Blast From The Past","9p-2:30a","",""
"2682","2025-01-24","Anchorage","Koots","music","Slow Burn (A Blunts & Blondes Pre-Party)","9p-2a","",""
"2683","2025-01-24","Eagle River","The Mug-Shot Saloon","music","Jerry Wessling Band","10p-2a","",""
"2684","2025-01-24","Eagle River","Last Frontier Brewing","music","Lizzie Guillot","6-9","",""
"2685","2025-01-24","Eagle River","AJ’s Old Town Steakhouse & Tavern","music","Piano Music by Erika","6p-8p","",""
"2686","2025-01-24","Eagle River","Everett’s","comedy","Comedy Show w/ Lindsay Glazer","7:30p-10p","",""
"2687","2025-01-24","Eagle River","Odd Man Rush","music","Nervis Rex","7p-10p","",""
"2688","2025-01-24","Eagle River","American Legion Post 15","music","Karaoke","7p-11p","",""
"2689","2025-01-24","Eagle River","Pioneer Bar","music","Trivia & Open Mike Night Fridays","7p-12a","",""
"2690","2025-01-24","Eagle River","Hering Auditorium","music","Mean Girls: High School Version","7p-9p","",""
"2691","2025-01-24","Eagle River","Seward Alehouse","music","Free Music Fridays: Grace C. Elliot","7p-9p","",""
"2692","2025-01-24","Eagle River","Schwabenhof","music","Karaoke Night","8p-11p","",""
"2693","2025-01-24","Eagle River","The Cabin","music","Emo Night at the Cabin w/ DJ Trax","9p-12a","",""
"2694","2025-01-24","Eagle River","Sitzmark","music","Ski Bunny Ball w/ I Like Robots","9p-12a","",""
"2695","2025-01-24","Eagle River","Alice’s Champagne Palace","music","Shakedown Strings","9p-12a","",""
"2696","2025-01-24","Eagle River","Four Corner’s Lounge","music","The Ken Peltier Band","9p-1a","",""
"2697","2025-01-24","Eagle River","Klondike Mike’s and Garcia’s Grill","music","DJ Blaque","9p-1a","",""
"2698","2025-01-24","Eagle River","Fairview Inn","music","Rick Brooks","9p-1a","",""
"2699","2025-01-25","Anchorage","Koots","music","Riddim + Beats w/ DJ JRock & DJ Militant","10p-2:30a","",""
"2700","2025-01-25","Anchorage","Koot’s","music","Shakedown Strings","10p-2a","",""
"2701","2025-01-25","Anchorage","Williwaw Social","dance","All The Single Ladies Dance Party w/ DJ Blaque","10p-2a","",""
"2702","2025-01-25","Anchorage","Cyrano’s Playhouse","festival","Auditions for Twinkle's Fairy Pet Day","10p-2p","",""
"2703","2025-01-25","Anchorage","Arctic Valley Ski Area","music","Tim Easton","2p-5p","",""
"2704","2025-01-25","Anchorage","Writer’s Block Bookstore & Café","music","Karaoke","5:30p-8p","",""
"2705","2025-01-25","Anchorage","Angry Salmon","music","JunoSmile","6p-9p","",""
"2706","2025-01-25","Anchorage","Alaska Center for the Performing Arts","music","Anchorage Symphony's ""Portraits""","7:30p-9:30p","",""
"2707","2025-01-25","Anchorage","Beartooth Theatrepub","festival","Anchorage Folk Festival","7p-10p","",""
"2708","2025-01-25","Anchorage","Anchorage Social Dance Club","dance","Dance Lessons & Social Dance","7p-11p","",""
"2709","2025-01-25","Anchorage","Koots","comedy","Comedy Show with Lindsay Glazer","7p-8:30p & 9p-10:30p","",""
"2710","2025-01-25","Anchorage","Humpy’s","music","Woodrow","8:30p-12a","",""
"2711","2025-01-25","Anchorage","Anchorage Moose Lodge","music","Glacier Hoppers Band","8p-12a","",""
"2712","2025-01-25","Anchorage","Wendy Williamson Theatre","festival","Anchorage Folk Festival","9a-10p","",""
"2713","2025-01-25","Anchorage","Oriental Garden","music","Weekly Karaoke Contest","9p-1:30a","",""
"2714","2025-01-25","Anchorage","Pink Cadillac","music","Open Range Country Mash-Up Night w/ DJ Lloyds Noize","9p-2a","",""
"2715","2025-01-25","Eagle River","Bernie’s Bar","music","Ladies Night Out","10p-1a","",""
"2716","2025-01-25","Eagle River","The International Hotel & Bar","music","Fuego Saturday w/ DJ Trey","10p-2a","",""
"2717","2025-01-25","Eagle River","Klondike Mike’s and Garcia’s Grill","music","DJ Brazen","10p-2a","",""
"2718","2025-01-25","Eagle River","The Mug-Shot Saloon","music","Jerry Wessling Band","10p-2a","",""
"2719","2025-01-25","Eagle River","Hering Auditorium","music","Mean Girls: High School Version","2p-4p & 7p-9p","",""
"2720","2025-01-25","Eagle River","Hatcher Pass Lodge","music","Head With Wings","4p-7p","",""
"2721","2025-01-25","Eagle River","Last Frontier Brewing","music","Jesse James","6-9","",""
"2722","2025-01-25","Eagle River","Sheldon Community Arts Hangar","festival","Back Country Film Festival","6:30p-9p","",""
"2723","2025-01-25","Eagle River","AJ’s Old Town Steakhouse & Tavern","music","Piano Music by Sunrise Kilcher","6p-8p","",""
"2724","2025-01-25","Eagle River","Wasilla High School","music","Mardi Gras Night","6p-9p","",""
"2725","2025-01-25","Eagle River","American Legion","dance","Dance Lessons with Shufflin’ Country Style & Karaoke After","7p-10p","",""
"2726","2025-01-25","Eagle River","American Legion Post 15","music","Karaoke","7p-11p","",""
"2727","2025-01-25","Eagle River","The Crystal Saloon","music","Teri Tibbett Presents: Beatles Night","8p-11p","",""
"2728","2025-01-25","Eagle River","Schwabenhof","music","Justin McCain","8p-11p","",""
"2729","2025-01-25","Eagle River","The Cabin","community","Rockin' Night w/ GrungeBob","9p-12a","",""
"2730","2025-01-25","Eagle River","Sitzmark","music","Ski Bunny Ball w/ I Like Robots","9p-12a","",""
"2731","2025-01-25","Eagle River","Pioneer Bar","music","Karaoke Saturdays","9p-12a","",""
"2732","2025-01-25","Eagle River","The Backdoor Lounge","music","Hot Mess","9p-1a","",""
"2733","2025-01-25","Eagle River","Four Corner’s Lounge","music","The Ken Peltier Band","9p-1a","",""
"2734","2025-01-25","Eagle River","Fairview Inn","music","Glacier Blues Band","9p-1a","",""
"2735","2025-01-26","Anchorage","Cyrano’s Playhouse","festival","Auditions for Twinkle's Fairy Pet Day","10p-21p","",""
"2736","2025-01-26","Anchorage","Pioneer Bar","music","Industry Night w/ Joe Brady","10p-2a","",""
"2737","2025-01-26","Anchorage","Writer’s Block Bookstore & Café","music","Brunch Music w/ Alan Parsons","12p-2p","",""
"2738","2025-01-26","Anchorage","Arctic Valley Ski Area","music","Long Nights Moon Live","1p-4p","",""
"2739","2025-01-26","Anchorage","VFW Post 1685","music","Open Mic & Jam","4:30p-8:30p","",""
"2740","2025-01-26","Anchorage","Billiard Palace","music","Sunday Blues Jam w/ Rebel Blues Band","6p-10p","",""
"2741","2025-01-26","Anchorage","Susitna Brewing","music","Open Mic Night","6p-9p","",""
"2742","2025-01-26","Anchorage","Change Point","dance","American Tango Lesson & Open Dance","7:45p-10p","",""
"2743","2025-01-26","Anchorage","Broken Blender","music","Open Mic Night w/ Mister Boobs","7p-10p","",""
"2744","2025-01-26","Anchorage","Van’s Dive Bar","music","Open Mic Night","7p-11p","",""
"2745","2025-01-26","Anchorage","Koot’s","comedy","Comedy Open Mic","8:30p-10p","",""
"2746","2025-01-26","Anchorage","Time Out Lounge","music","Open Jam with Blast From The Past","8:30p-1a","",""
"2747","2025-01-26","Anchorage","Wendy Williamson Theatre","festival","Anchorage Folk Festival","9:45a-10p","",""
"2748","2025-01-26","Anchorage","Koot’s","music","Open Decks","9p-2:30a","",""
"2749","2025-01-26","Anchorage","The Carousel Lounge","music","Sunday Karaoke","9p-2a","",""
"2750","2025-01-26","Eagle River","Sheldon Community Arts Hangar","music","International Guitar Night: 25th Anniversary","6:30p-9p","",""
"2751","2025-01-26","Eagle River","Everett’s","music","Open Mic Night","6p-10p","",""
"2752","2025-01-26","Eagle River","Red Dog Saloon","dance","Sunday Swing at the Red Dog","6p-9p","",""
"2753","2025-01-27","Anchorage","Middle Way Café","festival","Anchorage Folk Festival","2p-4p","",""
"2754","2025-01-27","Anchorage","Hearth Artisan Pizza","festival","Anchorage Folk Festival","5p-8p","",""
"2755","2025-01-27","Anchorage","Organic Oasis","festival","Anchorage Folk Festival","5p-8p","",""
"2756","2025-01-27","Anchorage","Broken Blender","music","Boombox Bingo","6:30p-8:30","",""
"2757","2025-01-27","Anchorage","Reilly’s Irish Pub","festival","Anchorage Folk Festival","6p-10p","",""
"2758","2025-01-27","Anchorage","K Street Market","music","AJW Community Jazz Jam Session","6p-9p","",""
"2759","2025-01-27","Anchorage","Sleepy Dog Coffee Co","festival","Anchorage Folk Festival","6p-9p","",""
"2760","2025-01-27","Anchorage","Koot’s","music","The Monday Mic w/ Boobs","9p-12a","",""
"2761","2025-01-27","Eagle River","Government Peak Chalet","music","Art & Music Night","5:30p-6:30p","",""
"2762","2025-01-27","Eagle River","Sheldon Community Arts Hangar","community","Community Choir Rehearsal","6p-9p","",""
"2763","2025-01-27","Eagle River","Alice’s Champagne Palace","music","Open Mic Night w/ Jim Maloney & Orion Donicht","7p-10p","",""
"2764","2025-01-27","Eagle River","Four Corner’s Lounge","music","Karaoke","9p-12a","",""
"2765","2025-01-28","Anchorage","Sleepy Dog Coffee Co","festival","Anchorage Folk Festival","6p-8p","",""
"2766","2025-01-28","Anchorage","Guido’s Pizza","festival","Anchorage Folk Festival","7p-9p","",""
"2767","2025-01-28","Eagle River","Government Peak Chalet","music","Art & Music Night","5:30p-6:30p","",""
"2768","2025-01-28","Eagle River","Justin Cole’s Down East Saloon","music","Taco Tuesday's with Jim Maloney","6:30p-10p","",""
"2769","2025-01-28","Eagle River","Alice’s Champagne Palace","music","Myles From Dublin: Irish Trio","7p-10p","",""
"2770","2025-01-28","Eagle River","The Crystal Saloon","music","Jazz Jam Tuesday","8p-11p","",""
"2771","2025-01-28","Eagle River","Schwabenhof","music","Karaoke Night","8p-11p","",""
"2772","2025-01-28","Eagle River","Four Corner’s Lounge","music","Open Mic Night","8p-12a","",""
"2773","2025-01-28","Eagle River","Yukon Bar","music","Open Jam Night","9p-2a","",""
"2774","2025-01-29","Anchorage","UAA Student Union","festival","Anchorage Folk Festival","12p-2p","",""
"2775","2025-01-29","Anchorage","Organic Oasis","festival","Anchorage Folk Festival","6p-8p","",""
"2776","2025-01-29","Anchorage","Cyrano’s Playhouse","music","Cabaret: Pay-What-You-Can-Preview","7p-9:30p","",""
"2777","2025-01-29","Anchorage","Writer’s Block Bookstore & Café","festival","Anchorage Folk Festival","7p-9p","",""
"2778","2025-01-29","Eagle River","Main Street Tap & Grill","music","Open Mike w/ Ben Sayers","6p-9p","",""
"2779","2025-01-29","Eagle River","Schwabenhof","music","Open Mic","7:30p-11p","",""
"2780","2025-01-29","Eagle River","Alaskan Hotel and Bar","music","Karaoke","8p-11p","",""
"2781","2025-01-29","Eagle River","The Crystal Saloon","music","Open Mic Wednesday","8p-11p","",""
"2782","2025-01-29","Eagle River","Four Corner’s Lounge","music","Karaoke","9p-12a","",""
"2783","2025-01-29","Eagle River","Yukon Bar","music","Karaoke","9p-2a","",""
"2784","2025-02-16","Anchorage","Koot’s","music","Koots Karaoke","10p-2a","",""
"2785","2025-02-16","Anchorage","Pioneer Bar","music","Industry Night w/ Joe Brady","10p-2a","",""
"2786","2025-02-16","Anchorage","Bear Tooth Theatrepub","music","Jams For Fams w/ DJ Spencer Lee: Neon Love Party","11a-1p","",""
"2787","2025-02-16","Anchorage","Midnight Sun Theatre","music","Improv Dojo","12p-1:30p","",""
"2788","2025-02-16","Anchorage","Writer’s Block Bookstore & Café","music","Brunch Music w/ Alex Parsons","12p-2p","",""
"2789","2025-02-16","Anchorage","Writer’s Block Bookstore & Café","music","Brunch Music w/ Django Jam","2p-5p","",""
"2790","2025-02-16","Anchorage","UAA Fine Arts Building","music","Judy Moody and the Stink: The Mad, Mad, Mad, Mad Treasure Hunt","3p-4:30p","",""
"2791","2025-02-16","Anchorage","Cyrano’s Theatre Building","music","Cabaret","3p-5p","",""
"2792","2025-02-16","Anchorage","Arctic Valley Ski Area","music","Comfortably Dumb Live","3p-6p","",""
"2793","2025-02-16","Anchorage","VFW Post 1685","music","Open Mic & Jam","4:30p-8:30p","",""
"2794","2025-02-16","Anchorage","Alaska Zoo","music","Valentine’s Weekend Zoo Lights","5p-8p","",""
"2795","2025-02-16","Anchorage","Billiard Palace","music","Sunday Blues Jam w/ Rebel Blues Band","6p-10p","",""
"2796","2025-02-16","Anchorage","Susitna Brewing","music","Open Mic Night","6p-9p","",""
"2797","2025-02-16","Anchorage","Change Point","dance","American Tango Lesson & Open Dance","7:45p-10p","",""
"2798","2025-02-16","Anchorage","Broken Blender","music","Open Mic Night w/ Mister Boobs","7p-10p","",""
"2799","2025-02-16","Anchorage","Van’s Dive Bar","music","Open Mic Night","7p-11p","",""
"2800","2025-02-16","Anchorage","Koot’s","comedy","Comedy Open Mic","8:30p-10p","",""
"2801","2025-02-16","Anchorage","Time Out Lounge","music","Open Jam with Blast From The Past","8:30p-1a","",""
"2802","2025-02-16","Anchorage","Mad Myrna’s","music","Karaoke","9p-12a","",""
"2803","2025-02-16","Anchorage","Continental Events","dance","Salsa Festival Black & Blue Themed Closing Party","9p-1a","",""
"2804","2025-02-16","Anchorage","Koots","music","Open Decks","9p-2:30a","",""
"2805","2025-02-16","Anchorage","The Carousel Lounge","music","Sunday Karaoke","9p-2a","",""
"2806","2025-02-16","Eagle River","Juneau Arts and Humanities","music","Gospel Choir Celebrations","2p-4 & 5p-7p","",""
"2807","2025-02-16","Eagle River","The Creek Street Cabaret","music","Open Mic Night","5p-8p","",""
"2808","2025-02-16","Eagle River","Everett’s","music","Open Mic Night","6p-10p","",""
"2809","2025-02-16","Eagle River","Red Dog Saloon","dance","Sunday Swing at the Red Dog","6p-9p","",""
"2810","2025-02-17","Anchorage","Broken Blender","music","Boombox Bingo","6:30p-8:30","",""
"2811","2025-02-17","Anchorage","K Street Market","music","AJW Community Jazz Jam Session","6p-9p","",""
"2812","2025-02-17","Anchorage","Koot’s","music","The Monday Mic w/ Boobs","9p-12a","",""
"2813","2025-02-17","Eagle River","Government Peak Chalet","music","Art & Music Night","5:30p-6:30p","",""
"2814","2025-02-17","Eagle River","Sheldon Community Arts Hangar","community","Community Choir Rehearsal","6p-9p","",""
"2815","2025-02-17","Eagle River","Alice’s Champagne Palace","music","Open Mic Night w/ Jim Maloney & Orion Donicht","7p-10p","",""
"2816","2025-02-17","Eagle River","Four Corner’s Lounge","music","Karaoke","9p-12a","",""
"2817","2025-02-18","Anchorage","Orso","music","Live Music with Witty Youngman","6p-8p","",""
"2818","2025-02-18","Anchorage","Organic Oasis","music","Irish Music and Dancing","6p-8p","",""
"2819","2025-02-18","Anchorage","Van’s Dive Bar","music","Open Jam Night","7p-11p","",""
"2820","2025-02-18","Anchorage","Koot’s","music","The Eternal Cowboys","9p-12a","",""
"2821","2025-02-18","Eagle River","Government Peak Chalet","music","Art & Music Night","5:30p-6:30p","",""
"2822","2025-02-18","Eagle River","Justin Cole’s Down East Saloon","music","Taco Tuesday's with Jim Maloney","6:30p-10p","",""
"2823","2025-02-18","Eagle River","Seward Alehouse","music","Tyson Davis Tuesdays","6p-8p","",""
"2824","2025-02-18","Eagle River","The Cabin","music","Karaoke Night at the Cabin","7p-10p","",""
"2825","2025-02-18","Eagle River","The Crystal Saloon","music","Jazz Jam Tuesday","8p-11p","",""
"2826","2025-02-18","Eagle River","Schwabenhof","music","Karaoke Night","8p-11p","",""
"2827","2025-02-18","Eagle River","Four Corner’s Lounge","music","Open Mic Night","8p-12a","",""
"2828","2025-02-18","Eagle River","Yukon Bar","music","Open Jam Night","9p-2a","",""
"2829","2025-02-19","Anchorage","Pioneer Bar","music","The Eternal Cowboys","10p-12a","",""
"2830","2025-02-19","Anchorage","Humpy’s","music","Board Night w/ DJ Covy","6p-9p","",""
"2831","2025-02-19","Anchorage","907 Alehouse","music","Tyrone Palmer & Friends","7p-10p","",""
"2832","2025-02-19","Anchorage","Pink Cadillac","dance","Line Dance Night","7p-11p","",""
"2833","2025-02-19","Anchorage","Koot’s","dance","Country Night & Dance Lessons","7p-1a","",""
"2834","2025-02-19","Anchorage","Angry Salmon","comedy","Stand Up Comedy w/ Joey Medina","7p-8:30p","",""
"2835","2025-02-19","Anchorage","Lil Babes Cocktail Lounge","music","Open Mic","8p-12a","",""
"2836","2025-02-19","Anchorage","The Carousel Lounge","music","AK Rockstar Karaoke","8p-2a","",""
"2837","2025-02-19","Eagle River","Nome Mini Convention Center","music","2025 Iron Dog Race Nome Halfway Ceremonies & Banquet","4p-6p","",""
"2838","2025-02-19","Eagle River","Main Street Tap & Grill","music","Open Mike w/ Ben Sayers","6p-9p","",""
"2839","2025-02-19","Eagle River","Schwabenhof","music","Open Mic","7:30p-11p","",""
"2840","2025-02-19","Eagle River","The Cabin","music","Open Mic Night at the Cabin","7p-10p","",""
"2841","2025-02-19","Eagle River","Alaskan Hotel and Bar","music","Karaoke","8p-11p","",""
"2842","2025-02-19","Eagle River","The Crystal Saloon","music","Open Mic Wednesday","8p-11p","",""
"2843","2025-02-19","Eagle River","Four Corner’s Lounge","music","Karaoke","9p-12a","",""
"2844","2025-02-19","Eagle River","Yukon Bar","music","Karaoke","9p-2a","",""
"2845","2025-03-18","Anchorage","Orso","music","Live Music with Witty Youngman","6p-8p","",""
"2846","2025-03-18","Anchorage","Organic Oasis","music","Irish Music and Dancing","6p-8p","",""
"2847","2025-03-18","Anchorage","Van’s Dive Bar","music","Open Jam Night","7p-11p","",""
"2848","2025-03-18","Anchorage","Koot’s","music","The Eternal Cowboys","9p-12a","",""
"2849","2025-03-20","Eagle River","Chair 5","dance","70’s Dance Party w/ The Vintage Retro","10:30p-1:30a","",""
"2850","2025-03-20","Eagle River","The International Hotel & Bar","music","Karaoke Nights at the Big I","10p-2a","",""
"2851","2025-03-20","Eagle River","The Goods","music","Open Mic Night w/ Kenai Collaborative","6p-8p","",""
"2852","2025-03-20","Eagle River","Palmer Alehouse","music","Matt Hopper Live","6p-9p","",""
"2853","2025-03-20","Eagle River","Holy Trinity Church","theatre","William Shakespeare’s Long Lost First Play","7:30p-9p","",""
"2854","2025-03-20","Eagle River","Tailgater’s Sport’s Bar & Grill","music","The AKoustic Project","7p-10p","",""
"2855","2025-03-20","Eagle River","Four Corner’s Lounge","music","Open Jam/Mic Night w/ Host Jesse James","7p-11p","",""
"2856","2025-03-20","Eagle River","Alaskan Hotel and Bar","music","Open Mic","8p-11p","",""
"2857","2025-03-20","Eagle River","The Crystal Saloon","music","Karaoke Thursdays","8p-11p","",""
"2858","2025-03-20","Eagle River","Klondike Mike’s and Garcia’s Grill","music","Karaoke","8p-1a","",""
"2859","2025-03-20","Eagle River","Alibi Bar & Café","music","Karaoke Night","9:15p-12:15a","",""
"2860","2025-03-21","Anchorage","Angry Salmon","music","Rachel Whitmore","6p-8p","",""
"2861","2025-03-21","Eagle River","Main Street Tap & Grill","music","Blackwater Railroad Company Live7p","10p","",""
"2862","2025-03-21","Eagle River","The International Hotel & Bar","music","Marc Brown & The Blues Crew","10p-2a","",""
"2863","2025-03-21","Eagle River","Kharacter’s Alaskan Bar","music","DJ Darkstar and Deadzillenial","10p-2a","",""
"2864","2025-03-21","Eagle River","Four Corner’s Lounge","music","Schaefer Mueller and The Neon Highway!","10p-2a","",""
"2865","2025-03-21","Eagle River","The Mug-Shot Saloon","music","Hot Mess","10p-2a","",""
"2866","2025-03-21","Eagle River","Alice’s Champagne Palace","music","Winter King Tournament Kick-Off Party w/ The Copper River Band","4p-7p","",""
"2867","2025-03-21","Eagle River","Marie Drake Planetarium Juneau","music","Yoga and Relaxation Under the Stars","5:30p-6:30p","",""
"2868","2025-03-21","Eagle River","Last Frontier Brewing","music","Lia Everett","6-9","",""
"2869","2025-03-21","Eagle River","Devil’s Club Brewing Company","music","Beer Choir","6:30p-9p","",""
"2870","2025-03-21","Eagle River","Palmer Train Depot","community","Women’s History Month Celebration","6p-10p","",""
"2871","2025-03-21","Eagle River","AJ’s Old Town Steakhouse & Tavern","music","Piano Music by Erika","6p-8p","",""
"2872","2025-03-21","Eagle River","The Crystal Saloon","music","A Felicidade Fridays","6p-8p","",""
"2873","2025-03-21","Eagle River","Next Step Dance Kodiak","music","Spring Fling Sock Hop","6p-8p","",""
"2874","2025-03-21","Eagle River","Carlson Center","music","Irish Karaoke Jam","6p-9p","",""
"2875","2025-03-21","Eagle River","Everett’s","comedy","Comedy Show w/ Retha Jones","7:30p-9p","",""
"2876","2025-03-21","Eagle River","Palmer Alehouse","music","Ken Peltier Live","7p-10p","",""
"2877","2025-03-21","Eagle River","American Legion Post 15","music","Karaoke","7p-11p","",""
"2878","2025-03-21","Eagle River","Pioneer Bar","music","Trivia & Open Mike Night Fridays","7p-12a","",""
"2879","2025-03-21","Eagle River","Bunnell Street Arts Center","music","Arts by Air: Shake City String Band","7p-9","",""
"2880","2025-03-21","Eagle River","The Glenn Massay Theatre","music","Valley Performing Arts: Annie","7p-9:30p","",""
"2881","2025-03-21","Eagle River","Chilkat Center for the Arts","music","Parlor In The Round feat. Lizzie No, Annie B, & Joel Stuk","7p-9p","",""
"2882","2025-03-21","Eagle River","Seward Alehouse","music","Free Music Fridays: The Robotz","7p-9p","",""
"2883","2025-03-21","Eagle River","The Pioneer Park Dance Hall","dance","St. Patrick's Day Social Dance","8:30p-11p","",""
"2884","2025-03-21","Eagle River","The Pub","music","Baddies With Bars","8:30p-12a","",""
"2885","2025-03-21","Eagle River","Schwabenhof","music","Karaoke Night","8p-11p","",""
"2886","2025-03-21","Eagle River","Fairview Inn","music","Fireweed Fiddle","8p-1a","",""
"2887","2025-03-21","Eagle River","Bernie’s Bar","music","Country Night","8p-2a","",""
"2888","2025-03-21","Eagle River","The Cabin","music","Pop vs House Music with DJ Tony Taylor","9p-12a","",""
"2889","2025-03-21","Eagle River","The Crystal Saloon","music","Hot Buttered Rum W/ Quinton Woolman-Morgan","9p-12a","",""
"2890","2025-03-21","Eagle River","Sitzmark","music","Live at the Sitz: Dizgo","9p-1a","",""
"2891","2025-03-21","Eagle River","Klondike Mike’s and Garcia’s Grill","music","Jesse James & The Unlikely Gentlemen","9p-1a","",""
"2892","2025-03-22","Anchorage","Angry Salmon","music","JUNOsmile","6p-9p","",""
"2893","2025-03-22","Anchorage","Trophy Lounge","music","Karaoke Night","8:30p-1a","",""
"2894","2025-03-22","Anchorage","American Legion Post 33","music","Karaoke Night with Matti Moosic!","8p-12a","",""
"2895","2025-03-22","Eagle River","The International Hotel & Bar","music","Marc Brown & The Blues Crew","10p-2a","",""
"2896","2025-03-22","Eagle River","Kharacter’s Alaskan Bar","music","Pudgies & Gaiaspyre","10p-2a","",""
"2897","2025-03-22","Eagle River","Bernie’s Bar","music","Spring Break Party: Jersey Shore Edition!","10p-2a","",""
"2898","2025-03-22","Eagle River","The Mug-Shot Saloon","music","Hot Mess","10p-2a","",""
"2899","2025-03-22","Eagle River","Sheldon Community Arts Hangar","music","Unit Souzou","12p-2p","",""
"2900","2025-03-22","Eagle River","Hatcher Pass Lodge","music","Black Barrel & The Bad Men","4p-7p","",""
"2901","2025-03-22","Eagle River","AJ’s Old Town Steakhouse & Tavern","music","Piano Music by Sunrise Kilcher","6p-8p","",""
"2902","2025-03-22","Eagle River","Creekbend Company","music","80's Hollywood Prom Night!","6p-9p","",""
"2903","2025-03-22","Eagle River","Everett’s","music","Jerry Wessling Live","6p-9p","",""
"2904","2025-03-22","Eagle River","Porcupine Theatre","music","Matt Hopper & The Roman Candles","7:30p-10p","",""
"2905","2025-03-22","Eagle River","The Goods","music","Conch Street All-Ages Show","7:30p-8:30p","",""
"2906","2025-03-22","Eagle River","American Legion Post 15","dance","Dance Lessons with Shufflin’ Country Style & Karaoke After","7p-10p","",""
"2907","2025-03-22","Eagle River","Odd Man Rush","music","Matt Nino","7p-11p","",""
"2908","2025-03-22","Eagle River","American Legion Post 15","music","Karaoke","7p-11p","",""
"2909","2025-03-22","Eagle River","Fairview Inn","music","Triple Black Dimond","8p-1a","",""
"2910","2025-03-22","Eagle River","Pioneer Bar","music","Karaoke Saturdays","9p-12a","",""
"2911","2025-03-22","Eagle River","The Bayou","music","Live Music w/ Ayden See","9p-12a","",""
"2912","2025-03-22","Eagle River","Sitzmark","music","Live at the Sitz: Dizgo","9p-1a","",""
"2913","2025-03-22","Eagle River","Four Corner’s Lounge","music","Ken Peltier Band","9p-1a","",""
"2914","2025-03-22","Eagle River","Klondike Mike’s and Garcia’s Grill","music","Glacier Hoppers Band","9p-1a","",""
"2915","2025-03-23","Anchorage","Susitna Brewing","music","Open Mic Night","6p-9p","",""
"2916","2025-03-23","Eagle River","Aurora Mediterranean Restaurant","dance","Argentine Tango Lesson & Open Dance","1p-3p","",""
"2917","2025-03-23","Eagle River","The Glenn Massay Theatre","music","Valley Performing Arts: Annie","2p-4:30p","",""
"2918","2025-03-23","Eagle River","St. Andrew Catholic","music","Songs of Spring","4p-6p","",""
"2919","2025-03-23","Eagle River","Stevenson Hall","music","PF Classical Community Concert","4p-6p","",""
"2920","2025-03-23","Eagle River","The Creek Street Cabaret","music","Open Mic Night","5p-8p","",""
"2921","2025-03-23","Eagle River","Everett’s","music","Open Mic Night","6p-10p","",""
"2922","2025-03-23","Eagle River","Red Dog Saloon","dance","Sunday Swing at the Red Dog","6p-9p","",""
"2923","2025-03-23","Eagle River","Skagway Brewing","music","Parlor in the Round ft Lizzie No, Annie Bartholomew, & Eliza Russell","6p-9p","",""
"2924","2025-03-24","Anchorage","Broken Blender","music","Boombox Bingo","6:30p-8:30","",""
"2925","2025-03-24","Anchorage","K Street Market","music","AJW Community Jazz Jam Session","6p-9p","",""
"2926","2025-03-24","Anchorage","Koot’s","music","Monday Open Mic","9p-12a","",""
"2927","2025-03-24","Anchorage","Koot’s","music","The Monday Mic w/ Boobs","9p-12a","",""
"2928","2025-03-24","Eagle River","The Goods","music","Song Circle w/ Friends of Mike Morgan","5p-7p","",""
"2929","2025-03-24","Eagle River","Main Street Gallery","dance","BOOMbal Dance Hall","6p-7:30p","",""
"2930","2025-03-24","Eagle River","Alice’s Champagne Palace","music","Open Mic Night w/ Jim Maloney & Orion Donicht","7p-10p","",""
"2931","2025-03-24","Eagle River","Four Corner’s Lounge","music","Karaoke","9p-12a","",""
"2932","2025-03-25","Eagle River","Justin Cole’s Down East Saloon","music","Taco Tuesday's with Jim Maloney","6:30p-10p","",""
"2933","2025-03-25","Eagle River","Seward Alehouse","music","Tyson Tuesdays","6p-8p","",""
"2934","2025-03-25","Eagle River","The Cabin","music","Karaoke Night at the Cabin","7p-10p","",""
"2935","2025-03-25","Eagle River","Pakalolo Supply Co.","comedy","Stand Up Comedy Open Mic","7p-9p","",""
"2936","2025-03-25","Eagle River","Nonna’s Osteria","music","Lizzie No & Kevin Worrell","7p-9p","",""
"2937","2025-03-25","Eagle River","The Crystal Saloon","music","Jazz Jam Tuesday","8p-11p","",""
"2938","2025-03-25","Eagle River","Schwabenhof","music","Karaoke Night","8p-11p","",""
"2939","2025-03-25","Eagle River","Four Corner’s Lounge","music","Open Mic Night","8p-12a","",""
"2940","2025-03-25","Eagle River","Yukon Bar","music","Open Jam Night","9p-2a","",""
"2941","2025-03-26","Anchorage","Alaska Zoo","community","Community Storytime","10:30a-11a","",""
"2942","2025-03-26","Anchorage","Pioneer Bar","music","The Eternal Cowboys","10p-12a","",""
"2943","2025-03-26","Anchorage","Koot’s","music","Koots Karaoke","10p-2a","",""
"2944","2025-03-26","Anchorage","Orso","music","Live Music with Rick Brooks","6p-8p","",""
"2945","2025-03-26","Anchorage","Humpy’s","music","Board Night w/ DJ Covy","6p-9p","",""
"2946","2025-03-26","Anchorage","907 Alehouse","music","Tyrone Palmer & Friends","7p-10p","",""
"2947","2025-03-26","Anchorage","Pink Cadillac","dance","Line Dance Wednesdays","7p-12a","",""
"2948","2025-03-26","Anchorage","Koot’s","music","Country Night","8p-12a","",""
"2949","2025-03-26","Anchorage","Lil Babes Cocktail Lounge","music","Open Mic","8p-12a","",""
"2950","2025-03-26","Anchorage","The Carousel Lounge","music","AK Rockstar Karaoke","8p-2a","",""
"2951","2025-03-26","Anchorage","K Street Market","music","All Vinyl Lunch Time with DJ Spencer Lee","9a-1p","",""
"2952","2025-03-26","Anchorage","Mad Myrna’s","music","Karaoke","9p-12a","",""
"2953","2025-03-26","Eagle River","Main Street Tap & Grill","music","Open Mike w/ Ben Sayers","6p-9p","",""
"2954","2025-03-26","Eagle River","Schwabenhof","music","Open Mic","7:30p-11p","",""
"2955","2025-03-26","Eagle River","The Cabin","music","Open Mic Night at the Cabin","7p-10p","",""
"2956","2025-03-26","Eagle River","Mariner Theatre","music","Unit Souzou","7p-9p","",""
"2957","2025-03-26","Eagle River","Alaskan Hotel and Bar","music","Karaoke","8p-11p","",""
"2958","2025-03-26","Eagle River","The Crystal Saloon","music","Open Mic Wednesday","8p-11p","",""
"2959","2025-03-26","Eagle River","Fairview Inn","music","Open Mic Night","8p-1a","",""
"2960","2025-03-26","Eagle River","Four Corner’s Lounge","music","Karaoke","9p-12a","",""
"2961","2025-03-26","Eagle River","Yukon Bar","music","Karaoke","9p-2a","",""
"2962","2025-05-10","Eagle River","Gerald C. Wilson Auditorium","dance","Next Step Dance: Second Star to the Right","6-7p","",""
"2963","2025-05-11","Anchorage","Alaska Botanical Garden","music","Mother’s Day at the Garden w/ Live Music","10a-4p","",""
"2964","2025-05-11","Anchorage","Koot’s","music","Koots Karaoke","10p-2a","",""
"2965","2025-05-11","Anchorage","Pioneer Bar","music","Industry Night w/ Joe Brady","10p-2a","",""
"2966","2025-05-11","Anchorage","Writer’s Block Bookstore & Café","music","Brunch Music w/ The Work Shoes","12p-2p","",""
"2967","2025-05-11","Anchorage","Zip Kombucha","comedy","Rubber Ptarmigan: Mama Bird Brunch Comedy","12p-3p","",""
"2968","2025-05-11","Anchorage","Organic Oasis","music","907 Jazz Jam","3:30p-6p","",""
"2969","2025-05-11","Anchorage","Cyrano’s Theatre Company","music","Dial M for Murder","3p-4:45p","",""
"2970","2025-05-11","Anchorage","APU Grant Hall","music","A Wrinkle In Time","3p-6p","",""
"2971","2025-05-11","Anchorage","VFW Post 1685","music","Open Mic & Jam","4:30p-8:30p","",""
"2972","2025-05-11","Anchorage","Billiard Palace","music","Sunday Blues Jam w/ Rebel Blues Band","6p-10p","",""
"2973","2025-05-11","Anchorage","Writer’s Block Bookstore & Café","music","Traditional Irish Music w/ Jim Kerr & Friends","6p-8p","",""
"2974","2025-05-11","Anchorage","Susitna Brewing","music","Open Mic Night","6p-9p","",""
"2975","2025-05-11","Anchorage","Humpy’s","music","Live Music w/ Dawson Gent","7:30p-11:30p","",""
"2976","2025-05-11","Anchorage","Van’s Dive Bar","music","Open Mic Night","7p-11p","",""
"2977","2025-05-11","Anchorage","Koot’s","comedy","Comedy Open Mic","8:30p-10p","",""
"2978","2025-05-11","Anchorage","Time Out Lounge","music","Open Jam with Blast From The Past","8:30p-1a","",""
"2979","2025-05-11","Anchorage","Mad Myrna’s","music","Karaoke","9p-12a","",""
"2980","2025-05-11","Anchorage","The Carousel Lounge","music","Sunday Karaoke","9p-2a","",""
"2981","2025-05-11","Eagle River","Creekbend Café","community","Mother's Day Brunch with Kat Moore","10a-12p","",""
"2982","2025-05-11","Eagle River","Palmer Train Depot","festival","3rd Annual One Health Fest w/ Live Music","11a-3p","",""
"2983","2025-05-11","Eagle River","Land’s End Resort","festival","5th Annual Motherbird Fair","12p-6p","",""
"2984","2025-05-11","Eagle River","Aurora Mediterranean Restaurant","dance","Argentine Tango Lesson & Open Dance","1p-3p","",""
"2985","2025-05-11","Eagle River","UAS Egan Library","music","Sunday Serenade w/ Martha Masters","2p-4p","",""
"2986","2025-05-11","Eagle River","Juneau Douglas High School","music","JDT’s Spring Showcase","2p-4p","",""
"2987","2025-05-11","Eagle River","The Alaska Club","dance","Mother’s Day Blues Dance Workshop","2p-5p","",""
"2988","2025-05-11","Eagle River","Sheldon Community Arts Hangar","music","Mother's Day Concert","4p-6p","",""
"2989","2025-05-11","Eagle River","Everett’s","music","Open Mic Night","6p-10p","",""
"2990","2025-05-11","Eagle River","The Creek Street Cabaret","music","Open Mic Night","6p-9p","",""
"2991","2025-05-11","Eagle River","The Anchor","music","Blackwater Railroad Company","7p-10p","",""
"2992","2025-05-11","Eagle River","Four Corner’s Lounge","music","Karaoke","9p-12a","",""
"2993","2025-05-12","Eagle River","The Goods","music","Song Circle w/ Friends of Mike Morgan","5p-7p","",""
"2994","2025-05-12","Eagle River","The Crystal Saloon","music","A Felicidade Dinner Jazz","6p-8p","",""
"2995","2025-05-12","Eagle River","Four Corner’s Lounge","music","Karaoke","9p-12a","",""
"2996","2025-05-13","Anchorage","Williwaw Social","music","Killoran Productions Spring Show: The Final Curtain Call","10p-1a","",""
"2997","2025-05-13","Anchorage","Broken Blender","music","Boombox Bingo","6:30p-8:30","",""
"2998","2025-05-13","Anchorage","Bear Tooth Theatrepub","festival","International Packraft Film Festival","6p-8p","",""
"2999","2025-05-13","Anchorage","Orso","music","Live Music with Witty Youngman","6p-8p","",""
"3000","2025-05-13","Anchorage","Organic Oasis","music","Irish Music and Dancing","6p-8p","",""
"3001","2025-05-13","Anchorage","K Street Market","music","AJW Community Jazz Jam Session","6p-9p","",""
"3002","2025-05-13","Anchorage","Anchorage Community Theatre","music","Auditions for “The Addams Family”","7p-10p","",""
"3003","2025-05-13","Anchorage","Van’s Dive Bar","music","Open Jam Night","7p-11p","",""
"3004","2025-05-13","Anchorage","Pink Cadillac","music","Buckaroos Night Fundraiser for Mrs. Alaska","7p-12a","",""
"3005","2025-05-13","Anchorage","Koot’s","music","The Monday Mic w/ Boobs","9p-12a","",""
"3006","2025-05-13","Anchorage","Koot’s","music","The Eternal Cowboys","9p-12a","",""
"3007","2025-05-13","Eagle River","The Cabin","music","Karaoke Night at the Cabin","7p-10p","",""
"3008","2025-05-13","Eagle River","The Creek Street Cabaret","community","(Almost) Summer Story Slam","7p-10p","",""
"3009","2025-05-13","Eagle River","Seward Alehouse","music","Live Music Tyson Tuesdays!","8p-10p","",""
"3010","2025-05-13","Eagle River","The Crystal Saloon","music","Jazz Jam Tuesday","8p-11p","",""
"3011","2025-05-13","Eagle River","Schwabenhof","music","Karaoke Night","8p-11p","",""
"3012","2025-05-13","Eagle River","Four Corner’s Lounge","music","Live DJ","8p-12a","",""
"3013","2025-05-13","Eagle River","Yukon Bar","music","Open Jam Night","9p-2a","",""
"3014","2025-05-14","Anchorage","Alaska Zoo","community","Community Storytime","10:30a-11a","",""
"3015","2025-05-14","Anchorage","Pioneer Bar","music","The Eternal Cowboys","10p-12a","",""
"3016","2025-05-14","Anchorage","Koot’s","music","Koots Karaoke","10p-2a","",""
"3017","2025-05-14","Anchorage","907 Alehouse","music","Tyrone Palmer & Friends","7p-10p","",""
"3018","2025-05-14","Anchorage","Anchorage Community Theatre","music","Auditions for “The Addams Family”","7p-10p","",""
"3019","2025-05-14","Anchorage","Pink Cadillac","dance","Line Dance Wednesdays","7p-12a","",""
"3020","2025-05-14","Anchorage","Koot’s","music","Country Night","8p-12a","",""
"3021","2025-05-14","Anchorage","Lil Babes Cocktail Lounge","music","Open Mic","8p-12a","",""
"3022","2025-05-14","Anchorage","The Carousel Lounge","music","AK Rockstar Karaoke","8p-2a","",""
"3023","2025-05-14","Anchorage","Mad Myrna’s","music","Karaoke","9p-12a","",""
"3024","2025-05-14","Anchorage","Van’s Dive Bar","music","Karaoke Wednesdays w/ Kellie B","9p-12a","",""
"3025","2025-05-14","Eagle River","Ketchikan Public Library","music","Island Music w/ Opus 76 Quartet","4:30p-5:30p","",""
"3026","2025-05-14","Eagle River","Shrine of St. Therese","music","Strings at the Shrine","5:30p-7p & 7:30p-9p","",""
"3027","2025-05-14","Eagle River","The Goods","music","Clark Whitney","5p-7p","",""
"3028","2025-05-14","Eagle River","Main Street Tap & Grill","music","Open Mic Night","6p-9p","",""
"3029","2025-05-14","Eagle River","Four Corner’s Lounge","dance","West Coast Swing Wednesday","7:30p-10p","",""
"3030","2025-05-14","Eagle River","Schwabenhof","music","Open Mic","7:30p-11p","",""
"3031","2025-05-14","Eagle River","The Cabin","music","Open Mic Night at the Cabin","7p-10p","",""
"3032","2025-05-14","Eagle River","Pioneer Park Dance Hall","dance","Ballroom Dance Club: Dance Practice","7p-9p","",""
"3033","2025-05-14","Eagle River","The Porcupine Theater","festival","Paddling Film Festival","7p-9p","",""
"3034","2025-05-14","Eagle River","Alaskan Hotel and Bar","music","Karaoke","8p-11p","",""
"3035","2025-05-14","Eagle River","The Crystal Saloon","music","Open Mic Wednesday","8p-11p","",""
"3036","2025-05-14","Eagle River","Fairview Inn","music","Open Mic Night","8p-1a","",""
"3037","2025-05-14","Eagle River","Yukon Bar","music","Karaoke","9p-2a","",""
"3038","2025-06-19","Ester","Chair 5","music","Ukulele Russ & His One-Man Frontier Band","10p-1a","",""
"3039","2025-06-19","Ester","The International Hotel & Bar","music","Karaoke Nights at the Big I","10p-2a","",""
"3040","2025-06-19","Ester","Hightower Pub","music","Celebration of Life for Dennis Rittenberry","5p-9p","",""
"3041","2025-06-19","Ester","Malemute Saloon","music","Caitlin Warbelow","7:30p-11:30p","",""
"3042","2025-06-19","Ester","The Cabin","music","Open Mic Night at the Cabin","8p-11p","",""
"3043","2025-06-19","Ester","The Cabin","music","Karaoke on the outside stage w/ Cherie Bowman","8p-11p","",""
"3044","2025-06-19","Haines","Kharacter’s Alaskan Bar","music","Jenny Baker Matinee","5p-7p","",""
"3045","2025-06-19","Haines","Pier One Theatre, Inc.","music","Treasure Island","7p-9p","",""
"3046","2025-06-19","Juneau","Alaskan Hotel and Bar","music","Nina Edwards","4p-6p","",""
"3047","2025-06-19","Juneau","Vintage Food Truck Park","music","Busking Night with Local Artists","5p-8p","",""
"3048","2025-06-19","Juneau","Main Street Tap & Grill","music","Bryan Hopkins of Elvis Monroe","7p-10p","",""
"3049","2025-06-19","Juneau","Palmer Alehouse","music","Natalie Cressman and Ian Faquini","7p-10p","",""
"3050","2025-06-19","Juneau","Four Corner’s Lounge","music","Open Jam/Mic Night w/ Host Jesse James","7p-11p","",""
"3051","2025-06-19","Juneau","The Crystal Saloon","music","Karaoke Thursdays","7p-12a","",""
"3052","2025-06-19","Juneau","Alaskan Hotel and Bar","music","Open Mic","8p-11p","",""
"3053","2025-06-19","Juneau","Klondike Mike’s and Garcia’s Grill","music","Karaoke","8p-1a","",""
"3054","2025-06-19","Juneau","Golden Saloon","music","Open Mic Night","9:30p-12a","",""
"3055","2025-06-19","Seward","The Goods","music","Azad Safavi + Them Badgers","6p-8p","",""
"3056","2025-06-19","Seward","Mountain High Pizza Pie","music","Deadphish Orchestra","7p-10p","",""
"3057","2025-06-19","Seward","Yukon Bar","dance","Thursday Night Dance Party w/ DJ WaitWat","9p-2a","",""
"3058","2025-06-20","Anchorage","Angry Salmon","music","Jacques Longpre","6p-9p","",""
"3059","2025-06-20","Ester","Malemute Saloon","music","Raisin' Holy Hell","7:30p-11:30p","",""
"3060","2025-06-20","Ester","The Boatel","music","Renegade HiFi w/ Dig Sista","9p-12a","",""
"3061","2025-06-20","Ester","The Cabin","music","For the Millennials","9p-12a","",""
"3062","2025-06-20","Ester","The International Hotel & Bar","music","Gorilla Zoe Live","9p-12a","",""
"3063","2025-06-20","Haines","Kharacter’s Alaskan Bar","music","DJ Darkstar","10p-2a","",""
"3064","2025-06-20","Haines","Dirty Skillet","music","Spindrift","6p-10p","",""
"3065","2025-06-20","Haines","The Porcupine Theater","music","The Pudgies, Discopians and D.S.B","7p-10p","",""
"3066","2025-06-20","Haines","Creekbend Company","music","Deadphish Orchestra","7p-11p","",""
"3067","2025-06-20","Haines","Bunnell Street Arts Center","music","Arts by Air: Chris Needham","7p-8p","",""
"3068","2025-06-20","Haines","Pier One Theatre, Inc.","music","Treasure Island","7p-9p","",""
"3069","2025-06-20","Juneau","Klondike Mike’s and Garcia’s Grill","music","Hot Mess","10p-2a","",""
"3070","2025-06-20","Juneau","Ketchikan Boat Dock","music","Buoy Daze","11a-12p","",""
"3071","2025-06-20","Juneau","Downtown","music","Friday Flings Market & Live Music","11a-6p","",""
"3072","2025-06-20","Juneau","Deckhand Dave’s","music","Marc Brown & The Blues Crew","7p-10p","",""
"3073","2025-06-20","Juneau","Palmer Alehouse","music","H3 Hawaii Reggae","7p-10p","",""
"3074","2025-06-20","Juneau","American Legion Post 15","music","Karaoke","7p-11p","",""
"3075","2025-06-20","Juneau","Fishhook Bar & Grill","music","Raised by Elephants feat Harp Daddy","7p-11p","",""
"3076","2025-06-20","Juneau","Juneau Arts & Humanities","music","Juneau Piano Series w/ Alexander Tutunov","7p-8:30p","",""
"3077","2025-06-20","Juneau","Kayhi Auditorium","dance","Andiamo Dance Company: Light","7p-8:30p","",""
"3078","2025-06-20","Juneau","Skeet’s Dive Bar","music","Seth Malone & Eric Doucet","8:30p-12a","",""
"3079","2025-06-20","Juneau","The Bayou","music","Ivan Denis","8p-1a","",""
"3080","2025-06-20","Juneau","The Crystal Saloon","music","Indigik’were Social Club","9p-11:30p","",""
"3081","2025-06-20","Juneau","Alaskan Hotel and Bar","music","Pride Pub Crawl Afterparty","9p-2a","",""
"3082","2025-06-20","Seward","Village Park","music","Live At Five: King Saison","5p-7p","",""
"3083","2025-06-20","Seward","The Goods","music","Mandy Madson","6p-9p","",""
"3084","2025-06-20","Seward","Seward Alehouse","music","Free Music Fridays: Lucas McCain","8p-10p","",""
"3085","2025-06-20","Seward","Talkeetna Inn","music","Free Concert w/ John Morgan & Kendell Marvel","8p-10p","",""
"3086","2025-06-20","Seward","Fairview Inn","music","King Saison","8p-1a","",""
"3087","2025-06-20","Seward","Yukon Bar","music","Ukulele Russ and His One-Man Frontier Band","9p-12a","",""
"3088","2025-06-20","Seward","The CATCH Restaurant & Bar","music","Kelly Henson & Bill Mabrey","9p-12a","",""
"3089","2025-06-20","Wasilla","Bearpaw River Brewing Company","music","Schaefer Mueller","6p-9p","",""
"3090","2025-06-20","Wasilla","Schwabenhof","music","Karaoke Night","8p-11p","",""
"3091","2025-06-21","Anchorage","Angry Salmon","music","REI","6p-9p","",""
"3092","2025-06-21","Cooper Landing","Trophy Lounge","music","Karaoke Night","8:30p-11p","",""
"3093","2025-06-21","Ester","Springhill Suites","music","Golden Heart Performing Arts Circus Shows","12:30p-8p","",""
"3094","2025-06-21","Ester","Downtown Fairbanks","festival","43rd Annual Midnight Sun Festival","12p-12a","",""
"3095","2025-06-21","Ester","Humble Roots Beer Project","music","Pups on the Patio: Solstice Animal Adoption","12p-4p","",""
"3096","2025-06-21","Ester","Gather","music","Summer Solstice Celebration","12p-8p","",""
"3097","2025-06-21","Ester","The International Hotel & Bar","music","Arctic Entry","6p-10p","",""
"3098","2025-06-21","Ester","Malemute Saloon","music","Benefield Blues Band","7:30p-11:30p","",""
"3099","2025-06-21","Ester","The Cabin","music","Dawn McClain Live","8p-11p","",""
"3100","2025-06-21","Ester","The International Hotel & Bar","festival","Midnight Sun Festival w/ SHAGG","9:30p-1a","",""
"3101","2025-06-21","Ester","The Boatel","music","Triple Black Diamonds","9p-12a","",""
"3102","2025-06-21","Haines","Kharacter’s Alaskan Bar","music","Lucas McCain","10p-2a","",""
"3103","2025-06-21","Haines","AJ’s Old Town Steakhouse & Tavern","music","Piano Music by Sunrise Kilcher","6p-8p","",""
"3104","2025-06-21","Haines","Alibi Bar & Café","music","Solstice Bash w/ Xavilai, Multikat, & Jay Wail","7:30p-12:15a","",""
"3105","2025-06-21","Haines","Creekbend Company","music","Deadphish Orchestra","7p-11p","",""
"3106","2025-06-21","Haines","Pier One Theatre, Inc.","music","Treasure Island","7p-9p","",""
"3107","2025-06-21","Haines","Pioneer Bar","music","Karaoke Saturdays","9p-12a","",""
"3108","2025-06-21","Haines","Justin Cole’s Down East Saloon","music","Goldpeak","9p-1a","",""
"3109","2025-06-21","Juneau","Klondike Mike’s and Garcia’s Grill","music","Jerry Wessling","10p-2a","",""
"3110","2025-06-21","Juneau","TK Maguire’s","community","Pride Drag Brunch","12p-2p","",""
"3111","2025-06-21","Juneau","The Creek Street Cabaret","festival","KRBD Summer Solstice Music Festival","12p-9p","",""
"3112","2025-06-21","Juneau","Hatcher Pass Lodge","music","Alicia Viani Duo","4p-7p","",""
"3113","2025-06-21","Juneau","The Crystal Saloon","music","Lucas James McCain","6p-10p","",""
"3114","2025-06-21","Juneau","Deckhand Dave’s","music","Marc Brown & The Blues Crew","7p-10p","",""
"3115","2025-06-21","Juneau","Golden Saloon","music","John Roberts Y Pan Blanco","7p-10p","",""
"3116","2025-06-21","Juneau","American Legion Post 15","dance","Dance Lessons with Shufflin’ Country Style & Karaoke After","7p-10p","",""
"3117","2025-06-21","Juneau","Palmer Alehouse","music","Black Barrel & The Bad Men","7p-10p","",""
"3118","2025-06-21","Juneau","American Legion Post 15","music","Karaoke","7p-11p","",""
"3119","2025-06-21","Juneau","Tony’s Bar","music","Live Music w/ Drew Sablon, Ronnie Wolf, Stephanie & Eric Quinth","7p-12a","",""
"3120","2025-06-21","Juneau","The Crystal Saloon","music","Middle Names ft. Magical America, Fear Boner, & DJ Donny Bru","8p-10p","",""
"3121","2025-06-21","Juneau","Ted Ferry Civic Center","music","Queer Prom","8p-12a","",""
"3122","2025-06-21","Juneau","The Bayou","music","Music w/ the Ridgeway Rounders","8p-1a","",""
"3123","2025-06-21","Seward","Soldotna Creek Park","music","Soldotna Pride in the Park","1p-5p","",""
"3124","2025-06-21","Seward","Naptowne Brewing Company","comedy","Solstice Comedy Showcase","8p-10p","",""
"3125","2025-06-21","Seward","Fairview Inn","music","Glacier Blues Band","8p-1a","",""
"3126","2025-06-21","Seward","Yukon Bar","music","Ukulele Russ and His One-Man Frontier Band","9p-12a","",""
"3127","2025-06-21","Wasilla","Wonderland Park","music","Music in the Park: The Harp Twins & H3 Hawaii Reggae Band","3p-9p","",""
"3128","2025-06-21","Wasilla","Everett’s","music","Summer Solstice Concert w/ Madame Mayhem, Bryan Hopkins, & Wayward Shot","6p-10p","",""
"3129","2025-06-22","Anchorage","Susitna Brewing","music","Open Mic Night","6p-9p","",""
"3130","2025-06-22","Ester","Aurora Mediterranean Restaurant","dance","Taste of Tango: Lessons & Dance","1p-3p","",""
"3131","2025-06-22","Ester","Malemute Saloon","music","Sunday Deck Jam","2p-5p","",""
"3132","2025-06-22","Ester","Raw Market","music","Never Miss a Sunday Show: Deadphish Orchestra","5p-8p","",""
"3133","2025-06-22","Ester","Chair 5","music","Karaoke","8p-12a","",""
"3134","2025-06-22","Haines","Kenai Peninsula College","festival","Summer Solstice Fair","10a-10p","",""
"3135","2025-06-22","Haines","Creekbend Company","music","Natalie Cressman & Ian Faquini","10a-3p","",""
"3136","2025-06-22","Haines","Pier One Theatre, Inc.","music","Johnny B’s Rhythm of the North","7:30p-8:30p","",""
"3137","2025-06-22","Juneau","The Creek Street Cabaret","music","Open Mic Night","6p-9p","",""
"3138","2025-06-22","Juneau","Four Corner’s Lounge","music","Karaoke","9p-12a","",""
"3139","2025-06-22","Seward","Yukon Bar","music","Alicia Viani Duo Live!","7:30p-12a","",""
"3140","2025-06-23","Haines","Alice’s Champagne Palace","music","Open Mic Night w/ Jim Maloney & Orion Donicht","7p-10p","",""
"3141","2025-06-23","Juneau","Four Corner’s Lounge","music","Karaoke","9p-12a","",""
"3142","2025-06-23","Seward","The Goods","music","Song Circle w/ Friends of Mike Morgan","5p-7p","",""
"3143","2025-06-23","Seward","Fairview Inn","music","Karaoke Night","8p-1a","",""
"3144","2025-06-23","Seward","Yukon Bar","music","Karaoke","9p-2a","",""
"3145","2025-06-24","Anchorage","Anchorage Museum","music","Lunch on the Lawn w/ music by Sally Quinto","11:30a-1:30p","",""
"3146","2025-06-24","Anchorage","UAA Lucy Cuddy Hall","music","Concerts in the Quad","11:30p-1p","",""
"3147","2025-06-24","Anchorage","Mountain View Public Library","music","Senior Poetry","2p-3:30p","",""
"3148","2025-06-24","Anchorage","49th State Brewery","music","Garden Grooves: Christina Napoleon","5p-7p","",""
"3149","2025-06-24","Anchorage","Organic Oasis","music","Irish Music and Dancing","6p-8p","",""
"3150","2025-06-24","Anchorage","The Blue Note AK","music","Tuesday Jazz Jam","7p-10p","",""
"3151","2025-06-24","Anchorage","Pink Cadillac","music","All Ages Buckarooos Night","7p-11p","",""
"3152","2025-06-24","Anchorage","Van’s Dive Bar","music","Open Jam Night","7p-11p","",""
"3153","2025-06-24","Anchorage","Williwaw Social","music","Taco & Tune Tuesday w/ DJ Joe Brady","7p-9p","",""
"3154","2025-06-24","Anchorage","Koot’s","music","The Eternal Cowboys","9p-12a","",""
"3155","2025-06-24","Ester","The Cabin","music","Karaoke Night at the Cabin","7p-10p","",""
"3156","2025-06-24","Juneau","Alaskan Hotel and Bar","music","Tuesday Music w/ Cherie Bowman","3p-5p","",""
"3157","2025-06-24","Juneau","Four Corner’s Lounge","music","West Coast Sing Wednesday","7:30p-9:30p","",""
"3158","2025-06-24","Juneau","The Crystal Saloon","music","Jazz Jam Tuesday","8p-11p","",""
"3159","2025-06-24","Juneau","Four Corner’s Lounge","music","Live DJ, Karaoke, and/or Live Music","8p-11p","",""
"3160","2025-06-24","Seward","Seward Alehouse","music","Live Music Tyson Tuesdays!","8p-10p","",""
"3161","2025-06-24","Seward","Yukon Bar","music","Open Mic Night w/ Braden Rollins","9p-2a","",""
"3162","2025-06-24","Wasilla","Chepo’s Mexican Restaurant","music","Taco Tuesday with Ken Peltier Band","6p-9p","",""
"3163","2025-06-24","Wasilla","Schwabenhof","music","Karaoke Night","8p-11p","",""
"3164","2025-06-25","Anchorage","Alaska Zoo","community","Community Storytime","10:30a-11a","",""
"3165","2025-06-25","Anchorage","Pioneer Bar","music","The Eternal Cowboys","10p-12a","",""
"3166","2025-06-25","Anchorage","Koot’s","music","Koots Karaoke","10p-2a","",""
"3167","2025-06-25","Anchorage","49th State Brewery","music","Garden Grooves: Joe Schumacher","5p-7p","",""
"3168","2025-06-25","Anchorage","Anchorage Social Dance Club","music","International Folk Dancing","6:30p-8p","",""
"3169","2025-06-25","Anchorage","907 Alehouse","music","Tyrone Palmer & Friends","7p-10p","",""
"3170","2025-06-25","Anchorage","Pink Cadillac","dance","Line Dance Wednesdays","7p-12a","",""
"3171","2025-06-25","Anchorage","Humpy’s","music","Live Music with Nothin' But Karma Trio","8:30p-12a","",""
"3172","2025-06-25","Anchorage","Koot’s","music","Country Night Rhinestone Cowboy: DJ Lefty's Birthday Bash","8p-12a","",""
"3173","2025-06-25","Anchorage","The Carousel Lounge","music","AK Rockstar Karaoke","8p-2a","",""
"3174","2025-06-25","Anchorage","Mad Myrna’s","music","Karaoke","9p-12a","",""
"3175","2025-06-25","Anchorage","Van’s Dive Bar","music","Karaoke Wednesdays w/ Kellie B","9p-12a","",""
"3176","2025-06-25","Cooper Landing","Gwin’s Lodge","music","Ukulele Russ & His One-Man Frontier Band","7p-10p","",""
"3177","2025-06-25","Ester","The Cabin","music","Local Talent Showcase","7p-10p","",""
"3178","2025-06-25","Ester","The Boatel","music","Harp Twins & Volfgang Twins","9p-12a","",""
"3179","2025-06-25","Juneau","Alaskan Hotel and Bar","music","Live Music w/ Lisa Denny","3p-5p","",""
"3180","2025-06-25","Juneau","Alaskan Hotel and Bar","music","Karaoke","8p-11p","",""
"3181","2025-06-25","Juneau","The Crystal Saloon","music","Open Mic Wednesday","8p-11p","",""
"3182","2025-06-25","Seward","Skagway Public Library","community","Ms. Anna's FInal Story Time","11a-1p","",""
"3183","2025-06-25","Seward","Soldotna Creek Park","music","HuDost & Acoustic Eidolon","6p-9p","",""
"3184","2025-06-25","Seward","Denali Brewpub","music","King Saison Summer Tour","6p-9p","",""
"3185","2025-06-25","Seward","Fairview Inn","music","Open Mic Night","8p-1a","",""
"3186","2025-06-25","Seward","Yukon Bar","music","Karaoke","9p-2a","",""
"3187","2025-06-25","Wasilla","Lulu’s Tents & Events","music","Campfire Sessions w/ Jerry Wessling","6p-9p","",""
"3188","2025-06-25","Wasilla","Schwabenhof","music","Open Mic","7:30p-11p","",""
"3189","2025-06-26","Seward","The Goods","music","Open Mic Night w/ Kenai Collaborative","6p-8p","",""
"3190","2025-07-03","Seward","Yukon Bar","music","Bois Rouge Cajun Band Live","7:30p-10p","",""
"3191","2025-07-06","Anchorage","O’Malley Center","music","Sunday Fresh Market & More w/ Live Music","10a-2p","",""
"3192","2025-07-06","Anchorage","Creekbend Company","music","Saturday Cinders","10a-3p","",""
"3193","2025-07-06","Anchorage","Hightower Pub","music","Good Company & The Jephries","10p-12a","",""
"3194","2025-07-06","Anchorage","Koot’s","music","Koots Karaoke","10p-2a","",""
"3195","2025-07-06","Anchorage","Pioneer Bar","music","Industry Night w/ Joe Brady","10p-2a","",""
"3196","2025-07-06","Anchorage","Writer’s Block Bookstore & Café","music","Brunch Music w/ Ashton Barabree","12p-2p","",""
"3197","2025-07-06","Anchorage","Aurora Mediterranean Restaurant","dance","Taste of Tango: Lessons & Dance","1p-3p","",""
"3198","2025-07-06","Anchorage","Malemute Saloon","music","Sunday Deck Jam","2p-5p","",""
"3199","2025-07-06","Anchorage","VFW Post 1685","music","Open Mic & Jam","4:30p-8:30p","",""
"3200","2025-07-06","Anchorage","Anchorage Social Dance Club","dance","Country Dance Nights","6:30p-10p","",""
"3201","2025-07-06","Anchorage","Billiard Palace","music","Sunday Blues Jam w/ Rebel Blues Band","6p-10p","",""
"3202","2025-07-06","Anchorage","Writer’s Block Bookstore & Café","music","Tradiditional Irish Music","6p-8p","",""
"3203","2025-07-06","Anchorage","Angry Salmon","music","The Leafy Greens Band","6p-9p","",""
"3204","2025-07-06","Anchorage","Susitna Brewing","music","Open Mic Night","6p-9p","",""
"3205","2025-07-06","Anchorage","The Creek Street Cabaret","music","Open Mic Night","6p-9p","",""
"3206","2025-07-06","Anchorage","Humpy’s","music","Pam Santoro","7:30p-11p","",""
"3207","2025-07-06","Anchorage","Van’s Dive Bar","music","Open Mic Night","7p-11p","",""
"3208","2025-07-06","Anchorage","The Palace Theater","music","The Golden Heart Revue","8:15p-9:15p","",""
"3209","2025-07-06","Anchorage","Koot’s","comedy","Comedy Open Mic","8:30p-10p","",""
"3210","2025-07-06","Anchorage","Time Out Lounge","music","Open Jam with Blast From The Past","8:30p-1a","",""
"3211","2025-07-06","Anchorage","Chair 5","music","Karaoke","8p-12a","",""
"3212","2025-07-06","Anchorage","Fairview Inn","music","Rocco & Friends","8p-1a","",""
"3213","2025-07-06","Anchorage","The International Hotel & Bar","music","DJ Mraj Nite's House Party","9:30p-12a","",""
"3214","2025-07-06","Anchorage","Mad Myrna’s","music","Karaoke","9p-12a","",""
"3215","2025-07-06","Anchorage","Pioneer Bar","music","Karaoke Saturdays","9p-12a","",""
"3216","2025-07-06","Anchorage","Four Corner’s Lounge","music","Karaoke","9p-12a","",""
"3217","2025-07-06","Anchorage","Yukon Bar","music","Ron Marsh","9p-12a","",""
"3218","2025-07-06","Anchorage","The Carousel Lounge","music","Sunday Karaoke","9p-2a","",""
"3219","2025-07-07","Anchorage","Grace Ridge Brewing","music","Cirque Date Night","6:30p-7:30p","",""
"3220","2025-07-07","Anchorage","Broken Blender","music","Boombox Bingo","6:30p-8:30","",""
"3221","2025-07-07","Anchorage","Fire Island Bakery @ K Street Market","music","Weekly Jazz Jam","6:30p-9:30p","",""
"3222","2025-07-07","Anchorage","Alice’s Champagne Palace","music","Open Mic Night w/ Jim Maloney & Orion Donicht","7p-10p","",""
"3223","2025-07-07","Anchorage","Anchorage Social Dance Club","dance","Learn to Square Dance","7p-9p","",""
"3224","2025-07-07","Anchorage","The Creek Street Cabaret","dance","90's Dance Party with ARCHIEologic","7p-9p","",""
"3225","2025-07-07","Anchorage","The Palace Theater","music","The Golden Heart Revue","8:15p-9:15p","",""
"3226","2025-07-07","Anchorage","The Blue Fox","music","Open Mic Night","8p-12a","",""
"3227","2025-07-07","Anchorage","Fairview Inn","music","Karaoke Night","8p-1a","",""
"3228","2025-07-07","Anchorage","Koot’s","music","The Monday Mic w/ Boobs","9p-12a","",""
"3229","2025-07-07","Anchorage","Four Corner’s Lounge","music","Karaoke","9p-12a","",""
"3230","2025-07-07","Anchorage","Yukon Bar","music","Karaoke","9p-2a","",""
"3231","2025-07-08","Anchorage","Ken’s Garden Center","community","Storytime at Ken’s","10a-11a","",""
"3232","2025-07-08","Anchorage","Anchorage Museum","music","Lunch on the Lawn: Dog Days of Summer","11:30a-1:30p","",""
"3233","2025-07-08","Anchorage","Organic Oasis","music","Irish Music and Dancing","6p-8p","",""
"3234","2025-07-08","Anchorage","Billiard Palace","music","Tuesday Jazz Jam","7p-10p","",""
"3235","2025-07-08","Anchorage","The Cabin","music","Karaoke Night at the Cabin","7p-10p","",""
"3236","2025-07-08","Anchorage","Alaska Legends Cider & Wine","music","Summer Slam: “Reverse!”","7p-10p","",""
"3237","2025-07-08","Anchorage","Pink Cadillac","music","All Ages Buckarooos Night","7p-11p","",""
"3238","2025-07-08","Anchorage","Van’s Dive Bar","music","Open Jam Night","7p-11p","",""
"3239","2025-07-08","Anchorage","Williwaw Social","music","Taco & Tune Tuesday w/ DJ Joe Brady","7p-9p","",""
"3240","2025-07-08","Anchorage","The Palace Theater","music","The Golden Heart Revue","8:15p-9:15p","",""
"3241","2025-07-08","Anchorage","Seward Alehouse","music","Live Music Tyson Tuesdays!","8p-10p","",""
"3242","2025-07-08","Anchorage","The Crystal Saloon","music","Jazz Jam Tuesday","8p-11p","",""
"3243","2025-07-08","Anchorage","Four Corner’s Lounge","music","Industry Night: Live DJ, Karaoke, and/or Live Music","8p-11p","",""
"3244","2025-07-08","Anchorage","Schwabenhof","music","Karaoke Night","8p-11p","",""
"3245","2025-07-08","Anchorage","Koot’s","music","The Eternal Cowboys","9p-12a","",""
"3246","2025-07-09","Anchorage","Alaska Zoo","community","Community Storytime","10:30a-11a","",""
"3247","2025-07-09","Anchorage","Pioneer Bar","music","The Eternal Cowboys","10p-12a","",""
"3248","2025-07-09","Anchorage","Koot’s","music","Koots Karaoke","10p-2a","",""
"3249","2025-07-09","Anchorage","Alaska Botanical Garden","music","Summer Storytime: ""Yukon Dan's Animal Band""","11:30a-12:30p","",""
"3250","2025-07-09","Anchorage","AK Child & Family","music","Alaska Flag Day Celebration","5:30p-8:30p","",""
"3251","2025-07-09","Anchorage","Anchorage Social Dance Club","music","International Folk Dancing","6:30p-8p","",""
"3252","2025-07-09","Anchorage","Organic Oasis","music","Jazz with A-Town Sharps","6p-8p","",""
"3253","2025-07-09","Anchorage","Soldotna Creek Park","music","H3 Hawaii Reggae & The River Livers","6p-9p","",""
"3254","2025-07-09","Anchorage","Schwabenhof","music","Open Mic","7:30p-11p","",""
"3255","2025-07-09","Anchorage","Four Corner’s Lounge","music","West Coast Sing Wednesday","7:30p-9:30p","",""
"3256","2025-07-09","Anchorage","907 Alehouse","music","Tyrone Palmer & Friends","7p-10p","",""
"3257","2025-07-09","Anchorage","The Cabin","music","Local Talent Showcase","7p-10p","",""
"3258","2025-07-09","Anchorage","Pink Cadillac","dance","Line Dance Wednesdays","7p-12a","",""
"3259","2025-07-09","Anchorage","Black Bear","music","Kuf Knotz & Christine Elise","7p-9p","",""
"3260","2025-07-09","Anchorage","The International Hotel & Bar","music","Mike Stackhouse Live","7p-9p","",""
"3261","2025-07-09","Anchorage","The Palace Theater","music","The Golden Heart Revue","8:15p-9:15p","",""
"3262","2025-07-09","Anchorage","Humpy’s","music","Live Music with Schaefer Mueller Duo","8:30p-12a","",""
"3263","2025-07-09","Anchorage","Alaskan Hotel and Bar","music","Karaoke","8p-11p","",""
"3264","2025-07-09","Anchorage","The Crystal Saloon","music","Open Mic Wednesday","8p-11p","",""
"3265","2025-07-09","Anchorage","Koot’s","music","Country Night","8p-12a","",""
"3266","2025-07-09","Anchorage","Fairview Inn","music","Open Mic Night","8p-1a","",""
"3267","2025-07-09","Anchorage","The Carousel Lounge","music","AK Rockstar Karaoke","8p-2a","",""
"3268","2025-07-09","Anchorage","Mad Myrna’s","music","Karaoke","9p-12a","",""
"3269","2025-07-09","Anchorage","Van’s Dive Bar","music","Karaoke Wednesdays w/ Kellie B","9p-12a","",""
"3270","2025-07-09","Anchorage","Yukon Bar","music","Open Mic Night w/ Braden Rollins","9p-2a","",""
"3271","2025-07-09","Anchorage","Yukon Bar","music","Karaoke","9p-2a","",""
"3272","2025-07-30","Eagle River","Alaskan Hotel and Bar","music","Lisa Denny","3p-5p","",""
"3273","2025-07-30","Eagle River","Ketchikan Public Library","music","Japanese Peace Drummer Takumi Kato","6p-8p","",""
"3274","2025-07-30","Eagle River","Black Spruce Brewing","music","Public Lands Pint Night: Current Dall Sheep Research","7p-10p","",""
"3275","2025-07-30","Eagle River","The Cabin","music","Local Talent Showcase","7p-10p","",""
"3276","2025-07-30","Eagle River","The International Hotel & Bar","music","Mike Stackhouse Live","7p-9p","",""
"3277","2025-07-30","Eagle River","The Palace Theater","music","The Golden Heart Revue","8:15p-9:15p","",""
"3278","2025-07-30","Eagle River","The Porcupine Theater","music","Glacier Quartet","8p-10p","",""
"3279","2025-07-30","Eagle River","Alaskan Hotel and Bar","music","Karaoke","8p-11p","",""
"3280","2025-07-30","Eagle River","The Crystal Saloon","music","Open Mic Wednesday","8p-11p","",""
"3281","2025-07-30","Eagle River","Alice’s Champagne Palace","music","Shakedown Strings","9p-12a","",""
"3282","2025-07-30","Palmer","Hatcher Pass Lodge","music","Michael Kirkpatrick","4p-7p","",""
"3283","2025-07-30","Palmer","Four Corner’s Lounge","music","West Coast Sing Wednesday","7:30p-9:30p","",""
"3284","2025-07-30","Seward","Schwabenhof","music","Open Mic","7:30p-11p","",""
"3285","2025-07-30","Seward","Mountain High Pizza Pie","music","Barry Sless and Stephen Englis","7p-10p","",""
"3286","2025-07-30","Seward","Fairview Inn","music","Open Mic","8p-1a","",""
"3287","2025-07-30","Seward","Yukon Bar","music","Karaoke","9p-2a","",""
"3288","2025-07-31","Eagle River","Pioneer Bar","music","Open Mic Wife Swap","10p-1a","",""
"3289","2025-07-31","Eagle River","The International Hotel & Bar","music","Karaoke Nights at the Big I","10p-2a","",""
"3290","2025-07-31","Eagle River","Alaskan Hotel and Bar","music","Nina Edwards","4p-6p","",""
"3291","2025-07-31","Eagle River","Vintage Food Truck Park","music","Busking Night with Local Artists","5p-8p","",""
"3292","2025-07-31","Eagle River","Malemute Saloon","music","Alaska Wompus Cats","7:30p-9:30p","",""
"3293","2025-07-31","Eagle River","Davis Concert Hall","music","CORVUS and Composing in the Wilderness Concert","7p-10p","",""
"3294","2025-07-31","Eagle River","Creekbend Company","festival","Salmonfest Pre-Party w/ Tim Easton, Blackwater Railroad, Katy Guillen & The Drive, and Free Creatures!","7p-11p","",""
"3295","2025-07-31","Eagle River","Historic Hope & Seaview Bar","music","Michael Kirkpatrick","7p-11p","",""
"3296","2025-07-31","Eagle River","The Palace Theater","music","The Golden Heart Revue","8:15p-9:15p","",""
"3297","2025-07-31","Eagle River","The Crystal Saloon","music","Karaoke Thursday","8p-11:30p","",""
"3298","2025-07-31","Eagle River","The Cabin","music","Open Mic Night at the Cabin","8p-11p","",""
"3299","2025-07-31","Eagle River","Northern Whimsy Wellness","music","Line Dancing","8p-11p","",""
"3300","2025-07-31","Eagle River","Alaskan Hotel and Bar","music","Open Mic","8p-11p","",""
"3301","2025-07-31","Eagle River","Golden Saloon","music","Open Mic Night","9:30p-12a","",""
"3302","2025-07-31","Palmer","Hatcher Pass Lodge","music","Barry Sless & Steve Inglis","4p-7p","",""
"3303","2025-07-31","Palmer","Palmer Alehouse","music","High Step Society","7p-10p","",""
"3304","2025-07-31","Palmer","Four Corner’s Lounge","music","Open Jam/Mic Night w/ Host Jesse James","7p-11p","",""
"3305","2025-07-31","Palmer","Klondike Mike’s and Garcia’s Grill","music","Karaoke","8p-12a","",""
"3306","2025-07-31","Seward","Downtown Valdez","music","Gold Rush Days Celebration 2025","2p-8p","",""
"3307","2025-07-31","Seward","The Goods","music","Carol Markstrom","6p-8p","",""
"3308","2025-07-31","Seward","Mountain High Pizza Pie","music","Tracorium","7p-10p","",""
"3309","2025-07-31","Seward","Fairview Inn","music","Roses Pawn Shop","8p-1a","",""
"3310","2025-07-31","Seward","Yukon Bar","dance","Thursday Night Dance Party w/ DJ WaitWat","9p-2a","",""
"3311","2025-08-01","Anchorage","Angry Salmon","music","Amelia Doll","6p-9p","",""
"3312","2025-08-01","Cooper Landing","Gwin’s Lodge","music","Kenai Band","8p-10p","",""
"3313","2025-08-01","Cooper Landing","Trophy Lodge","music","Ukulele Russ & His One-Man Frontier Band","8p-11p","",""
"3314","2025-08-01","Eagle River","The Crystal Saloon","music","It's Not A Phase: Hawthorne Heights Pre(EMO)-Party","10p-11:30p","",""
"3315","2025-08-01","Eagle River","Pioneer Bar","festival","Fairaoke","10p-1a","",""
"3316","2025-08-01","Eagle River","The International Hotel & Bar","music","DJ Mraj Nite","11p-2a","",""
"3317","2025-08-01","Eagle River","Ketchikan City Dock","music","Music on the Dock: Takumi Kato","12p-1p","",""
"3318","2025-08-01","Eagle River","Kenai Peninsula Fairgrounds","festival","Salmonfest 2025","12p-2a","",""
"3319","2025-08-01","Eagle River","Ketchikan Area Arts & Humanities Council","festival","50th Annual Blueberry Festival","2p-5p","",""
"3320","2025-08-01","Eagle River","Alaskan Hotel and Bar","music","Kristin Larson","4p-6p","",""
"3321","2025-08-01","Eagle River","Marie Drake Planetarium","music","Explore the Universe","5:30p-7p","",""
"3322","2025-08-01","Eagle River","Dirty Skillet","music","Saturday Cinders","6p-10p","",""
"3323","2025-08-01","Eagle River","Pakalolo Supply Co.","music","Matt Lewis Band w/ Matt Hopper","7p-10p","",""
"3324","2025-08-01","Eagle River","Billiken Theater","comedy","Coast Guard Day Comedy Night","7p-10p","",""
"3325","2025-08-01","Eagle River","The Palace Theater","music","The Golden Heart Revue","8:15p-9:15p","",""
"3326","2025-08-01","Eagle River","The Harbor Bar","music","Andy Koch’s Badd Dog Blues Society","8p-12p","",""
"3327","2025-08-01","Eagle River","The Cabin","music","Old School Throwback Jams","8p-1a","",""
"3328","2025-08-01","Palmer","Klondike Mike’s and Garcia’s Grill","music","Earth 2 Travolta","10p-2a","",""
"3329","2025-08-01","Palmer","Downtown","music","Friday Flings Market & Live Music","11a-6p","",""
"3330","2025-08-01","Palmer","Palmer Alehouse","music","H3 Hawaiian Reggae","7p-10p","",""
"3331","2025-08-01","Palmer","American Legion Post 15","music","Karaoke","7p-11p","",""
"3332","2025-08-01","Seward","Downtown Valdez","music","Gold Rush Days Celebration 2025","10a-10p","",""
"3333","2025-08-01","Seward","Seward Community Library & Museum","music","First Friday Garden Party","4p-6p","",""
"3334","2025-08-01","Seward","Village Park","music","Nothin' but Kharma","5p-7p","",""
"3335","2025-08-01","Seward","Flamingo Lounge","music","Live Music: High Step Society","6:30p-9:30p","",""
"3336","2025-08-01","Seward","Everett’s","music","Concert on the Lake w/ Thompson Square & James Otto","6p-10p","",""
"3337","2025-08-01","Seward","The Commons Café","music","First Friday Poetry Night: Some Things Stay","6p-8p","",""
"3338","2025-08-01","Seward","Naptowne Brewery","music","Brandon Kellum","6p-9p","",""
"3339","2025-08-01","Seward","Sitka Fine Arts Camp","theatre","The SpongeBob Musical","7p-10p","",""
"3340","2025-08-01","Seward","Magpies on the Fly","theatre","Leaving for a Loon (Play)","7p-10p","",""
"3341","2025-08-01","Seward","Church of Latter-Day Saints","dance","West Coast Swing Dance Lesson","7p-9p","",""
"3342","2025-08-01","Seward","Schwabenhof","music","Karaoke Night","8p-11p","",""
"3343","2025-08-01","Seward","Seward Alehouse","music","Free Music Fridays: Pepper Kit","8p-12a","",""
"3344","2025-08-01","Seward","Yukon Bar","music","Rage to Rhymes: A Night of Nu Metal and Hip Hop","9p-12a","",""
"3345","2025-08-02","Cooper Landing","Cooper Landing Brewing","music","Cousin Curtiss, The Builders & The Butchers, & Hwy9","5p-9p","",""
"3346","2025-08-02","Cooper Landing","The Sunrise Inn","music","Hwy9 Live","9:30p-12a","",""
"3347","2025-08-02","Eagle River","Kenai Peninsula Fairgrounds","festival","Salmonfest 2025","11a-2a","",""
"3348","2025-08-02","Eagle River","Pioneer Bar","music","Kingswardfish","11p-2a","",""
"3349","2025-08-02","Eagle River","Ketchikan Area Arts & Humanities Council","festival","50th Annual Blueberry Festival","12p-5p","",""
"3350","2025-08-02","Eagle River","Dirty Skillet","music","Saturday Cinders","6p-10p","",""
"3351","2025-08-02","Eagle River","The International Hotel & Bar","music","Island Music Night w/ Ukulele Russ & Rootsy Soul","6p-2a","",""
"3352","2025-08-02","Eagle River","AJ’s Old Town Steakhouse & Tavern","music","Piano Music by Sunrise Kilcher","6p-8p","",""
"3353","2025-08-02","Eagle River","Odd Man Rush","music","Schaefer Mueller & The Neon Highway","7p-10p","",""
"3354","2025-08-02","Eagle River","Arctic Harvest","music","Matt Lewis Band w/ Matt Hopper & Jake Chavez","7p-10p","",""
"3355","2025-08-02","Eagle River","Tanana Valley State Fairgrounds","music","Thompson Square & James Otto","7p-11p","",""
"3356","2025-08-02","Eagle River","The Palace Theater","music","The Golden Heart Revue","8:15p-9:15p","",""
"3357","2025-08-02","Eagle River","Alaskan Hotel and Bar","dance","Salsa & Bachata Lessons","8p-11p","",""
"3358","2025-08-02","Eagle River","Kenai Joes","music","Bois Rouge Cajun Band","9p-12a","",""
"3359","2025-08-02","Eagle River","Golden Saloon","music","Zen Trembles","9p-12a","",""
"3360","2025-08-02","Eagle River","The Cabin","music","Hellcat Maggie","9p-1a","",""
"3361","2025-08-02","Palmer","Klondike Mike’s and Garcia’s Grill","music","Earth 2 Travolta","10p-2a","",""
"3362","2025-08-02","Palmer","Fishhook Bar and Grill","community","Hatcher Pass Community Market","11a-5p","",""
"3363","2025-08-02","Palmer","Hatcher Pass Lodge","music","TBA","4p-7p","",""
"3364","2025-08-02","Palmer","American Legion Post 15","dance","Dance Lessons with Shufflin’ Country Style & Karaoke After","7p-10p","",""
"3365","2025-08-02","Palmer","Palmer Alehouse","music","Nervis Rex","7p-10p","",""
"3366","2025-08-02","Palmer","American Legion Post 15","music","Karaoke","7p-11p","",""
"3367","2025-08-02","Seward","Downtown Valdez","music","Gold Rush Days Celebration 2025","10a-10p","",""
"3368","2025-08-02","Seward","Menard Sports Center","festival","Thrive Fest","1p-10p","",""
"3369","2025-08-02","Seward","Naptowne Brewery","music","Amelia Doll","6p-9p","",""
"3370","2025-08-02","Seward","Sitka Fine Arts Camp","theatre","The SpongeBob Musical","7p-10p","",""
"3371","2025-08-02","Seward","Magpies on the Fly","theatre","Leaving for a Loon (Play)","7p-10p","",""
"3372","2025-08-02","Seward","Yukon Bar","music","One Love & Mic: A Reggae & Hip-Hop Showcase","9p-12a","",""
"3373","2025-08-02","Seward","Red Onion Saloon","comedy","Red Onion Charity Drag Show","9p-1a","",""
"3374","2025-08-03","Anchorage","O’Malley Center","music","Sunday Fresh Market & More w/ Live Music","10a-2p","",""
"3375","2025-08-03","Anchorage","Koot’s","music","Koots Karaoke","10p-2a","",""
"3376","2025-08-03","Anchorage","Pioneer Bar","music","Industry Night w/ Joe Brady","10p-2a","",""
"3377","2025-08-03","Anchorage","Writer’s Block Bookstore & Café","music","Brunch Music w/ Vinter.Baer","12p-2p","",""
"3378","2025-08-03","Anchorage","House of Harley Davidson","music","Spenard Bike Week Opening Ceremony","1p-8p","",""
"3379","2025-08-03","Anchorage","VFW Post 1685","music","Open Mic & Jam","4:30p-8:30p","",""
"3380","2025-08-03","Anchorage","Billiard Palace","music","Celebration of Life: Remembering Ron Brown","4p-11p","",""
"3381","2025-08-03","Anchorage","49th State Brewing","music","Garden Grooves","5p-7p","",""
"3382","2025-08-03","Anchorage","Anchorage Social Dance Club","dance","Country Dance Nights","6:30p-10p","",""
"3383","2025-08-03","Anchorage","Billiard Palace","music","Sunday Blues Jam w/ Rebel Blues Band","6p-10p","",""
"3384","2025-08-03","Anchorage","Susitna Brewing","music","Open Mic Night","6p-9p","",""
"3385","2025-08-03","Anchorage","Humpy’s","music","Amelia Doll","7:30p-11p","",""
"3386","2025-08-03","Anchorage","Van’s Dive Bar","music","Open Mic Night","7p-11p","",""
"3387","2025-08-03","Anchorage","Koot’s","comedy","Comedy Open Mic","8:30p-10p","",""
"3388","2025-08-03","Anchorage","Time Out Lounge","music","Open Jam with Blast From The Past","8:30p-1a","",""
"3389","2025-08-03","Anchorage","Mad Myrna’s","music","Karaoke","9p-12a","",""
"3390","2025-08-03","Anchorage","The Carousel Lounge","music","Sunday Karaoke","9p-2a","",""
"3391","2025-08-03","Eagle River","Kenai Peninsula Fairgrounds","festival","Salmonfest 2025","11a-10p","",""
"3392","2025-08-03","Eagle River","Creekbend Company","community","Sunday Brunch w/ Saturday Cinders","11a-2p","",""
"3393","2025-08-03","Eagle River","Malemute Saloon","music","Sunday Deck Jam","2p-5p","",""
"3394","2025-08-03","Eagle River","Lat 65 Brewery","music","- Matt Lewis Band w/ Matt Hopper","4p-7p","",""
"3395","2025-08-03","Eagle River","The Creek Street Cabaret","music","Open Mic Night","6p-9p","",""
"3396","2025-08-03","Eagle River","Historic Hope & Seaview Bar","music","Shakedown Strings Live","7p-10p","",""
"3397","2025-08-03","Eagle River","The Palace Theater","music","The Golden Heart Revue","8:15p-9:15p","",""
"3398","2025-08-03","Eagle River","Chair 5","music","Karaoke","8p-12a","",""
"3399","2025-08-03","Palmer","Four Corner’s Lounge","music","Karaoke","9p-12a","",""
"3400","2025-08-03","Seward","Downtown Valdez","music","Gold Rush Days Celebration 2025","12p-5p","",""
"3401","2025-08-04","Anchorage","Broken Blender","music","Boombox Bingo","6:30p-8:30","",""
"3402","2025-08-04","Anchorage","Fire Island Bakery @ K Street Market","music","Weekly Jazz Jam","6:30p-9:30p","",""
"3403","2025-08-04","Anchorage","Anchorage Social Dance Club","dance","Learn to Square Dance","7p-9p","",""
"3404","2025-08-04","Anchorage","The Blue Fox","music","Open Mic Night","8p-12a","",""
"3405","2025-08-04","Anchorage","Koot’s","music","The Monday Mic w/ Boobs","9p-12a","",""
"3406","2025-08-04","Eagle River","Kharacter’s Alaskan Bar","music","Bois Rouge Cajun Band","10p-1a","",""
"3407","2025-08-04","Eagle River","Kenai Community Library","music","Carol Markstrom","5p-8p","",""
"3408","2025-08-04","Eagle River","Alice’s Champagne Palace","music","Open Mic Night w/ Jim Maloney & Orion Donicht","7p-10p","",""
"3409","2025-08-04","Eagle River","The Palace Theater","music","The Golden Heart Revue","8:15p-9:15p","",""
"3410","2025-08-04","Palmer","Four Corner’s Lounge","music","Karaoke","9p-12a","",""
"3411","2025-08-04","Seward","Fairview Inn","music","Cousin Curtiss","8p-1a","",""
"3412","2025-08-04","Seward","Yukon Bar","music","Karaoke","9p-2a","",""
"3413","2025-08-05","Anchorage","Anchorage Museum","music","Lunch on the Lawn w/ Live Music","11:30a-1:30p","",""
"3414","2025-08-05","Anchorage","Organic Oasis","music","Irish Music and Dancing","6p-8p","",""
"3415","2025-08-05","Anchorage","Billiard Palace","music","Tuesday Jazz Jam","7p-10p","",""
"3416","2025-08-05","Anchorage","Pink Cadillac","music","All Ages Buckarooos Night","7p-11p","",""
"3417","2025-08-05","Anchorage","Van’s Dive Bar","music","Open Jam Night","7p-11p","",""
"3418","2025-08-05","Anchorage","Williwaw Social","music","Taco & Tune Tuesday w/ DJ Joe Brady","7p-9p","",""
"3419","2025-08-05","Anchorage","The Carousel Lounge","music","AK Rockstar Karaoke","8p-2a","",""
"3420","2025-08-05","Anchorage","Koot’s","music","The Eternal Cowboys","9p-12a","",""
"3421","2025-08-05","Eagle River","Pratt Museum","community","Storytime at the PRATT: Fun in the Sun!","10:30a-3p","",""
"3422","2025-08-05","Eagle River","Justin Cole’s Down East Saloon","music","Taco Tuesday's with Jim Maloney","6:30p-10p","",""
"3423","2025-08-05","Eagle River","Rendezvous Kodiak","music","Michael Kirkpatrick","6p-9p","",""
"3424","2025-08-05","Eagle River","The Cabin","music","Karaoke Night at the Cabin","7p-10p","",""
"3425","2025-08-05","Eagle River","The Palace Theater","music","The Golden Heart Revue","8:15p-9:15p","",""
"3426","2025-08-05","Eagle River","The Crystal Saloon","music","Jazz Jam Tuesday","8p-11p","",""
"3427","2025-08-05","Eagle River","Alice’s Champagne Palace","music","Bois Rouge Cajun Band","9p-12a","",""
"3428","2025-08-05","Palmer","Four Corner’s Lounge","music","Industry Night: Live DJ, Karaoke, and/or Live Music","8p-11p","",""
"3429","2025-08-05","Seward","Ken’s Garden Center","community","Storytime at Ken’s!","10a-11a","",""
"3430","2025-08-05","Seward","Chepo’s Mexican Restaurant","music","The Ken Peltier Band","6p-9p","",""
"3431","2025-08-05","Seward","Seward Alehouse","music","Live Music Tyson Tuesdays!","8p-10p","",""
"3432","2025-08-05","Seward","Schwabenhof","music","Karaoke Night","8p-11p","",""
"3433","2025-08-05","Seward","Yukon Bar","music","Open Mic Night w/ Braden Rollins","9p-2a","",""
"3434","2025-08-06","Anchorage","Alaska Zoo","community","Community Storytime","10:30a-11a","",""
"3435","2025-08-06","Anchorage","Pioneer Bar","music","The Eternal Cowboys","10p-12a","",""
"3436","2025-08-06","Anchorage","Koot’s","music","Koots Karaoke","10p-2a","",""
"3437","2025-08-06","Anchorage","49th State Brewing","music","Garden Grooves","5p-7p","",""
"3438","2025-08-06","Anchorage","House of Harley Davidson","music","Spenard Bike Week Hogs & Hot Rods","5p-9p","",""
"3439","2025-08-06","Anchorage","Anchorage Social Dance Club","music","International Folk Dancing","6:30p-8p","",""
"3440","2025-08-06","Anchorage","907 Alehouse","music","Tyrone Palmer & Friends","7p-10p","",""
"3441","2025-08-06","Anchorage","Pink Cadillac","dance","Line Dance Wednesdays","7p-12a","",""
"3442","2025-08-06","Anchorage","Humpy’s","music","Schafer Mueller Duo","8:30p-12a","",""
"3443","2025-08-06","Anchorage","Koot’s","music","Country Night","8p-12a","",""
"3444","2025-08-06","Anchorage","Mad Myrna’s","music","Karaoke","9p-12a","",""
"3445","2025-08-06","Anchorage","Van’s Dive Bar","music","Karaoke Wednesdays w/ Kellie B","9p-12a","",""
"3446","2025-08-06","Eagle River","Alaskan Hotel and Bar","music","Lisa Denny","3p-5p","",""
"3447","2025-08-06","Eagle River","The Cabin","music","Local Talent Showcase","7p-10p","",""
"3448","2025-08-06","Eagle River","The Porcupine Theater","music","PechaKucha: Stories at the Porcupine","7p-11p","",""
"3449","2025-08-06","Eagle River","The International Hotel & Bar","music","Mike Stackhouse Live","7p-9p","",""
"3450","2025-08-06","Eagle River","The Palace Theater","music","The Golden Heart Revue","8:15p-9:15p","",""
"3451","2025-08-06","Eagle River","Alaskan Hotel and Bar","music","Karaoke","8p-11p","",""
"3452","2025-08-06","Eagle River","The Crystal Saloon","music","Michael Kirkpatrick","8p-11p","",""
"3453","2025-08-06","Palmer","Hatcher Pass Lodge","music","Michael Kirkpatrick","4p-7p","",""
"3454","2025-08-06","Palmer","Four Corner’s Lounge","music","West Coast Sing Wednesday","7:30p-9:30p","",""
"3455","2025-08-06","Palmer","Palmer Alehouse","music","Cousin Curtiss & Harrison B","7p-10p","",""
"3456","2025-08-06","Seward","Soldotna Creek Park","music","Young Dubliners & Men With Guns","6p-9p","",""
"3457","2025-08-06","Seward","Lulu’s Tents and Events","music","Campfire Sessions with Jerry Wessling","6p-9p","",""
"3458","2025-08-06","Seward","Schwabenhof","music","Open Mic","7:30p-11p","",""
"3459","2025-08-06","Seward","Tufted Puffin","music","Barry Sless and Stephen Inglis","7p-10p","",""
"3460","2025-08-06","Seward","Fairview Inn","music","Open Mic","8p-1a","",""
"3461","2025-08-06","Seward","Yukon Bar","music","Karaoke","9p-2a","",""
"3462","2025-08-07","Palmer","Palmer Alehouse","music","Cousin Curtiss & Harrison B","7p-10p","",""
"3463","2025-08-08","Palmer","Palmer Alehouse","music","Free Creatures","7p-10p","",""
"3464","2025-08-09","Palmer","Palmer Alehouse","music","Black Barrel and the Bad Men","7p-10p","",""
"3465","2025-10-12","Anchorage","Koot’s","music","Koots Karaoke","10p-2a","",""
"3466","2025-10-12","Anchorage","Pioneer Bar","music","Industry Night w/ Joe Brady","10p-2a","",""
"3467","2025-10-12","Anchorage","Writer’s Block Bookstore & Café","music","Brunch Music with Whitney & Belle","12p-2p","",""
"3468","2025-10-12","Anchorage","49th State Brewing","music","5th Annual Great Pumpkin Patch","12p-5p","",""
"3469","2025-10-12","Anchorage","Cyrano’s Theater Company","music","Outside Mullingar","3p-4:30p","",""
"3470","2025-10-12","Anchorage","UAA Fine Arts Building","theatre","Midnight Sun Theatre: 39 Steps","3p-5p","",""
"3471","2025-10-12","Anchorage","VFW Post 1685","music","Open Mic & Jam","4:30p-8:30p","",""
"3472","2025-10-12","Anchorage","St. Patrick’s Parish","music","Alaska Chamber Singers: Ernest Bloch: Avodath Hakodesh","4p-6p","",""
"3473","2025-10-12","Anchorage","UAA Fine Arts Building","music","UAA Music Faculty Chamber Recital","4p-6p","",""
"3474","2025-10-12","Anchorage","Billiard Palace","music","Sunday Blues Jam w/ Rebel Blues Band","6p-10p","",""
"3475","2025-10-12","Anchorage","Writer’s Block Bookstore & Café","music","Traditional Irish Music Jam","6p-8p","",""
"3476","2025-10-12","Anchorage","Van’s Dive Bar","music","Open Mic Night","7p-11p","",""
"3477","2025-10-12","Anchorage","Koot’s","comedy","Comedy Open Mic","8:30p-10p","",""
"3478","2025-10-12","Anchorage","Time Out Lounge","music","Open Jam with Blast From The Past","8:30p-1a","",""
"3479","2025-10-12","Anchorage","Koot’s","music","Open Decks","8p-1a","",""
"3480","2025-10-12","Anchorage","Mad Myrna’s","music","Karaoke","9p-12a","",""
"3481","2025-10-12","Anchorage","The Carousel Lounge","music","Sunday Karaoke","9p-2a","",""
"3482","2025-10-12","Big Lake","McPhetres Hall","theatre","Theater in the Rough: Romeo & Juliet","2p-3:30p","",""
"3483","2025-10-12","Big Lake","Hering Auditorium","theatre","The Addams Family Musical","2p-5p","",""
"3484","2025-10-12","Big Lake","Susitna Brewing","music","Open Mic Night","6p-9p","",""
"3485","2025-10-12","Big Lake","The Creek Street Cabaret","music","Open Mic Night","6p-9p","",""
"3486","2025-10-12","Big Lake","The Cabin","festival","Fairbanks Friendly Feud","7p-10p","",""
"3487","2025-10-12","Big Lake","Chair 5","music","Karaoke","8p-12a","",""
"3488","2025-10-13","Anchorage","Broken Blender","music","Boombox Bingo","6:30p-8:30","",""
"3489","2025-10-13","Anchorage","Fire Island Bakery @ K Street Market","music","Weekly Jazz Jam","6:30p-9:30p","",""
"3490","2025-10-13","Anchorage","Anchorage Social Dance Club","dance","Learn to Square Dance","7p-9p","",""
"3491","2025-10-13","Anchorage","The Blue Fox","music","Open Mic Night","8p-12a","",""
"3492","2025-10-13","Anchorage","Koot’s","music","The Monday Mic w/ Boobs","9p-12a","",""
"3493","2025-10-13","Big Lake","Higher Ground","music","Jeff Tweedy","3:30p-6p","",""
"3494","2025-10-13","Big Lake","Kuskokwim Consortium Library","music","Indigenous Peoples’ Day Celebration","4p-8p","",""
"3495","2025-10-13","Big Lake","The Crystal Saloon","music","Luke & Heather In the Afternoon","5p-7p","",""
"3496","2025-10-13","Big Lake","The Goods","music","Friends of Mike Morgan Song Circle","5p-7p","",""
"3497","2025-10-13","Big Lake","Alice’s Champagne Palace","music","Open Mic Night w/ Jim Maloney & Orion Donicht","7p-10p","",""
"3498","2025-10-13","Big Lake","First Assembly Church","music","Community Concert Band Rehearsals","7p-8:30p","",""
"3499","2025-10-14","Anchorage","Organic Oasis","music","Irish Music and Dancing","6p-8p","",""
"3500","2025-10-14","Anchorage","Billiard Palace","music","Tuesday Jazz Jam","7p-10p","",""
"3501","2025-10-14","Anchorage","Pink Cadillac","music","All Ages Buckarooos Night","7p-11p","",""
"3502","2025-10-14","Anchorage","Van’s Dive Bar","music","Open Jam Night","7p-11p","",""
"3503","2025-10-14","Anchorage","The Carousel Lounge","music","AK Rockstar Karaoke","8p-2a","",""
"3504","2025-10-14","Anchorage","Koot’s","music","The Eternal Cowboys","9p-12a","",""
"3505","2025-10-14","Big Lake","Pratt Museum","community","Storytime at the PRATT: Earth's Climate","10:30a-3p","",""
"3506","2025-10-14","Big Lake","Ken’s Garden Center","community","Songs & Storytime at Ken’s!","10a-11a","",""
"3507","2025-10-14","Big Lake","Inn at Creek Street","music","The Ukulele Group","3:45p-4:45p","",""
"3508","2025-10-14","Big Lake","Justin Cole’s Down East Saloon","music","Taco Tuesday's with Jim Maloney","6:30p-10p","",""
"3509","2025-10-14","Big Lake","First United Methodist Church","community","Community Chorus Rehearsals","6:30p-8:30p","",""
"3510","2025-10-14","Big Lake","Alaska Legends Cider & Wine","community","Story Slam: Cabin Fever","7:30p-9p","",""
"3511","2025-10-14","Big Lake","The Cabin","music","Karaoke Night at the Cabin","7p-10p","",""
"3512","2025-10-14","Big Lake","Nonna’s Osteria","music","Abby Posner Live","7p-9p","",""
"3513","2025-10-14","Big Lake","The Crystal Saloon","music","Jazz Jam Tuesday","8p-11p","",""
"3514","2025-10-14","Big Lake","Four Corner’s Lounge","music","Industry Night with DJ Red","8p-11p","",""
"3515","2025-10-14","Big Lake","Schwabenhof","music","Karaoke Night","8p-11p","",""
"3516","2025-10-15","Anchorage","Alaska Zoo","community","Community Storytime","10:30a-11a","",""
"3517","2025-10-15","Anchorage","Pioneer Bar","music","The Eternal Cowboys","10p-12a","",""
"3518","2025-10-15","Anchorage","Koot’s","music","Koots Karaoke","10p-2a","",""
"3519","2025-10-15","Anchorage","First Congregational Church of Anchorage","music","Chancel Choir Practice","6:30p-7:30p","",""
"3520","2025-10-15","Anchorage","Anchorage Social Dance Club","music","International Folk Dancing","6:30p-8p","",""
"3521","2025-10-15","Anchorage","Wildbirch Hotel","music","The Whisper Campaign Live at Crimson","6:30p-9:30p","",""
"3522","2025-10-15","Anchorage","907 Alehouse","music","Tyrone Palmer & Friends","7p-10p","",""
"3523","2025-10-15","Anchorage","Pink Cadillac","dance","Line Dance Wednesdays","7p-12a","",""
"3524","2025-10-15","Anchorage","Koot’s","music","Country Night","8p-12a","",""
"3525","2025-10-15","Anchorage","Mad Myrna’s","music","Karaoke","9p-12a","",""
"3526","2025-10-15","Anchorage","Van’s Dive Bar","music","Karaoke Wednesdays w/ Kellie B","9p-12a","",""
"3527","2025-10-15","Big Lake","The Crystal Saloon","music","Luke & Heather In the Afternoon","5p-7p","",""
"3528","2025-10-15","Big Lake","The Goods","music","Karaoke with Eve","5p-8p","",""
"3529","2025-10-15","Big Lake","Schwabenhof","music","Open Mic","7:30p-11p","",""
"3530","2025-10-15","Big Lake","Four Corner’s Lounge","music","West Coast Sing Wednesday","7:30p-9:30p","",""
"3531","2025-10-15","Big Lake","The Cabin","music","Country Line Dancing w/ Greyson & Logan","7p-11:30p","",""
"3532","2025-10-15","Big Lake","The Spur","music","Karaoke Night with Rocky!","8p-11p","",""
"3533","2025-10-15","Big Lake","Alaskan Hotel and Bar","music","Karaoke","8p-11p","",""
"3534","2025-10-15","Big Lake","Fairview Inn","music","Open Mic","8p-1a","",""
"3535","2025-10-15","Big Lake","Yukon Bar","music","Open Mic Night w/ Braden Rollins","9p-2a","",""
"3536","2025-10-16","Big Lake","The Goods","music","Open Mic w/ Garret Ennis","6p-8p","",""
"3537","2025-11-06","Eagle River","Odd Man Rush","music","SalmonState Screening of ""Ocean with David Attenborough""","6:30p-8p","",""
"3538","2025-11-06","Eagle River","UAF Charles Davis Concert Hall","music","Michael Austin Graduate Violin","7:30p-9:15p","",""
"3539","2025-11-06","Eagle River","Northern Whimsy Wellness","music","Line Dancing","7p-8p","",""
"3540","2025-11-06","Eagle River","The Cabin","music","Open Mic Night at the Cabin","8p-11p","",""
"3541","2025-11-06","Haines","Devil’s Club Brewing","music","Science on Tap","5:30p-7:30p","",""
"3542","2025-11-06","Haines","Vintage Food Truck Park","music","Busking Night with Local Artists","5p-8p","",""
"3543","2025-11-06","Haines","Alaska Fish House","music","Sea Shanties with Greg Thomas and Friends","6p-8p","",""
"3544","2025-11-06","Haines","Palmer Alehouse","music","Unplugged: Roland Roberts","6p-9p","",""
"3545","2025-11-06","Haines","Four Corner’s Lounge","music","Open Jam/Mic Night w/ Host Jesse James","7p-11p","",""
"3546","2025-11-06","Haines","Harrigan Centennial Hall","festival","WhaleFest Film Fest: Sitka’s Hidden Wonders","7p-8p","",""
"3547","2025-11-06","Haines","Skeets Dive Bar","music","Karaoke with Nita","8p-1a","",""
"3548","2025-11-06","Haines","Yukon Bar","music","Karaoke","8p-2a","",""
"3549","2025-11-06","Haines","The Crystal Saloon","music","Karaoke Night","9p-11:30p","",""
"3550","2025-11-06","Haines","Alaskan Hotel and Bar","music","Open Mic","9p-11p","",""
"3551","2025-11-07","Eagle River","The International Hotel & Bar","music","Karaoke with Angel","10p-3a","",""
"3552","2025-11-07","Eagle River","Gather","music","First Friday: Games & Jams in the Garage","5p-8p","",""
"3553","2025-11-07","Eagle River","The Spur","music","Slay at the Spur","6p-7:30p","",""
"3554","2025-11-07","Eagle River","The Cabin","music","Family Night at the Cabin","6p-9p","",""
"3555","2025-11-07","Eagle River","Hering Auditorium","music","Portland Cello Project","7:30p-9:30p","",""
"3556","2025-11-07","Eagle River","Warrior Zone","music","Karaoke Night","7p-11:45p","",""
"3557","2025-11-07","Haines","Around Haines","festival","Alaska Bald Eagle Festival 2025","10a-10p","",""
"3558","2025-11-07","Haines","Seward Community Library & Museum","community","Storytime & Craft","12:30p-3:30p","",""
"3559","2025-11-07","Haines","Harrigan Centennial Hall","festival","Sitka WhaleFest Science Symposium","12:30p-4p","",""
"3560","2025-11-07","Haines","The Mustard Seed Resale Shop","music","First Friday Art Sale w/ Music","4p-7p","",""
"3561","2025-11-07","Haines","Marie Drake Planetarium","music","First Friday Open House","5:30p-7p","",""
"3562","2025-11-07","Haines","Diamond Park Field House","music","Family Fun Night","5p-6:30p","",""
"3563","2025-11-07","Haines","The Goods","music","Geoffrey Haase","6p-8p","",""
"3564","2025-11-07","Haines","Harrigan Centennial Hall","music","The Maritime Grind","7:30p-9p","",""
"3565","2025-11-07","Haines","Everett’s","comedy","Comedy Show with Adam Tiller","7:30p-9p","",""
"3566","2025-11-07","Haines","Raven Yoga Shala Juneau","dance","Friday Spooky Social Dance","7p-10:30p","",""
"3567","2025-11-07","Haines","Glenn Massay Theater","music","Sweeney Todd: The Demon Barber of Fleet Street","7p-10p","",""
"3568","2025-11-07","Haines","American Legion Post 15","music","Karaoke","7p-11p","",""
"3569","2025-11-07","Haines","Emerald Isle Market","community","Kodiak Galley Tables Storytelling: Back In My Day","7p-9p","",""
"3570","2025-11-07","Haines","Skagway Brewing","music","Live Music w/ Sam Sonnemann & Friends","7p-9p","",""
"3571","2025-11-07","Haines","Valdez Cinema","music","Springsteen: Deliver Me from Nowhere","7p-9p","",""
"3572","2025-11-07","Haines","Alaskan Hotel and Bar","music","Fear Boner ft The Bone Heads & Fysh Houck","8p-1a","",""
"3573","2025-11-07","Haines","Klondike Mike’s and Garcia’s Grill","music","Friday Night with DJ Blaque","9p-1a","",""
"3574","2025-11-08","Eagle River","The International Hotel & Bar","music","Burlesque Bingo w/ Delilah Danger","10p-12a","",""
"3575","2025-11-08","Eagle River","Odd Man Rush","festival","2025 Alaska Crafted Festival","3p-6p","",""
"3576","2025-11-08","Eagle River","Polar Ice","music","Open Skate: Pixar's ""Coco"" Movie","6p-8p","",""
"3577","2025-11-08","Eagle River","Warrior Zone","community","Line Dancing Classes","7p-9p","",""
"3578","2025-11-08","Haines","The Kodiak Marketplace","music","Second Saturday Shenanigans","10:30a-11:30a","",""
"3579","2025-11-08","Haines","Around Haines","festival","Alaska Bald Eagle Festival 2025","10a-10p","",""
"3580","2025-11-08","Haines","Haines Visitor Center","festival","Eagle Festival: Eagle Fun Run","10a-11a","",""
"3581","2025-11-08","Haines","Pratt Museum","music","Second Saturday: Free Entry to the Museum","10a-3p","",""
"3582","2025-11-08","Haines","The Crystal Saloon","music","Hot Club of Juneau","10p-1a","",""
"3583","2025-11-08","Haines","Harrigan Centennial Hall","festival","Sitka WhaleFest Science Symposium","1p-4p","",""
"3584","2025-11-08","Haines","The Mustard Seed Resale Shop","music","Special Saturday Art Sale w/ Music","2p-4p","",""
"3585","2025-11-08","Haines","Glenn Massay Theater","music","Sweeney Todd: The Demon Barber of Fleet Street","2p-5p & 7p-10p","",""
"3586","2025-11-08","Haines","Alaska SeaLife Center","music","Beers by the Bay 2025 Fundraiser","4p-10p","",""
"3587","2025-11-08","Haines","Hatcher Pass Lodge","music","Grassteroids","4p-7p","",""
"3588","2025-11-08","Haines","Resurrection Lutheran Church","music","Juneau Hunger Jam","6p-10","",""
"3589","2025-11-08","Haines","AJ’s Old Town Steakhouse & Tavern","music","Piano Music by Sunrise Kilcher","6p-8p","",""
"3590","2025-11-08","Haines","Afognak Native Corporation","music","2025 Annual Awards Recognition Dinner","6p-9:30p","",""
"3591","2025-11-08","Haines","Ted Ferry Civic Center","music","2025 Celebration of the Stars: A Star Spangled Ketchikan","6p-9p","",""
"3592","2025-11-08","Haines","Lekker Coffee House and Bakery","dance","Cabbage Hop Dance Party","6p-9p","",""
"3593","2025-11-08","Haines","Hangar on the Warf","theatre","Masquerade with Juneau Lyric Opera","7p-11p","",""
"3594","2025-11-08","Haines","American Legion Post 15","music","Karaoke","7p-11p","",""
"3595","2025-11-08","Haines","Haines Visitor Center","music","River Talk: “The Bird is the Word”","7p-8:30p","",""
"3596","2025-11-08","Haines","Valdez Cinema","music","Springsteen: Deliver Me from Nowhere 1p-3p, 4p-6p, &","7p-9p","",""
"3597","2025-11-08","Haines","Whale Park","festival","Sitka WhaleFest Fun Run & Walk","8a-10a","",""
"3598","2025-11-08","Haines","Schwabenhof","music","Karaoke Night","8p-11p","",""
"3599","2025-11-08","Haines","Skeets Dive Bar","dance","Line Dance Lessons","8p-1a","",""
"3600","2025-11-08","Haines","Alice’s Champagne Palace","music","Sneaux Cats","9p-12a","",""
"3601","2025-11-08","Haines","Pioneer Bar","music","Karaoke Night","9p-1a","",""
"3602","2025-11-08","Haines","Fairview Inn","music","The Glacier Blues Band Live","9p-1a","",""
"3603","2025-11-08","Haines","Yukon Bar","music","Beers By The Bay Afterparty w/ Bananahands","9p-2a","",""
"3604","2025-11-08","Haines","Yukon Bar","music","Karaoke","9p-2a","",""
"3605","2025-11-09","Anchorage","Koot’s","music","Koots Karaoke","10p-2a","",""
"3606","2025-11-09","Anchorage","Pioneer Bar","music","Industry Night w/ Joe Brady","10p-2a","",""
"3607","2025-11-09","Anchorage","Susitna Brewing","music","Open Mic Night","6p-9p","",""
"3608","2025-11-09","Anchorage","Time Out Lounge","music","Open Jam with Blast From The Past","8:30p-1a","",""
"3609","2025-11-09","Anchorage","The Carousel Lounge","music","Sunday Karaoke","9p-2a","",""
"3610","2025-11-09","Eagle River","UAF Charles Davis Concert Hall","music","Stech Memorial Organ Dedication Recital","4p-6p","",""
"3611","2025-11-09","Eagle River","Chair 5","music","Karaoke","8p-12a","",""
"3612","2025-11-09","Haines","Harrigan Centennial Hall","festival","Sitka WhaleFest Science Symposium","1p-4p","",""
"3613","2025-11-09","Haines","Glenn Massay Theater","music","Sweeney Todd: The Demon Barber of Fleet Street","2p-5p","",""
"3614","2025-11-09","Haines","The Creek Street Cabaret","music","Open Mic Night","6p-9p","",""
"3615","2025-11-09","Haines","Around Haines","festival","Alaska Bald Eagle Festival 2025","7a-6p","",""
"3616","2025-11-09","Haines","Valdez Cinema","music","Springsteen: Deliver Me from Nowhere 1p-3p, 4p-6p, &","7p-9p","",""
"3617","2025-11-10","Anchorage","Broken Blender","music","Boombox Bingo","6:30p-8:30","",""
"3618","2025-11-10","Anchorage","Alaska Center for the Performing Arts","music","Alaska Youth Orchestras: AYO Fall Celebration Concert","6:30p-8p","",""
"3619","2025-11-10","Anchorage","Fire Island Bakery @ K Street Market","music","Weekly Jazz Jam","6:30p-9:30p","",""
"3620","2025-11-10","Anchorage","Anchorage Social Dance Club","dance","Learn to Square Dance","7p-9p","",""
"3621","2025-11-10","Anchorage","The Blue Fox","music","Open Mic Night","8p-12a","",""
"3622","2025-11-10","Anchorage","Koot’s","music","The Monday Mic w/ Boobs","9p-12a","",""
"3623","2025-11-10","Haines","Kenai Cultural Center","community","Storytime: An Arctic Story “The Animals of the Frozen North”","11a-1p","",""
"3624","2025-11-10","Haines","The Crystal Saloon","music","Luke & Heather In the Afternoon","5p-7p","",""
"3625","2025-11-10","Haines","The Goods","music","Friends of Mike Morgan Song Circle","5p-7p","",""
"3626","2025-11-10","Haines","Alice’s Champagne Palace","music","Open Mic Night w/ Jim Maloney & Orion Donicht","7p-10p","",""
"3627","2025-11-10","Haines","First Assembly Church","music","Community Concert Band Rehearsals","7p-8:30p","",""
"3628","2025-11-10","Haines","New Archangel Dancers","dance","New Archangel Dancers Recruitment Nights","7p-9p","",""
"3629","2025-11-11","Anchorage","Alaska Zoo","music","Veteran’s Day Special: Free Admission for Vets & Active Duty","10a-4p","",""
"3630","2025-11-11","Anchorage","Organic Oasis","music","Irish Music and Dancing","6p-8p","",""
"3631","2025-11-11","Anchorage","Billiard Palace","music","Tuesday Jazz Jam","7p-10p","",""
"3632","2025-11-11","Anchorage","Pink Cadillac","music","All Ages Buckarooos Night","7p-11p","",""
"3633","2025-11-11","Anchorage","Van’s Dive Bar","music","Open Jam Night","7p-11p","",""
"3634","2025-11-11","Anchorage","The Carousel Lounge","music","AK Rockstar Karaoke","8p-2a","",""
"3635","2025-11-11","Anchorage","Koot’s","music","The Eternal Cowboys","9p-12a","",""
"3636","2025-11-11","Eagle River","The Cabin","music","Karaoke Night at the Cabin","7p-10p","",""
"3637","2025-11-11","Haines","Pratt Museum","community","Storytime at the PRATT: Native American Heritage Month","10:30a-3p","",""
"3638","2025-11-11","Haines","Ken’s Garden Center","community","Songs & Storytime at Ken’s!","10a-11a","",""
"3639","2025-11-11","Haines","Higher Ground","music","Nick Shoulders Live","4p-6p","",""
"3640","2025-11-11","Haines","Justin Cole’s Down East Saloon","music","Taco Tuesday's with Jim Maloney","6:30p-10p","",""
"3641","2025-11-11","Haines","First United Methodist Church","community","Community Chorus Rehearsals","6:30p-8:30p","",""
"3642","2025-11-11","Haines","Alaska Legends Cider & Wine","community","Story Slam: “Robbing Peter to Pay Paul”","7p-9p","",""
"3643","2025-11-11","Haines","The Crystal Saloon","music","Jazz Jam Tuesday","8p-11p","",""
"3644","2025-11-11","Haines","Four Corner’s Lounge","music","Industry Night with DJ Red","8p-11p","",""
"3645","2025-11-12","Anchorage","Alaska Zoo","community","Community Storytime","10:30a-11a","",""
"3646","2025-11-12","Anchorage","Pioneer Bar","music","The Eternal Cowboys","10p-12a","",""
"3647","2025-11-12","Anchorage","Koot’s","music","Koots Karaoke","10p-2a","",""
"3648","2025-11-12","Anchorage","First Congregational Church of Anchorage","music","Chancel Choir Practice","6:30p-7:30p","",""
"3649","2025-11-12","Anchorage","Anchorage Social Dance Club","music","International Folk Dancing","6:30p-8p","",""
"3650","2025-11-12","Anchorage","Writer’s Block Bookstore & Café","comedy","Stand-Up & Comedy Writing Workshop","6:30p-8p","",""
"3651","2025-11-12","Anchorage","Loussac Public Library","community","Community Wildfire Town Hall","6p-7p","",""
"3652","2025-11-12","Anchorage","Alaska Zoo","music","Wildlife Wednesdays Free Science Lecture Series: Karelian Bear Dogs","7-8p","",""
"3653","2025-11-12","Anchorage","907 Alehouse","music","Tyrone Palmer & Friends","7p-10p","",""
"3654","2025-11-12","Anchorage","Pink Cadillac","dance","Line Dance Wednesdays","7p-12a","",""
"3655","2025-11-12","Anchorage","Koot’s","music","Country Night","8p-12a","",""
"3656","2025-11-12","Anchorage","Mad Myrna’s","music","Karaoke","9p-12a","",""
"3657","2025-11-12","Anchorage","Van’s Dive Bar","music","Karaoke Wednesdays","9p-12a","",""
"3658","2025-11-12","Eagle River","The Cabin","music","Country Line Dancing w/ Greyson & Logan","7p-11:30p","",""
"3659","2025-11-12","Eagle River","The Spur","music","Karaoke Night with Rocky!","8p-11p","",""
"3660","2025-11-12","Haines","Inn at Creek Street","music","The Ukulele Group","3:45p-4:45p","",""
"3661","2025-11-12","Haines","The Crystal Saloon","music","Luke & Heather In the Afternoon","5p-7p","",""
"3662","2025-11-12","Haines","The Goods","music","Karaoke with Eve","5p-8p","",""
"3663","2025-11-12","Haines","Porcupine Theatre","community","Community Potluck & Food Pantry Fundraiser","6p-9p","",""
"3664","2025-11-12","Haines","Schwabenhof","music","Open Mic","7:30p-11p","",""
"3665","2025-11-12","Haines","Four Corner’s Lounge","music","West Coast Sing Wednesday","7:30p-9:30p","",""
"3666","2025-11-12","Haines","The Crystal Saloon","music","Open Mic Night","8p-11:30p","",""
"3667","2025-11-12","Haines","Alaskan Hotel and Bar","music","Karaoke","8p-11p","",""
"3668","2025-11-12","Haines","Fairview Inn","music","Open Mic","8p-1a","",""
"3669","2025-11-12","Haines","Yukon Bar","music","Open Mic Night w/ Braden Rollins","9p-2a","",""
"3670","2025-11-13","Haines","The Goods","music","Open Mic Night","6p-8p","",""
"3671","2025-11-13","Haines","Palmer Alehouse","music","Unplugged: Schaefer Mueller","6p-9p","",""
"3672","2025-11-13","Haines","Four Corner’s Lounge","music","Open Jam/Mic Night w/ Host Jesse James","7p-11p","",""
"3673","2025-11-14","Haines","Riverside Bar","music","Tom Letson","8p-11p","",""