id,date,city,venue,category,title,time,ticketUrl,cost
"3674","2026-02-11","Eagle River","Gerrish Library","community","Family Storytime","10:30a-11:30a","",""
"3675","2026-02-11","Eagle River","Soldotna Library","community","Bouncing Babes Story Time","10:30a-11a","",""
"3676","2026-02-11","Eagle River","Inn at Creek Street","music","The Ukulele Group","3:45p-4:45p","",""
"3677","2026-02-11","Eagle River","The Goods","music","Karaoke Nights","5:30p-8p","",""
"3678","2026-02-11","Eagle River","Porcupine Theater","music","David Webster: A Life in 12 Bars","6p-?","",""
"3679","2026-02-11","Eagle River","Schwabenhof","music","Open Mic","7:30p-11p","",""
"3680","2026-02-11","Eagle River","Four Corner’s Lounge","music","West Coast Sing Wednesday","7:30p-9:30p","",""
"3681","2026-02-11","Eagle River","Holy Name Catholic Church","festival","Sitka Music Festival: Winter Classics","7p-8:30p","",""
"3682","2026-02-11","Eagle River","The Crystal Saloon","music","Open Mic Night","8p-11:30p","",""
"3683","2026-02-11","Eagle River","The Spur","music","Karaoke Night with Rocky!","8p-11p","",""
"3684","2026-02-11","Eagle River","Alaskan Hotel and Bar","music","Karaoke","8p-11p","",""
"3685","2026-02-11","Eagle River","Fairview Inn","music","Open Mic Night","8p-1a","",""
"3686","2026-02-11","Eagle River","Yukon Bar","music","Open Mic Night","8p-2a","",""
"3687","2026-02-11","Eagle River","North Pole Alehouse","comedy","Stand-Up Comedy w/ Dana Gould","8p-9:30p","",""
"3688","2026-02-11","Eagle River","105.3 FM KRBD","music","After Hours Alaska","9p-11p","",""
"3689","2026-02-12","Anchorage","Beartooth Theatrepub","music","Secret Admirer Movie: Mystery Movie Date Night 6p-8p?","","",""
"3690","2026-02-12","Anchorage","Pioneer Bar","music","DJ Cross","10p-1a","",""
"3691","2026-02-12","Anchorage","New Sagaya City Market","music","Song Circle of Love w/ Irish Club of Alaska","6p-8p","",""
"3692","2026-02-12","Anchorage","Williwaw Social","music","Kage Free’s Velvet Hours feat Melissa Mitchell","6p-9p","",""
"3693","2026-02-12","Anchorage","Broken Blender","music","Karaoke","7p-11p","",""
"3694","2026-02-12","Anchorage","Pink Cadillac","music","Ladies Night at Pink Cadillac w/ DJ Rico","7p-12a","",""
"3695","2026-02-12","Anchorage","Cyrano’s Theatre Company","music","The Fantasticks","7p-9p","",""
"3696","2026-02-12","Anchorage","West High School","music","Little Shop of Horrors Live","7p-9p","",""
"3697","2026-02-12","Anchorage","Blarney Stone","music","Black & Tan Open Jam","8p-11p","",""
"3698","2026-02-12","Anchorage","Flattop Pizza & Pool","music","Karaoke Night","8p-12a","",""
"3699","2026-02-12","Anchorage","The Carousel Lounge","music","AK Rockstar Karaoke","8p-2a","",""
"3700","2026-02-12","Anchorage","Koot’s","music","Joey Fender","9p-?","",""
"3701","2026-02-12","Eagle River","Fairbanks Library","community","Preschool Storytime","10:30a-11:15p & 1:30p-2:15p","",""
"3702","2026-02-12","Eagle River","Soldotna Library","community","Pre-School Story Time","10:30a-11a","",""
"3703","2026-02-12","Eagle River","Chugiak-Eagle River Library","community","Family Storytime","10:30a-11p","",""
"3704","2026-02-12","Eagle River","Kenai Chamber of Commerce &Visitor Center","music","Beyond the Exhibit: Kenai's Ice Age Fossils","12p-?","",""
"3705","2026-02-12","Eagle River","Wasilla Area Seniors, Inc","dance","Valentine’s Day Dance","3p-5p","",""
"3706","2026-02-12","Eagle River","Mendenhall Valley Library","music","The Briefcase: An Art Mask Presentation","5:30p-?","",""
"3707","2026-02-12","Eagle River","Downtown Library","community","Community Classes: Love Your Brain","5:30p-7:30p","",""
"3708","2026-02-12","Eagle River","Alyeska Resort","music","Town League Race Series & Live Music: Ayden See","5p-10p","",""
"3709","2026-02-12","Eagle River","Gather","festival","From Fairbanks, With Love: A Valentine’s Postcard Event","5p-8p","",""
"3710","2026-02-12","Eagle River","Alyeska Resort","music","Lifts for Love: Chairlift Speed Dating!","5p-8p","",""
"3711","2026-02-12","Eagle River","UAS Egan Lecture Hall","music","Fins, Fur, & Feathers of the Amazon & Galapagos","6:30p-?","",""
"3712","2026-02-12","Eagle River","Chapel by the Lake","dance","Thursday Night Dance Social: Salsa","6:30p-8:30p","",""
"3713","2026-02-12","Eagle River","Hoodoo Brewing Company","community","Frosty Feet Valentine’s Beer Run","6p-?","",""
"3714","2026-02-12","Eagle River","AJ’s Old Town Steakhouse & Tavern","music","Piano Music by Erica","6p-8p","",""
"3715","2026-02-12","Eagle River","Soba Restaurant","music","Valentine’s Wine Tasting & Live Music","6p-9p","",""
"3716","2026-02-12","Eagle River","Palmer Alehouse","music","Unplugged: Matt Hopper","6p-9p","",""
"3717","2026-02-12","Eagle River","UAF Charles Davis Concert Hall","music","Grahm Jones","7:30p-8p","",""
"3718","2026-02-12","Eagle River","The Spur","comedy","Stand Up Comedy w/ Dana Gould","7p-9p","",""
"3719","2026-02-12","Eagle River","105.3 FM KRBD","music","Ketchikan Arts & Humanities Council: Arts Report","8:20a-8:35a","",""
"3720","2026-02-12","Eagle River","The Crystal Saloon","music","Karaoke Night","8p-12a","",""
"3721","2026-02-12","Eagle River","North Pole Alehouse","music","Karaoke Thursdays with Rocky Barnette","8p-12a","",""
"3722","2026-02-12","Eagle River","Yukon Bar","music","Karaoke","8p-2a","",""
"3723","2026-02-12","Eagle River","Alaskan Hotel and Bar","music","Open Mic","9p-11p","",""
"3724","2026-02-12","Eagle River","Alibi Bar & Café","music","Karaoke Night","9p-12:30a","",""
"3725","2026-02-13","Anchorage","Sweet Cheeks Cabaret: Hot & Bothered","music","A Burlesque ode to Rom-Com","","",""
"3726","2026-02-13","Anchorage","Koot’s","music","Coach Kern's 67 Feels Like Heaven Party 10:30p-2a?","","",""
"3727","2026-02-13","Anchorage","Koot’s","music","Cold Fusion 10:30p-2a?","","",""
"3728","2026-02-13","Anchorage","Barry’s Baranof Lounge","music","Odds Are Good","10p-?","",""
"3729","2026-02-13","Anchorage","Pink Cadillac","music","Schaefer Mueller & The Neon Highway","10p-1a","",""
"3730","2026-02-13","Anchorage","Williwaw Social","dance","Dump Them: An Anti-Valentines Day Dance Party w/ DJ Remax","10p-2p","",""
"3731","2026-02-13","Anchorage","Bartlett High School","music","Chinese Immersion Schools Chinese New Year Performance","11a-12:30p","",""
"3732","2026-02-13","Anchorage","Alaska Zoo","music","Zoo Lights","5p-8p","",""
"3733","2026-02-13","Anchorage","49th State Brewing","music","Snowball 2026 w/ Hope Social Club","6:30p-11p","",""
"3734","2026-02-13","Anchorage","Williwaw Social","music","Friday the 13th All-Ages Improv Show","6:30p-8:30p","",""
"3735","2026-02-13","Anchorage","Gumbo House","music","Joe Craig & Terry Curran","6:30p-9p","",""
"3736","2026-02-13","Anchorage","O’Malley’s on the Green","music","Live Jazz with Rick Zelinsky","6:30p-9p","",""
"3737","2026-02-13","Anchorage","Alaska Native Heritage Center","dance","Unangax Dancers & Storytelling","6p-7:30p","",""
"3738","2026-02-13","Anchorage","Rogers Park Elementary","dance","Wolf Pack Disco Dance Fundraiser w/ DJ John","6p-8p","",""
"3739","2026-02-13","Anchorage","Sand Lake Elementary","dance","Aurora Glow Dance w/ DJ Spencer Lee","6p-8p","",""
"3740","2026-02-13","Anchorage","Alaska Center for the Performing Arts","music","Harry Potter and the Chamber of Secrets in Concert","7:30p-10p","",""
"3741","2026-02-13","Anchorage","Alaska Center for the Performing Arts","music","Bria Skonberg","7:30p-9:20p","",""
"3742","2026-02-13","Anchorage","UAA Main Stage","dance","Pulse Dance Company: Myth Behavin’","7:30p-9:30p","",""
"3743","2026-02-13","Anchorage","Pink Cadillac","music","Boots, Beer, & Ballads Country Night w/ DJ Rico","7p-10p","",""
"3744","2026-02-13","Anchorage","Anchorage Social Dance Club","dance","Friday Night Dance Social","7p-11p","",""
"3745","2026-02-13","Anchorage","The Fraternal Order of Eagles Aerie 4207","music","Karaoke Friday at the Eagles!","7p-12a","",""
"3746","2026-02-13","Anchorage","Chugiak High School","music","Chugiak & Eagle River Drama: The Music Man","7p-9:30p","",""
"3747","2026-02-13","Anchorage","UAA Fine Arts Building","theatre","Midnight Sun Theater: Pyrates!","7p-9p","",""
"3748","2026-02-13","Anchorage","The Whale’s Tail","comedy","Divorce Court of the Dead: A Comedy Roast Battle","7p-9p","",""
"3749","2026-02-13","Anchorage","Van’s Dive Bar","music","John Larson & The Pit Viperz","8:30p-?","",""
"3750","2026-02-13","Anchorage","Momentum Studios","music","IndigiVIBES: A Love Letter to Queer Indigenous Joy and Liberation","8p-10:30p","",""
"3751","2026-02-13","Anchorage","Broken Blender","music","Sweet Cheeks Cabaret: Hot & Bothered - A Burlesque ode to Rom-Com","8p-10p","",""
"3752","2026-02-13","Anchorage","49th Supply Co","music","R&B: Rhythm & Bobba Valentine’s Vibes","8p-11p","",""
"3753","2026-02-13","Anchorage","Broken Blender","music","Karaoke w/ DJ Charms","8p-12a","",""
"3754","2026-02-13","Anchorage","Arctic Academie de Danse","dance","West Coast Swing Lesson","8p-9p","",""
"3755","2026-02-13","Anchorage","Koot’s","music","Los Anchorage vol. 4 w/ Flow Lounge, SixStar, JDWP, Twiin, D.Loading, and Perdue","9:30a-2:30a","",""
"3756","2026-02-13","Anchorage","Flattop Pizza & Pool","music","DJ JRock","9:30p-12a","",""
"3757","2026-02-13","Anchorage","Humpy’s","music","Live Music w/ The Acoustic Oosik","9:30p-1a","",""
"3758","2026-02-13","Anchorage","Mad Myrna’s","music","Mad Myrna's Diva Variety Show","9p-11:30p","",""
"3759","2026-02-13","Anchorage","Arctic Academie de Danse","dance","Friday Night Dance Social","9p-11p","",""
"3760","2026-02-13","Anchorage","Alaska Dance Promotions","dance","Friday Night Dance Lounge","9p-1a","",""
"3761","2026-02-13","Anchorage","The Carousel Lounge","music","Danger Money Band","9p-1a","",""
"3762","2026-02-13","Anchorage","Time Out Lounge","music","Blast From The Past","9p-2:30a","",""
"3763","2026-02-13","Eagle River","The Goods","music","A Very Cheesey Valentine's Eve Karaoke 5p-??","","",""
"3764","2026-02-13","Eagle River","The International Hotel & Bar","music","Lucky in Love (or Not) w/ Marc Brown","10p-2a","",""
"3765","2026-02-13","Eagle River","Kharacter’s","music","Darkstar","10p-2a","",""
"3766","2026-02-13","Eagle River","Daubenspeck Family Park","music","Free Family Ice Skating","1p-4p","",""
"3767","2026-02-13","Eagle River","Gerrish Library","music","Family Movie Night","3p-5:30p","",""
"3768","2026-02-13","Eagle River","Glacier Cinemas","music","Free Screening: For the Love of JAMHI","4:30p-6p","",""
"3769","2026-02-13","Eagle River","Franklin Street","music","5 Hearts on Franklin: A Valentines Voyage","4p-8:30p","",""
"3770","2026-02-13","Eagle River","Mendenhall Glacier Visitor Center","music","Fireside Lecture: Submerged Archeology","5:30p-?","",""
"3771","2026-02-13","Eagle River","Main Street Gallery","music","""Weirdcore"" The 40th Annual Wearable Art Show","5p-7p","",""
"3772","2026-02-13","Eagle River","The Crystal Saloon","community","Sunny Porch Community Folk Revival & Recording Release Party","5p-8p","",""
"3773","2026-02-13","Eagle River","Kachemak Bay Recovery Connection","music","Friday Night Sober Lounge","6p-10p","",""
"3774","2026-02-13","Eagle River","Marie Drake Planetarium","music","Pluto, the Kuiper Belt and the Oort Clout","6p-7p","",""
"3775","2026-02-13","Eagle River","VFW 9785","music","Hwy9","7:30p-?","",""
"3776","2026-02-13","Eagle River","Sheldon Community Arts Hanger","music","Complexities of Love Variety Show","7p-10:15p","",""
"3777","2026-02-13","Eagle River","American Legion Post 15","music","Karaoke","7p-11p","",""
"3778","2026-02-13","Eagle River","Silver Fox Inn","music","Shaun Pacarro (from H3)","7p-11p","",""
"3779","2026-02-13","Eagle River","Warrior Zone","music","Karaoke Night","7p-12a","",""
"3780","2026-02-13","Eagle River","Pioneer Park Theater","comedy","Stand Up Comedy w/ Dana Gould","7p-9p","",""
"3781","2026-02-13","Eagle River","Kenai Arts Center","theatre","The Creel Play by Kate Rich","7p-9p","",""
"3782","2026-02-13","Eagle River","The Creek Street Cabaret","dance","Square Dance w/ the Free Radicals","7p-9p","",""
"3783","2026-02-13","Eagle River","Schwabenhof","music","Karaoke Night","8p-11p","",""
"3784","2026-02-13","Eagle River","The Sitzmark Bar & Grill","music","Live at the Sitz: Jerry Wessling Band","9p-12a","",""
"3785","2026-02-13","Eagle River","Pioneer Bar","music","Open Mic","9p-1a","",""
"3786","2026-02-13","Eagle River","Four Corner’s Lounge","music","Valentine's Ballroom Bash","9p-1a","",""
"3787","2026-02-13","Eagle River","The CATCH Restaurant & Bar","music","Music At the Catch","9p-1a","",""
"3788","2026-02-14","Anchorage","Koot’s","music","Bell Bottoms & Broken Hearts w/ The Vintage Retro","10:30p-2:30a","",""
"3789","2026-02-14","Anchorage","Williwaw Social","dance","Valentine's Dance Party w/ DJ Cross","10p-2a","",""
"3790","2026-02-14","Anchorage","Loussac Library","community","Be My Valentine Storytime","11a-12p","",""
"3791","2026-02-14","Anchorage","Chugiak High School","music","The Music Man","1p-3:30p & 7p-9:30p","",""
"3792","2026-02-14","Anchorage","Arctic Valley Ski Area","music","Silas Wade Live","1p-3p","",""
"3793","2026-02-14","Anchorage","Westchester Lagoon","music","Weekly Family Skate w/ Music & Hot Chocolate","1p-3p","",""
"3794","2026-02-14","Anchorage","Arctic Valley Ski Area","theatre","MusiCal Live","3:30p-5:30p","",""
"3795","2026-02-14","Anchorage","49th State Brewing","music","Candlelight: Valentine's Day Special ft. ""Romeo and Juliet""","4p-5p","",""
"3796","2026-02-14","Anchorage","Alaska Botanical Garden","music","Spring Fling: 80’s Night","5p-8p","",""
"3797","2026-02-14","Anchorage","Williwaw Social","music","For Love and Music: A Valentine's Day Special w/ Choice Bit of Calico & Good Company","5p-9:45p","",""
"3798","2026-02-14","Anchorage","49th State Brewing","dance","Prom 1988! A Valentines Day Costume Dance Party w/ Blackwater Railroad & The Whiskey Fish","6:30p-?","",""
"3799","2026-02-14","Anchorage","The Nave Spenard","comedy","Scared Scriptless Improv Valentine's Show","6:30p-9:30p","",""
"3800","2026-02-14","Anchorage","Liewer Community Trail","music","14th Annual DJTA Walk of Lights 2026","6p-8p","",""
"3801","2026-02-14","Anchorage","Gumbo House","music","Piano Bar Saturdays w/ MJ Riemann","6p-9p","",""
"3802","2026-02-14","Anchorage","Alaska Center for the Performing Arts","music","Machu Picchu by INCA, The Peruvian Ensemble","7:30p-9:30p","",""
"3803","2026-02-14","Anchorage","West High School","music","Little Shop of Horrors Live","7p-9p","",""
"3804","2026-02-14","Anchorage","Organic Oasis","music","Aquarius Party with DJ Big Gay Mike","8p-?","",""
"3805","2026-02-14","Anchorage","Beartooth Theatrepub","dance","Heated Rivalry Dance Party","8p-12:30p","",""
"3806","2026-02-14","Anchorage","Flattop Pizza & Pool","music","DJ JRock","9:30p-12a","",""
"3807","2026-02-14","Anchorage","Humpy’s","music","Black Heart Ball w/ Live Music from The Red Flags","9:30p-1a","",""
"3808","2026-02-14","Anchorage","Anchorage Social Dance Club","dance","Dance Lessons & Social Dance","9:30p-2a","",""
"3809","2026-02-14","Anchorage","Van’s Dive Bar","music","Eerie Flats","9p-?","",""
"3810","2026-02-14","Anchorage","Oriental Garden","music","Weekly Karaoke Contest","9p-1:30a","",""
"3811","2026-02-14","Anchorage","Blarney Stone","music","Live Music Lonely Hearts Party","9p-12a","",""
"3812","2026-02-14","Anchorage","The Carousel Lounge","music","Danger Money's Farewell Show & Bill's Birthday Bash","9p-1a","",""
"3813","2026-02-14","Anchorage","Koot’s","music","Double Vision 2026 An EDM B2B Night","9p-2a","",""
"3814","2026-02-14","Eagle River","Kodiak Marketplace","music","Second Saturday Shenanigans","10:30p-11:30","",""
"3815","2026-02-14","Eagle River","Savikko Park","music","Sweetheart’s Relay 2-miler","10a-?","",""
"3816","2026-02-14","Eagle River","Ken’s Garden Center","music","Valentines Photo Booth & Meeting w/ Bluey","10a-5p","",""
"3817","2026-02-14","Eagle River","The International Hotel & Bar","music","Cupid After Dark with DJ Theme","10p-?","",""
"3818","2026-02-14","Eagle River","Kharacter’s","music","Pit Viperz","10p-2a","",""
"3819","2026-02-14","Eagle River","Southeast Alaska State Fairgrounds","festival","Haines Winterfest","11a-?","",""
"3820","2026-02-14","Eagle River","Fairbanks Children’s Museum","dance","Valentine’s Day Crafts & Dance Party","11a-4p","",""
"3821","2026-02-14","Eagle River","Pratt Museum","music","Second Saturday Free Entry","11a-4p","",""
"3822","2026-02-14","Eagle River","The Pottery Jungle","music","Valentine’s GHOST Wheel Throwing Experience","3p-5p & 6p-8p","",""
"3823","2026-02-14","Eagle River","Starter Block","music","Valentines Skate Night","4p-6p","",""
"3824","2026-02-14","Eagle River","Sterling Community Center","dance","Daddy Daughter Dance","4p-6p","",""
"3825","2026-02-14","Eagle River","Hatcher Pass Lodge","music","Bandandy","4p-7p","",""
"3826","2026-02-14","Eagle River","Devil’s Club Brewing","music","A Cozy Date Night with Steady Going","5:30p-7:30","",""
"3827","2026-02-14","Eagle River","Last Frontier CAC","music","Murder on the Bayou: Mardi Gras Mystery Party","5p-8p","",""
"3828","2026-02-14","Eagle River","Valdez Brewing","music","Date Night Paint Night & Charcuterie","5p-8p","",""
"3829","2026-02-14","Eagle River","Polar Ice","music","Open Skate w/ Gnomeo & Juliet Movie","6p-8p","",""
"3830","2026-02-14","Eagle River","AJ’s Old Town Steakhouse & Tavern","music","Piano Music by Sunrise Kilcher","6p-8p","",""
"3831","2026-02-14","Eagle River","The Hearth Eatery","music","Valentine Pre-Fixe Dinner w/ Music by Poly Alfonso","6p-9p","",""
"3832","2026-02-14","Eagle River","Silver Legacy Stables","music","Valentine’s Date Night & Horseback Rides","6p-9p","",""
"3833","2026-02-14","Eagle River","The Crystal Saloon","music","Juneau Vaudeville Presents: ""Love & Lust""","7:30p-?","",""
"3834","2026-02-14","Eagle River","The Creek Street Cabaret","music","Music on the Couch at the Cabaret","7:30p-9p","",""
"3835","2026-02-14","Eagle River","Fairweather Ski Works","festival","Haines Winterfest: Kat to Koot 2026","7a-?","",""
"3836","2026-02-14","Eagle River","Sheldon Community Arts Hanger","music","Complexities of Love Variety Show","7p-10:15p","",""
"3837","2026-02-14","Eagle River","Palmer Alehouse","music","Unplugged: Ken Peltier and Friends","7p-10p","",""
"3838","2026-02-14","Eagle River","Odd Man Rush","music","Valentine’s Day 80’s Prom w/ I Like Robots","7p-11p","",""
"3839","2026-02-14","Eagle River","American Legion Post 15","music","Karaoke","7p-11p","",""
"3840","2026-02-14","Eagle River","Pier One Theatre Inc.","theatre","The Creel Play by Kate Rich","7p-8:15p","",""
"3841","2026-02-14","Eagle River","The Palace Theater","music","Second Saturdays at Seven: Cabaret Night","7p-8:30p","",""
"3842","2026-02-14","Eagle River","Lat 65 Brewing Co.","music","Tom Letson & Ned Gaines","7p-9p","",""
"3843","2026-02-14","Eagle River","Pioneer Park Theater","comedy","Stand Up Comedy w/ Dana Gould","7p-9p","",""
"3844","2026-02-14","Eagle River","Alice’s Champagne Palace","music","Between the Sheets Trivia","7p-9p","",""
"3845","2026-02-14","Eagle River","Centennial Hall Convention Center","music","Wearable Art Extravaganza: Camp","8p-10p","",""
"3846","2026-02-14","Eagle River","Fairview Inn","dance","Dance Party","8p-1a","",""
"3847","2026-02-14","Eagle River","Chena Lake","music","X-Country Ski Winter Adventures","9a-3p","",""
"3848","2026-02-14","Eagle River","The Cabin","music","2010's Hit Late Night Party w/ DJ Delli","9p-?","",""
"3849","2026-02-14","Eagle River","The Sitzmark Bar & Grill","music","Live at the Sitz: Jerry Wessling Band","9p-12a","",""
"3850","2026-02-14","Eagle River","North Pole Alehouse","music","Valentine's Bash with Carlos!/UNO","9p-12a","",""
"3851","2026-02-14","Eagle River","Pioneer Bar","music","Karaoke Night","9p-1a","",""
"3852","2026-02-14","Eagle River","The CATCH Restaurant & Bar","music","Music At the Catch","9p-1a","",""
"3853","2026-02-14","Eagle River","Yukon Bar","music","Karaoke","9p-2a","",""
"3854","2026-02-15","Anchorage","Koot’s","music","Koots Karaoke","10p-2a","",""
"3855","2026-02-15","Anchorage","Pioneer Bar","music","Industry Night w/ Joe Brady","10p-2a","",""
"3856","2026-02-15","Anchorage","Arctic Valley Ski Area","music","Adrienne McVey Live","12p-2:30p","",""
"3857","2026-02-15","Anchorage","Dimond High School","music","2026 Chinese New Year’s Celebration","12p-4p","",""
"3858","2026-02-15","Anchorage","Asian Cultural Center","dance","Dragon & Lion Dance Training","3p-5p","",""
"3859","2026-02-15","Anchorage","Cyrano’s Theatre Company","music","The Fantasticks","3p-5p","",""
"3860","2026-02-15","Anchorage","VFW Post 1685","music","Open Mic & Jam","4:30p-8:30p","",""
"3861","2026-02-15","Anchorage","Koot’s","music","A Tribute to Wicked Wanda","4p-8p","",""
"3862","2026-02-15","Anchorage","Anchorage Social Dance Club","dance","Country Dance Nights: Line Dancing & Swing","6:30p-10p","",""
"3863","2026-02-15","Anchorage","Billiard Palace","music","Sunday Blues Jam w/ Rebel Blues Band","6p-10p","",""
"3864","2026-02-15","Anchorage","Susitna Brewing","music","Open Mic Night","6p-9","",""
"3865","2026-02-15","Anchorage","Anchorage Community Theatre","music","Auditions for Ruthless!","6p-9p","",""
"3866","2026-02-15","Anchorage","Koot’s","comedy","Comedy Open Mic","8:30p-10p","",""
"3867","2026-02-15","Anchorage","Time Out Lounge","music","Open Jam with Blast From The Past","8:30p-1a","",""
"3868","2026-02-15","Anchorage","Van’s Dive Bar","music","Open Mic Night","8p-11p","",""
"3869","2026-02-15","Anchorage","Mad Myrna’s","music","Karaoke","9p-12a","",""
"3870","2026-02-15","Anchorage","The Carousel Lounge","music","Sunday Karaoke","9p-2a","",""
"3871","2026-02-15","Eagle River","Tsalteshi Trails","music","2026 Tour of Tsalteshi","11:30a-4p","",""
"3872","2026-02-15","Eagle River","Mile 25","community","Miles Klehini Ski Classic","12a-?","",""
"3873","2026-02-15","Eagle River","The Spur","dance","Argentine Tango Lesson & Open Dance","1p-3p","",""
"3874","2026-02-15","Eagle River","Palmer Train Depot","music","Mat-Su Orchestra Fundraising Performance","3p-?","",""
"3875","2026-02-15","Eagle River","Centennial Hall Convention Center","music","Wearable Art Extravaganza: Camp","3p-5p","",""
"3876","2026-02-15","Eagle River","Pioneer Park Centennial Center","music","4th Annual Valentine's Ties & Tiaras","3p-6p","",""
"3877","2026-02-15","Eagle River","The Creek Street Cabaret","music","Open Mic Night","6:30p-9:30p","",""
"3878","2026-02-15","Eagle River","Red Dog Saloon","music","Sunday Social Dancing & Lessons","6p-9p","",""
"3879","2026-02-15","Eagle River","Pier One Theatre Inc.","theatre","The Creel Play by Kate Rich","7p-8:15p","",""
"3880","2026-02-15","Eagle River","Four Corner’s Lounge","music","Karaoke","8p-?","",""
"3881","2026-02-16","Anchorage","Fire Island Bakery @ K Street Market","music","Weekly Jazz Jam","6:30p-9:30p","",""
"3882","2026-02-16","Anchorage","Studio 49","community","Sweet Cheeks Cabaret: Burlesque Basics Class w/ DeeDee S.Emme","7p-8p","",""
"3883","2026-02-16","Anchorage","Anchorage Social Dance Club","dance","Learn to Square Dance","7p-9p","",""
"3884","2026-02-16","Anchorage","Koot’s","music","The Monday Mic w/ Boobs","9p-12a","",""
"3885","2026-02-16","Eagle River","Skeetawk","music","JR Ski Patrol Day (Ages 13-17)","10a-1p","",""
"3886","2026-02-16","Eagle River","The Goods","music","Friends of Mike Morgan Song Circle","5p-7p","",""
"3887","2026-02-16","Eagle River","Palmer Train Depot","music","Stories of Free Rivers & Wild Salmon","6:30p-8:30p","",""
"3888","2026-02-16","Eagle River","Juneau Arts & Culture Center","music","Gospel Choir Workshops","6:30p-8p","",""
"3889","2026-02-17","Anchorage","Anchorage Museum","festival","Sitka Music Festival Perfomance","12p-?","",""
"3890","2026-02-17","Anchorage","49th State Brewing","music","Mardi Gras w/ music by The Blue Dixie Combo","6:30p-?","",""
"3891","2026-02-17","Anchorage","Alaska Dance Promotions","community","Beginner Kizomba Class","6p-7p","",""
"3892","2026-02-17","Anchorage","Pink Cadillac","music","All Ages Buckarooos Night","7p-11p","",""
"3893","2026-02-17","Anchorage","The Carousel Lounge","music","AK Rockstar Karaoke","8p-2a","",""
"3894","2026-02-17","Anchorage","Koot’s","music","The Eternal Cowboys","9p-12a","",""
"3895","2026-02-17","Eagle River","Pratt Museum","community","Storytime at the Pratt: Black History Month","10:30a-11:30a","",""
"3896","2026-02-17","Eagle River","Soldotna Library","community","Toddler Story Time","10:30a-11a","",""
"3897","2026-02-17","Eagle River","Ken’s Garden Center","community","Storytime at Ken’s","10a-11a","",""
"3898","2026-02-17","Eagle River","Justin Cole’s Down East Saloon","music","Taco Tuesday's with Jim Maloney","6:30p-10p","",""
"3899","2026-02-17","Eagle River","Alaska Sea Life Center","community","Winter Nights: Community Game Night","6:30p-8p","",""
"3900","2026-02-17","Eagle River","Lat 65 Brewing Co.","music","Pedals, Pints, & Poles","6p-9p","",""
"3901","2026-02-17","Eagle River","Four Corner’s Lounge","music","Industry Night with DJ Red","8p-?","",""
"3902","2026-02-17","Eagle River","The Crystal Saloon","music","Jazz Jam Tuesday","8p-11p","",""
"3903","2026-02-18","Anchorage","West High School","music","West High Choir Benefit Concert and Silent Auction 6p-??","","",""
"3904","2026-02-18","Anchorage","Alaska Zoo","community","Free Community Storytime","10:30a-11a","",""
"3905","2026-02-18","Anchorage","Pioneer Bar","music","The Eternal Cowboys","10p-1a","",""
"3906","2026-02-18","Anchorage","Koot’s","music","Koots Karaoke","10p-2a","",""
"3907","2026-02-18","Anchorage","Fairview Recreation Center","dance","UAA Dance & Cheer Class: Junior Varsity","5:30p-6:445p","",""
"3908","2026-02-18","Anchorage","Chanshtnu Muldoon Park","music","Skater Tots: Free Skate Rentals","5:30p-7:30p","",""
"3909","2026-02-18","Anchorage","Anchorage Social Dance Club","music","International Folk Dancing","6:30p-8p","",""
"3910","2026-02-18","Anchorage","Sullivan Arena","music","Alaska Fighting Championship 173","7:30p-11p","",""
"3911","2026-02-18","Anchorage","Pink Cadillac","dance","Line Dance Wednesdays","7p-12a","",""
"3912","2026-02-18","Anchorage","Crimson","music","Anchorage DJ Meetup Hosted by DJ Spencer Lee","7p-9p","",""
"3913","2026-02-18","Anchorage","Koot’s","music","Country Night","8p-2a","",""
"3914","2026-02-18","Anchorage","Van’s Dive Bar","music","Karaoke","9p-1a","",""
"3915","2026-02-18","Eagle River","Gerrish Library","community","Family Storytime","10:30a-11:30a","",""
"3916","2026-02-18","Eagle River","Soldotna Library","community","Bouncing Babes Story Time","10:30a-11a","",""
"3917","2026-02-18","Eagle River","Kenai Chamber of Commerce &Visitor Center","music","Kenai Chamber Small Business Symposium & Awards Ceremony","10a-3p","",""
"3918","2026-02-18","Eagle River","Inn at Creek Street","music","The Ukulele Group","3:45p-4:45p","",""
"3919","2026-02-18","Eagle River","The Goods","music","Karaoke Nights","5:30p-8p","",""
"3920","2026-02-18","Eagle River","Kodiak Island Brewing Company","music","Popular Music Trivia","6:30p-7:30p","",""
"3921","2026-02-18","Eagle River","Schwabenhof","music","Open Mic","7:30p-11p","",""
"3922","2026-02-18","Eagle River","Four Corner’s Lounge","music","West Coast Sing Wednesday","7:30p-9:30p","",""
"3923","2026-02-18","Eagle River","Porcupine Theater","music","The Glacier Quartet","7p-?","",""
"3924","2026-02-18","Eagle River","Palmer Alehouse","comedy","Comedy For A Cause w/ Damien Speranza: Alaska Firefighters","7p-9p","",""
"3925","2026-02-18","Eagle River","The Crystal Saloon","music","Open Mic Night","8p-11:30p","",""
"3926","2026-02-18","Eagle River","The Spur","music","Karaoke Night with Rocky!","8p-11p","",""
"3927","2026-02-18","Eagle River","Alaskan Hotel and Bar","music","Karaoke","8p-11p","",""
"3928","2026-02-18","Eagle River","Fairview Inn","music","Open Mic Night","8p-1a","",""
"3929","2026-02-18","Eagle River","Yukon Bar","music","Open Mic Night","8p-2a","",""
"3930","2026-02-19","Anchorage","Chugiak High School","music","Chugiak & Eagle River Drama: The Music Man","7p-9:30p","",""
"3931","2026-02-20","Anchorage","Chugiak High School","music","Chugiak & Eagle River Drama: The Music Man","7p-9:30p","",""
"3932","2026-02-21","Anchorage","Chugiak High School","music","Chugiak & Eagle River Drama: The Music Man","7p-9:30p","",""
"3933","2026-03-11","Eagle River","The Spur","music","Karaoke Night with Rocky!","8p-11p","",""
"3934","2026-03-11","Juneau","Inn at Creek Street","music","The Ukulele Group","3:45p-4:45p","",""
"3935","2026-03-11","Juneau","Schwabenhof","music","Open Mic","7:30p-11p","",""
"3936","2026-03-11","Juneau","Four Corner’s Lounge","music","West Coast Sing Wednesday","7:30p-9:30p","",""
"3937","2026-03-11","Juneau","Sheldon Community Arts Hanger","music","Bon Debarras","7p-3p","",""
"3938","2026-03-11","Juneau","The Crystal Saloon","music","Open Mic Night","8p-11:30p","",""
"3939","2026-03-11","Juneau","Alaskan Hotel and Bar","music","Karaoke","8p-11p","",""
"3940","2026-03-11","Juneau","Fairview Inn","music","Open Mic Night","8p-1a","",""
"3941","2026-03-11","Juneau","Yukon Bar","music","Open Mic Night","8p-2a","",""
"3942","2026-03-12","Eagle River","Fairbanks Library","community","Preschool Storytime","10:30a-11:15p & 1:30p-2:15p","",""
"3943","2026-03-12","Eagle River","Chugiak-Eagle River Library","community","Family Storytime","10:30a-11p","",""
"3944","2026-03-12","Eagle River","Tanana Lakes Recreation Area","festival","Tanana Lakes Springfest","11a-3p","",""
"3945","2026-03-12","Eagle River","Polar Ice","music","Open Skate: Paw Patrol","2:45p-4:45p","",""
"3946","2026-03-12","Eagle River","HooDoo Brewing","community","St. Patrick’s Beer Run & Shoe Demo","5:45p-?","",""
"3947","2026-03-12","Eagle River","HooDoo Brewing","comedy","Stand-Up Comedy w/ Geoffrey Asmus","9p-10p","",""
"3948","2026-03-12","Girdwood","AJ’s Old Town Steakhouse & Tavern","music","Piano Music by Erica","6p-8p","",""
"3949","2026-03-12","Girdwood","Alibi Bar & Café","music","Karaoke Night","9p-12:30a","",""
"3950","2026-03-12","Juneau","Soldotna Library","community","Pre-School Story Time","10:30a-11a","",""
"3951","2026-03-12","Juneau","Marie Drake Planetarium","music","Juneau Audubon Society presents: Birds and Artificial Light At Night","6:30p-?","",""
"3952","2026-03-12","Juneau","Chapel by the Lake","dance","Thursday Night Dance Social: Texas Two-Step","6:30p-8:30p","",""
"3953","2026-03-12","Juneau","Sheldon Community Arts Hanger","music","Krew Fewd 2","6p-?","",""
"3954","2026-03-12","Juneau","Palmer Alehouse","music","Unplugged: The Robotz + Turbo and the Butterfly","6p-9p","",""
"3955","2026-03-12","Juneau","105.3 FM KRBD","music","Ketchikan Arts & Humanities Council: Arts Report","8:20a-8:35a","",""
"3956","2026-03-12","Juneau","The Crystal Saloon","music","Karaoke Night","8p-12a","",""
"3957","2026-03-12","Juneau","North Pole Alehouse","music","Karaoke Thursdays with Rocky Barnette","8p-12a","",""
"3958","2026-03-12","Juneau","Yukon Bar","music","Karaoke","8p-2a","",""
"3959","2026-03-12","Juneau","Alaskan Hotel and Bar","music","Open Mic","9p-11p","",""
"3960","2026-03-13","Anchorage","Susitna Brewing","music","Schaefer Mueller Live","6p-9p","",""
"3961","2026-03-13","Eagle River","The International Hotel & Bar","music","Latin Night w/ DJ Osito","10p-?","",""
"3962","2026-03-13","Eagle River","Hering Auditorium","music","Dustbowl Revival and Hot Club of Cowtown","7:30p-?","",""
"3963","2026-03-13","Eagle River","Odd Man Rush","music","Acoustic Oosik & Wrick Luv","7p-11p","",""
"3964","2026-03-13","Eagle River","Warrior Zone","music","Karaoke Night","7p-12a","",""
"3965","2026-03-13","Eagle River","The Basement","comedy","Stand-Up Comedy w/ Geoffrey Asmus","8p-10p","",""
"3966","2026-03-13","Girdwood","Kachemak Bay Recovery Connection","music","Live Music with Cody Burch","7p-9:30p","",""
"3967","2026-03-13","Girdwood","The Sitzmark Bar & Grill","music","Live at the Sitz: SunDog","9p-12a","",""
"3968","2026-03-13","Girdwood","Pioneer Bar","music","Open Mic","9p-1a","",""
"3969","2026-03-13","Juneau","The Goods","music","Karaoke w/ Edencraft","5:30p-8p","",""
"3970","2026-03-13","Juneau","Alaskana Social Club","music","Live Music w/ Allie Keck","5p-8p","",""
"3971","2026-03-13","Juneau","Vintage Food Truck Park","music","2nd Annual Luck of the Food Trucks","6p-9p","",""
"3972","2026-03-13","Juneau","Sheldon Community Arts Hanger","music","Oosik Movie Night: The Last King","7:30p-?","",""
"3973","2026-03-13","Juneau","Juneau Arts & Culture Center","music","Juneau Big Band: Dust Off the Rust","7p-10p","",""
"3974","2026-03-13","Juneau","Palmer Alehouse","music","Unplugged: Ken Peltier & Friends","7p-10p","",""
"3975","2026-03-13","Juneau","American Legion Post 15","music","Karaoke","7p-11p","",""
"3976","2026-03-13","Juneau","Silver Fox Inn","music","HarpDaddy meets Jesse James","7p-11p","",""
"3977","2026-03-13","Juneau","The Creek Street Cabaret","dance","Square Dance w/ the Free Radicals","7p-9p","",""
"3978","2026-03-13","Juneau","Kodiak Arts Council","music","Romeo & Juliet","7p-9p","",""
"3979","2026-03-13","Juneau","Schwabenhof","music","Karaoke Night","8p-11p","",""
"3980","2026-03-13","Juneau","Four Corner’s Lounge","music","Schaefer Mueller & The Neon Highway","9p-1a","",""
"3981","2026-03-14","Anchorage","Jewel Lake Parish","music","SCA Kingdom of the West: Eskalya Pi Day","10:30a-5p","",""
"3982","2026-03-14","Anchorage","Koot’s","music","Velvet La La","10:30p-2a","",""
"3983","2026-03-14","Anchorage","Studio 49","community","Sweet Cheeks Cabaret: Burlesque Basics Class w/ DeeDee S.Emme","11a-12p","",""
"3984","2026-03-14","Anchorage","Pink Cadillac","music","NOCHE DE BANDA, Corridos Y CUMBIA","11p-3a","",""
"3985","2026-03-14","Anchorage","Anchorage House of Harley Davidson","music","Heartburn Chili Cook Off","12p-3p","",""
"3986","2026-03-14","Anchorage","The Nave Spenard","music","Spenard Song Circle Annual Fundraiser Songwriter Workshop, Open Mic, & Performances by Emma Hill, Evan Phillips, & Rosie Rush","2p-9p","",""
"3987","2026-03-14","Anchorage","Arctic Valley Ski Area","music","Spring Break with Pete Kartsounes Live","3:30p-6:30p","",""
"3988","2026-03-14","Anchorage","49th State Brewing","music","Fur Rondy Melodrama: Pirates of the Aleutians- Saloon Girls Gone Wild","3p-5p & 7:30p-9:30p","",""
"3989","2026-03-14","Anchorage","Blarney Stone","music","The Good ol' Good Ones and Jacob & Ken","6p-11:30","",""
"3990","2026-03-14","Anchorage","Williwaw Social","comedy","ComedySportz: All-Ages Improv Comedy","6p-8:30p","",""
"3991","2026-03-14","Anchorage","The Workshop","dance","All-Ages Annnual Spring Break Dance","6p-8p","",""
"3992","2026-03-14","Anchorage","49th State Brewing","music","Irish Food Specials & Live Irish Music w/ Bosca Ceoil","6p-9p","",""
"3993","2026-03-14","Anchorage","Gumbo House","music","Piano Bar Saturdays w/ MJ Riemann","6p-9p","",""
"3994","2026-03-14","Anchorage","Alaska Center for the Performing Arts","music","Dustbowl Revival & Hot Club of Cowtown","7:30p-10p","",""
"3995","2026-03-14","Anchorage","Arctic Academie de Danse","dance","Urban Kiz Dance Lesson & Social Dance","7p-11p","",""
"3996","2026-03-14","Anchorage","Turnagain Brewing","comedy","Rubber Ptarmigan: Frambwahaha Comedy Show","7p-8:30p","",""
"3997","2026-03-14","Anchorage","Alaska Zoo","music","Zoo Lights","7p-9:30p","",""
"3998","2026-03-14","Anchorage","Anchorage Community Theatre","music","Marvel: Alaska’s First Female Aviator","7p-9p","",""
"3999","2026-03-14","Anchorage","Mad Myrna’s","music","Mad Myrna's Presents: Grease","7p-9p","",""
"4000","2026-03-14","Anchorage","Beartooth Theatrepub","music","2026 Shamrock Shuffle","8a-?","",""
"4001","2026-03-14","Anchorage","Van’s Dive Bar","music","Turbo Hell, The Ouija BeeGees, and Dreamcat","8p-?","",""
"4002","2026-03-14","Anchorage","Broken Blender","music","Sweet Cheeks Cabaret: Vaudeville Vibes, A Variety Show","8p-10p","",""
"4003","2026-03-14","Anchorage","Broken Blender","music","Karaoke w/ DJ Charms","8p-12a","",""
"4004","2026-03-14","Anchorage","Humpy’s","music","Pints & Pub Songs with Rogues & Wenches","8p-1a","",""
"4005","2026-03-14","Anchorage","Williwaw Social","dance","St. PRACTICE Day Dance Party w/ DJ Militant & DJ Cross","8p-2a","",""
"4006","2026-03-14","Anchorage","Flattop Pizza & Pool","music","DJ JRock","9:30p-12a","",""
"4007","2026-03-14","Anchorage","Anchorage Social Dance Club","dance","Dance Lessons & Social Dance","9:30p-2a","",""
"4008","2026-03-14","Anchorage","Hilltop Ski Area","music","Methodology Snowboard Event","9p-?","",""
"4009","2026-03-14","Anchorage","Oriental Garden","music","Weekly Karaoke Contest","9p-1:30a","",""
"4010","2026-03-14","Anchorage","Mad Myrna’s","music","Mad Myrna's Diva Variety Show","9p-11:30p","",""
"4011","2026-03-14","Anchorage","The Carousel Lounge","music","Live Music w/ Santoro","9p-1a","",""
"4012","2026-03-14","Anchorage","Koot’s","music","Spenard Boiler Room XV","9p-2:30a","",""
"4013","2026-03-14","Anchorage","The Raven Bar","music","Get Lucky Underwear Party w/ Bodelia James","9p-2:30a","",""
"4014","2026-03-14","Anchorage","Time Out Lounge","music","Blast From The Past","9p-2:30a","",""
"4015","2026-03-14","Eagle River","The International Hotel & Bar","music","Marc Brown and The Blues Crew","10p-?","",""
"4016","2026-03-14","Eagle River","Pioneer Park Theatre","theatre","Missoula Children Theatre's Red Riding Hood","3p-?","",""
"4017","2026-03-14","Eagle River","Last Frontier CAC","music","Murder on the Bayou: Mardi Gras Mystery Party","5p-8p","",""
"4018","2026-03-14","Eagle River","Polar Ice","music","Open Skate: St. Patty's The Luck of the Irish","6p-8p","",""
"4019","2026-03-14","Eagle River","Lat 65 Brewing Co.","music","St.Paddy's w/ Steve Brown & the Bailers","7:30p-?","",""
"4020","2026-03-14","Eagle River","Palace Theater","music","Cabaret Night: Second Saturdays at Seven","7p-8:30p","",""
"4021","2026-03-14","Eagle River","Pakalolo Coffee Shop","comedy","Stand-Up Comedy w/ Geoffrey Asmus","7p-9p","",""
"4022","2026-03-14","Eagle River","Odd Man Rush","music","The Ken Peltier Band","8p-10p","",""
"4023","2026-03-14","Girdwood","Pratt Museum","music","Second Saturday at the Pratt: Free Admission","11a-4p","",""
"4024","2026-03-14","Girdwood","AJ’s Old Town Steakhouse & Tavern","music","Piano Music by Sunrise Kilcher","6p-8p","",""
"4025","2026-03-14","Girdwood","The Sitzmark Bar & Grill","music","Live at the Sitz: SunDog","9p-12a","",""
"4026","2026-03-14","Girdwood","Pioneer Bar","music","Karaoke Night","9p-1a","",""
"4027","2026-03-14","Juneau","Kodiak Market Place","music","Second Saturday St. Patrick’s Shenanigans","10:30p-?","",""
"4028","2026-03-14","Juneau","Borough Community Gym","music","Aurora Realms: A Gamer Convention","11a-6p","",""
"4029","2026-03-14","Juneau","Willow Community Center","music","Sled for Hope 2026","12p-?","",""
"4030","2026-03-14","Juneau","Valdez Brewing","music","St. Paddys Pie-Day Shenanigans w/ Moon Doggies Live","2p-9p","",""
"4031","2026-03-14","Juneau","Hatcher Pass Lodge","music","Bug In A Rug","4p-7p","",""
"4032","2026-03-14","Juneau","Bleeding Heart Brewery","music","St. Patrick’s Saturday w/ Live Music & Food","4p-8p","",""
"4033","2026-03-14","Juneau","Devil’s Club Brewing","music","St. Paddy’s Beer Choir","6:30p-?","",""
"4034","2026-03-14","Juneau","Last Frontier Brewing","music","Schaefer Mueller","6p-9p","",""
"4035","2026-03-14","Juneau","The Crystal Saloon","music","Blue Nagoon ft. Short Notice","7:30p-?","",""
"4036","2026-03-14","Juneau","Breeze Inn Seward","comedy","Comedy & Cocktails","7:30p-?","",""
"4037","2026-03-14","Juneau","St. Ann’s Parish Hall","dance","Contra Dance w/ Full Circle","7:30p-10:30p","",""
"4038","2026-03-14","Juneau","Sitka Performing Arts Center","music","The Original Artist Grind","7p-?","",""
"4039","2026-03-14","Juneau","Sheldon Community Arts Hanger","music","Roland Roberts Band: Oosik Afterparty","7p-?","",""
"4040","2026-03-14","Juneau","American Legion Post 15","music","Karaoke","7p-11p","",""
"4041","2026-03-14","Juneau","Silver Fox Inn","music","Glacier Blues Band","7p-11p","",""
"4042","2026-03-14","Juneau","Kodiak Arts Council","music","Romeo & Juliet","7p-9p","",""
"4043","2026-03-14","Juneau","Odess Theater","music","Sitka EDM: Aurora Show","8:30p-12a","",""
"4044","2026-03-14","Juneau","Red Dog Saloon","music","Fire on McGinnis","8p-11p","",""
"4045","2026-03-14","Juneau","Fairview Inn","music","The Getting Stranger","8p-1a","",""
"4046","2026-03-14","Juneau","North Pole Alehouse","music","St. Patrick’s Day w/ DJ Traxx","9p-?","",""
"4047","2026-03-14","Juneau","Four Corner’s Lounge","music","Schaefer Mueller & The Neon Highway","9p-1a","",""
"4048","2026-03-14","Juneau","Yukon Bar","music","Karaoke","9p-2a","",""
"4049","2026-03-14","Juneau","Yukon Bar","dance","St. Patrick's Dance Party w/ DJ Hankerchief","9p-2a","",""
"4050","2026-03-15","Anchorage","Koot’s","music","Koots Karaoke","10p-2a","",""
"4051","2026-03-15","Anchorage","Pioneer Bar","music","Industry Night w/ Joe Brady","10p-2a","",""
"4052","2026-03-15","Anchorage","The Wildbirch Hotel","community","Ales for Tails: Brunch for A Cause","11a-?","",""
"4053","2026-03-15","Anchorage","Midnight Sun Theater","music","MST’s Improv Dojo","12:30p-2p","",""
"4054","2026-03-15","Anchorage","Arctic Valley Ski Area","music","Spring Break with Pete Kartsounes Live","12:30p-3:30p","",""
"4055","2026-03-15","Anchorage","Point Waranzof","music","Maslenitsa","1p-4p","",""
"4056","2026-03-15","Anchorage","Beartooth Theatrepub","music","The Oscars Watch Party","2p-?","",""
"4057","2026-03-15","Anchorage","Arctic Valley Ski Area","music","Rousted By Bulls Live","3:30p-6:30p","",""
"4058","2026-03-15","Anchorage","Anchorage Community Theatre","music","Marvel: Alaska’s First Female Aviator","3p-5p","",""
"4059","2026-03-15","Anchorage","VFW Post 1685","music","Benefit Night for Tyrone Palmer","4:30p-8:30p","",""
"4060","2026-03-15","Anchorage","Anchorage Social Dance Club","dance","Country Dance Nights: Line Dancing & Swing","6:30p-10p","",""
"4061","2026-03-15","Anchorage","Billiard Palace","music","Sunday Blues Jam w/ Rebel Blues Band","6p-10p","",""
"4062","2026-03-15","Anchorage","49th State Brewing","music","Irish Food Specials & Live Irish Music w/ Andrea Childers","6p-9p","",""
"4063","2026-03-15","Anchorage","Susitna Brewing","music","Open Mic Night","6p-9p","",""
"4064","2026-03-15","Anchorage","Changepoint","dance","International Cha Cha Lesson & Open Dance","7:45p-10p","",""
"4065","2026-03-15","Anchorage","Koot’s","comedy","Comedy Open Mic","8:30p-10p","",""
"4066","2026-03-15","Anchorage","Time Out Lounge","music","Open Jam with Blast From The Past","8:30p-1a","",""
"4067","2026-03-15","Anchorage","Van’s Dive Bar","music","Open Mic Night","8p-11p","",""
"4068","2026-03-15","Anchorage","Mad Myrna’s","music","Karaoke","9p-12a","",""
"4069","2026-03-15","Anchorage","The Carousel Lounge","music","Sunday Karaoke","9p-2a","",""
"4070","2026-03-15","Eagle River","Pakalolo Coffee Shop","comedy","Stoney Comedy Brunch w/ Geoffrey Asmus","12p-2p","",""
"4071","2026-03-15","Eagle River","Jalapeno’s Mexican Restaurant","music","Loteria Night","5p-8p","",""
"4072","2026-03-15","Juneau","Salmon Landing","music","St. Paddy's Day Parade!","2p-3:30p","",""
"4073","2026-03-15","Juneau","Kodiak Arts Council","music","Romeo & Juliet","2p-4p","",""
"4074","2026-03-15","Juneau","Juneau Arts & Culture Center","music","Juneau Piano Series: Andrew Brownell","3p-4:30p","",""
"4075","2026-03-15","Juneau","Red Dog Saloon","music","Sunday Social Dancing & Lessons","6p-9p","",""
"4076","2026-03-15","Juneau","The Creek Street Cabaret","music","Open Mic Night w/ Joe Williams","6p-9p","",""
"4077","2026-03-15","Juneau","Four Corner’s Lounge","music","Karaoke","8p-?","",""
"4078","2026-03-16","Anchorage","Fire Island Bakery @ K Street Market","music","Weekly Jazz Jam","6:30p-9:30p","",""
"4079","2026-03-16","Anchorage","Writer’s Block Bookstore & Cafe","music","Auditions for “Gaslight (Angel Street)”","6p-?","",""
"4080","2026-03-16","Anchorage","Studio 49","community","Sweet Cheeks Cabaret: Burlesque Basics Class w/ DeeDee S.Emme","7p-8p","",""
"4081","2026-03-16","Anchorage","Anchorage Social Dance Club","dance","Learn to Square Dance","7p-9p","",""
"4082","2026-03-16","Anchorage","Koot’s","music","The Monday Mic w/ Boobs","9p-12a","",""
"4083","2026-03-16","Juneau","Kenai Chamber of Commerce &Visitor Center","community","Story Time: ""Salmon Stream""","11a-?","",""
"4084","2026-03-16","Juneau","The Goods","music","Friends of Mike Morgan Song Circle","5p-7p","",""
"4085","2026-03-17","Anchorage","JBER Library","music","Preschool Storytime: Music","10:30a-11p","",""
"4086","2026-03-17","Anchorage","Pink Cadillac","music","All Ages Buckarooos Night","7p-11p","",""
"4087","2026-03-17","Anchorage","Anchorage Museum","community","Trail Tales Storytelling Series","7p-9p","",""
"4088","2026-03-17","Anchorage","Van’s Dive Bar","music","Live Irish Music from Whiskey Jacks","8p-?","",""
"4089","2026-03-17","Anchorage","The Carousel Lounge","music","AK Rockstar Karaoke","8p-2a","",""
"4090","2026-03-17","Anchorage","Koot’s","music","The Eternal Cowboys","9p-12a","",""
"4091","2026-03-17","Eagle River","Wainwright Last Community Activity Center","community","Post Library Story Time","11a-12p","",""
"4092","2026-03-17","Eagle River","The International Hotel & Bar","music","St. Patrick's Day w/ Red Hackle Band","3p-?","",""
"4093","2026-03-17","Eagle River","Lat 65 Brewing Co.","music","Pedals, Pints, & Poles","6p-9p","",""
"4094","2026-03-17","Eagle River","Odd Man Rush","music","Anchorage Firefighters IAFF Local 1264's Pipes & Drums Band","7p-?","",""
"4095","2026-03-17","Girdwood","Pratt Museum","community","Storytime at the Pratt: Outstanding Otters","10:30a-11:30a","",""
"4096","2026-03-17","Girdwood","Justin Cole’s Down East Saloon","music","Taco Tuesday's with Jim Maloney","6:30p-10p","",""
"4097","2026-03-17","Juneau","Soldotna Library","community","Toddler Story Time","10:30a-11a","",""
"4098","2026-03-17","Juneau","Ken’s Garden Center","community","Storytime at Ken’s","10a-11a","",""
"4099","2026-03-17","Juneau","Sitka Elks #1662","music","St. Patrick's Day Dinner w/ Live Music","5p-8p","",""
"4100","2026-03-17","Juneau","Nonna’s Osteria","music","Jesse Ruben Live","7p","",""
"4101","2026-03-17","Juneau","The Crystal Saloon","music","Michael Kirkpatrick","8p-?","",""
"4102","2026-03-17","Juneau","The Creek Street Cabaret","music","Bear Bones & DJ Thomas Brooks","8p-?","",""
"4103","2026-03-17","Juneau","Four Corner’s Lounge","music","Industry Night with DJ Red","8p-?","",""
"4104","2026-03-17","Juneau","The Crystal Saloon","music","Jazz Jam Tuesday","8p-11p","",""
"4105","2026-03-18","Anchorage","Alaska Zoo","community","Free Community Storytime","10:30a-11a","",""
"4106","2026-03-18","Anchorage","Pioneer Bar","music","The Eternal Cowboys","10p-1a","",""
"4107","2026-03-18","Anchorage","Koot’s","music","Koots Karaoke","10p-2a","",""
"4108","2026-03-18","Anchorage","Anchorage Social Dance Club","music","International Folk Dancing","6:30p-8p","",""
"4109","2026-03-18","Anchorage","Organic Oasis","music","Poetry Parlay","6p-8p","",""
"4110","2026-03-18","Anchorage","The Art Lounge AK","community","Community Crafting and Movie Night: Spirited Away","6p-9p","",""
"4111","2026-03-18","Anchorage","UAA Main Stage Theatre","music","UAA Jazz Ensemble Presents Voices of Jazz, A Celebration of Jazz Songs","7:30p-9p","",""
"4112","2026-03-18","Anchorage","907 Alehouse","music","Tyrone & Friends","7p-10p","",""
"4113","2026-03-18","Anchorage","Pink Cadillac","dance","Line Dance Wednesdays","7p-12a","",""
"4114","2026-03-18","Anchorage","Koot’s","music","Country Night","8p-2a","",""
"4115","2026-03-18","Anchorage","Van’s Dive Bar","music","Karaoke","9p-1a","",""
"4116","2026-03-18","Eagle River","The Spur","music","Karaoke Night with Rocky!","8p-11p","",""
"4117","2026-03-18","Juneau","Soldotna Library","community","Bouncing Babes Story Time","10:30a-11a","",""
"4118","2026-03-18","Juneau","Inn at Creek Street","music","The Ukulele Group","3:45p-4:45p","",""
"4119","2026-03-18","Juneau","The Goods","music","Karaoke Nights","5:30p-8p","",""
"4120","2026-03-18","Juneau","Schwabenhof","music","Open Mic","7:30p-11p","",""
"4121","2026-03-18","Juneau","Four Corner’s Lounge","music","West Coast Sing Wednesday","7:30p-9:30p","",""
"4122","2026-03-18","Juneau","The Crystal Saloon","music","Open Mic Night","8p-11:30p","",""
"4123","2026-03-18","Juneau","Alaskan Hotel and Bar","music","Karaoke","8p-11p","",""
"4124","2026-03-18","Juneau","Fairview Inn","music","Open Mic Night","8p-1a","",""
"4125","2026-03-18","Juneau","Yukon Bar","music","Open Mic Night","8p-2a","",""
"4126","2026-03-20","Juneau","Everett’s Restaurant","comedy","Comedy Show w/ Eddie Ifft","7:30p-?","",""
"4127","2026-03-21","Hope","Creekbend Company","music","Up A Mountain","6p-9p","",""
"4128","2026-07-15","Eagle River","Homestead Lounge","music","Karaoke Night w/ KJ Smoke","8p-12a","https://akconcets.us20.list-manage.com/track/click?u=7bd13a48fecb63b6d795caadf&id=e982562f83&e=be0392aff7",""
"4129","2026-07-15","Fairbanks","The Palace Theater","music","Golden Heart Revue","8:15p-9:15p","https://www.akvisit.com/palace-theatre?fbclid=IwY2xjawR7CNdleHRuA2FlbQIxMABicmlkETFZQTc5Q1NiWm16bDhNY0RZc3J0YwZhcHBfaWQQMjIyMDM5MTc4ODIwMDg5MgABHrK_LgMLEgXX7mcIrxnzr8jTJ9RaI_Lt7mvGG48tR-IMPMLVZRSzqN26Ewga_aem_RqdeQf5Ku3SEWvV41NwhHg",""
"4130","2026-07-15","Fairbanks","The Spur","music","Karaoke Night with Rocky!","8p-11p","https://akconcets.us20.list-manage.com/track/click?u=7bd13a48fecb63b6d795caadf&id=e982562f83&e=be0392aff7",""
"4131","2026-07-15","Juneau","The Crystal Saloon","music","Open Mic Night","8p-11:30p","https://www.facebook.com/photo/?fbid=1507990474662996&set=a.752367223558662",""
"4132","2026-07-15","Juneau","Alaskan Hotel and Bar","music","Karaoke","8p-11p","https://www.facebook.com/BrokenBlenderAK",""
"4133","2026-07-15","Ketchikan","Ketchikan Dock","music","Music on the Dock: Dave, Hannah, and Chazz","12p-1p","https://www.ketchikanarts.org/programs-events/music-on-the-dock-summer-concert-series.html",""
"4134","2026-07-15","Ketchikan","Inn at Creek Street","music","The Ukulele Group","3:45p-4:45p","https://www.ketchikanarts.org/events-performances/full-arts-calendar.html/event/2026/06/03/1780533900/the-ukelele-group-/521570",""
"4135","2026-07-15","Palmer","Bleeding Heart Brewery","music","Mario Carboni Live","5p-7p","https://www.facebook.com/events/2217529165745705/?acontext=%7B%22event_action_history%22%3A%5b%7B%22mechanism%22%3A%22discovery_custom_tab%22%2C%22surface%22%3A%22bookmark%22%7D%5d%2C%22ref_notif_type%22%3Anull%7D",""
"4136","2026-07-15","Palmer","Four Corner’s Lounge","music","West Coast Sing Wednesday","7:30p-9:30p","https://www.facebook.com/photo/?fbid=1411992579757709&set=gm.1053059570049116",""
"4137","2026-07-15","Seward","Yukon Bar","music","Karaoke with Raunchy Rachel","9p-1a","https://akconcets.us20.list-manage.com/track/click?u=7bd13a48fecb63b6d795caadf&id=e982562f83&e=be0392aff7",""
"4138","2026-07-15","Soldotna","Soldotna Library","community","Bouncing Babes Story Time","10:30a-11a","https://www.facebook.com/events/843086674966253/843086688299585/?acontext=%7B%22event_action_history%22%3A%5b%7B%22extra_data%22%3A%22%22%2C%22mechanism%22%3A%22surface%22%2C%22surface%22%3A%22permalink%22%7D%2C%7B%22extra_data%22%3A%22%22%2C%22mech",""
"4139","2026-07-15","Soldotna","Soldotna Creek Park","music","Levitt Amp Music Series: Kuf Knotz & Christine Elise w/ Guy Patterson Opening","6p-9p","https://www.vansdivebaralaska.com/music-schedule",""
"4140","2026-07-15","Talkeetna","Denali Brewing Company","music","Jimmy Sandy","6p-8","https://www.facebook.com/photo/?fbid=1590844869717640&set=pb.100063764251860.-2207520000",""
"4141","2026-07-15","Wasilla","Schwabenhof","music","Open Mic","7:30p-11p","https://akconcets.us20.list-manage.com/track/click?u=7bd13a48fecb63b6d795caadf&id=2020d45d02&e=be0392aff7",""
"4142","2026-07-16","Chugiak","Lee Jordan Field","community","Free Baseball Game: Chugiak-Eagle River Chinooks vs the Oilers","6p-?","https://www.facebook.com/events/1320416256920916/?acontext=%7B%22event_action_history%22%3A%5b%7B%22mechanism%22%3A%22discovery_custom_tab%22%2C%22surface%22%3A%22bookmark%22%7D%5d%2C%22ref_notif_type%22%3Anull%7D",""
"4143","2026-07-16","Cooper Landing","Gwin’s Lodge","music","Seth Malone Band (Request Night)","7p-10p","https://www.facebook.com/photo/?fbid=1625154909614942&set=a.954924113304695",""
"4144","2026-07-16","Eagle River","Chugiak-Eagle River Library","music","Magic by Robbie Cannon","12p-1p","https://www.facebook.com/events/1012360481382853/",""
"4145","2026-07-16","Eagle River","Homestead Lounge","dance","Dance Lessons with Shufflin Country Style","8p-9p","https://www.facebook.com/photo/?fbid=956976277112870&set=gm.992446826503991",""
"4146","2026-07-16","Eagle River","Homestead Lounge","music","Country Night w/ DJ AumanJoy","9p-2a","https://www.facebook.com/HomesteadLounge",""
"4147","2026-07-16","Ester","Malemute Saloon & Gold Camp","music","Open Mic Night","7:30p-11:30p","https://www.facebook.com/photo/?fbid=1507990474662996&set=a.752367223558662",""
"4148","2026-07-16","Fairbanks","Tanana Valley State Fair Grounds","music","Backyard Country BBQ w/ The Band Perry","5-?","https://www.facebook.com/events/1564385905104121/?acontext=%7B%22event_action_history%22%3A%5b%7B%22mechanism%22%3A%22discovery_custom_tab%22%2C%22surface%22%3A%22bookmark%22%7D%5d%2C%22ref_notif_type%22%3Anull%7D",""
"4149","2026-07-16","Fairbanks","Fairbanks Community Band Hall","music","Free Youth Concert Band Rehearsals","5p-6p","https://www.facebook.com/events/1521883622657906/1521883639324571/?acontext=%7B%22event_action_history%22%3A%5b%7B%22mechanism%22%3A%22surface%22%2C%22surface%22%3A%22permalink%22%7D%5d%2C%22ref_notif_type%22%3Anull%7D",""
"4150","2026-07-16","Fairbanks","The Palace Theater","music","Golden Heart Revue","8:15p-9:15p","https://www.akvisit.com/palace-theatre?fbclid=IwY2xjawR7CNdleHRuA2FlbQIxMABicmlkETFZQTc5Q1NiWm16bDhNY0RZc3J0YwZhcHBfaWQQMjIyMDM5MTc4ODIwMDg5MgABHrK_LgMLEgXX7mcIrxnzr8jTJ9RaI_Lt7mvGG48tR-IMPMLVZRSzqN26Ewga_aem_RqdeQf5Ku3SEWvV41NwhHg",""
"4151","2026-07-16","Fairbanks","The Marlin","music","Open Mic Night","8p-11p","https://www.facebook.com/photo/?fbid=1507990474662996&set=a.752367223558662",""
"4152","2026-07-16","Fairbanks","The International Hotel & Bar","music","Karaoke with Angel","8p-2a","https://akconcets.us20.list-manage.com/track/click?u=7bd13a48fecb63b6d795caadf&id=e982562f83&e=be0392aff7",""
"4153","2026-07-16","Girdwood","Gerrish Community Library","music","Natalie Gelman Live","6p-9p","https://www.facebook.com/events/988716667353734/?acontext=%7B%22event_action_history%22%3A%5b%7B%22mechanism%22%3A%22discovery_custom_tab%22%2C%22surface%22%3A%22bookmark%22%7D%5d%2C%22ref_notif_type%22%3Anull%7D",""
"4154","2026-07-16","Girdwood","Jack Sprat","music","Natalie Gelman LIVE","6p-9p","https://www.facebook.com/events/988716667353734/?acontext=%7B%22event_action_history%22%3A%5b%7B%22mechanism%22%3A%22discovery_custom_tab%22%2C%22surface%22%3A%22bookmark%22%7D%5d%2C%22ref_notif_type%22%3Anull%7D",""
"4155","2026-07-16","Homer","Pratt Museum","music","Guided tours of the Botanical Gardens, Homestead Garden, & Forest Trails.","11a-12p","https://www.facebook.com/events/27331907429732951/27331907486399612/?acontext=%7B%22event_action_history%22%3A%5b%7B%22extra_data%22%3A%22%22%2C%22mechanism%22%3A%22surface%22%2C%22surface%22%3A%22permalink%22%7D%2C%7B%22extra_data%22%3A%22%22%2C%22",""
"4156","2026-07-16","Homer","Homer Council on the Arts","music","Community Jam Sessions","6:30p-9p","https://www.facebook.com/events/987084407583120/987084464249781/?acontext=%7B%22event_action_history%22%3A%5b%7B%22extra_data%22%3A%22%22%2C%22mechanism%22%3A%22surface%22%2C%22surface%22%3A%22permalink%22%7D%2C%7B%22extra_data%22%3A%22%22%2C%22mech",""
"4157","2026-07-16","Homer","AJ’s Old Town Steakhouse & Tavern","music","Piano Music by Erica","6p-8p","https://www.homeralaska.org/event/piano-by-sunrise-kilcher/19/",""
"4158","2026-07-16","Homer","Pier One Theatre","music","Our Town by Thornton Wilder","7:30p-10p","https://www.facebook.com/events/1571372071056224/1571372104389554/?active_tab=about",""
"4159","2026-07-16","Homer","The Porcupine Theater","music","USETHEMAP, Louser, & DiscopianS","7:30p-9:30p","https://www.facebook.com/events/1030543806076472/",""
"4160","2026-07-16","Homer","Alibi Bar & Café","music","Karaoke Night","9p-12:30a","https://akconcets.us20.list-manage.com/track/click?u=7bd13a48fecb63b6d795caadf&id=e982562f83&e=be0392aff7",""
"4161","2026-07-16","Juneau","Juneau Social Dance","dance","Argentine Tango Dance Series","6:30p-8:30p","https://www.facebook.com/events/27462717590082205/27462717613415536/?acontext=%7B%22event_action_history%22%3A%5b%7B%22mechanism%22%3A%22surface%22%2C%22surface%22%3A%22permalink%22%7D%5d%2C%22ref_notif_type%22%3Anull%7D",""
"4162","2026-07-16","Juneau","The Crystal Saloon","music","Karaoke Night","8p-12a","https://akconcets.us20.list-manage.com/track/click?u=7bd13a48fecb63b6d795caadf&id=e982562f83&e=be0392aff7",""
"4163","2026-07-16","Juneau","Alaskan Hotel and Bar","music","Open Mic","9p-11p","https://akconcets.us20.list-manage.com/track/click?u=7bd13a48fecb63b6d795caadf&id=2020d45d02&e=be0392aff7",""
"4164","2026-07-16","Kenai","Skeet’s Dive Bar","music","Milfs Night Out with Ellie Nelson","7p-9p","https://www.instagram.com/p/DaG8UJ4Bijd/",""
"4165","2026-07-16","Ketchikan","Ketchikan Dock","music","Music on the Dock: Evan Porter","12p-1p","https://www.ketchikanarts.org/events-performances/",""
"4166","2026-07-16","Ketchikan","105.3 FM KRBD","music","Ketchikan Arts & Humanities Council: Arts Report","8:20a-8:35a","https://www.ketchikanarts.org/events-performances/full-arts-calendar.html",""
"4167","2026-07-16","Ketchikan","Totem Bar","music","Open Mic Night","8p-10p","https://www.facebook.com/photo/?fbid=1507990474662996&set=a.752367223558662",""
"4168","2026-07-16","McCarthy","The Golden Saloon","music","Open Mic Night","","https://www.facebook.com/photo/?fbid=1507990474662996&set=a.752367223558662",""
"4169","2026-07-16","North Pole","North Pole Alehouse","music","Karaoke Thursdays with Rocky Barnette","8p-12a","https://akconcets.us20.list-manage.com/track/click?u=7bd13a48fecb63b6d795caadf&id=e982562f83&e=be0392aff7",""
"4170","2026-07-16","Palmer","Palmer Alehouse","music","Wayward Shot & Red Flags","7p-10p","https://www.facebook.com/events/1859832864979762/",""
"4171","2026-07-16","Seward","Yukon Bar","dance","Dance Night w/ DJ Waitwat","9p-2a","https://www.facebook.com/photo.php?fbid=1495877732548962&set=pb.100063802472762.-2207520000&type=3",""
"4172","2026-07-16","Skagway","Skagway Library","community","Summer Reading Program: History & Archeology w/ the NPS","10:30a-11:30a","https://www.facebook.com/events/27438069035811649/27438069075811645/?active_tab=about",""
"4173","2026-07-16","Soldotna","Soldotna Library","community","Preschool Storytime","10:30a-11a","https://www.facebook.com/events/26994401710190027/26994401746856690/?acontext=%7B%22event_action_history%22%3A%5b%7B%22mechanism%22%3A%22surface%22%2C%22surface%22%3A%22permalink%22%7D%5d%2C%22ref_notif_type%22%3Anull%7D",""
"4174","2026-07-16","Talkeetna","Mountain High Pizza Pie","music","Mario Carboni","7p-10p","https://www.facebook.com/events/2217529165745705/?acontext=%7B%22event_action_history%22%3A%5b%7B%22mechanism%22%3A%22discovery_custom_tab%22%2C%22surface%22%3A%22bookmark%22%7D%5d%2C%22ref_notif_type%22%3Anull%7D",""
"4175","2026-07-16","Wasilla","Everett’s","music","Songwriters In The Round w/ Matt Hopper, Aspenyarrow, Malia Hoagland, and Dawson Gentleman","6:30p-9p","https://www.facebook.com/events/930046933470229/?acontext=%7B%22event_action_history%22%3A%5b%7B%22mechanism%22%3A%22discovery_custom_tab%22%2C%22surface%22%3A%22bookmark%22%7D%5d%2C%22ref_notif_type%22%3Anull%7D",""
"4176","2026-07-17","Eagle River","Chugiak-Eagle River Library","community","Storytime & Songs in the Park","10:30a-1:30p","https://www.facebook.com/events/958920490083498/958920513416829/",""
"4177","2026-07-17","Eagle River","Odd Man Rush","music","The Cosmic Party","7p-11p","https://www.facebook.com/events/1296701228711448/",""
"4178","2026-07-17","Eagle River","Homestead Lounge","music","DJ AumanJoy","9p-2a","https://www.facebook.com/HomesteadLounge",""
"4179","2026-07-17","Ester","Malemute Saloon & Gold Camp","music","Casey Smith Project","7:30p-11:30p","https://malemutesaloon.com/schedule/",""
"4180","2026-07-17","Fairbanks","Raven Landing Senior Community","music","Music Together Generations Class","11:30a-12:15p","https://www.facebook.com/events/1698370238161849/1698370254828514/?acontext=%7B%22event_action_history%22%3A%5b%7B%22mechanism%22%3A%22surface%22%2C%22surface%22%3A%22permalink%22%7D%5d%2C%22ref_notif_type%22%3Anull%7D",""
"4181","2026-07-17","Fairbanks","Polar Ice","music","Boy Bands vs Girl Bands Open Skate","4p-5:30p","https://www.akconcerts.com/bands",""
"4182","2026-07-17","Fairbanks","Alaska Salmon Bake","music","6th Annual Pioneer Park Wine Mixer & Salmon Jam","5:30p-10:30p","https://www.facebook.com/events/1407969337831597",""
"4183","2026-07-17","Fairbanks","Polar Ice","music","Mamma Mia Open Skate","6p-8p","https://www.facebook.com/events/1330673068580289/",""
"4184","2026-07-17","Fairbanks","The Palace Theater","music","Golden Heart Revue","8:15p-9:15p","https://www.akvisit.com/palace-theatre?fbclid=IwY2xjawR7CNdleHRuA2FlbQIxMABicmlkETFZQTc5Q1NiWm16bDhNY0RZc3J0YwZhcHBfaWQQMjIyMDM5MTc4ODIwMDg5MgABHrK_LgMLEgXX7mcIrxnzr8jTJ9RaI_Lt7mvGG48tR-IMPMLVZRSzqN26Ewga_aem_RqdeQf5Ku3SEWvV41NwhHg",""
"4185","2026-07-17","Fairbanks","The International Hotel & Bar","music","Bag Lady Sue","8p-2a","https://www.facebook.com/events/1203288841697416/?acontext=%7B%22event_action_history%22%3A%5b%7B%22mechanism%22%3A%22discovery_custom_tab%22%2C%22surface%22%3A%22bookmark%22%7D%5d%2C%22ref_notif_type%22%3Anull%7D",""
"4186","2026-07-17","Haines","Pioneer Bar","music","Open Mic Night","9p-1a","https://www.facebook.com/photo/?fbid=1507990474662996&set=a.752367223558662",""
"4187","2026-07-17","Homer","Kharacters Alaskan Bar","music","Acoustic Oosik","10p-2a","https://www.facebook.com/kharacters.bar",""
"4188","2026-07-17","Homer","Homestead Restaurant","music","Ivan Dennis Live","6p-10p","https://www.facebook.com/events/697165803418202/",""
"4189","2026-07-17","Homer","Pier One Theatre","music","Our Town by Thornton Wilder","7:30p-10p","https://www.facebook.com/events/1571372071056224/1571372104389554/?active_tab=about",""
"4190","2026-07-17","Hope","Creekbend Co.","music","The National Parks, Sam Burchfield & Bre Kennedy","11a-2p","https://www.creekbendco.com/event",""
"4191","2026-07-17","Hope","Dirty Skillet","music","Anson Eggerss","6p-10p","https://www.dirtyskillet.com/music",""
"4192","2026-07-17","Juneau","Juneau-Douglas High School","music","Rugby Night","6:30p-8:30p","https://www.facebook.com/events/1227911459242350/1227911472575682/?acontext=%7B%22event_action_history%22%3A%5b%7B%22extra_data%22%3A%22%22%2C%22mechanism%22%3A%22surface%22%2C%22surface%22%3A%22permalink%22%7D%2C%7B%22extra_data%22%3A%22%22%2C%22me",""
"4193","2026-07-17","Juneau","St. Anne’s Parish Hall","dance","Rainforest Romp Contra Dance Weekend","7:30p-10:30p","https://www.facebook.com/events/914692727804915",""
"4194","2026-07-17","Juneau","Alaskan Hotel and Bar","comedy","Studio 54 x GiGi: Gigi'd Birthday Drag Show & Dance","8p-?","https://www.facebook.com/events/2060905101129143/?acontext=%7B%22event_action_history%22%3A%5b%7B%22mechanism%22%3A%22discovery_custom_tab%22%2C%22surface%22%3A%22bookmark%22%7D%5d%2C%22ref_notif_type%22%3Anull%7D",""
"4195","2026-07-17","Kenai","Vagabond Inn","music","American Peasants","7p-11p","https://www.facebook.com/profile.php?id=100057161362056",""
"4196","2026-07-17","Kenai","Skeet’s Dive Bar","music","Live Music w/ Guy Patterson","9p-?","https://www.vansdivebaralaska.com/music-schedule",""
"4197","2026-07-17","Ketchikan","Ted Ferry Civic Center","music","2026 Fish Pirate`s Daughter","7p-9:30p","https://firstcityplayers.org/buy-tickets-%5Bvbo%5D",""
"4198","2026-07-17","Ketchikan","The Creek Street Cabaret","music","Original Alternative Pop w/ Abby London","7p-9p","https://www.facebook.com/events/1373023591372973/",""
"4199","2026-07-17","Ketchikan","The New York Café","music","Live Music in the Café","7p-9p","https://www.ketchikanarts.org/events-performances/",""
"4200","2026-07-17","Kodiak","The Rendezvous","music","Justin Morris & Company","7p-12a","https://www.kodiakrendezvous.com/live-music",""
"4201","2026-07-17","McCarthy","The Golden Saloon","music","Red Flags Live","","https://www.mccarthylodge.com/mccarthy-events/",""
"4202","2026-07-17","Palmer","Downtown Palmer","music","Friday Fling Live Music w/ Mantra Luna & Sergio Adams","11a-6p","https://www.facebook.com/FridayFlings",""
"4203","2026-07-17","Palmer","Palmer Alehouse","music","ABBAlaska","7p-10p","https://www.facebook.com/events/1557927062622857/",""
"4204","2026-07-17","Palmer","American Legion Post 15","music","Karaoke","7p-11p","https://www.facebook.com/BrokenBlenderAK",""
"4205","2026-07-17","Seldovia","Linwood Bar & Grill","music","Live Music w/ JD Cox","","https://www.linwoodbar.com/events/",""
"4206","2026-07-17","Seward","Seward Community Library & Museum","community","Storytime & Craft Activities","12:30p-1p","https://www.facebook.com/events/1596397651615519/1596397678282183/?acontext=%7B%22event_action_history%22%3A%5b%7B%22mechanism%22%3A%22surface%22%2C%22surface%22%3A%22permalink%22%7D%5d%2C%22ref_notif_type%22%3Anull%7D",""
"4207","2026-07-17","Seward","Flamingo Lounge","music","Live Music w/ Kuf Knotz & Christine Elise","6:30p-9:30p","",""
"4208","2026-07-17","Seward","Yukon Bar","music","Nikki & The Skyrockets w/ UseTheMap & Louser","9p-2a","https://www.facebook.com/events/1736922737338830",""
"4209","2026-07-17","Soldotna","Red Onion Saloon","music","Divas, Drinks, & Dancing w/ Red Onion Saloon","9p-?","https://www.facebook.com/photo/?fbid=1605527931578537&set=pcb.1605529138245083",""
"4210","2026-07-17","Soldotna","The Duck Inn","music","Owen Macdonald Live","9p-1a","https://www.facebook.com/photo?fbid=1654167456714555&set=a.502707521860560",""
"4211","2026-07-17","Sterling","Naptowne Brewing Company","music","Good Company","6p-9p","https://www.facebook.com/photo.php?fbid=1350898113758213&set=pb.100065141125889.-2207520000&type=3",""
"4212","2026-07-17","Talkeetna","Talkeetna Village Park","music","Live At Five Summer Concerts: John Roberts Y Pan Blanco","5p-7p","https://fairviewtalkeetna.com/pages/live-music",""
"4213","2026-07-17","Talkeetna","Mountain High Pizza Pie","music","Mario Carboni","7p-10p","https://www.facebook.com/events/2217529165745705/?acontext=%7B%22event_action_history%22%3A%5b%7B%22mechanism%22%3A%22discovery_custom_tab%22%2C%22surface%22%3A%22bookmark%22%7D%5d%2C%22ref_notif_type%22%3Anull%7D",""
"4214","2026-07-17","Talkeetna","Fairview Inn","music","Blackwater Railroad Company w/ Sunflower Season","7p-11p","https://www.facebook.com/events/2276668402739076/?acontext=%7B%22event_action_history%22%3A%5b%7B%22mechanism%22%3A%22discovery_custom_tab%22%2C%22surface%22%3A%22bookmark%22%7D%5d%2C%22ref_notif_type%22%3Anull%7D",""
"4215","2026-07-17","Talkeetna","Fairview Inn","music","John Roberts y Pan Blanco","9p-1a","https://fairviewtalkeetna.com/pages/live-music",""
"4216","2026-07-17","Wasilla","Alaskana Social Club","music","Live Music w/ Scott Helle","6p-9p","https://www.facebook.com/events/1383414717013836/?acontext=%7B%22event_action_history%22%3A%5b%7B%22mechanism%22%3A%22discovery_custom_tab%22%2C%22surface%22%3A%22bookmark%22%7D%5d%2C%22ref_notif_type%22%3Anull%7D",""
"4217","2026-07-17","Wasilla","Schwabenhof","music","Karaoke Night","8p-11p","https://akconcets.us20.list-manage.com/track/click?u=7bd13a48fecb63b6d795caadf&id=e982562f83&e=be0392aff7",""
"4218","2026-07-17","Wasilla","Smith Drive","festival","Electric Sands 2026 Music Festival","8p-5a","https://www.eventbrite.com/e/dystraxion-presents-electric-sands-2026-tickets-1563880391349?aff=ehometext",""
"4219","2026-07-18","Anchorage","Koot's","music","Tru Rhythm Entertainment: You Got Served","10p-2a","https://www.facebook.com/events/1564384791686660/?acontext=%7B%22event_action_history%22%3A%5b%7B%22surface%22%3A%22search%22%7D%2C%7B%22mechanism%22%3A%22attachment%22%2C%22surface%22%3A%22newsfeed%22%7D%5d%2C%22ref_notif_type%22%3Anull%7D",""
"4220","2026-07-18","Anchorage","Anchorage Weekend Market","music","Live Music at the Market","11a-5p","https://www.facebook.com/AnchorageWeekendDowntownMarket",""
"4221","2026-07-18","Anchorage","Pink Cadillac","music","Latin Night w/ DJ Mile","11p-3a","https://www.facebook.com/events/909196661488345",""
"4222","2026-07-18","Anchorage","Kincaid Park","community","Canicross Meetup","12p-?","https://www.facebook.com/events/4758077921092580/?acontext=%7B%22event_action_history%22%3A%5b%7B%22mechanism%22%3A%22discovery_custom_tab%22%2C%22surface%22%3A%22bookmark%22%7D%5d%2C%22ref_notif_type%22%3Anull%7D",""
"4223","2026-07-18","Anchorage","Delaney Park Strip","festival","Hooligan Fest: All Ages Music & Arts Festival","12p-10:30p","https://www.facebook.com/events/delaney-park-strip/hooligan-fest-all-ages-music-arts-festival/1537946304633059/",""
"4224","2026-07-18","Anchorage","Anchorage Museum","music","Jazz on the Lawn w/ Alaska Jazz Workshop","12p-2p","https://www.facebook.com/events/27022389210733263/27022389244066593/?acontext=%7B%22event_action_history%22%3A%5b%7B%22mechanism%22%3A%22surface%22%2C%22surface%22%3A%22permalink%22%7D%5d%2C%22ref_notif_type%22%3Anull%7D",""
"4225","2026-07-18","Anchorage","Double Shovel Cider Co.","community","Summer Outdoor Market","12p-6p","https://www.facebook.com/events/1295749335879398/?acontext=%7B%22event_action_history%22%3A%5b%7B%22mechanism%22%3A%22discovery_custom_tab%22%2C%22surface%22%3A%22bookmark%22%7D%5d%2C%22ref_notif_type%22%3Anull%7D",""
"4226","2026-07-18","Anchorage","Hilltop Ski Area","festival","Rock The Hill Music Festival","1p-10p","https://www.facebook.com/events/3197353453797961",""
"4227","2026-07-18","Anchorage","Arctic Rec Center","music","907 Pro Wrestling: MidSummer Meltdown","3p-6p","https://www.facebook.com/events/1673335720597069/?acontext=%7B%22event_action_history%22%3A%5b%7B%22mechanism%22%3A%22discovery_custom_tab%22%2C%22surface%22%3A%22bookmark%22%7D%5d%2C%22ref_notif_type%22%3Anull%7D",""
"4228","2026-07-18","Anchorage","Anchorage Brewing Company","dance","ABC Rooftop Dance Party w/ Rachel Monae, Bodelia James, Kizmet, & LSGNA","4p-9p","https://www.eventbrite.com/e/potassium-productions-anchorage-brewing-company-rooftop-takeover-tickets-1992559875225?aff=ehometext",""
"4229","2026-07-18","Anchorage","49th State Brewery","music","Garden Grooves: Music in the Beer Garden","5p-7p","https://www.facebook.com/photo/?fbid=1267333412235644&set=gm.1017207420732481",""
"4230","2026-07-18","Anchorage","49th State Brewery","music","Hot Honey Burlesque Show w/ Mayven Missbehavin' & Bird of Paradse","5p-7p","https://tickets.centertix.com/eventperformances.asp?evt=2169&_gl=1%2Aj4kn97%2A_gcl_au%2AMTIzMTQ2MTU0NC4xNzc5ODk2NjM1&fbclid=IwY2xjawTDpYFleHRuA2FlbQIxMABicmlkETFKektHaGdzWmpsbnAzZHVxc3J0YwZhcHBfaWQQMjIyMDM5MTc4ODIwMDg5MgABHqJAOHFIZ5qzU4p8nroy-RSHX",""
"4231","2026-07-18","Anchorage","Gumbo House","music","Pop Piano Bar w/ MJ Riemann","6p-9p","https://www.facebook.com/photo/?fbid=1556274459834673&set=a.500137705448359",""
"4232","2026-07-18","Anchorage","Koot’s","music","Halloween in July: Ghouls Gone Wild w/ The Robotz, Epic!, DJ Militant, DJ Akira, & DJ Dev","7:30p-2:30a","https://www.facebook.com/events/2068671713861422/?acontext=%7B%22event_action_history%22%3A%5b%7B%22mechanism%22%3A%22discovery_custom_tab%22%2C%22surface%22%3A%22bookmark%22%7D%5d%2C%22ref_notif_type%22%3Anull%7D",""
"4233","2026-07-18","Anchorage","Anchorage Social Dance Club","dance","Dance Social","7p-11p","https://www.facebook.com/35PlusClub/posts/pfbid0P3DAjVBjcJUeKMh6BHeyzaw1okomixpw7yhapb7nfusfQXpb7YpEiaVj83rNxeA8l",""
"4234","2026-07-18","Anchorage","Bernie’s Bungalow Lounge","music","Fine, Great & Sunflower Season","8p-?","https://www.instagram.com/p/Dax5hDuhv2Q/",""
"4235","2026-07-18","Anchorage","Broken Blender","music","Karaoke w/ DJ Charms","8p-12a","https://www.facebook.com/BrokenBlenderAK",""
"4236","2026-07-18","Anchorage","Muldoon Chanshtnu Park","community","Muldoon Community Market","9:30a-3p","https://www.facebook.com/events/942322318857990/942322338857988/?acontext=%7B%22event_action_history%22%3A%5b%7B%22extra_data%22%3A%22%22%2C%22mechanism%22%3A%22surface%22%2C%22surface%22%3A%22permalink%22%7D%2C%7B%22extra_data%22%3A%22%22%2C%22mech",""
"4237","2026-07-18","Anchorage","Flattop Pizza & Pool","music","DJ JRock","9:30p-12a","https://www.facebook.com/photo.php?fbid=1432955235502986&set=pb.100063655689037.-2207520000&type=3",""
"4238","2026-07-18","Anchorage","Humpy’s","music","Live Music w/ John J. Roberts Y Pan Blanco","9:30p-1a","https://www.facebook.com/events/1061042166453984/",""
"4239","2026-07-18","Anchorage","Oriental Garden","music","Weekly Karaoke Contest","9p-1:30a","https://www.facebook.com/Orientalgardenbestchinese",""
"4240","2026-07-18","Anchorage","Mad Myrna’s","music","Mad Myrna's Diva Variety Show","9p-11:30p","https://madmyrnas.com/events",""
"4241","2026-07-18","Anchorage","The Carousel Lounge","music","Nikki & The Skyrockets (from NJ)","9p-1a","https://www.carouselalaska.com/events",""
"4242","2026-07-18","Anchorage","Van’s Dive Bar","music","UseTheMap, The Nameless, & Louser","9p-1a","https://www.vansdivebaralaska.com/music-schedule",""
"4243","2026-07-18","Anchorage","Time Out Lounge","music","Blast From The Past","9p-2:30a","https://www.facebook.com/photo?fbid=10211867422076197&set=pcb.10211867422276202",""
"4244","2026-07-18","Barrow","Tuzzy Consortium Library","community","Storytime & Crafternoon","1p-3p","https://www.facebook.com/TuzzyConsortiumLibrary/",""
"4245","2026-07-18","Cooper Landing","Cooper Landing Brewing","music","Ken Peltier Band","6:30p-10p","https://www.eventbrite.com/e/ken-peltier-band-tickets-1985756827125?aff=ehometext",""
"4246","2026-07-18","Ester","Ester Community Park","festival","Ester Fest 2026","2p-10p","https://www.facebook.com/events/2394765841034268/?acontext=%7B%22event_action_history%22%3A%5b%7B%22mechanism%22%3A%22discovery_custom_tab%22%2C%22surface%22%3A%22bookmark%22%7D%5d%2C%22ref_notif_type%22%3Anull%7D",""
"4247","2026-07-18","Ester","Malemute Saloon & Gold Camp","music","Back Street Social Club","7:30p-11:30p","https://malemutesaloon.com/schedule/",""
"4248","2026-07-18","Fairbanks","Humble Roots Beer Project","music","Golden Days Kick Off Pet Adoption Event","12p-6p","https://www.facebook.com/events/2042889772998254/?acontext=%7B%22event_action_history%22%3A%5b%7B%22mechanism%22%3A%22discovery_custom_tab%22%2C%22surface%22%3A%22bookmark%22%7D%5d%2C%22ref_notif_type%22%3Anull%7D",""
"4249","2026-07-18","Fairbanks","Polar Ice","music","Katseye Vs Black Pink Open Skate","5:30p-7:30p","https://www.facebook.com/events/1016265284661234/",""
"4250","2026-07-18","Fairbanks","The Spur","music","Crazy Train: America's Ozzy Osbourne Experience","5p-8p","https://www.facebook.com/events/2241280099741148/?acontext=%7B%22event_action_history%22%3A%5b%7B%22mechanism%22%3A%22discovery_custom_tab%22%2C%22surface%22%3A%22bookmark%22%7D%5d%2C%22ref_notif_type%22%3Anull%7D",""
"4251","2026-07-18","Fairbanks","The Last Round Up Steak House","comedy","Golden Gays Y2K Drag Show","7p-11:45p","https://www.facebook.com/events/1743917077051634/?acontext=%7B%22event_action_history%22%3A%5b%7B%22mechanism%22%3A%22discovery_custom_tab%22%2C%22surface%22%3A%22bookmark%22%7D%5d%2C%22ref_notif_type%22%3Anull%7D",""
"4252","2026-07-18","Fairbanks","The Palace Theater","music","Golden Heart Revue","8:15p-9:15p","https://www.akvisit.com/palace-theatre?fbclid=IwY2xjawR7CNdleHRuA2FlbQIxMABicmlkETFZQTc5Q1NiWm16bDhNY0RZc3J0YwZhcHBfaWQQMjIyMDM5MTc4ODIwMDg5MgABHrK_LgMLEgXX7mcIrxnzr8jTJ9RaI_Lt7mvGG48tR-IMPMLVZRSzqN26Ewga_aem_RqdeQf5Ku3SEWvV41NwhHg",""
"4253","2026-07-18","Fairbanks","The International Hotel & Bar","music","Bag Lady Sue","8p-2a","https://www.facebook.com/events/1203288841697416/?acontext=%7B%22event_action_history%22%3A%5b%7B%22mechanism%22%3A%22discovery_custom_tab%22%2C%22surface%22%3A%22bookmark%22%7D%5d%2C%22ref_notif_type%22%3Anull%7D",""
"4254","2026-07-18","Haines","Pioneer Bar","music","Karaoke Night","9p-1a","https://akconcets.us20.list-manage.com/track/click?u=7bd13a48fecb63b6d795caadf&id=e982562f83&e=be0392aff7",""
"4255","2026-07-18","Homer","Kharacters Alaskan Bar","music","Guy Patterson","10p-2a","https://www.vansdivebaralaska.com/music-schedule",""
"4256","2026-07-18","Homer","Pratt Museum","music","Guided tours of the Botanical Gardens, Homestead Garden, & Forest Trails.","11a-12p","https://www.facebook.com/events/27331907429732951/27331907486399612/?acontext=%7B%22event_action_history%22%3A%5b%7B%22extra_data%22%3A%22%22%2C%22mechanism%22%3A%22surface%22%2C%22surface%22%3A%22permalink%22%7D%2C%7B%22extra_data%22%3A%22%22%2C%22",""
"4257","2026-07-18","Homer","AJ’s Old Town Steakhouse & Tavern","music","Piano Music by Sunrise Kilcher","6p-8p","https://www.homeralaska.org/event/piano-by-sunrise-kilcher/19/",""
"4258","2026-07-18","Homer","Pier One Theatre","music","Our Town by Thornton Wilder","7:30p-10p","https://www.facebook.com/events/1571372071056224/1571372104389554/?active_tab=about",""
"4259","2026-07-18","Hope","Creekbend Co.","music","The National Parks, Sam Burchfield & Bre Kennedy","11a-2p","https://www.creekbendco.com/event",""
"4260","2026-07-18","Hope","Dirty Skillet","music","Anson Eggerss","6p-10p","https://www.dirtyskillet.com/music",""
"4261","2026-07-18","Hope","Hope Social Hall","music","Pancake Feed, Cake Walk, & Puzzle Competition","8:30a-6p","https://hopewagonrun.com/weekend-events/",""
"4262","2026-07-18","Juneau","Alaskan Hotel and Bar","music","Andy Koch's Badd Dog Blues Society","7:30p-10p","https://www.facebook.com/events/1367675531957665/?acontext=%7B%22event_action_history%22%3A%5b%7B%22mechanism%22%3A%22discovery_custom_tab%22%2C%22surface%22%3A%22bookmark%22%7D%5d%2C%22ref_notif_type%22%3Anull%7D",""
"4263","2026-07-18","Juneau","St. Anne’s Parish Hall","dance","Rainforest Romp Contra Dance Weekend","8p-11p","https://www.facebook.com/events/914692727804915",""
"4264","2026-07-18","Juneau","The Crystal Saloon","music","The Return Of Astronomar Ft. Sa'Moona","9p-?","https://www.facebook.com/photo?fbid=1002054442428677&set=a.160104659956997",""
"4265","2026-07-18","Kenai","Vagabond Inn","music","Seth Freeman","8p-11p","https://www.facebook.com/profile.php?id=100057161362056",""
"4266","2026-07-18","Kenai","Skeet’s Dive Bar","music","Live Music w/ Seth Malone","9p-?","https://www.facebook.com/photo/?fbid=1625154909614942&set=a.954924113304695",""
"4267","2026-07-18","Ketchikan","Ketchikan City Park","music","Gays Eating Garlic Bread in the Park","12p-2p","https://www.facebook.com/events/27508251792196811/?acontext=%7B%22event_action_history%22%3A%5b%7B%22mechanism%22%3A%22discovery_custom_tab%22%2C%22surface%22%3A%22bookmark%22%7D%5d%2C%22ref_notif_type%22%3Anull%7D",""
"4268","2026-07-18","Ketchikan","Arctic Bar","music","Virgin Voyages: Brilliant Lady Land Party","12p-6p","https://www.facebook.com/events/1466272915541691/1466276532207996/?active_tab=about",""
"4269","2026-07-18","Ketchikan","Tongass Historical Museum","music","Summer Saturdays at the Museum","1p-3p","https://www.facebook.com/events/873907959081409/873908012414737/?acontext=%7B%22event_action_history%22%3A%5b%7B%22mechanism%22%3A%22surface%22%2C%22surface%22%3A%22permalink%22%7D%5d%2C%22ref_notif_type%22%3Anull%7D",""
"4270","2026-07-18","Ketchikan","Ted Ferry Civic Center","music","2026 Fish Pirate`s Daughter","7p-9:30p","https://firstcityplayers.org/buy-tickets-%5Bvbo%5D",""
"4271","2026-07-18","Kodiak","The Rendezvous","music","Justin Morris & Company","7p-12a","https://www.kodiakrendezvous.com/live-music",""
"4272","2026-07-18","McCarthy","The Golden Saloon","music","Red Flags Live","","https://www.mccarthylodge.com/mccarthy-events/",""
"4273","2026-07-18","Palmer","Hatcher Pass Lodge","music","Mario Carboni","4p-7p","https://www.facebook.com/events/2217529165745705/?acontext=%7B%22event_action_history%22%3A%5b%7B%22mechanism%22%3A%22discovery_custom_tab%22%2C%22surface%22%3A%22bookmark%22%7D%5d%2C%22ref_notif_type%22%3Anull%7D",""
"4274","2026-07-18","Palmer","Palmer Alehouse","music","Yachtly Crew","7p-10p","https://www.facebook.com/events/1006671702001516/",""
"4275","2026-07-18","Palmer","American Legion Post 15","dance","Two-Step and Country Swing Dance Lessons!","7p-8p","https://www.facebook.com/photo/?fbid=956981223779042&set=gm.1748027286563468",""
"4276","2026-07-18","Palmer","American Legion Post 15","music","Karaoke","8p-11p","https://www.facebook.com/BrokenBlenderAK",""
"4277","2026-07-18","Seldovia","Linwood Bar & Grill","music","Live Music w/ JD Cox","","https://www.linwoodbar.com/events/",""
"4278","2026-07-18","Skagway","Skagway Library","community","Summer Reading Program: Red, White, & Blue Storytime","10:30a-11:30a","https://www.facebook.com/events/27438069035811649/27438069075811645/?active_tab=about",""
"4279","2026-07-18","Soldotna","Soldotna Creek Park","music","Disability Pride","1p-4p","https://www.facebook.com/events/972600525442331/?acontext=%7B%22event_action_history%22%3A%5b%7B%22mechanism%22%3A%22discovery_custom_tab%22%2C%22surface%22%3A%22bookmark%22%7D%5d%2C%22ref_notif_type%22%3Anull%7D",""
"4280","2026-07-18","Soldotna","The Goods","music","Karaoke w/ Edencraft","5p-8p","https://akconcets.us20.list-manage.com/track/click?u=7bd13a48fecb63b6d795caadf&id=e982562f83&e=be0392aff7",""
"4281","2026-07-18","Talkeetna","Talkeetna Public Library","music","Kids Concert w/ John Roberts","12p-?","https://www.facebook.com/photo/?fbid=1596787165782884&set=a.500635148731430",""
"4282","2026-07-18","Talkeetna","Talkeetna Village Park","festival","Talkeetna Pride Fest 2026","12p-?","https://www.facebook.com/events/780904414652259/?acontext=%7B%22event_action_history%22%3A%5b%7B%22mechanism%22%3A%22discovery_custom_tab%22%2C%22surface%22%3A%22bookmark%22%7D%5d%2C%22ref_notif_type%22%3Anull%7D",""
"4283","2026-07-18","Talkeetna","Denali Brewing Company","music","Natalie Gelman","6p-8","https://www.facebook.com/events/988716667353734/?acontext=%7B%22event_action_history%22%3A%5b%7B%22mechanism%22%3A%22discovery_custom_tab%22%2C%22surface%22%3A%22bookmark%22%7D%5d%2C%22ref_notif_type%22%3Anull%7D",""
"4284","2026-07-18","Talkeetna","Mountain High Pizza Pie","music","Denali Cooks","7p-?","https://www.pizzapietalkeetna.com/event-type/live-music/?fbclid=IwY2xjawRvBv9leHRuA2FlbQIxMABicmlkETE4T3g0UnoxVExiYTJjdXdQc3J0YwZhcHBfaWQQMjIyMDM5MTc4ODIwMDg5MgABHjyB1eWoEUpiOvGrlQarejNeQ12UXmcHnrBjwbrtFOPH0Rv2MmpWh1UA2AxS_aem_ls3CB8uZ3Xj26XD5nR9-",""
"4285","2026-07-18","Talkeetna","Sheldon Community Arts Hanger","theatre","Broadway in Talkeetna w/ Kaitlin Lawrence","7p-?","https://www.facebook.com/denali.artscouncil",""
"4286","2026-07-18","Talkeetna","Fairview Inn","music","Ronnie V. & The Family Band","9p-1a","https://fairviewtalkeetna.com/pages/live-music",""
"4287","2026-07-18","Talkeetna","Talkeetna Inn","music","“Wigging Out” Pride Party w/ DJ2Stroke","9p-1a","https://www.facebook.com/events/1786301805861928/?acontext=%7B%22event_action_history%22%3A%5b%7B%22mechanism%22%3A%22discovery_custom_tab%22%2C%22surface%22%3A%22bookmark%22%7D%5d%2C%22ref_notif_type%22%3Anull%7D",""
"4288","2026-07-18","Wasilla","Tug Bar & Liquor- Goose Bay Inn","music","Live Music with Roadhouse Refugees","","https://www.facebook.com/photo/?fbid=1497931395460551&set=a.208825104371193",""
"4289","2026-07-18","Wasilla","Wasilla Lake","festival","Moose Nugget Regatta","12p-4p","https://www.facebook.com/events/2097647684116336/?acontext=%7B%22event_action_history%22%3A%5b%7B%22mechanism%22%3A%22discovery_custom_tab%22%2C%22surface%22%3A%22bookmark%22%7D%5d%2C%22ref_notif_type%22%3Anull%7D",""
"4290","2026-07-18","Wasilla","Smith Drive","festival","Electric Sands 2026 Music Festival","4p-6a","https://www.eventbrite.com/e/dystraxion-presents-electric-sands-2026-tickets-1563880391349?aff=ehometext",""
"4291","2026-07-19","Anchorage","Kincaid Park","community","Mud Factor 2026 Obstacle 5K & Fun Run","10:30a-?","",""
"4292","2026-07-19","Anchorage","Koot’s","music","Koots Karaoke","10p-2a","https://akconcets.us20.list-manage.com/track/click?u=7bd13a48fecb63b6d795caadf&id=51fd3075bf&e=be0392aff7",""
"4293","2026-07-19","Anchorage","Pioneer Bar","music","Industry Night w/ Joe Brady","10p-2a","https://www.facebook.com/profile.php?id=100035394206580",""
"4294","2026-07-19","Anchorage","Anchorage Weekend Market","music","Live Music at the Market","11a-5p","https://www.facebook.com/AnchorageWeekendDowntownMarket",""
"4295","2026-07-19","Anchorage","Pulse Dance Company","dance","Play with Pulse! Free Community Dance Classes","1p-2p","https://www.facebook.com/events/944281558212074/944281588212071/?acontext=%7B%22event_action_history%22%3A%5b%7B%22extra_data%22%3A%22%22%2C%22mechanism%22%3A%22surface%22%2C%22surface%22%3A%22permalink%22%7D%2C%7B%22extra_data%22%3A%22%22%2C%22mech",""
"4296","2026-07-19","Anchorage","VFW Post 1685","music","Open Mic & Jam","4:30p-8:30p","https://www.facebook.com/tyrone.palmer.722744",""
"4297","2026-07-19","Anchorage","49th State Brewery","music","Garden Grooves: Music in the Beer Garden","5p-7p","https://www.facebook.com/photo/?fbid=1267333412235644&set=gm.1017207420732481",""
"4298","2026-07-19","Anchorage","Anchorage Social Dance Club","dance","Country Dance Nights: Line Dancing & Swing","6:30p-9:30p","https://www.facebook.com/35PlusClub/posts/pfbid0WJizwEbNi85duFkPSHFUsdVjmCMNhvohUubFJ3YdcCa5a49CmcfsWq4FKLK63J9xl",""
"4299","2026-07-19","Anchorage","Billiard Palace","music","Sunday Blues Jam w/ Rebel Blues Band","6p-10p","https://www.facebook.com/events/2204843740345501/2204843823678826/?acontext=%7B%22event_action_history%22%3A%5b%7B%22mechanism%22%3A%22surface%22%2C%22surface%22%3A%22permalink%22%7D%5d%2C%22ref_notif_type%22%3Anull%7D",""
"4300","2026-07-19","Anchorage","Pink Cadillac","music","All Ages Buckarooos Night","6p-10p","https://www.facebook.com/events/1668434181079131/1668434264412456/?active_tab=about",""
"4301","2026-07-19","Anchorage","Koot’s","comedy","Comedy Open Mic","8:30p-10p","https://akconcets.us20.list-manage.com/track/click?u=7bd13a48fecb63b6d795caadf&id=2020d45d02&e=be0392aff7",""
"4302","2026-07-19","Anchorage","Time Out Lounge","music","Open Jam with Blast From The Past","8:30p-1a","https://www.facebook.com/photo?fbid=10211867422076197&set=pcb.10211867422276202",""
"4303","2026-07-19","Anchorage","Van’s Dive Bar","music","Open Mic Night","8p-11p","https://www.facebook.com/photo/?fbid=1507990474662996&set=a.752367223558662",""
"4304","2026-07-19","Anchorage","Centennial Rose Garden","community","2026 Skinny Raven Half Marathon & 10K","9a-?","https://www.facebook.com/events/1222472633161037/?acontext=%7B%22event_action_history%22%3A%5b%7B%22mechanism%22%3A%22discovery_custom_tab%22%2C%22surface%22%3A%22bookmark%22%7D%5d%2C%22ref_notif_type%22%3Anull%7D",""
"4305","2026-07-19","Anchorage","Mad Myrna’s","music","Karaoke","9p-12a","https://www.facebook.com/BrokenBlenderAK",""
"4306","2026-07-19","Anchorage","The Carousel Lounge","music","Sunday Karaoke","9p-2a","https://www.facebook.com/akrockstarkaraoke/events",""
"4307","2026-07-19","Big Lake","Susitna Brewing","music","Open Mic Night","6p-9p","https://www.facebook.com/photo/?fbid=1507990474662996&set=a.752367223558662",""
"4308","2026-07-19","Ester","Malemute Saloon & Gold Camp","music","Sunday Deck Open Jam","2p-5p","https://malemutesaloon.com/schedule/",""
"4309","2026-07-19","Fairbanks","The Palace Theater","music","Golden Heart Revue","8:15p-9:15p","https://www.akvisit.com/palace-theatre?fbclid=IwY2xjawR7CNdleHRuA2FlbQIxMABicmlkETFZQTc5Q1NiWm16bDhNY0RZc3J0YwZhcHBfaWQQMjIyMDM5MTc4ODIwMDg5MgABHrK_LgMLEgXX7mcIrxnzr8jTJ9RaI_Lt7mvGG48tR-IMPMLVZRSzqN26Ewga_aem_RqdeQf5Ku3SEWvV41NwhHg",""
"4310","2026-07-19","Fairbanks","The Marlin","music","Karaoke","9p-?","https://www.facebook.com/BrokenBlenderAK",""
"4311","2026-07-19","Homer","Kharacters Alaskan Bar","music","Chris Needham Matinee","5p-7p","https://www.facebook.com/kharacters.bar",""
"4312","2026-07-19","Hope","Hope Social Hall","community","Hope & Sunrise 5K Wagon Trail Run","11a-?","https://www.facebook.com/events/848724897920155/?acontext=%7B%22event_action_history%22%3A%5b%7B%22mechanism%22%3A%22discovery_custom_tab%22%2C%22surface%22%3A%22bookmark%22%7D%5d%2C%22ref_notif_type%22%3Anull%7D",""
"4313","2026-07-19","Hope","Creekbend Co.","community","Sunday Brunch with Shaun P from H3","11a-2p","https://www.creekbendco.com/event",""
"4314","2026-07-19","Hope","Hope Social Hall","music","Race Registration, Bib Pickup, & Bake Sale","9a-11a","https://hopewagonrun.com/weekend-events/",""
"4315","2026-07-19","Juneau","St. Anne’s Parish Hall","dance","Rainforest Romp Contra Dance Weekend","10a-5p","https://www.facebook.com/events/914692727804915",""
"4316","2026-07-19","Juneau","Statter Harbor","music","Annual Wildlife Cruise","2p-5p","https://www.facebook.com/events/1525988088972323/?acontext=%7B%22event_action_history%22%3A%5b%7B%22mechanism%22%3A%22discovery_custom_tab%22%2C%22surface%22%3A%22bookmark%22%7D%5d%2C%22ref_notif_type%22%3Anull%7D",""
"4317","2026-07-19","Juneau","The Crystal Saloon","music","KXLL Presents: Japan To Alaska: Ft The Rain Dogs, Fine, Great, & T-Loc","8p-?","https://www.eventbrite.com/e/kxll-presents-japan-to-alaska-ft-the-rain-dogs-fine-great-t-loc-tickets-1992675418819?aff=ehometext",""
"4318","2026-07-19","Ketchikan","The Creek Street Cabaret","music","Open Mic Night w/ Joe Williams","6p-9p","https://www.facebook.com/photo/?fbid=1507990474662996&set=a.752367223558662",""
"4319","2026-07-19","Palmer","Four Corner’s Lounge","music","Karaoke","8p-?","https://www.facebook.com/BrokenBlenderAK",""
"4320","2026-07-19","Seward","Yukon Bar","music","Karaoke","9p-1a","https://www.facebook.com/BrokenBlenderAK",""
"4321","2026-07-19","Talkeetna","Mountain High Pizza Pie","music","Steve Durr","1p-2:30p & 5p-6:30p","https://www.pizzapietalkeetna.com/event-type/live-music/?fbclid=IwY2xjawRvBv9leHRuA2FlbQIxMABicmlkETE4T3g0UnoxVExiYTJjdXdQc3J0YwZhcHBfaWQQMjIyMDM5MTc4ODIwMDg5MgABHjyB1eWoEUpiOvGrlQarejNeQ12UXmcHnrBjwbrtFOPH0Rv2MmpWh1UA2AxS_aem_ls3CB8uZ3Xj26XD5nR9-",""
"4322","2026-07-19","Wasilla","Tug Bar & Liquor- Goose Bay Inn","music","Live Music w/ John Cook","","https://www.facebook.com/photo/?fbid=1497931395460551&set=a.208825104371193",""
"4323","2026-07-19","Wasilla","Smith Drive","festival","Electric Sands 2026 Music Festival","3p-11p","https://www.eventbrite.com/e/dystraxion-presents-electric-sands-2026-tickets-1563880391349?aff=ehometext",""
"4324","2026-07-20","Anchorage","49th State Brewery","music","Garden Grooves: Music in the Beer Garden","5p-7p","https://www.facebook.com/photo/?fbid=1267333412235644&set=gm.1017207420732481",""
"4325","2026-07-20","Anchorage","Fire Island Bakery @ K Street Market","music","Weekly Jazz Jam","6:30p-9:30p","https://akjazzworkshop.org/calendar/",""
"4326","2026-07-20","Anchorage","Anchorage Social Dance Club","dance","Learn to Square Dance","7p-9p","https://www.akconcerts.com/learn",""
"4327","2026-07-20","Anchorage","Alaska Dance Promotions","dance","Bachata Dance Patterns","8:30p-9:30p","https://www.facebook.com/events/1363802471592782/1363802534926109/?acontext=%7B%22event_action_history%22%3A%5b%7B%22extra_data%22%3A%22%22%2C%22mechanism%22%3A%22surface%22%2C%22surface%22%3A%22permalink%22%7D%2C%7B%22extra_data%22%3A%22%22%2C%22me",""
"4328","2026-07-20","Anchorage","Van’s Dive Bar","music","Guy Patterson","8p-?","https://www.vansdivebaralaska.com/music-schedule",""
"4329","2026-07-20","Bethel","Kuskokwim Consortium Library","music","Toddler Time","11a-12p","https://www.facebook.com/events/1988217601791631/1988217631791628/?active_tab=about",""
"4330","2026-07-20","Chugiak","Lee Jordan Field","community","Free Baseball Game: Chugiak-Eagle River Chinooks vs the Miners","6p-?","https://www.facebook.com/events/27844071105234185/?acontext=%7B%22event_action_history%22%3A%5b%7B%22mechanism%22%3A%22discovery_custom_tab%22%2C%22surface%22%3A%22bookmark%22%7D%5d%2C%22ref_notif_type%22%3Anull%7D",""
"4331","2026-07-20","Eagle River","Odd Man Rush","music","Karaoke Mondays","6p-9p","https://akconcets.us20.list-manage.com/track/click?u=7bd13a48fecb63b6d795caadf&id=e982562f83&e=be0392aff7",""
"4332","2026-07-20","Fairbanks","Fairbanks Community Band Hall","music","Free Youth Jazz Band Rehearsals","5p-6p","https://www.facebook.com/events/1341908911193449/1341908927860114/?acontext=%7B%22event_action_history%22%3A%5b%7B%22mechanism%22%3A%22surface%22%2C%22surface%22%3A%22permalink%22%7D%5d%2C%22ref_notif_type%22%3Anull%7D",""
"4333","2026-07-20","Fairbanks","The Palace Theater","music","Golden Heart Revue","8:15p-9:15p","https://www.akvisit.com/palace-theatre?fbclid=IwY2xjawR7CNdleHRuA2FlbQIxMABicmlkETFZQTc5Q1NiWm16bDhNY0RZc3J0YwZhcHBfaWQQMjIyMDM5MTc4ODIwMDg5MgABHrK_LgMLEgXX7mcIrxnzr8jTJ9RaI_Lt7mvGG48tR-IMPMLVZRSzqN26Ewga_aem_RqdeQf5Ku3SEWvV41NwhHg",""
"4334","2026-07-20","Juneau","The Crystal Saloon","music","Josh Fortenbery","5p-7p","https://www.facebook.com/events/2434341350376564/2434341363709896/?acontext=%7B%22event_action_history%22%3A%5b%7B%22mechanism%22%3A%22surface%22%2C%22surface%22%3A%22permalink%22%7D%5d%2C%22ref_notif_type%22%3Anull%7D",""
"4335","2026-07-20","Kenai","Kenai Chamber of Commerce & Visitor Center","community","Storytime & Craft: If You Give A Moose A Muffin","11a-?","https://www.facebook.com/events/1154734120192170",""
"4336","2026-07-20","Seward","Seward Senior Center","music","Seward Strings","1p-4p","https://www.facebook.com/SewardSeniors",""
"4337","2026-07-20","Seward","Flamingo Lounge","music","Live Music w/ John Robert y Pan Blanco","6:30p-9:30p","",""
"4338","2026-07-20","Seward","Yukon Bar","music","Karaoke with Megan Killoran","9p-1a","https://akconcets.us20.list-manage.com/track/click?u=7bd13a48fecb63b6d795caadf&id=e982562f83&e=be0392aff7",""
"4339","2026-07-20","Soldotna","The Goods","music","Friends of Mike Morgan Song Circle","5p-7p","https://www.facebook.com/events/2211445169673257/2211445193006588/?acontext=%7B%22event_action_history%22%3A%5b%7B%22extra_data%22%3A%22%22%2C%22mechanism%22%3A%22surface%22%2C%22surface%22%3A%22permalink%22%7D%2C%7B%22extra_data%22%3A%22%22%2C%22me",""
"4340","2026-07-20","Talkeetna","Fairview Inn","music","Karaoke","9p-1a","https://www.facebook.com/BrokenBlenderAK",""
"4341","2026-07-21","Anchorage","Anchorage Museum","music","Lunch on the Lawn: Live Music w/ Jennifer Barnaba & Steven Laister","11:30a-1:30p","https://www.facebook.com/events/3945876455714851/3945876482381515/?acontext=%7B%22event_action_history%22%3A%5b%7B%22extra_data%22%3A%22%22%2C%22mechanism%22%3A%22surface%22%2C%22surface%22%3A%22permalink%22%7D%2C%7B%22extra_data%22%3A%22%22%2C%22me",""
"4342","2026-07-21","Anchorage","Loussac Library","community","Summer Mini-Golf at/in the Library","2:30p-3:30p","https://www.facebook.com/events/1573652387515299",""
"4343","2026-07-21","Anchorage","49th State Brewery","music","Garden Grooves: Music in the Beer Garden","5p-7p","https://www.facebook.com/photo/?fbid=1267333412235644&set=gm.1017207420732481",""
"4344","2026-07-21","Anchorage","Mountain View Public Library","community","Family Storytime","6p-6:30p","https://www.facebook.com/events/4209337435985219/4209337512651878/?acontext=%7B%22event_action_history%22%3A%5b%7B%22mechanism%22%3A%22surface%22%2C%22surface%22%3A%22permalink%22%7D%5d%2C%22ref_notif_type%22%3Anull%7D",""
"4345","2026-07-21","Anchorage","Organic Oasis","music","Irish Music & Dancing","6p-8p","https://www.facebook.com/organicoasisAK",""
"4346","2026-07-21","Anchorage","Oriental Healing Arts Center","music","Rope Dart Lessons w/ Jerrill","8:30p-10p","https://www.facebook.com/photo/?fbid=1705391324273626&set=gm.830839779862518",""
"4347","2026-07-21","Anchorage","The Carousel Lounge","music","AK Rockstar Karaoke","8p-2a","https://akconcets.us20.list-manage.com/track/click?u=7bd13a48fecb63b6d795caadf&id=e982562f83&e=be0392aff7",""
"4348","2026-07-21","Anchorage","Blarney Stone","dance","Two Step Tuesday w/ DJ Lele Beats","9p-12a","https://www.facebook.com/photo/?fbid=936585406046428&set=pcb.936585452713090",""
"4349","2026-07-21","Anchorage","Koot’s","music","The Eternal Cowboys","9p-12a","https://www.facebook.com/EternalCowboys",""
"4350","2026-07-21","Fairbanks","Fairbanks Children’s Museum","music","Lunch Bites: Corvus for Kids","12p-?","https://www.facebook.com/events/1430639975400538/?acontext=%7B%22event_action_history%22%3A%5b%7B%22mechanism%22%3A%22discovery_custom_tab%22%2C%22surface%22%3A%22bookmark%22%7D%5d%2C%22ref_notif_type%22%3Anull%7D",""
"4351","2026-07-21","Fairbanks","The Cabin","music","Karaoke Night","7p-10p","https://akconcets.us20.list-manage.com/track/click?u=7bd13a48fecb63b6d795caadf&id=e982562f83&e=be0392aff7",""
"4352","2026-07-21","Fairbanks","The Palace Theater","music","Golden Heart Revue","8:15p-9:15p","https://www.akvisit.com/palace-theatre?fbclid=IwY2xjawR7CNdleHRuA2FlbQIxMABicmlkETFZQTc5Q1NiWm16bDhNY0RZc3J0YwZhcHBfaWQQMjIyMDM5MTc4ODIwMDg5MgABHrK_LgMLEgXX7mcIrxnzr8jTJ9RaI_Lt7mvGG48tR-IMPMLVZRSzqN26Ewga_aem_RqdeQf5Ku3SEWvV41NwhHg",""
"4353","2026-07-21","Homer","Pratt Museum","community","Storytime at the Pratt: Celebrating Summer","10:30a-11:30a","https://www.facebook.com/events/1657086898673232/1657086915339897/?acontext=%7B%22event_action_history%22%3A%5b%7B%22extra_data%22%3A%22%22%2C%22mechanism%22%3A%22surface%22%2C%22surface%22%3A%22permalink%22%7D%2C%7B%22extra_data%22%3A%22%22%2C%22me",""
"4354","2026-07-21","Homer","Justin Cole’s Down East Saloon","music","Taco Tuesday's with Jim Maloney","6:30p-10p","https://akconcets.us20.list-manage.com/track/click?u=7bd13a48fecb63b6d795caadf&id=d4aeb6bcfd&e=be0392aff7",""
"4355","2026-07-21","Juneau","Zach Gordon Youth Center","community","Free Tlingit Language Classes","2p-3p","https://www.facebook.com/events/1010020791677649/1010020808344314/?active_tab=about",""
"4356","2026-07-21","Juneau","The Crystal Saloon","music","Jazz Jam Tuesday","8p-11p","https://www.crystalsaloon.com/events",""
"4357","2026-07-21","Kenai","Kenai Community Library","community","Nurse Storytime","10:30a-11a","https://www.facebook.com/events/1013769658218890",""
"4358","2026-07-21","Ketchikan","Ketchikan Dock","music","Music on the Dock: Scattered Sunshine Trombone Choir","12p-1p","https://www.ketchikanarts.org/programs-events/music-on-the-dock-summer-concert-series.html",""
"4359","2026-07-21","Ketchikan","Inn at Creek Street","music","The Ukulele Group","3:45p-4:45p","https://www.ketchikanarts.org/events-performances/full-arts-calendar.html/event/2026/06/03/1780533900/the-ukelele-group-/521570",""
"4360","2026-07-21","North Pole","North Pole Alehouse","community","Tuesday Pub Run w/ Tundra Trotters","6:15p-9p","https://www.facebook.com/events/1210834251124828/1210834337791486/?acontext=%7B%22event_action_history%22%3A%5b%7B%22extra_data%22%3A%22%22%2C%22mechanism%22%3A%22surface%22%2C%22surface%22%3A%22permalink%22%7D%2C%7B%22extra_data%22%3A%22%22%2C%22me",""
"4361","2026-07-21","Palmer","Fishhook Bar & Grill","music","Open Mic Night w/ Drew Sablon","6p-9p","https://www.facebook.com/photo/?fbid=1507990474662996&set=a.752367223558662",""
"4362","2026-07-21","Palmer","Four Corner’s Lounge","music","Industry Night with DJ Red","8p-?","https://www.facebook.com/FourCornersLounge",""
"4363","2026-07-21","Seward","Yukon Bar","music","Open Mic Night","8p-2a","https://www.facebook.com/photo/?fbid=1507990474662996&set=a.752367223558662",""
"4364","2026-07-21","Soldotna","Soldotna Library","community","Toddler Story Time","10:30a-11a","https://www.facebook.com/events/1503656801148774/1503656824482105/?acontext=%7B%22event_action_history%22%3A%5b%7B%22mechanism%22%3A%22surface%22%2C%22surface%22%3A%22permalink%22%7D%5d%2C%22ref_notif_type%22%3Anull%7D",""
"4365","2026-07-21","Wasilla","Ken’s Garden Center","community","Storytime at Ken’s","10a-11a","https://www.facebook.com/events/1439153171253533/1439153327920184/?active_tab=about",""
"4366","2026-07-21","Wasilla","Everett’s","music","Live Music w/ Jerry Wessling","6p-9p","https://www.facebook.com/events/1056348563732364/1056348587065695/?acontext=%7B%22event_action_history%22%3A%5b%7B%22extra_data%22%3A%22%22%2C%22mechanism%22%3A%22surface%22%2C%22surface%22%3A%22permalink%22%7D%2C%7B%22extra_data%22%3A%22%22%2C%22me",""
"4367","2026-07-21","Wasilla","Schwabenhof","music","Karaoke Night","8p-11p","https://akconcets.us20.list-manage.com/track/click?u=7bd13a48fecb63b6d795caadf&id=e982562f83&e=be0392aff7",""
"4368","2026-07-22","Anchorage","Alaska Zoo","community","Free Community Storytime","10:30a-11a","https://www.facebook.com/events/2118396738965650/2118396878965636/?acontext=%7B%22event_action_history%22%3A%5b%7B%22extra_data%22%3A%22%22%2C%22mechanism%22%3A%22surface%22%2C%22surface%22%3A%22permalink%22%7D%2C%7B%22extra_data%22%3A%22%22%2C%22me",""
"4369","2026-07-22","Anchorage","Muldoon Library","community","Parachute Storytime","10:30a-11a","https://www.facebook.com/events/1890280328351005/1890280351684336/?acontext=%7B%22event_action_history%22%3A%5b%7B%22extra_data%22%3A%22%22%2C%22mechanism%22%3A%22surface%22%2C%22surface%22%3A%22permalink%22%7D%2C%7B%22extra_data%22%3A%22%22%2C%22me",""
"4370","2026-07-22","Anchorage","Pioneer Bar","music","The Eternal Cowboys","10p-1a","https://www.facebook.com/EternalCowboys",""
"4371","2026-07-22","Anchorage","Koot’s","music","Koots Karaoke","10p-2a","https://akconcets.us20.list-manage.com/track/click?u=7bd13a48fecb63b6d795caadf&id=51fd3075bf&e=be0392aff7",""
"4372","2026-07-22","Anchorage","Muldoon Library","music","Summer Discovery: Visit From Campbell Creek Science Center","11:30a-?","https://www.facebook.com/events/1034613166176066/?acontext=%7B%22event_action_history%22%3A%5b%7B%22mechanism%22%3A%22discovery_custom_tab%22%2C%22surface%22%3A%22bookmark%22%7D%5d%2C%22ref_notif_type%22%3Anull%7D",""
"4373","2026-07-22","Anchorage","Alaska Theatre of Youth","dance","ATY Summer Pop-In Dance Series","5:30p-6:30p","https://www.facebook.com/events/979036658443816/979036695110479/?acontext=%7B%22event_action_history%22%3A%5b%7B%22extra_data%22%3A%22%22%2C%22mechanism%22%3A%22surface%22%2C%22surface%22%3A%22permalink%22%7D%2C%7B%22extra_data%22%3A%22%22%2C%22mech",""
"4374","2026-07-22","Anchorage","49th State Brewery","music","Garden Grooves: Music in the Beer Garden","5p-7p","https://www.facebook.com/photo/?fbid=1267333412235644&set=gm.1017207420732481",""
"4375","2026-07-22","Anchorage","Anchorage Social Dance Club","music","International Folk Dancing","6:30p-8p","https://www.facebook.com/35PlusClub/posts/pfbid0WJizwEbNi85duFkPSHFUsdVjmCMNhvohUubFJ3YdcCa5a49CmcfsWq4FKLK63J9xl",""
"4376","2026-07-22","Anchorage","Wildbirch Hotel","music","Live Music at Crimson w/ The Whisper Campaign","6:30p-9:30p","",""
"4377","2026-07-22","Anchorage","Manhattan’s Restaurant & Lounge","music","Seth Malone","6p-9p","https://www.facebook.com/photo/?fbid=1625154909614942&set=a.954924113304695",""
"4378","2026-07-22","Anchorage","907 Alehouse","music","Tyrone & Friends","7p-10p","https://www.facebook.com/tyrone.palmer.722744",""
"4379","2026-07-22","Anchorage","Koot’s","comedy","Comedy Open Mic","7p-10p","https://akconcets.us20.list-manage.com/track/click?u=7bd13a48fecb63b6d795caadf&id=2020d45d02&e=be0392aff7",""
"4380","2026-07-22","Anchorage","Pink Cadillac","dance","Line Dance Wednesdays","7p-12a","https://www.facebook.com/photo/?fbid=955556717518560&set=gm.1372978934760019",""
"4381","2026-07-22","Anchorage","Humpy’s","music","Live Music with Jared Woods","8p-11:30p","https://www.facebook.com/HumpysAlaska/posts/pfbid02ohZ1ZiZC8nNchkTSncCeeoiu3pT9WE3BvapCj1CjaTnwsyD9xy2GQKrxCMSpy5Dfl",""
"4382","2026-07-22","Anchorage","The Carousel Lounge","music","AK Rockstar Karaoke","8p-2a","https://akconcets.us20.list-manage.com/track/click?u=7bd13a48fecb63b6d795caadf&id=e982562f83&e=be0392aff7",""
"4383","2026-07-22","Anchorage","Mad Myrna’s","music","Karaoke","9p-12a","https://www.facebook.com/BrokenBlenderAK",""
"4384","2026-07-22","Anchorage","Van’s Dive Bar","music","Karaoke","9p-1a","https://www.facebook.com/BrokenBlenderAK",""
"4385","2026-07-22","Chugiak","Lee Jordan Field","community","Free Baseball Game: Chugiak-Eagle River Chinooks vs Glacier Pilots","6p-?","https://www.facebook.com/events/1522154296050476/?acontext=%7B%22event_action_history%22%3A%5b%7B%22mechanism%22%3A%22discovery_custom_tab%22%2C%22surface%22%3A%22bookmark%22%7D%5d%2C%22ref_notif_type%22%3Anull%7D",""
"4386","2026-07-22","Cordova","Cordova Public Library","community","Summer Reading Program","1p-2:30p","https://www.facebook.com/events/27438069035811649/27438069075811645/?active_tab=about",""
"4387","2026-07-22","Eagle River","Homestead Lounge","music","Karaoke Night w/ KJ Smoke","8p-12a","https://akconcets.us20.list-manage.com/track/click?u=7bd13a48fecb63b6d795caadf&id=e982562f83&e=be0392aff7",""
"4388","2026-07-22","Ester","Fairbanks Tango","dance","Wednesday Dance Practice","6p-9p","https://www.facebook.com/events/1043559824868668/1043559841535333/?active_tab=about",""
"4389","2026-07-22","Fairbanks","Noel Wien Library","music","Music in the Story Garden","6p-7p","https://www.facebook.com/events/1320844496040669/?acontext=%7B%22event_action_history%22%3A%5b%7B%22mechanism%22%3A%22discovery_custom_tab%22%2C%22surface%22%3A%22bookmark%22%7D%5d%2C%22ref_notif_type%22%3Anull%7D",""
"4390","2026-07-22","Fairbanks","Golden Heart Plaza & Monument","music","Free Concert: Blue Ridge Gathering","7p-?","https://www.facebook.com/events/2130850914149535/?acontext=%7B%22event_action_history%22%3A%5b%7B%22mechanism%22%3A%22discovery_custom_tab%22%2C%22surface%22%3A%22bookmark%22%7D%5d%2C%22ref_notif_type%22%3Anull%7D",""
"4391","2026-07-22","Fairbanks","The Palace Theater","music","Golden Heart Revue","8:15p-9:15p","https://www.akvisit.com/palace-theatre?fbclid=IwY2xjawR7CNdleHRuA2FlbQIxMABicmlkETFZQTc5Q1NiWm16bDhNY0RZc3J0YwZhcHBfaWQQMjIyMDM5MTc4ODIwMDg5MgABHrK_LgMLEgXX7mcIrxnzr8jTJ9RaI_Lt7mvGG48tR-IMPMLVZRSzqN26Ewga_aem_RqdeQf5Ku3SEWvV41NwhHg",""
"4392","2026-07-22","Fairbanks","The Spur","music","Karaoke Night with Rocky!","8p-11p","https://akconcets.us20.list-manage.com/track/click?u=7bd13a48fecb63b6d795caadf&id=e982562f83&e=be0392aff7",""
"4393","2026-07-22","Girdwood","Gerrish Community Library","community","Family Storytime","10:30a-11:30a","https://www.facebook.com/events/4209337435985219/4209337512651878/?acontext=%7B%22event_action_history%22%3A%5b%7B%22mechanism%22%3A%22surface%22%2C%22surface%22%3A%22permalink%22%7D%5d%2C%22ref_notif_type%22%3Anull%7D",""
"4394","2026-07-22","Homer","The Porcupine Theater","theatre","The Metropolitan Opera: The Merry Window 1p-4","6:30p-9:30p","https://porcupinetheater.com/movies/the-metropolitan-opera-the-merry-widow/?fbclid=IwY2xjawTCh8tleHRuA2FlbQIxMABicmlkETF6NGxnTHBEZU1PYVI3VEE3c3J0YwZhcHBfaWQQMjIyMDM5MTc4ODIwMDg5MgABHusQRcb_2HcLp-DNfx-ZKB65sjZoM2sbefuAAx9vEjOMrr4PmtS0M6PqfzVC_aem_J",""
"4395","2026-07-22","Homer","Homestead Restaurant","music","Live Music w/ Ben Peters","6p-9p","https://www.facebook.com/events/1481867250400832/",""
"4396","2026-07-22","Juneau","Marie Drake Planetarium","music","Free Show: Bears in Alaska","7p-8:15p","https://www.facebook.com/events/3980430022263473",""
"4397","2026-07-22","Juneau","The Crystal Saloon","music","Open Mic Night","8p-11:30p","https://www.facebook.com/photo/?fbid=1507990474662996&set=a.752367223558662",""
"4398","2026-07-22","Juneau","Alaskan Hotel and Bar","music","Karaoke","8p-11p","https://www.facebook.com/BrokenBlenderAK",""
"4399","2026-07-22","Palmer","Lulu’s Tents & Events","music","Adult Prom Night","6p-9p","https://www.facebook.com/events/1318222616481845/1318222639815176/?acontext=%7B%22event_action_history%22%3A%5b%7B%22mechanism%22%3A%22surface%22%2C%22surface%22%3A%22permalink%22%7D%5d%2C%22ref_notif_type%22%3Anull%7D",""
"4400","2026-07-22","Palmer","Four Corner’s Lounge","music","West Coast Sing Wednesday","7:30p-9:30p","https://www.facebook.com/photo/?fbid=1411992579757709&set=gm.1053059570049116",""
"4401","2026-07-22","Seward","Yukon Bar","music","Karaoke with Raunchy Rachel","9p-1a","https://akconcets.us20.list-manage.com/track/click?u=7bd13a48fecb63b6d795caadf&id=e982562f83&e=be0392aff7",""
"4402","2026-07-22","Soldotna","Soldotna Library","community","Bouncing Babes Story Time","10:30a-11a","https://www.facebook.com/events/843086674966253/843086688299585/?acontext=%7B%22event_action_history%22%3A%5b%7B%22extra_data%22%3A%22%22%2C%22mechanism%22%3A%22surface%22%2C%22surface%22%3A%22permalink%22%7D%2C%7B%22extra_data%22%3A%22%22%2C%22mech",""
"4403","2026-07-22","Soldotna","Soldotna Creek Park","music","Levitt Amp Music Series: Black Barrel & The Bad Men, Luci & Jackson, & Shonathin Hoskins","6p-9p","https://www.facebook.com/events/1649648349484643/",""
"4404","2026-07-22","Talkeetna","Denali Brewing Company","music","Larry Zarella","6p-8","https://www.facebook.com/photo/?fbid=1590844869717640&set=pb.100063764251860.-2207520000",""
"4405","2026-07-22","Wasilla","Schwabenhof","music","Open Mic","7:30p-11p","https://akconcets.us20.list-manage.com/track/click?u=7bd13a48fecb63b6d795caadf&id=2020d45d02&e=be0392aff7",""
"4406","2026-07-23","Ketchikan","Ketchikan Dock","music","Music on the Dock: The String Beings","12p-1p","https://www.ketchikanarts.org/programs-events/music-on-the-dock-summer-concert-series.html",""
"4407","2026-07-23","Ketchikan","Bush Pilots’ Lounge","music","Live Music with Marjorie Evers & Austin Hays","6p-8p","https://www.facebook.com/events/991412623671001",""
"4408","2026-08-03","Soldotna","Farnsworth Park","theatre","Storytime & Play","10:30a-11a","https://www.facebook.com/events/3481855768648747/3481855775315413/?acontext=%7B%22event_action_history%22%3A%5b%7B%22mechanism%22%3A%22surface%22%2C%22surface%22%3A%22permalink%22%7D%5d%2C%22ref_notif_type%22%3Anull%7D",""
"4409","2026-08-05","Eagle River","Homestead Lounge","music","Karaoke Night w/ KJ Smoke","8p-12a","https://akconcets.us20.list-manage.com/track/click?u=7bd13a48fecb63b6d795caadf&id=e982562f83&e=be0392aff7",""
"4410","2026-08-05","Juneau","The Crystal Saloon","music","Open Mic Night","8p-11:30p","https://www.facebook.com/photo/?fbid=1507990474662996&set=a.752367223558662",""
"4411","2026-08-05","Seward","Yukon Bar","music","Karaoke with Raunchy Rachel","9p-1a","https://akconcets.us20.list-manage.com/track/click?u=7bd13a48fecb63b6d795caadf&id=e982562f83&e=be0392aff7",""
"4412","2026-08-06","Cooper Landing","Gwin’s Lodge","music","Sonoran Sunsets","7p-10p","https://www.facebook.com/gwinslodge/posts/pfbid08uAn6J7BuJF4LR6apErqu7LrvbcHvFK3mUwdUSdKMc3BP1e1JoX4LVou4qgtTPnAl",""
"4413","2026-08-06","Eagle River","Homestead Lounge","dance","Dance Lessons with Shufflin Country Style","8p-9p","https://www.facebook.com/photo/?fbid=956976277112870&set=gm.992446826503991",""
"4414","2026-08-06","Eagle River","Homestead Lounge","music","Country Night w/ DJ AumanJoy","9p-2a","https://www.facebook.com/HomesteadLounge",""
"4415","2026-08-06","Fairbanks","Fairbanks Community Band Hall","music","Free Youth Concert Band Rehearsals","5p-6p","https://www.facebook.com/events/1521883622657906/1521883635991238/?acontext=%7B%22event_action_history%22%3A%5b%7B%22extra_data%22%3A%22%22%2C%22mechanism%22%3A%22surface%22%2C%22surface%22%3A%22permalink%22%7D%2C%7B%22extra_data%22%3A%22%22%2C%22me",""
"4416","2026-08-06","Fairbanks","The Palace Theater","music","Golden Heart Revue","8:15p-9:15p","https://www.akvisit.com/palace-theatre?fbclid=IwY2xjawR7CNdleHRuA2FlbQIxMABicmlkETFZQTc5Q1NiWm16bDhNY0RZc3J0YwZhcHBfaWQQMjIyMDM5MTc4ODIwMDg5MgABHrK_LgMLEgXX7mcIrxnzr8jTJ9RaI_Lt7mvGG48tR-IMPMLVZRSzqN26Ewga_aem_RqdeQf5Ku3SEWvV41NwhHg",""
"4417","2026-08-06","Fairbanks","Tanana Valley State Fair Grounds","festival","Tanana Valley State Fair","8a-10p","https://www.tvsfa.org/events",""
"4418","2026-08-06","Fairbanks","The International Hotel & Bar","music","Karaoke with Angel","8p-2a","https://akconcets.us20.list-manage.com/track/click?u=7bd13a48fecb63b6d795caadf&id=e982562f83&e=be0392aff7",""
"4419","2026-08-06","Girdwood","Girdwood Brewing Company","music","Ride Bikes, Drink Beer","6:30p-?","https://www.facebook.com/events/980353717958999/980353771292327/?active_tab=about",""
"4420","2026-08-06","Girdwood","Jack Sprat","music","Up A Mountain Duo","6p-?","https://www.facebook.com/events/1297498735159167/?acontext=%7B%22event_action_history%22%3A%5b%7B%22mechanism%22%3A%22discovery_custom_tab%22%2C%22surface%22%3A%22bookmark%22%7D%5d%2C%22ref_notif_type%22%3Anull%7D",""
"4421","2026-08-06","Homer","Pratt Museum","music","Guided tours of the Botanical Gardens, Homestead Garden, & Forest Trails.","11a-12p","https://www.facebook.com/events/27331907429732951/27331907509732943/?acontext=%7B%22event_action_history%22%3A%5b%7B%22extra_data%22%3A%22%22%2C%22mechanism%22%3A%22surface%22%2C%22surface%22%3A%22permalink%22%7D%2C%7B%22extra_data%22%3A%22%22%2C%22",""
"4422","2026-08-06","Homer","Homer Council on the Arts","music","Community Jam Sessions","6:30p-9p","https://www.facebook.com/events/987084407583120/987084454249782/?acontext=%7B%22event_action_history%22%3A%5b%7B%22mechanism%22%3A%22surface%22%2C%22surface%22%3A%22permalink%22%7D%5d%2C%22ref_notif_type%22%3Anull%7D",""
"4423","2026-08-06","Homer","AJ’s Old Town Steakhouse & Tavern","music","Piano Music by Erica","6p-8p","https://www.homeralaska.org/event/piano-by-sunrise-kilcher/19/",""
"4424","2026-08-06","Homer","Alibi Bar & Café","music","Karaoke Night","9p-12:30a","https://akconcets.us20.list-manage.com/track/click?u=7bd13a48fecb63b6d795caadf&id=e982562f83&e=be0392aff7",""
"4425","2026-08-06","Juneau","The Crystal Saloon","music","Vinyl Afternoon's w/ Dj Roman Martinez","5p-7p","https://www.facebook.com/photo/?fbid=1008203218480466&set=a.160104659956997",""
"4426","2026-08-06","Juneau","Kuneix Hidi Northen Light United Church","music","Ian Maksin: Songs of the Vagabond Cello","7:30p-?","https://www.facebook.com/events/1014818561498917/?acontext=%7B%22event_action_history%22%3A%5b%7B%22mechanism%22%3A%22discovery_custom_tab%22%2C%22surface%22%3A%22bookmark%22%7D%5d%2C%22ref_notif_type%22%3Anull%7D",""
"4427","2026-08-06","Juneau","Alaskan Hotel and Bar","community","Whiskey Class w/ The Planktonics","7p-11p","https://www.facebook.com/photo/?fbid=1754549059314805&set=a.758212905615097",""
"4428","2026-08-06","Juneau","The Crystal Saloon","music","Karaoke Night","8p-12a","https://akconcets.us20.list-manage.com/track/click?u=7bd13a48fecb63b6d795caadf&id=e982562f83&e=be0392aff7",""
"4429","2026-08-06","Kenai","Kenai Community Library","music","Summer Reading Celebration","2p-4p","https://www.facebook.com/events/2032395834067424/?acontext=%7B%22event_action_history%22%3A%5b%7B%22mechanism%22%3A%22your_upcoming_events_unit%22%2C%22surface%22%3A%22bookmark%22%7D%5d%2C%22ref_notif_type%22%3Anull%7D",""
"4430","2026-08-06","Kenai","Kenai Chamber of Commerce & Visitor Center","music","Open Primary Gubernatorial Canidate Debate","5:30p-8p","https://www.facebook.com/events/901104452519579/",""
"4431","2026-08-06","Kenai","Main Street Tap & Grill","comedy","Big Irish Jay Hollingsworth Comedy Show","6p-9p","https://www.rubberptarmigan.com/events/big-irish-jay-hollingsworth-main-street-tap-grill-2026",""
"4432","2026-08-06","Ketchikan","105.3 FM KRBD","music","Ketchikan Arts & Humanities Council: Arts Report","8:20a-8:35a","https://www.ketchikanarts.org/events-performances/full-arts-calendar.html",""
"4433","2026-08-06","Ketchikan","Totem Bar","music","Open Mic Night","8p-10p","https://www.facebook.com/photo/?fbid=1507990474662996&set=a.752367223558662",""
"4434","2026-08-06","McCarthy","The Golden Saloon","music","Open Mic Night","","https://www.facebook.com/photo/?fbid=1507990474662996&set=a.752367223558662",""
"4435","2026-08-06","North Pole","North Pole Alehouse","music","Karaoke Thursdays with Rocky Barnette","8p-12a","https://akconcets.us20.list-manage.com/track/click?u=7bd13a48fecb63b6d795caadf&id=e982562f83&e=be0392aff7",""
"4436","2026-08-06","Palmer","Hatcher Pass Lodge","music","Barry Sless & Stephen Inglis","2p-5p","https://www.mccarthylodge.com/mccarthy-events/",""
"4437","2026-08-06","Seward","Yukon Bar","dance","Dance Night w/ DJ Waitwat","9p-2a","https://www.facebook.com/photo.php?fbid=1495877732548962&set=pb.100063802472762.-2207520000&type=3",""
"4438","2026-08-06","Skagway","Skagway Library","community","Summer Reading Program: Animal Survival Game Dinosaur Edition","10:30a-12:30p","https://www.facebook.com/events/2093546461210407/?acontext=%7B%22event_action_history%22%3A%5b%7B%22mechanism%22%3A%22discovery_custom_tab%22%2C%22surface%22%3A%22bookmark%22%7D%5d%2C%22ref_notif_type%22%3Anull%7D",""
"4439","2026-08-06","Soldotna","Soldotna Library","community","Preschool Storytime","10:30a-11a","https://www.facebook.com/events/26994401710190027/26994401743523357/",""
"4440","2026-08-06","Sterling","Naptowne Brewing Company","music","Hope Cassity","6p-9p","https://www.facebook.com/gwinslodge/posts/pfbid08uAn6J7BuJF4LR6apErqu7LrvbcHvFK3mUwdUSdKMc3BP1e1JoX4LVou4qgtTPnAl",""
"4441","2026-08-06","Talkeetna","Spatterdock Rd.","music","Tim Easton House Show","6p-?","https://malemutesaloon.com/schedule/",""
"4442","2026-08-06","Valdez","Valdez Brewing","music","Tata's, Tutu's, & Xtra Tuffs Bra Decorating Party","6p-?","https://www.facebook.com/events/872664205492660/",""
"4443","2026-08-06","Wasilla","Everett’s","music","Live Music With Drew Sablon","6p-9p","https://www.facebook.com/photo/?fbid=1600628335398914&set=gm.1661143841831616",""
"4444","2026-08-07","Cooper Landing","Gwin’s Lodge","music","Hope Cassity","7p-10p","https://www.facebook.com/gwinslodge/posts/pfbid08uAn6J7BuJF4LR6apErqu7LrvbcHvFK3mUwdUSdKMc3BP1e1JoX4LVou4qgtTPnAl",""
"4445","2026-08-07","Eagle River","Homestead Lounge","music","DJ AumanJoy","9p-2a","https://www.facebook.com/HomesteadLounge",""
"4446","2026-08-07","Ester","Malemute Saloon & Gold Camp","music","Tim Easton","7p-11p","https://malemutesaloon.com/schedule/",""
"4447","2026-08-07","Fairbanks","Raven Landing Senior Center","music","Summer Cycle Music Together Generations Class","11:30a-12:15p","https://www.facebook.com/events/1737992094062055/?acontext=%7B%22event_action_history%22%3A%5b%7B%22mechanism%22%3A%22your_upcoming_events_unit%22%2C%22surface%22%3A%22bookmark%22%7D%5d%2C%22ref_notif_type%22%3Anull%7D",""
"4448","2026-08-07","Fairbanks","Gather","music","First Friday Party w/ Live Music","5p-8","https://www.facebook.com/events/28669224756000903?post_id=28671156229141089&acontext=%7B%22event_action_history%22%3A%5b%7B%22surface%22%3A%22search%22%7D%2C%7B%22mechanism%22%3A%22attachment_media%22%2C%22surface%22%3A%22newsfeed%22%7D%5d%2C%22ref_no",""
"4449","2026-08-07","Fairbanks","The Palace Theater","music","Golden Heart Revue","8:15p-9:15p","https://www.akvisit.com/palace-theatre?fbclid=IwY2xjawR7CNdleHRuA2FlbQIxMABicmlkETFZQTc5Q1NiWm16bDhNY0RZc3J0YwZhcHBfaWQQMjIyMDM5MTc4ODIwMDg5MgABHrK_LgMLEgXX7mcIrxnzr8jTJ9RaI_Lt7mvGG48tR-IMPMLVZRSzqN26Ewga_aem_RqdeQf5Ku3SEWvV41NwhHg",""
"4450","2026-08-07","Fairbanks","Tanana Valley State Fair Grounds","festival","Tanana Valley State Fair","8a-10p","https://www.tvsfa.org/events",""
"4451","2026-08-07","Fairbanks","The Cabin","music","Collin Donley Live","9p-12a","https://www.facebook.com/photo/?fbid=885504217337775&set=gm.856329890579727",""
"4452","2026-08-07","Fairbanks","The Marlin","music","The Goddamn Ranchhand Band","9p-1a","https://www.facebook.com/events/1555683509934406/?acontext=%7B%22event_action_history%22%3A%5b%7B%22mechanism%22%3A%22attachment%22%2C%22surface%22%3A%22newsfeed%22%7D%5d%2C%22ref_notif_type%22%3Anull%7D",""
"4453","2026-08-07","Haines","Pioneer Bar","music","Open Mic Night","9p-1a","https://www.facebook.com/photo/?fbid=1507990474662996&set=a.752367223558662",""
"4454","2026-08-07","Homer","Kharacters Alaskan Bar","music","Jacques Longpre","10p-2p","https://www.facebook.com/kharacters.bar",""
"4455","2026-08-07","Homer","Pier One Theater","music","Sense And Sensibility","7:30p-?","https://pieronetheatre.org/events/sense-and-sensibility",""
"4456","2026-08-07","Homer","Alibi Bar & Café","music","Last Call: DJ Fractal's Last Show in AK","9:30p-1:30a","https://www.facebook.com/events/37541222298802291/?acontext=%7B%22event_action_history%22%3A%5b%7B%22mechanism%22%3A%22calendar_tab_event%22%2C%22surface%22%3A%22bookmark_calendar%22%7D%5d%2C%22ref_notif_type%22%3Anull%7D",""
"4457","2026-08-07","Hope","Dirty Skillet","music","Saturday Cinders","6p-10p","https://dirtyskillet.com/music",""
"4458","2026-08-07","Hope","Creekbend Co.","music","Reverend Peyton's Big Damn Band","7p-11p","https://www.creekbendco.com/event",""
"4459","2026-08-07","Juneau","Alaskan Hotel and Bar","music","Steady Going","10p-?","https://www.instagram.com/p/DbeIkHLSIlT/",""
"4460","2026-08-07","Juneau","The Crystal Saloon","music","Fernet Coin Release Party ft. Sundew & The Rain Dogs","10p-?","https://www.facebook.com/thecrystalsaloon",""
"4461","2026-08-07","Kenai","Skeet’s Dive Bar","music","Solo Steve Norwood","9p-?","https://www.instagram.com/p/Dbhn0XNB84h/",""
"4462","2026-08-07","Ketchikan","The Creek Street Cabaret","music","Shelby Yount Jazz Vocalist","7p-?","https://www.facebook.com/events/1694231361803001/",""
"4463","2026-08-07","Ketchikan","The New York Café","music","Live Music in the Café","7p-9p","https://www.ketchikanarts.org/events-performances/full-arts-calendar.html/event/2026/08/07/1786161600/live-music-the-new-york-cafe/559110",""
"4464","2026-08-07","Kodiak","The Rendezvous","music","Black Barrel and the Bad Men","7p-12a","https://www.kodiakrendezvous.com/live-music",""
"4465","2026-08-07","McCarthy","The Golden Saloon","music","Barry Sless & Stephen Inglis","","https://www.mccarthylodge.com/mccarthy-events/",""
"4466","2026-08-07","Palmer","Downtown Palmer","music","Friday Fling Live Music Will Johnson","11a-6p","https://www.facebook.com/FridayFlings",""
"4467","2026-08-07","Palmer","Palmer Alehouse","music","The Jerry Wessling Band","7p-10p","https://www.facebook.com/events/2540219679749437/",""
"4468","2026-08-07","Palmer","American Legion Post 15","music","Karaoke","7p-11p","https://www.facebook.com/akrockstarkaraoke/events",""
"4469","2026-08-07","Palmer","The Musk Ox Farm","music","Super Saturated Sugar Strings","7p-9:30","https://www.facebook.com/events/1390284176466779/?acontext=%7B%22event_action_history%22%3A%5b%7B%22mechanism%22%3A%22calendar_tab_event%22%2C%22surface%22%3A%22bookmark_calendar%22%7D%5d%2C%22ref_notif_type%22%3Anull%7D",""
"4470","2026-08-07","Seldovia","Linwood Bar & Grill","music","Live Music w/ Sonoran Sunsets","","https://www.facebook.com/gwinslodge/posts/pfbid08uAn6J7BuJF4LR6apErqu7LrvbcHvFK3mUwdUSdKMc3BP1e1JoX4LVou4qgtTPnAl",""
"4471","2026-08-07","Seward","Flamingo Lounge","music","Live Music w/ Raised by Elephants","6:30p-9:30p","https://www.eventbrite.com/e/live-at-the-flamingo-raised-by-elephants-tickets-1993588170885?aff=ebdsoporgprofile",""
"4472","2026-08-07","Seward","Yukon Bar","music","Ayla Ray w/ The Chris Christy Quintet","9p-2a","https://www.facebook.com/photo/?fbid=1580563350521141&set=a.589423516301801",""
"4473","2026-08-07","Skagway","Skagway Brewing","music","Live Music w/ Whiskey Class","7p-?","https://www.facebook.com/photo/?fbid=1639245718206033&set=pcb.1639245981539340",""
"4474","2026-08-07","Sterling","Lakeside Falls","music","3rd Annual Lord of the Wings","5:30p-7:30p","https://www.facebook.com/events/1413990217155518/?acontext=%7B%22event_action_history%22%3A%5b%7B%22mechanism%22%3A%22discovery_custom_tab%22%2C%22surface%22%3A%22bookmark%22%7D%5d%2C%22ref_notif_type%22%3Anull%7D",""
"4475","2026-08-07","Talkeetna","Talkeetna Village Park","music","Live At Five Summer Concerts: Nervis Rex","5p-7p","https://fairviewtalkeetna.com/pages/live-music",""
"4476","2026-08-07","Talkeetna","Fairview Inn","music","Nervis Rex","9p-1a","https://fairviewtalkeetna.com/pages/live-music",""
"4477","2026-08-07","Wasilla","Last Frontier Brewing Company","music","Live Music w/ Lia Everett","6p-9p","https://www.facebook.com/events/2622824768132549/?acontext=%7B%22event_action_history%22%3A%5b%7B%22mechanism%22%3A%22discovery_custom_tab%22%2C%22surface%22%3A%22bookmark%22%7D%5d%2C%22ref_notif_type%22%3Anull%7D",""
"4478","2026-08-07","Wasilla","Everett’s","comedy","Big Irish Jay Hollingsworth Comedy Show","7p-9p","https://www.rubberptarmigan.com/events/big-irish-jay-hollingsworth-main-street-tap-grill-2026",""
"4479","2026-08-07","Wasilla","Schwabenhof","music","Karaoke Night","8p-11p","https://akconcets.us20.list-manage.com/track/click?u=7bd13a48fecb63b6d795caadf&id=e982562f83&e=be0392aff7",""
"4480","2026-08-08","Barrow","Tuzzy Consortium Library","community","Storytime & Crafternoon","1p-3p","https://www.facebook.com/TuzzyConsortiumLibrary/",""
"4481","2026-08-08","Big Lake","Common Ground Alaska Farm","community","Big Lake Community Farmer’s Market","12p-6p","https://www.facebook.com/events/1505191268049063/1505191301382393/?acontext=%7B%22event_action_history%22%3A%5b%7B%22mechanism%22%3A%22surface%22%2C%22surface%22%3A%22permalink%22%7D%5d%2C%22ref_notif_type%22%3Anull%7D",""
"4482","2026-08-08","Cooper Landing","Gwin’s Lodge","music","Jesse James","7p-10p","https://www.facebook.com/gwinslodge/posts/pfbid08uAn6J7BuJF4LR6apErqu7LrvbcHvFK3mUwdUSdKMc3BP1e1JoX4LVou4qgtTPnAl",""
"4483","2026-08-08","Eagle River","Chugiak-Eagle River Library","community","Storytime on the Bus","11a-?","https://www.facebook.com/events/3428441044002629/",""
"4484","2026-08-08","Eagle River","Homestead Lounge","music","DJ Auman Joy","8p-2a","https://www.facebook.com/HomesteadLounge",""
"4485","2026-08-08","Fairbanks","Explore Fairbanks","music","Science for Alaska: AK’s Cold Winter in a Warming Climate","11:30a-12:30p","https://www.facebook.com/events/1056637257543047/1056637280876378/?acontext=%7B%22event_action_history%22%3A%5b%7B%22mechanism%22%3A%22calendar_tab_event%22%2C%22surface%22%3A%22bookmark_calendar%22%7D%5d%2C%22ref_notif_type%22%3Anull%7D",""
"4486","2026-08-08","Fairbanks","The Palace Theater","music","Golden Heart Revue","8:15p-9:15p","https://www.akvisit.com/palace-theatre?fbclid=IwY2xjawR7CNdleHRuA2FlbQIxMABicmlkETFZQTc5Q1NiWm16bDhNY0RZc3J0YwZhcHBfaWQQMjIyMDM5MTc4ODIwMDg5MgABHrK_LgMLEgXX7mcIrxnzr8jTJ9RaI_Lt7mvGG48tR-IMPMLVZRSzqN26Ewga_aem_RqdeQf5Ku3SEWvV41NwhHg",""
"4487","2026-08-08","Fairbanks","Tanana Valley State Fair Grounds","festival","Tanana Valley State Fair","8a-10p","https://www.tvsfa.org/events",""
"4488","2026-08-08","Fairbanks","The International Hotel & Bar","music","The Supply Chain Live Pop Punk & Emo Tribute","8p-2a","",""
"4489","2026-08-08","Haines","Pioneer Bar","music","Karaoke Night Punk /Emo Night","9p-1a","https://akconcets.us20.list-manage.com/track/click?u=7bd13a48fecb63b6d795caadf&id=e982562f83&e=be0392aff7",""
"4490","2026-08-08","Homer","Kharacters Alaskan Bar","music","Pushki Pickers","10p-2p","https://www.facebook.com/kharacters.bar",""
"4491","2026-08-08","Homer","Pratt Museum","music","Guided tours of the Botanical Gardens, Homestead Garden, & Forest Trails.","11a-12p","https://www.facebook.com/events/27331907429732951/27331907509732943/?acontext=%7B%22event_action_history%22%3A%5b%7B%22extra_data%22%3A%22%22%2C%22mechanism%22%3A%22surface%22%2C%22surface%22%3A%22permalink%22%7D%2C%7B%22extra_data%22%3A%22%22%2C%22",""
"4492","2026-08-08","Homer","AJ’s Old Town Steakhouse & Tavern","music","Piano Music by Sunrise Kilcher","6p-8p","https://www.homeralaska.org/event/piano-by-sunrise-kilcher/19/",""
"4493","2026-08-08","Homer","Pier One Theater","music","Sense And Sensibility","7:30p-?","https://pieronetheatre.org/events/sense-and-sensibility",""
"4494","2026-08-08","Hope","Seaview Historic Café & Campground","music","Family Fishing Day","12p-?","https://www.facebook.com/events/2080809609522804/?acontext=%7B%22event_action_history%22%3A%5b%7B%22mechanism%22%3A%22discovery_custom_tab%22%2C%22surface%22%3A%22bookmark%22%7D%5d%2C%22ref_notif_type%22%3Anull%7D",""
"4495","2026-08-08","Hope","Dirty Skillet","music","Saturday Cinders","6p-10p","https://dirtyskillet.com/music",""
"4496","2026-08-08","Hope","Creekbend Co.","music","Reverend Peyton's Big Damn Band","7p-11p","https://www.creekbendco.com/event",""
"4497","2026-08-08","Juneau","The Crystal Saloon","music","Noche Latina ft DJ Omar","10p-?","https://www.facebook.com/thecrystalsaloon",""
"4498","2026-08-08","Kasilof","Kasilof Dock RV Park","music","Malone, Doucet, & McManamy Live","6p-?","https://www.facebook.com/events/1018904524101202/",""
"4499","2026-08-08","Kenai","Kenai Chamber of Commerce & Visitor Center","music","Beyond the Exhibit: Native Plant Walk","12p-?","https://www.facebook.com/events/1636198671130466/",""
"4500","2026-08-08","Kenai","Kenai Elks Lodge","comedy","Stand Up Comedy w/ Sabrina Speers, Mike Comer, Drew Gordon, & More!","6p-9p","https://www.rubberptarmigan.com/events/standup-comedy-show-kenai-elks-lodge",""
"4501","2026-08-08","Ketchikan","Arctic Bar","music","Virgin Voyages: Brilliant Lady Land Party","12p-6p","https://www.facebook.com/events/1466272915541691/1466276535541329/?active_tab=about",""
"4502","2026-08-08","Ketchikan","Tongass Historical Museum","music","Summer Saturdays at the Museum","1p-3p","https://www.facebook.com/events/873907959081409/873907992414739/?active_tab=about",""
"4503","2026-08-08","Kodiak","The Rendezvous","music","Black Barrel and the Bad Men","7p-12a","https://www.kodiakrendezvous.com/live-music",""
"4504","2026-08-08","McCarthy","The Golden Saloon","music","Barry Sless & Stephen Inglis","","https://www.mccarthylodge.com/mccarthy-events/",""
"4505","2026-08-08","McCarthy","The Golden Saloon","theatre","McCarthy Rose Live Theater","7p-?","https://www.mccarthylodge.com/mccarthy-events/",""
"4506","2026-08-08","North Pole","Summit Church","music","World’s Biggest Backpack Give Day 2026","10a-2p","https://www.facebook.com/events/2588737454893147/?acontext=%7B%22event_action_history%22%3A%5b%7B%22mechanism%22%3A%22discovery_custom_tab%22%2C%22surface%22%3A%22bookmark%22%7D%5d%2C%22ref_notif_type%22%3Anull%7D",""
"4507","2026-08-08","Palmer","Hatcher Pass Lodge","music","Seth Freeman Band","4p-7p","https://www.facebook.com/photo/?fbid=1580563350521141&set=a.589423516301801",""
"4508","2026-08-08","Palmer","Palmer Alehouse","music","The Ken Peltier Band","7p-10p","https://www.facebook.com/events/4659782330916669",""
"4509","2026-08-08","Palmer","American Legion Post 15","dance","Two-Step and Country Swing Dance Lessons!","7p-8p","https://www.facebook.com/photo/?fbid=956981223779042&set=gm.1748027286563468",""
"4510","2026-08-08","Palmer","American Legion Post 15","music","Karaoke","8p-11p","https://www.facebook.com/akrockstarkaraoke/events",""
"4511","2026-08-08","Seldovia","Linwood Bar & Grill","music","Live Music w/ Sonoran Sunsets","","https://www.facebook.com/gwinslodge/posts/pfbid08uAn6J7BuJF4LR6apErqu7LrvbcHvFK3mUwdUSdKMc3BP1e1JoX4LVou4qgtTPnAl",""
"4512","2026-08-08","Seward","Yukon Bar","music","Ayla Ray w/ The Chris Christy Quintet","9p-2a","https://www.facebook.com/photo/?fbid=1580563350521141&set=a.589423516301801",""
"4513","2026-08-08","Skagway","Skagway Library","music","Music Time","3p-5p","https://www.facebook.com/skagwaypubliclibrary",""
"4514","2026-08-08","Soldotna","The Goods","music","Karaoke w/ Edencraft","5p-8p","https://akconcets.us20.list-manage.com/track/click?u=7bd13a48fecb63b6d795caadf&id=e982562f83&e=be0392aff7",""
"4515","2026-08-08","Sterling","Naptowne Brewing Company","music","Steve Norwood","6p-9p","https://www.instagram.com/p/Dbhn0XNB84h/",""
"4516","2026-08-08","Talkeetna","Denali Brewing Company","music","Jerry Wessling Band","6p-8","https://www.facebook.com/events/2540219679749437/",""
"4517","2026-08-08","Talkeetna","Fairview Inn","music","The Pit Viperz","9p-1a","https://fairviewtalkeetna.com/pages/live-music",""
"4518","2026-08-08","Wasilla","Tug Bar & Liquor- Goose Bay Inn","music","Live Music with Glacier Blues Band","","https://www.facebook.com/photo/?fbid=1497931395460551&set=a.208825104371193",""
"4519","2026-08-08","Wasilla","Everett’s","music","2nd Annual OCDetailing Show & Shine","10a-3p","https://www.facebook.com/events/1791149082061695/?acontext=%7B%22event_action_history%22%3A%5b%7B%22mechanism%22%3A%22discovery_custom_tab%22%2C%22surface%22%3A%22bookmark%22%7D%5d%2C%22ref_notif_type%22%3Anull%7D",""
"4520","2026-08-08","Wasilla","Curtis D Memorial Sports Center","music","All Alaska Reptile & Exotics Expo","11a-7p","https://www.facebook.com/events/901787599600844/?acontext=%7B%22event_action_history%22%3A%5b%7B%22mechanism%22%3A%22discovery_custom_tab%22%2C%22surface%22%3A%22bookmark%22%7D%5d%2C%22ref_notif_type%22%3Anull%7D",""
"4521","2026-08-08","Wasilla","Kids Cupboard","music","Music on the Farm w/ Blackwater Railroad","3p-8p","https://www.facebook.com/events/1318153199773180/?acontext=%7B%22event_action_history%22%3A%5b%7B%22mechanism%22%3A%22discovery_custom_tab%22%2C%22surface%22%3A%22bookmark%22%7D%5d%2C%22ref_notif_type%22%3Anull%7D",""
"4522","2026-08-08","Wasilla","Last Frontier Brewing Company","music","Dave Johnson Live","6p-9p","https://www.facebook.com/events/1206546348283959",""
"4523","2026-08-08","Wasilla","Summit Worship Center","comedy","Comedian Lelean Klassen: Pressin’ On Comedy Tour","7p-9p","https://www.facebook.com/events/997502723007874/?acontext=%7B%22event_action_history%22%3A%5b%7B%22mechanism%22%3A%22discovery_custom_tab%22%2C%22surface%22%3A%22bookmark%22%7D%5d%2C%22ref_notif_type%22%3Anull%7D",""
"4524","2026-08-09","Anchorage","Koot’s","music","Koots Karaoke","10p-2a","https://akconcets.us20.list-manage.com/track/click?u=7bd13a48fecb63b6d795caadf&id=51fd3075bf&e=be0392aff7",""
"4525","2026-08-09","Anchorage","Pioneer Bar","music","Industry Night w/ Joe Brady","10p-2a","https://www.facebook.com/profile.php?id=100035394206580",""
"4526","2026-08-09","Anchorage","Anchorage Weekend Market","music","Live Music at the Market","11a-5p","https://www.facebook.com/AnchorageWeekendDowntownMarket",""
"4527","2026-08-09","Anchorage","Kincaid Chalet","festival","2026 Japanese Summer Festival","12p-3p","https://www.facebook.com/events/2168902037233354/?acontext=%7B%22event_action_history%22%3A%5b%7B%22mechanism%22%3A%22discovery_custom_tab%22%2C%22surface%22%3A%22bookmark%22%7D%5d%2C%22ref_notif_type%22%3Anull%7D",""
"4528","2026-08-09","Anchorage","Anchorage Lutheran Church","music","ALC Concert Series: Anchorage Jazz Ensemble","4:30p-6p","https://www.eventbrite.com/e/alc-concert-series-anchorage-jazz-ensemble-tickets-1994252748655",""
"4529","2026-08-09","Anchorage","VFW Post 1685","music","Open Mic & Jam","4:30p-8:30p","https://www.facebook.com/tyrone.palmer.722744",""
"4530","2026-08-09","Anchorage","49th State Brewery","music","Garden Grooves: Music in the Beer Garden","5p-7p","https://www.facebook.com/photo/?fbid=1267333412235644&set=gm.1017207420732481",""
"4531","2026-08-09","Anchorage","Anchorage Social Dance Club","dance","Country Dance Nights: Line Dancing & Swing","6:30p-9:30p","https://www.facebook.com/35PlusClub/posts/pfbid0WJizwEbNi85duFkPSHFUsdVjmCMNhvohUubFJ3YdcCa5a49CmcfsWq4FKLK63J9xl",""
"4532","2026-08-09","Anchorage","Billiard Palace","music","Sunday Blues Jam w/ Rebel Blues Band","6p-10p","https://www.facebook.com/events/2204843740345501/2204843797012162/?acontext=%7B%22event_action_history%22%3A%5b%7B%22extra_data%22%3A%22%22%2C%22mechanism%22%3A%22surface%22%2C%22surface%22%3A%22permalink%22%7D%2C%7B%22extra_data%22%3A%22%22%2C%22me",""
"4533","2026-08-09","Anchorage","Pink Cadillac","music","All Ages Buckarooos Night","6p-10p","https://www.facebook.com/events/1668434181079131/1668434254412457/?acontext=%7B%22event_action_history%22%3A%5b%7B%22mechanism%22%3A%22surface%22%2C%22surface%22%3A%22permalink%22%7D%5d%2C%22ref_notif_type%22%3Anull%7D",""
"4534","2026-08-09","Anchorage","Koot’s","comedy","Comedy Open Mic","8:30p-10p","https://akconcets.us20.list-manage.com/track/click?u=7bd13a48fecb63b6d795caadf&id=2020d45d02&e=be0392aff7",""
"4535","2026-08-09","Anchorage","Time Out Lounge","music","Open Jam with Blast From The Past","8:30p-1a","https://akconcets.us20.list-manage.com/track/click?u=7bd13a48fecb63b6d795caadf&id=91844526ab&e=be0392aff7",""
"4536","2026-08-09","Anchorage","Van’s Dive Bar","music","Open Mic Night","8p-11p","https://www.facebook.com/photo/?fbid=1507990474662996&set=a.752367223558662",""
"4537","2026-08-09","Anchorage","The Carousel Lounge","music","Sunday Karaoke","8p-2a","https://www.facebook.com/akrockstarkaraoke/events",""
"4538","2026-08-09","Anchorage","YMCA","music","Tri the Y Kids Triathlon","9a-1p","https://www.facebook.com/events/1356672679730189/?acontext=%7B%22event_action_history%22%3A%5b%7B%22mechanism%22%3A%22discovery_custom_tab%22%2C%22surface%22%3A%22bookmark%22%7D%5d%2C%22ref_notif_type%22%3Anull%7D",""
"4539","2026-08-09","Anchorage","JBER","music","Arctic Thunder Open House & Air Show Celebrating America’s 250th","9a-5p","https://www.jber.jb.mil/Info/Arctic-Thunder-Open-House/",""
"4540","2026-08-09","Anchorage","Mad Myrna’s","music","Karaoke","9p-12a","https://www.facebook.com/akrockstarkaraoke/events",""
"4541","2026-08-09","Big Lake","Susitna Brewing","music","Open Mic Night","6p-9p","https://www.facebook.com/photo/?fbid=1507990474662996&set=a.752367223558662",""
"4542","2026-08-09","Cooper Landing","Cooper Landing Brewing","comedy","Power Plant Comedy w/ Stephen Wheeler","7p-9:30p","https://www.facebook.com/photo.php?fbid=1539379864813086&set=pb.100062232621386.-2207520000&type=3",""
"4543","2026-08-09","Ester","Malemute Saloon & Gold Camp","music","Sunday Deck Open Jam","2p-5p","https://malemutesaloon.com/schedule/",""
"4544","2026-08-09","Ester","Malemute Saloon & Gold Camp","music","Ragtime Piano","6p-8p","https://malemutesaloon.com/schedule/",""
"4545","2026-08-09","Fairbanks","The Palace Theater","music","Golden Heart Revue","8:15p-9:15p","https://www.akvisit.com/palace-theatre?fbclid=IwY2xjawR7CNdleHRuA2FlbQIxMABicmlkETFZQTc5Q1NiWm16bDhNY0RZc3J0YwZhcHBfaWQQMjIyMDM5MTc4ODIwMDg5MgABHrK_LgMLEgXX7mcIrxnzr8jTJ9RaI_Lt7mvGG48tR-IMPMLVZRSzqN26Ewga_aem_RqdeQf5Ku3SEWvV41NwhHg",""
"4546","2026-08-09","Fairbanks","Tanana Valley State Fair Grounds","festival","Tanana Valley State Fair","8a-10p","https://www.tvsfa.org/events",""
"4547","2026-08-09","Fairbanks","The Marlin","music","Karaoke","9p-?","https://www.facebook.com/akrockstarkaraoke/events",""
"4548","2026-08-09","Homer","Pier One Theater","music","Sense And Sensibility","3p-?","https://pieronetheatre.org/events/sense-and-sensibility",""
"4549","2026-08-09","Homer","Kharacters Alaskan Bar","music","Luke Smith","5p-7p","https://www.facebook.com/kharacters.bar",""
"4550","2026-08-09","Hope","Creekbend Co.","community","Sunday Brunch with Saturday Cinders","11a-2p","https://dirtyskillet.com/music",""
"4551","2026-08-09","Ketchikan","The Creek Street Cabaret","music","Open Mic Night w/ Joe Williams","6p-9p","https://www.facebook.com/photo/?fbid=1507990474662996&set=a.752367223558662",""
"4552","2026-08-09","Palmer","Hatcher Pass Lodge","music","Ayla Ray","2p-5p","https://www.facebook.com/photo/?fbid=1580563350521141&set=a.589423516301801",""
"4553","2026-08-09","Palmer","Four Corner’s Lounge","music","Karaoke","8p-?","https://www.facebook.com/akrockstarkaraoke/events",""
"4554","2026-08-09","Seward","Yukon Bar","music","Karaoke","9p-1a","https://www.facebook.com/akrockstarkaraoke/events",""
"4555","2026-08-09","Skagway","Skagway Library","music","Music Time","3p-5p","https://www.facebook.com/skagwaypubliclibrary",""
"4556","2026-08-09","Soldotna","Kenai River Brewing Company","community","Brewery to the Bathroom .5k “The Race for the Rest of Us”","11a-?","https://www.facebook.com/events/2757658777908747/?acontext=%7B%22event_action_history%22%3A%5b%7B%22mechanism%22%3A%22discovery_custom_tab%22%2C%22surface%22%3A%22bookmark%22%7D%5d%2C%22ref_notif_type%22%3Anull%7D",""
"4557","2026-08-09","Talkeetna","Mountain High Pizza Pie","music","Steve Durr","1p-2:30p & 5p-6:30p","https://www.pizzapietalkeetna.com/event-type/live-music/?fbclid=IwY2xjawRvBv9leHRuA2FlbQIxMABicmlkETE4T3g0UnoxVExiYTJjdXdQc3J0YwZhcHBfaWQQMjIyMDM5MTc4ODIwMDg5MgABHjyB1eWoEUpiOvGrlQarejNeQ12UXmcHnrBjwbrtFOPH0Rv2MmpWh1UA2AxS_aem_ls3CB8uZ3Xj26XD5nR9-",""
"4558","2026-08-09","Wasilla","Tug Bar & Liquor- Goose Bay Inn","music","Live Music w/ David Johnson","","https://www.facebook.com/photo/?fbid=1497931395460551&set=a.208825104371193",""
"4559","2026-08-09","Wasilla","Everett’s","community","Taylor Swift Tribute Brunch","11a-2p","https://www.facebook.com/HopeCommunityResources/posts/pfbid02X4NN11EfRpBSiWdxGyHUfvrsaqtUpz8A61kmTeEahNv6rrhzBSEFogzHkQkTdPZcl",""
"4560","2026-08-10","Anchorage","Loussac Library","music","PAWSitive Reading w/ Therapy Dogs","3p-4p","https://www.anchoragelibrary.org/events/classes-schedules/community-events/",""
"4561","2026-08-10","Anchorage","49th State Brewery","music","Garden Grooves: Music in the Beer Garden","5p-7p","https://www.facebook.com/photo/?fbid=1267333412235644&set=gm.1017207420732481",""
"4562","2026-08-10","Anchorage","Fire Island Bakery @ K Street Market","music","Weekly Jazz Jam","6:30p-9:30p","https://akjazzworkshop.org/calendar/",""
"4563","2026-08-10","Anchorage","Anchorage Social Dance Club","dance","Learn to Square Dance","7p-9p","https://www.akconcerts.com/learn",""
"4564","2026-08-10","Anchorage","Alaska Dance Promotions","dance","Bachata Dance Patterns","8:30p-9:30p","https://www.facebook.com/events/1363802471592782/1363802584926104/?acontext=%7B%22event_action_history%22%3A%5b%7B%22extra_data%22%3A%22%22%2C%22mechanism%22%3A%22surface%22%2C%22surface%22%3A%22permalink%22%7D%2C%7B%22extra_data%22%3A%22%22%2C%22me",""
"4565","2026-08-10","Eagle River","Odd Man Rush","music","Karaoke Mondays","6p-9p","https://akconcets.us20.list-manage.com/track/click?u=7bd13a48fecb63b6d795caadf&id=e982562f83&e=be0392aff7",""
"4566","2026-08-10","Fairbanks","Pioneer Park","music","Gazebo Nights Concert Series: Alaska Wompus Cats","6p-7p","https://www.facebook.com/events/1304683955212602/1304683971879267/?acontext=%7B%22event_action_history%22%3A%5b%7B%22mechanism%22%3A%22surface%22%2C%22surface%22%3A%22permalink%22%7D%5d%2C%22ref_notif_type%22%3Anull%7D",""
"4567","2026-08-10","Fairbanks","The Palace Theater","music","Golden Heart Revue","8:15p-9:15p","https://www.akvisit.com/palace-theatre?fbclid=IwY2xjawR7CNdleHRuA2FlbQIxMABicmlkETFZQTc5Q1NiWm16bDhNY0RZc3J0YwZhcHBfaWQQMjIyMDM5MTc4ODIwMDg5MgABHrK_LgMLEgXX7mcIrxnzr8jTJ9RaI_Lt7mvGG48tR-IMPMLVZRSzqN26Ewga_aem_RqdeQf5Ku3SEWvV41NwhHg",""
"4568","2026-08-10","Juneau","Alaskan Hotel and Bar","music","RawBeats w/ Astronomar & Friends","9p-?","https://www.facebook.com/photo?fbid=1747846129985098&set=pcb.1747846179985093",""
"4569","2026-08-10","Kenai","Kenai Chamber of Commerce & Visitor Center","community","Storytime & Craft: ""Moose and Magpie""","11a-?","https://www.facebook.com/events/2252700968879689/",""
"4570","2026-08-10","Seward","Seward Senior Center","music","Seward Strings","1p-4p","https://www.facebook.com/SewardSeniors",""
"4571","2026-08-10","Seward","Yukon Bar","music","Karaoke Contest Finals with Megan Killoran","9p-1a","https://akconcets.us20.list-manage.com/track/click?u=7bd13a48fecb63b6d795caadf&id=e982562f83&e=be0392aff7",""
"4572","2026-08-10","Soldotna","Farnsworth Park","theatre","Storytime & Play","10:30a-11a","https://www.facebook.com/events/2211445169673257/2211445203006587?acontext=%7B%22event_action_history%22%3A%5b%7B%22extra_data%22%3A%22%22%2C%22mechanism%22%3A%22surface%22%2C%22surface%22%3A%22permalink%22%7D%2C%7B%22extra_data%22%3A%22%22%2C%22mec",""
"4573","2026-08-10","Soldotna","The Goods","music","Friends of Mike Morgan Song Circle","5p-7p","https://www.facebook.com/events/2211445169673257/2211445203006587?acontext=%7B%22event_action_history%22%3A%5b%7B%22extra_data%22%3A%22%22%2C%22mechanism%22%3A%22surface%22%2C%22surface%22%3A%22permalink%22%7D%2C%7B%22extra_data%22%3A%22%22%2C%22mec",""
"4574","2026-08-10","Talkeetna","Fairview Inn","music","Karaoke","9p-1a","https://www.facebook.com/akrockstarkaraoke/events",""
"4575","2026-08-11","Anchorage","Anchorage Museum","music","Lunch on the Lawn: Live Music w/ Fiona Rose","11:30a-1:30p","https://www.facebook.com/events/1922185821777460/1922185828444126/?acontext=%7B%22event_action_history%22%3A%5b%7B%22mechanism%22%3A%22surface%22%2C%22surface%22%3A%22permalink%22%7D%5d%2C%22ref_notif_type%22%3Anull%7D",""
"4576","2026-08-11","Anchorage","49th State Brewery","music","Garden Grooves: Music in the Beer Garden","5p-7p","https://www.facebook.com/photo/?fbid=1267333412235644&set=gm.1017207420732481",""
"4577","2026-08-11","Anchorage","Organic Oasis","music","Irish Music & Dancing","6p-8p","https://www.facebook.com/organicoasisAK",""
"4578","2026-08-11","Anchorage","Alaska Center for the Performing Arts","music","Ted Stevens Young Alaskan Artist Award Recital Liam Dooley","7:30p-9p","https://centertix.com/events/ted-stevens-young-alaskan-artist-award-recital",""
"4579","2026-08-11","Anchorage","Pink Cadillac","music","College Night 18+","7p-10p","https://www.facebook.com/events/1537213564605897/1537213611272559/?acontext=%7B%22event_action_history%22%3A%5b%7B%22mechanism%22%3A%22surface%22%2C%22surface%22%3A%22permalink%22%7D%5d%2C%22ref_notif_type%22%3Anull%7D",""
"4580","2026-08-11","Anchorage","Oriental Healing Arts Center","music","Rope Dart Lessons w/ Jerrill","8:30p-10p","https://www.facebook.com/photo/?fbid=1705391324273626&set=gm.830839779862518",""
"4581","2026-08-11","Anchorage","The Carousel Lounge","music","AK Rockstar Karaoke","8p-2a","https://akconcets.us20.list-manage.com/track/click?u=7bd13a48fecb63b6d795caadf&id=e982562f83&e=be0392aff7",""
"4582","2026-08-11","Anchorage","Koot’s","music","Goth Night: Terror Tuesday Wave!","8p-2a","https://www.facebook.com/kootsak",""
"4583","2026-08-11","Anchorage","Blarney Stone","dance","Two Step Tuesday w/ DJ Lele Beats","9p-12a","https://www.facebook.com/photo/?fbid=936585406046428&set=pcb.936585452713090",""
"4584","2026-08-11","Fairbanks","The Cabin","music","Karaoke Night","7p-10p","https://akconcets.us20.list-manage.com/track/click?u=7bd13a48fecb63b6d795caadf&id=e982562f83&e=be0392aff7",""
"4585","2026-08-11","Fairbanks","The Palace Theater","music","Golden Heart Revue","8:15p-9:15p","https://www.akvisit.com/palace-theatre?fbclid=IwY2xjawR7CNdleHRuA2FlbQIxMABicmlkETFZQTc5Q1NiWm16bDhNY0RZc3J0YwZhcHBfaWQQMjIyMDM5MTc4ODIwMDg5MgABHrK_LgMLEgXX7mcIrxnzr8jTJ9RaI_Lt7mvGG48tR-IMPMLVZRSzqN26Ewga_aem_RqdeQf5Ku3SEWvV41NwhHg",""
"4586","2026-08-11","Homer","Pratt Museum","community","Storytime at the Pratt: Berry Season","10:30a-11:30a","https://www.facebook.com/events/1318067970185424/1318067986852089/?acontext=%7B%22event_action_history%22%3A%5b%7B%22mechanism%22%3A%22surface%22%2C%22surface%22%3A%22permalink%22%7D%5d%2C%22ref_notif_type%22%3Anull%7D",""
"4587","2026-08-11","Homer","Justin Cole’s Down East Saloon","music","Taco Tuesday's with Jim Maloney","6:30p-10p","https://akconcets.us20.list-manage.com/track/click?u=7bd13a48fecb63b6d795caadf&id=d4aeb6bcfd&e=be0392aff7",""
"4588","2026-08-11","Juneau","The Crystal Saloon","music","Jazz Jam Tuesday","8p-11p","https://www.crystalsaloon.com/events",""
"4589","2026-08-11","Kenai","Skeet’s Dive Bar","dance","Line Dance Lessons","7p-?","https://www.instagram.com/p/Dbhn0XNB84h/",""
"4590","2026-08-11","Ketchikan","Ketchikan Dock","music","Music on the Dock: Scattered Sunshine Trombone Choir","12p-1p","https://www.ketchikanarts.org/programs-events/music-on-the-dock-summer-concert-series.html",""
"4591","2026-08-11","Ketchikan","Hole in the Wall","music","Open Mic Night","6p-8p","https://www.facebook.com/photo/?fbid=1507990474662996&set=a.752367223558662",""
"4592","2026-08-11","North Pole","North Pole Alehouse","community","Tuesday Pub Run w/ Tundra Trotters","6:15p-9p","https://www.facebook.com/events/1210834251124828/1210834304458156/?event_time_id=1210834334458153",""
"4593","2026-08-11","Palmer","Fishhook Bar & Grill","music","Open Mic Night w/ Drew Sablon","6p-9p","https://www.facebook.com/photo/?fbid=1507990474662996&set=a.752367223558662",""
"4594","2026-08-11","Palmer","Four Corner’s Lounge","music","Industry Night with DJ Red","8p-?","https://www.facebook.com/FourCornersLounge",""
"4595","2026-08-11","Seward","Yukon Bar","music","Open Mic Night with Braden","8p-2a","https://www.facebook.com/photo/?fbid=1507990474662996&set=a.752367223558662",""
"4596","2026-08-11","Soldotna","Soldotna Library","community","Toddler Story Time","10:30a-11a","https://www.facebook.com/events/1503656801148774/1503656831148771/?acontext=%7B%22event_action_history%22%3A%5b%7B%22extra_data%22%3A%22%22%2C%22mechanism%22%3A%22surface%22%2C%22surface%22%3A%22permalink%22%7D%2C%7B%22extra_data%22%3A%22%22%2C%22me",""
"4597","2026-08-11","Talkeetna","Denali Education Center","music","Timber Tots!","11a-12p","https://www.facebook.com/events/964927736351240/964927756351238/",""
"4598","2026-08-11","Wasilla","Ken’s Garden Center","community","Storytime at Ken’s","10a-11a","https://www.facebook.com/events/1439153171253533/1439153324586851/?acontext=%7B%22event_action_history%22%3A%5b%7B%22mechanism%22%3A%22surface%22%2C%22surface%22%3A%22permalink%22%7D%5d%2C%22ref_notif_type%22%3Anull%7D",""
"4599","2026-08-11","Wasilla","Everett’s","music","Live Music w/ Jerry Wessling","6p-9p","https://www.facebook.com/events/1056348563732364/1056348597065694/?acontext=%7B%22event_action_history%22%3A%5b%7B%22mechanism%22%3A%22surface%22%2C%22surface%22%3A%22permalink%22%7D%5d%2C%22ref_notif_type%22%3Anull%7D",""
"4600","2026-08-11","Wasilla","Schwabenhof","music","Karaoke Night","8p-11p","https://akconcets.us20.list-manage.com/track/click?u=7bd13a48fecb63b6d795caadf&id=e982562f83&e=be0392aff7",""
"4601","2026-08-11","Willow","Willow Community Center","music","Meet & Greet w/ West Susitna Development","5p-8p","https://www.facebook.com/events/1540167107544454/?acontext=%7B%22event_action_history%22%3A%5b%7B%22mechanism%22%3A%22discovery_custom_tab%22%2C%22surface%22%3A%22bookmark%22%7D%5d%2C%22ref_notif_type%22%3Anull%7D",""
"4602","2026-08-12","Anchorage","Alaska Zoo","community","Free Community Storytime","10:30a-11a","https://www.facebook.com/events/2118396738965650/2118396908965633/?acontext=%7B%22event_action_history%22%3A%5b%7B%22mechanism%22%3A%22surface%22%2C%22surface%22%3A%22permalink%22%7D%5d%2C%22ref_notif_type%22%3Anull%7D",""
"4603","2026-08-12","Anchorage","Pioneer Bar","music","The Eternal Cowboys","10p-1a","https://www.facebook.com/photo.php?fbid=1348210747309890&set=pb.100063629314416.-2207520000&type=3",""
"4604","2026-08-12","Anchorage","Koot’s","music","Koots Karaoke","10p-2a","https://akconcets.us20.list-manage.com/track/click?u=7bd13a48fecb63b6d795caadf&id=51fd3075bf&e=be0392aff7",""
"4605","2026-08-12","Anchorage","49th State Brewery","music","Garden Grooves: Music in the Beer Garden","5p-7p","https://www.facebook.com/photo/?fbid=1267333412235644&set=gm.1017207420732481",""
"4606","2026-08-12","Anchorage","Anchorage Social Dance Club","music","International Folk Dancing","6:30p-8p","https://www.facebook.com/35PlusClub/posts/pfbid0WJizwEbNi85duFkPSHFUsdVjmCMNhvohUubFJ3YdcCa5a49CmcfsWq4FKLK63J9xl",""
"4607","2026-08-12","Anchorage","Wildbirch Hotel","music","Live Music at Crimson w/ Jared Woods","6:30p-9:30p","https://www.facebook.com/crimsonanchorage",""
"4608","2026-08-12","Anchorage","Manhattan’s Restaurant & Lounge","music","Seth Malone","6p-9p","https://www.facebook.com/events/1314368867508276/",""
"4609","2026-08-12","Anchorage","907 Alehouse","music","Tyrone & Friends","7p-10p","https://www.facebook.com/tyrone.palmer.722744",""
"4610","2026-08-12","Anchorage","Koot’s","comedy","Comedy Open Mic","7p-10p","https://akconcets.us20.list-manage.com/track/click?u=7bd13a48fecb63b6d795caadf&id=2020d45d02&e=be0392aff7",""
"4611","2026-08-12","Anchorage","Pink Cadillac","dance","Line Dance Wednesdays","7p-11p","https://www.facebook.com/events/1351242593745182/1351242600411848/?acontext=%7B%22event_action_history%22%3A%5b%7B%22mechanism%22%3A%22surface%22%2C%22surface%22%3A%22permalink%22%7D%5d%2C%22ref_notif_type%22%3Anull%7D",""
"4612","2026-08-12","Anchorage","Humpy’s","music","Live Music w/ Pam Santoro","8p-11:30p","https://www.facebook.com/HumpysAlaska/posts/pfbid0X3poRge9txCycQWfALADfNcwHhYikTUYn9MrnRURjZj4ym9JxfEsM48Kt2ALcDBDl",""
"4613","2026-08-12","Anchorage","The Carousel Lounge","music","AK Rockstar Karaoke","8p-2a","https://akconcets.us20.list-manage.com/track/click?u=7bd13a48fecb63b6d795caadf&id=e982562f83&e=be0392aff7",""
"4614","2026-08-12","Anchorage","Mad Myrna’s","music","Karaoke","9p-12a","https://www.facebook.com/akrockstarkaraoke/events",""
"4615","2026-08-12","Anchorage","Van’s Dive Bar","music","Karaoke","9p-1a","https://www.facebook.com/akrockstarkaraoke/events",""
"4616","2026-08-12","Eagle River","Homestead Lounge","music","Karaoke Night w/ KJ Smoke","8p-12a","https://akconcets.us20.list-manage.com/track/click?u=7bd13a48fecb63b6d795caadf&id=e982562f83&e=be0392aff7",""
"4617","2026-08-12","Ester","Fairbanks Tango","dance","Wednesday Dance Practice","6p-9p","https://www.facebook.com/events/1043559824868668/1043559851535332/?acontext=%7B%22event_action_history%22%3A%5b%7B%22mechanism%22%3A%22surface%22%2C%22surface%22%3A%22permalink%22%7D%5d%2C%22ref_notif_type%22%3Anull%7D",""
"4618","2026-08-12","Fairbanks","Running Reindeer Ranch","music","Music w/ Syler Fell & Jess Klemm","7p-8p","https://runningreindeer.com/music-with-reindeer-schedule/",""
"4619","2026-08-12","Fairbanks","The Palace Theater","music","Golden Heart Revue","8:15p-9:15p","https://www.akvisit.com/palace-theatre?fbclid=IwY2xjawR7CNdleHRuA2FlbQIxMABicmlkETFZQTc5Q1NiWm16bDhNY0RZc3J0YwZhcHBfaWQQMjIyMDM5MTc4ODIwMDg5MgABHrK_LgMLEgXX7mcIrxnzr8jTJ9RaI_Lt7mvGG48tR-IMPMLVZRSzqN26Ewga_aem_RqdeQf5Ku3SEWvV41NwhHg",""
"4620","2026-08-12","Fairbanks","The Spur","music","Karaoke Night with Rocky!","8p-11p","https://akconcets.us20.list-manage.com/track/click?u=7bd13a48fecb63b6d795caadf&id=e982562f83&e=be0392aff7",""
"4621","2026-08-12","Juneau","The Crystal Saloon","music","Vinyl Afternoon's w/ Dj Roman Martinez","5p-7p","https://www.facebook.com/photo/?fbid=1008203218480466&set=a.160104659956997",""
"4622","2026-08-12","Juneau","The Crystal Saloon","music","Open Mic Night","8p-11:30p","https://www.facebook.com/photo/?fbid=1507990474662996&set=a.752367223558662",""
"4623","2026-08-12","Juneau","Alaskan Hotel and Bar","music","Karaoke","8p-11p","https://www.facebook.com/akrockstarkaraoke/events",""
"4624","2026-08-12","Ketchikan","Ketchikan Dock","music","Music on the Dock: The Foghorn Five","12p-1p","https://www.ketchikanarts.org/events-performances/full-arts-calendar.html/event/2026/08/12/music-on-dock-the-foghorn-five/566266",""
"4625","2026-08-12","Ketchikan","Inn at Creek Street","music","The Ukulele Group","3:45p-4:45p","https://www.ketchikanarts.org/events-performances/full-arts-calendar.html/event/2026/08/12/1786581900/the-ukelele-group-/521570",""
"4626","2026-08-12","Palmer","Bleeding Heart Brewery","music","Fireside Book Club","6:30p-8:30p","https://www.facebook.com/events/850328077498239/?acontext=%7B%22event_action_history%22%3A%5b%7B%22mechanism%22%3A%22discovery_custom_tab%22%2C%22surface%22%3A%22bookmark%22%7D%5d%2C%22ref_notif_type%22%3Anull%7D",""
"4627","2026-08-12","Palmer","Four Corner’s Lounge","music","West Coast Sing Wednesday","7:30p-9:30p","https://www.facebook.com/photo/?fbid=1411992579757709&set=gm.1053059570049116",""
"4628","2026-08-12","Seward","Yukon Bar","music","Karaoke with Raunchy Rachel","9p-1a","https://akconcets.us20.list-manage.com/track/click?u=7bd13a48fecb63b6d795caadf&id=e982562f83&e=be0392aff7",""
"4629","2026-08-12","Soldotna","Soldotna Library","community","Bouncing Babes Story Time","10:30a-11a","https://www.facebook.com/events/843086674966253/843086701632917/?acontext=%7B%22event_action_history%22%3A%5b%7B%22extra_data%22%3A%22%22%2C%22mechanism%22%3A%22surface%22%2C%22surface%22%3A%22permalink%22%7D%2C%7B%22extra_data%22%3A%22%22%2C%22mech",""
"4630","2026-08-12","Soldotna","Soldotna Creek Park","music","Levitt Amp Music Series: Noah Richardson & Bunny Swan","6p-9p","https://www.facebook.com/events/1688380632310315/?acontext=%7B%22event_action_history%22%3A%5b%7B%22mechanism%22%3A%22discovery_custom_tab%22%2C%22surface%22%3A%22bookmark%22%7D%5d%2C%22ref_notif_type%22%3Anull%7D",""
"4631","2026-08-12","Talkeetna","Denali Brewing Company","music","Solo Steve Norwood","5:30p-8:30","https://www.instagram.com/p/Dbhn0XNB84h/",""
"4632","2026-08-12","Wasilla","Black Birch Books","community","Sign Language Classes","5p-6p","https://www.facebook.com/events/1980234609292524/1980234615959190/?acontext=%7B%22event_action_history%22%3A%5b%7B%22mechanism%22%3A%22surface%22%2C%22surface%22%3A%22permalink%22%7D%5d%2C%22ref_notif_type%22%3Anull%7D",""
"4633","2026-08-12","Wasilla","Schwabenhof","music","Open Mic","7:30p-11p","https://akconcets.us20.list-manage.com/track/click?u=7bd13a48fecb63b6d795caadf&id=2020d45d02&e=be0392aff7",""
"4634","2026-08-13","Anchorage","9th State Brewery","music","Garden Grooves: Music in the Beer Garden 5p-","","",""
"4635","2026-08-13","Anchorage","Anchorage Museum","music","Lunch on the Lawn: Live Music w/ Santoro 11:3","","",""
"4636","2026-08-13","Anchorage","Beartooth Theatrepub","music","Trails in Motion 1","","",""
"4637","2026-08-13","Anchorage","Blarney Stone","music","Open Mic Night w/ It's Just Dez 6:4","","",""
"4638","2026-08-13","Anchorage","Broken Blender","music","Karaoke 7p-","","",""
"4639","2026-08-13","Anchorage","Koot’s","comedy","Comedy Open Mic 7p-10pKoot’s - Karaoke 1","","",""
"4640","2026-08-13","Anchorage","The Peanut Farm","music","Live & Local Music w/ Jared Woods 6:3","","",""
"4641","2026-08-13","Anchorage","Pink Cadillac","music","Ladies Night at Pink Cadillac w/ DJ Rico 7p-","","",""
"4642","2026-08-13","Anchorage","Pioneer Bar","music","DJ Cross 1","","",""
"4643","2026-08-13","Anchorage","Magnetic North Brewing","music","Stop Light Nights","6p-8p","",""
"4644","2026-08-13","Anchorage","Time Out Lounge","music","Open Mic Loathing in Las Vegas","8p-11p","",""
"4645","2026-08-13","Anchorage","Humpy’s","music","Live Music w/ Nothin But Karma 8p-12aKoot’s - Latin Night w/ DJ MyKey T","8p-1a","",""
"4646","2026-08-13","Anchorage","Koot’s","music","Latin Night w/ DJ MyKey T","8p-1a","",""
"4647","2026-08-13","Anchorage","The Carousel Lounge","music","AK Rockstar Karaoke","8p-2a","",""
"4648","2026-08-13","Cooper Landing","Gwin’s Lodge","music","Seth Malone","5p-?","https://www.facebook.com/events/1314368867508276/",""
"4649","2026-08-13","Eagle River","Homestead Lounge","dance","Dance Lessons with Shufflin Country Style 8p-","","",""
"4650","2026-08-13","Eagle River","3 Homestead Lounge","music","Country Night w/ DJ AumanJoy 9p-","","",""
"4651","2026-08-13","Eagle River","Odd Man Rush","music","Snacks at Midnight","7p-?","https://www.facebook.com/events/979644471786128",""
"4652","2026-08-13","Fairbanks","The International Hotel & Bar","music","Karaoke with Angel 8p-","","",""
"4653","2026-08-13","Fairbanks","The Palace Theater","music","Golden Heart Revue 8:1","","",""
"4654","2026-08-13","Fairbanks","Jack Sprat","music","Live Music w/ Baker","6p-?","",""
"4655","2026-08-13","Fairbanks","3 The Marlin","music","Open Mic Night at the Marlin","8p-11p","",""
"4656","2026-08-13","Girdwood","Girdwood Brewing Company","music","Ride Bikes, Drink Beer","6:30p-?","",""
"4657","2026-08-13","Homer","Pratt Museum","music","Guided tours of the Botanical Gardens, Homestead Garden, & Forest Trails.","11a-12p","",""
"4658","2026-08-13","Homer","Homer Council on the Arts","music","Community Jam Sessions","6:30p-9p","",""
"4659","2026-08-13","Homer","AJ’s Old Town Steakhouse & Tavern","music","Piano Music by Erica","6p-8p","",""
"4660","2026-08-13","Homer","Pier One Theater","music","Sense And Sensibility","7:30p-8:30p","",""
"4661","2026-08-13","Homer","Alibi Bar & Café","music","Karaoke Night","9p-12:30a","",""
"4662","2026-08-13","Juneau","Alaskan Hotel and Bar","music","Open Mic 9p-","","",""
"4663","2026-08-13","Juneau","3 The Crystal Saloon","music","Vinyl Afternoon's w/ Dj Roman Martinez 5p-","","",""
"4664","2026-08-13","Juneau","3 The Crystal Saloon","music","Karaoke Night 8p-","","",""
"4665","2026-08-13","Juneau","4 Alaskan Hotel and Bar","music","Pop-Up Cherioke","9p-?","",""
"4666","2026-08-13","Ketchikan","Ketchikan Dock","music","Music on the Dock: DJ DJ Archieologic","12p-1p","",""
"4667","2026-08-13","Ketchikan","105.3 FM KRBD","music","Ketchikan Arts & Humanities Council: Arts Report","8:20a-8:35a","",""
"4668","2026-08-13","Ketchikan","Totem Bar","music","Open Mic Night","8p-10p","",""
"4669","2026-08-13","McCarthy","The Golden Saloon","music","Open Mic Night8/1","","",""
"4670","2026-08-13","McCarthy","4 The Golden Saloon","music","McWavy8/1","","",""
"4671","2026-08-13","McCarthy","5 The Golden Saloon","music","McWavy","","",""
"4672","2026-08-13","North Pole","North Pole Alehouse","music","Karaoke Thursdays with Rocky Barnette","8p-12a","",""
"4673","2026-08-13","Seward","Yukon Bar","dance","Dance Night w/ DJ Waitwat","9p-2a","",""
"4674","2026-08-13","Soldotna","Soldotna Library","community","Preschool Storytime","10:30a-11a","",""
"4675","2026-08-13","Trapper Creek","Boots Bison Ranch","music","Trapper Creek Bluegrass Revival","","",""
"4676","2026-08-13","Wasilla","Settler’s Bay Lodge","music","Collin Donley Live","6p-?","",""
"4677","2026-08-13","Wasilla","Everett’s","music","Live Music With Drew Sablon","6p-9p","",""
"4678","2026-08-14","Anchorage","9th State Brewery","music","Yappy Hour: Dog Friendly Happy Hour 4:3","","",""
"4679","2026-08-14","Anchorage","9th State Brewery","music","Garden Grooves: Music in the Beer Garden 5p-","","",""
"4680","2026-08-14","Anchorage","9th State Brewery","music","Candlelight Concert: Tribute to Fleetwood Mac 5:3","","",""
"4681","2026-08-14","Anchorage","9th State Brewery","music","Candlelight Concert: Queen vs. ABBA 7:4","","",""
"4682","2026-08-14","Anchorage","Alaska Dance Promotions","dance","Friday Night Dance Lounge 9p-","","",""
"4683","2026-08-14","Anchorage","Bird Treatment & Learning Center","music","Ambassador Bird Programs: Experience Wild Birds Up Close! 12:3","","",""
"4684","2026-08-14","Anchorage","Broken Blender","music","Karaoke w/ DJ Charms 8p-","","",""
"4685","2026-08-14","Anchorage","Flattop Pizza & Pool","music","DJ JRock 9:3","","",""
"4686","2026-08-14","Anchorage","Glenn Square","community","Friday Night Market 6p-","","",""
"4687","2026-08-14","Anchorage","Gumbo House","music","Pop Piano Bar w/ MJ Riemann 6p-","","",""
"4688","2026-08-14","Anchorage","Humpy’s","music","Live Music w/ Ayla Ray & Chris Christy Quintet 9:3","","",""
"4689","2026-08-14","Anchorage","Koot’s","music","Yachtly Crew 1","","",""
"4690","2026-08-14","Anchorage","Pink Cadillac","music","Boots, Beer, & Ballads Country Night w/ DJ Rico 7p-","","",""
"4691","2026-08-14","Anchorage","Pioneer Bar","music","DJ Cross 1","","",""
"4692","2026-08-14","Anchorage","SubZero Microlounge","music","Karaoke Night at SubZero 8p-","","",""
"4693","2026-08-14","Anchorage","Turnagain Brewing","music","Hwy9 in Concert 6:3","","",""
"4694","2026-08-14","Anchorage","Van’s Dive Bar","music","Bodelia James 9:3","","",""
"4695","2026-08-14","Anchorage","1a Wendy Williamson Auditorium","music","Darci Lynne 6:3","","",""
"4696","2026-08-14","Anchorage","Fairview Community Rec Center","community","Mobile Library Visit & Storytime","1p-3p","",""
"4697","2026-08-14","Anchorage","JBER Library","music","Summer Bash","1p-3p","",""
"4698","2026-08-14","Anchorage","9p Hilltop Ski Area","music","Summer Music on the Patio: SAZÓN","6p-7:30p","",""
"4699","2026-08-14","Anchorage","Blarney Stone","music","Da Good Ol' Good Ones","6p-8p","",""
"4700","2026-08-14","Anchorage","O’Malley’s on the Green","music","Williwaw Blue","7p-10p","",""
"4701","2026-08-14","Anchorage","The Fraternal Order of Eagles Aerie 4207","music","Karaoke Friday at the Eagles!","7p-12a","",""
"4702","2026-08-14","Anchorage","Bernie’s Bungalow Lounge","music","Arctic Entry & Dawson Gentleman Band","9p-?","",""
"4703","2026-08-14","Anchorage","Mad Myrna’s","music","Mad Myrna's Diva Variety Show","9p-11:30p","",""
"4704","2026-08-14","Anchorage","Arctic Academie de Danse","dance","Friday Night Dance Social","9p-11p","",""
"4705","2026-08-14","Anchorage","The Carousel Lounge","music","$100 Cash Giveaway Karaoke Contest","9p-1a","",""
"4706","2026-08-14","Anchorage","Time Out Lounge","music","Blast From The Past","9p-2:30a","",""
"4707","2026-08-14","Eagle River","Homestead Lounge","music","DJ AumanJoy","9p-2a","",""
"4708","2026-08-14","Ester","Malemute Saloon & Gold Camp","music","Tara Starlight & The Forest That Never Sleeps","7p-11p","",""
"4709","2026-08-14","Fairbanks","The Palace Theater","music","Golden Heart Revue 8:1","","",""
"4710","2026-08-14","Fairbanks","The International Hotel & Bar","music","Encore Weekend w/ Wicked Serenity & Signs of Sacrifice","8p-12a","",""
"4711","2026-08-14","Haines","Pioneer Bar","music","Open Mic Night","9p-1a","",""
"4712","2026-08-14","Homer","Kharacters Alaskan Bar","music","Red Marker Resistance","10p-2p","",""
"4713","2026-08-14","Homer","Pier One Theater","music","Sense And Sensibility","7:30p-10p","",""
"4714","2026-08-14","Homer","Justin Cole’s Down East Saloon","festival","Backyard Summer Concert Series & Music Festival","8:30p-1a","",""
"4715","2026-08-14","Hope","Dirty Skillet","music","Spindrift","6p-10p","",""
"4716","2026-08-14","Hope","Creekbend Co.","music","Noah Rinker","7p-11p","",""
"4717","2026-08-14","Juneau","The Crystal Saloon","music","Karaoke w/ Al Boogie","8p-?","",""
"4718","2026-08-14","Juneau","Alaskan Hotel and Bar","music","Pop-Up Cherioke","9p-?","",""
"4719","2026-08-14","Kenai","Skeet’s Dive Bar","music","Snacks At Midnight w/ The Pit ViperZ","9p-?","",""
"4720","2026-08-14","Ketchikan","Bush Pilots’ Lounge","music","Live Music with Sarah Short","6p-8p","",""
"4721","2026-08-14","Ketchikan","The  Creek Street Cabaret","dance","Square Dance w/ Music by the Free Radicals","7p-9p","",""
"4722","2026-08-14","Ketchikan","The New York Café","music","Live Music in the Café","7p-9p","",""
"4723","2026-08-14","Kodiak","The Rendezvous","music","Roland Roberts Band","8p-11p","",""
"4724","2026-08-14","McCarthy","The Golden Saloon","music","McWavy","","",""
"4725","2026-08-14","Palmer","Downtown Palmer","music","Friday Fling Live Music Solo Steve","12p-3p","",""
"4726","2026-08-14","Palmer","Palmer Alehouse","music","Black Barrel and the Bad Men","7p-10p","",""
"4727","2026-08-14","Palmer","Palmer Train Depot","music","Rhythm & Royalty Tour","7p-11:30p","",""
"4728","2026-08-14","Palmer","American Legion Post 15","music","Karaoke","7p-11p","",""
"4729","2026-08-14","Seward","Flamingo Lounge","music","Live Music w/ The Jephries ft. Luv Guvna","6:30p-9:30p","",""
"4730","2026-08-14","Seward","Yukon Bar","music","King Monkey w/ Bananahands Live","9p-2a","",""
"4731","2026-08-14","Skagway","Skagway Brewing","music","Skagway Idol","7:30p-?","",""
"4732","2026-08-14","Sterling","Naptowne Brewing Company","music","Brandon Kellum","6p-9p","",""
"4733","2026-08-14","Talkeetna","Talkeetna Village Park","music","Live At Five Summer Concerts: TKA Hawks","5p-7p","",""
"4734","2026-08-14","Talkeetna","Mountain High Pizza","music","Collin Donley Live","7p-10p","",""
"4735","2026-08-14","Trapper Creek","Boots Bison Ranch","music","Trapper Creek Bluegrass Revival","","",""
"4736","2026-08-14","Wasilla","Black Birch Books","music","Storytelling Night: Shared Scars","5p-7p","",""
"4737","2026-08-14","Wasilla","Last Frontier Brewing Company","music","Live Music w/ Sergio","6p-9p","",""
"4738","2026-08-14","Wasilla","Schwabenhof","music","Karaoke Night","8p-11p","",""
"4739","2026-08-15","Anchorage","Anchorage Social Dance Club","dance","Dance Social 7p-","","",""
"4740","2026-08-15","Anchorage","Anchorage Museum","community","Jazz on the Lawn w/ Alaska Jazz Workshop 1","","",""
"4741","2026-08-15","Anchorage","Anchorage Museum","music","Parlor in the Round Outdoor Concert w/ Emma Hill, Tyson Davis, & Ashley Young 5:3","","",""
"4742","2026-08-15","Anchorage","Anchorage Weekend Market","community","Live Music at the Market 1","","",""
"4743","2026-08-15","Anchorage","Beartooth Theatrepub","festival","Cat Video Fest 2","","",""
"4744","2026-08-15","Anchorage","Broken Blender","music","Karaoke w/ DJ Charms 8p-","","",""
"4745","2026-08-15","Anchorage","Continental","music","Latin Night Takeover w/ DJ Jose & DJ Yenmy 1","","",""
"4746","2026-08-15","Anchorage","Flattop Pizza & Pool","music","DJ JRock 9:3","","",""
"4747","2026-08-15","Anchorage","Humpy’s","music","Live Music w/ Dawson Gentleman & Arctic Entry 9:3","","",""
"4748","2026-08-15","Anchorage","Koot's","music","The Reg Flags 1","","",""
"4749","2026-08-15","Anchorage","Main Event Grill","theatre","Anchorage Community Theatre: Dream Roles Cabaret Show 6:3","","",""
"4750","2026-08-15","Anchorage","Muldoon Chanshtnu Park","community","Muldoon Community Market 9:3","","",""
"4751","2026-08-15","Anchorage","Pink Cadillac","dance","Latin Dance Closing Party with DJ Maria, DJ Josh, & DJ Colin 1","","",""
"4752","2026-08-15","Anchorage","Ship Creek Brewing","music","Will H. Johnson 5:3","","",""
"4753","2026-08-15","Anchorage","Sullivan Arena Football Stadium","festival","Hmong Harvest Festival 1","","",""
"4754","2026-08-15","Anchorage","Wildbirch Hotel","music","Poses & Mimosas w/ burn+bloom 1","","",""
"4755","2026-08-15","Anchorage","9th State Brewery","music","Garden Grooves: Music in the Beer Garden","5p-7p","",""
"4756","2026-08-15","Anchorage","Gumbo House","music","Pop Piano Bar w/ MJ Riemann","6p-9p","",""
"4757","2026-08-15","Anchorage","The Nave Spenard","music","Drag For A Cause: Rhinestone Rodeo","7p-9p","",""
"4758","2026-08-15","Anchorage","Broken Blender","music","Sweet Cheeks Cabaret: Vaudeville Vibes - Hot Spec-taters of Tease","8p-12a","",""
"4759","2026-08-15","Anchorage","Williwaw Social","music","CONVERGE","8p-12a","https://www.tixr.com/groups/showdownalaska/events/converge-202947",""
"4760","2026-08-15","Anchorage","Williwaw Social","music","HB 1350","8p-12a","https://www.eventbrite.com/e/1996184416325?aff=oddtdtcreator",""
"4761","2026-08-15","Anchorage","Oriental Garden","music","Weekly Karaoke Contest","9p-1:3","",""
"4762","2026-08-15","Anchorage","Mad Myrna’s","music","Mad Myrna's Diva Variety Show","9p-11:3","",""
"4763","2026-08-15","Anchorage","The Carousel Lounge","music","Supernova Live","9p-1a","",""
"4764","2026-08-15","Anchorage","Van’s Dive Bar","dance","Raspberry, Laughy, & Swing Syndicate","9p-1a","",""
"4765","2026-08-15","Anchorage","Time Out Lounge","music","Blast From The Past","9p-2:30a","",""
"4766","2026-08-15","Barrow","Tuzzy Consortium Library","community","Storytime & Crafternoon","1p-2p","",""
"4767","2026-08-15","Big Lake","Common Ground Alaska Farm","community","Big Lake Community Farmer’s Market","12p-6p","",""
"4768","2026-08-15","Cooper Landing","Cooper Landing Brewing","music","Black Barrel & The Bad Men","6:30p-?","https://www.facebook.com/photo.php?fbid=1539379864813086&set=pb.100062232621386.-2207520000&type=3",""
"4769","2026-08-15","Eagle River","Homestead Lounge","music","DJ Auman Joy 8p-","","",""
"4770","2026-08-15","Eagle River","5 Odd Man Rush","community","Miles Pruner Live","4p-?","",""
"4771","2026-08-15","Ester","Malemute Saloon & Gold Camp","music","Deja Vu, Old Timey Music","7:30p-11p","",""
"4772","2026-08-15","Fairbanks","The Palace Theater","music","Golden Heart Revue 8:1","","",""
"4773","2026-08-15","Fairbanks","Salisbury Theater","music","Darci Lynne 6:3","","",""
"4774","2026-08-15","Fairbanks","Musher’s Hall","music","2026 Midnight Sun Scottish Highland Games","10a-6p","",""
"4775","2026-08-15","Fairbanks","Hoodoo Brewing","music","After Hours w/ Cousin Curtiss, Steve Brown & the Bailers, & Adele & Friends","7:30p-11:30p","",""
"4776","2026-08-15","Fairbanks","The International Hotel & Bar","music","Encore Weekend w/ Wicked Serenity & Signs of Sacrifice","8p-12a","",""
"4777","2026-08-15","Girdwood","Alyeska Resort","festival","Blueberry Festival","10a-6p","",""
"4778","2026-08-15","Girdwood","Raw Market","music","Halo w/ Posterchild, Lloyd Van Ham, & Monir","6p-?","",""
"4779","2026-08-15","Haines","Pioneer Bar","music","Karaoke Night","9p-1a","",""
"4780","2026-08-15","Homer","Kharacters Alaskan Bar","music","Lost Rockets","10p-2p","",""
"4781","2026-08-15","Homer","Pratt Museum","music","Guided tours of the Botanical Gardens, Homestead Garden, & Forest Trails.","11a-12p","",""
"4782","2026-08-15","Homer","Justin Cole’s Down East Saloon","festival","Backyard Summer Concert Series & Music Festival","1p-1:30a","",""
"4783","2026-08-15","Homer","AJ’s Old Town Steakhouse & Tavern","music","Piano Music by Sunrise Kilcher","6p-8p","",""
"4784","2026-08-15","Homer","Porcupine Theater","music","All Ages Show w/ The Pudgies, DSB, Ophelia","7:30p-?","",""
"4785","2026-08-15","Homer","Pier One Theater","music","Sense And Sensibility","7:30p-10p","",""
"4786","2026-08-15","Homer","Alice’s Champagne Palace","music","Snacks At Midnight w/ The Pit ViperZ","9p-?","",""
"4787","2026-08-15","Hope","Dirty Skillet","music","Spindrift","6p-10p","",""
"4788","2026-08-15","Hope","Creekbend Co.","music","Noah Rinker","7p-11p","",""
"4789","2026-08-15","Juneau","The Crystal Saloon","music","Treadwell Trax","10p-?","",""
"4790","2026-08-15","Juneau","Best Window Blinds","music","Behind the Blinds: A Speakeasy Anniversary Party","2p-6p","",""
"4791","2026-08-15","Kenai","Duck Inn Café","community","Yacht Rock Sing –Along Brunch","11a-2p","",""
"4792","2026-08-15","Kenai","Vagabond Inn","music","Troubadour North","8p-?","",""
"4793","2026-08-15","Ketchikan","Arctic Bar","music","Virgin Voyages: Brilliant Lady Land Party","12p-6p","",""
"4794","2026-08-15","Ketchikan","Tongass Historical Museum","music","Summer Saturdays at the Museum","1p-3p","",""
"4795","2026-08-15","Ketchikan","The  Creek Street Cabaret","music","Badd Dog Blues Society","8p-10p","",""
"4796","2026-08-15","Kodiak","The Rendezvous","music","Roland Roberts Band","8p-11p","",""
"4797","2026-08-15","McCarthy","The Golden Saloon","music","McWavy","","",""
"4798","2026-08-15","North Pole","North Pole Alehouse","music","Retirement Home Takeover Party w/ DJ 4K","9p-2p","",""
"4799","2026-08-15","Palmer","Hatcher Pass Lodge","music","Collin Donley","4p-7p","",""
"4800","2026-08-15","Palmer","Palmer Alehouse","music","Johnny Prizm","7p-10p","",""
"4801","2026-08-15","Palmer","American Legion Post 15","dance","Two-Step and Country Swing Dance Lessons!","7p-8p","",""
"4802","2026-08-15","Palmer","American Legion Post 15","music","Karaoke","8p-11p","",""
"4803","2026-08-15","Palmer","Government Peak Recreation Area","music","Veins of Gold Mountain Race","9a-?","",""
"4804","2026-08-15","Seward","Yukon Bar","music","SIXSTAR w/ The Wet Spots, BoyMom, & Filthy Mike","9p-2a","",""
"4805","2026-08-15","Sitka","Sitka Fine Arts Camp","festival","Sitka Blues Fest","3p-9p","",""
"4806","2026-08-15","Sitka","Crescent Harbor","music","Sitka Conservation Society Wilderness Cruise","5p-8p","",""
"4807","2026-08-15","Skagway","Skagway Library","community","Read with a Ranger Story Time","10:30a-?","",""
"4808","2026-08-15","Skagway","Skagway Library","music","Music Time","3p-5p","",""
"4809","2026-08-15","Soldotna","The Goods","music","Karaoke w/ Edencraft","5p-8p","",""
"4810","2026-08-15","Soldotna","The Orca Theater","comedy","The Killer Comedy Show Ft. Sabrina Speers","8:30p-11p","",""
"4811","2026-08-15","Sterling","Naptowne Brewing Company","music","Tune Weavers","4p-8p","",""
"4812","2026-08-15","Sterling","Lakeside Falls","festival","Taste of Aloha! A Traditional Hawaiian Luau","5:30p-7:30p","",""
"4813","2026-08-15","Talkeetna","Sheldon Community Arts Hangar","community","Salmon Run Art Auction Fundraiser","3p-5p","",""
"4814","2026-08-15","Talkeetna","Fairview Inn","music","Madeline & the Brothers Smith","9p-1a","",""
"4815","2026-08-15","Trapper Creek","Boots Bison Ranch","music","Trapper Creek Bluegrass Revival","","",""
"4816","2026-08-15","Valdez","Valdez Brewing","community","Saturday Market","10a-4p","",""
"4817","2026-08-15","Wasilla","Tug Bar & Liquor- Goose Bay Inn","music","Live Music with Monster on the Mountain","","",""
"4818","2026-08-15","Wasilla","Last Frontier Brewing Company","music","Rick Brooks Live","6p-9p","",""
"4819","2026-08-16","Anchorage","Anchorage Social Dance Club","dance","Country Dance Nights: Line Dancing & Swing 6:3","","",""
"4820","2026-08-16","Anchorage","Anchorage Weekend Market","community","Live Music at the Market 1","","",""
"4821","2026-08-16","Anchorage","Billiard Palace","music","Sunday Blues Jam w/ Rebel Blues Band 6p-","","",""
"4822","2026-08-16","Anchorage","Humpy’s","community","Annual Humpy’s Marathon 8:3","","",""
"4823","2026-08-16","Anchorage","Koot’s","comedy","Comedy Open Mic 8:3","","",""
"4824","2026-08-16","Anchorage","0p-10pKoot’s","music","Koots Karaoke 1","","",""
"4825","2026-08-16","Anchorage","0p-2aMad Myrna’s","music","Karaoke 9p-","","",""
"4826","2026-08-16","Anchorage","2a Pink Cadillac","music","All Ages Buckarooos Night 6p-","","",""
"4827","2026-08-16","Anchorage","Pioneer Bar","music","Industry Night w/ Joe Brady 1","","",""
"4828","2026-08-16","Anchorage","Time Out Lounge","music","Open Jam with Blast From The Past 8:3","","",""
"4829","2026-08-16","Anchorage","Sullivan Arena Football Stadium","festival","Hmong Harvest Festival 1","","",""
"4830","2026-08-16","Anchorage","Van’s Dive Bar","music","Open Mic Night 8p-","","",""
"4831","2026-08-16","Anchorage","Alaska Dance Promotions","dance","Bachata Dance Patterns 8:3","","",""
"4832","2026-08-16","Anchorage","Fire Island Bakery @ K Street Market","music","Weekly Jazz Jam 6:3","","",""
"4833","2026-08-16","Anchorage","VFW Post 1685","music","Open Mic & Jam","4:30p-8:30p","",""
"4834","2026-08-16","Anchorage","9th State Brewery","music","Garden Grooves: Music in the Beer Garden","5p-7p","",""
"4835","2026-08-16","Anchorage","Anchorage Social Dance Club","dance","Learn to Square Dance","7p-9p","",""
"4836","2026-08-16","Anchorage","0p The Carousel Lounge","music","Sunday Karaoke","8p-2a","",""
"4837","2026-08-16","Anchorage","Van’s Dive Bar","music","Snacks at Midnight","9p-?","",""
"4838","2026-08-16","Big Lake","Susitna Brewing","music","Open Mic Night","6p-9p","",""
"4839","2026-08-16","Ester","Malemute Saloon & Gold Camp","music","Sunday Deck Open Jam","2p-5p","",""
"4840","2026-08-16","Fairbanks","The Palace Theater","music","Golden Heart Revue 8:1","","",""
"4841","2026-08-16","Fairbanks","The Marlin","music","Karaoke","9p-?","",""
"4842","2026-08-16","Girdwood","Alyeska Resort","festival","Blueberry Festival","10a-6p","",""
"4843","2026-08-16","Homer","Pier One Theater","music","Sense And Sensibility","3p-5p","",""
"4844","2026-08-16","Homer","Kharacters Alaskan Bar","music","Chris Needham","5p-7p","",""
"4845","2026-08-16","Hope","Creekbend Co.","community","Sunday Brunch with Steve Norwoord","11a-2p","",""
"4846","2026-08-16","Ketchikan","The  Creek Street Cabaret","music","Open Mic Night w/ Joe Williams","6p-9p","",""
"4847","2026-08-16","Palmer","Four Corner’s Lounge","music","Karaoke","8p-?","",""
"4848","2026-08-16","Seward","Yukon Bar","music","Karaoke","9p-1a","",""
"4849","2026-08-16","Skagway","Skagway Library","music","Music Time","3p-5p","",""
"4850","2026-08-16","Talkeetna","Mountain High Pizza Pie","music","Steve Durr","1p-2:30p & 5p-6:30p","",""
"4851","2026-08-16","Trapper Creek","Boots Bison Ranch","music","Trapper Creek Bluegrass Revival","","",""
"4852","2026-08-16","Wasilla","Tug Bar & Liquor- Goose Bay Inn","music","Live Music w/ Pam Santoro","","",""
"4853","2026-08-17","Anchorage","49th State Brewery","music","Garden Grooves: Music in the Beer Garden","5p-7p","",""
"4854","2026-08-17","Anchorage","Fire Island Bakery @ K Street Market","music","Weekly Jazz Jam","6:30p-9:30p","",""
"4855","2026-08-17","Anchorage","Anchorage Social Dance Club","dance","Learn to Square Dance","7p-9p","",""
"4856","2026-08-17","Anchorage","Alaska Dance Promotions","dance","Bachata Dance Patterns","8:30p-9:30p","",""
"4857","2026-08-17","Anchorage","Van’s Dive Bar","music","Snacks at Midnight","9p-?","",""
"4858","2026-08-17","Eagle River","Odd Man Rush","music","Karaoke Mondays","6p-9p","",""
"4859","2026-08-17","Fairbanks","The Palace Theater","music","Golden Heart Revue 8:1","","",""
"4860","2026-08-17","Fairbanks","4 Pioneer Park","music","Gazebo Nights Concert Series: Alaska Wompus Cats","6p-7p","",""
"4861","2026-08-17","Juneau","Alaskan Hotel and Bar","music","RawBeats w/ Astronomar & Friends","9p-?","",""
"4862","2026-08-17","Kenai","Kenai Chamber of Commerce & Visitor Center","community","Storytime & Craft: ""It's Time for Berries!"" 1","","",""
"4863","2026-08-17","Seward","Seward Senior Center","music","Seward Strings","1p-4p","",""
"4864","2026-08-17","Seward","Yukon Bar","music","Karaoke with Megan Killoran","9p-1a","",""
"4865","2026-08-17","Soldotna","The Goods","music","Friends of Mike Morgan Song Circle","5p-7p","",""
"4866","2026-08-17","Talkeetna","Fairview Inn","music","Karaoke","9p-1a","",""
"4867","2026-08-18","Anchorage","Anchorage Museum","music","Lunch on the Lawn: Live Music w/ Uncle Jim 11:3","","",""
"4868","2026-08-18","Anchorage","Blarney Stone","dance","Two Step Tuesday w/ DJ Lele Beats 9p-","","",""
"4869","2026-08-18","Anchorage","The Carousel Lounge","music","AK Rockstar Karaoke 8p-","","",""
"4870","2026-08-18","Anchorage","Oriental Healing Arts Center","music","Rope Dart Lessons w/ Jerrill 8:3","","",""
"4871","2026-08-18","Anchorage","Pink Cadillac","music","College Night 1","","",""
"4872","2026-08-18","Anchorage","9th State Brewery","music","Garden Grooves: Music in the Beer Garden","5p-7p","",""
"4873","2026-08-18","Anchorage","Mountain View Public Library","community","Family Storytime","6p-6:3","",""
"4874","2026-08-18","Anchorage","Organic Oasis","music","Irish Music & Dancing","6p-8p","",""
"4875","2026-08-18","Fairbanks","The Cabin","music","Karaoke Night 7p-","","",""
"4876","2026-08-18","Fairbanks","8 The Palace Theater","music","Golden Heart Revue 8:1","","",""
"4877","2026-08-18","Homer","Pratt Museum","community","Storytime at the Pratt: Berry Season","10:30a-11:30a","",""
"4878","2026-08-18","Homer","Justin Cole’s Down East Saloon","music","Taco Tuesday's with Jim Maloney","6:30p-10p","",""
"4879","2026-08-18","Juneau","The Crystal Saloon","music","Jazz Jam Tuesday","8p-11p","",""
"4880","2026-08-18","Ketchikan","Ketchikan Dock","music","Music on the Dock: ATTK! 1","","",""
"4881","2026-08-18","Ketchikan","Ketchikan Public Library","music","Mud on the Moon Book Launch","6:30p-7:30p","",""
"4882","2026-08-18","Ketchikan","Hole in the Wall","music","Open Mic Night","6p-8p","",""
"4883","2026-08-18","North Pole","North Pole Alehouse","community","Tuesday Pub Run w/ Tundra Trotters","6:15p-9p","",""
"4884","2026-08-18","Palmer","Fishhook Bar & Grill","music","Open Mic Night w/ Drew Sablon","6p-9p","",""
"4885","2026-08-18","Palmer","Four Corner’s Lounge","music","Industry Night with DJ Red","8p-?","",""
"4886","2026-08-18","Seward","Yukon Bar","music","Open Mic Night with Braden","8p-2a","",""
"4887","2026-08-18","Soldotna","Soldotna Library","community","Toddler Story Time","10:30a-11a","",""
"4888","2026-08-18","Wasilla","Ken’s Garden Center","community","Storytime at Ken’s","10a-11a","",""
"4889","2026-08-18","Wasilla","Everett’s","music","Live Music w/ Jerry Wessling","6p-9p","",""
"4890","2026-08-18","Wasilla","Schwabenhof","music","Karaoke Night","8p-11p","",""
"4891","2026-08-19","Anchorage","9th State Brewery","music","Garden Grooves: Music in the Beer Garden 5p-","","",""
"4892","2026-08-19","Anchorage","Alaska Zoo","community","Free Community Storytime 10:3","","",""
"4893","2026-08-19","Anchorage","Anchorage Social Dance Club","music","International Folk Dancing 6:3","","",""
"4894","2026-08-19","Anchorage","The Carousel Lounge","comedy","AK Rockstar Karaoke 8p-2aHumpy’s - Live Music w/ Will H. Johnson 8p-11:30p Koot’s - Comedy Open Mic 7p-10pKoot’s - Koots Karaoke 1","","",""
"4895","2026-08-19","Anchorage","Pink Cadillac","dance","Line Dance Wednesdays 7p-","","",""
"4896","2026-08-19","Anchorage","Pioneer Bar","music","The Eternal Cowboys 1","","",""
"4897","2026-08-19","Anchorage","0p-1aVan’s Dive Bar","music","Karaoke 9p-","","",""
"4898","2026-08-19","Anchorage","Wildbirch Hotel","music","Live Music at Crimson w/ The Whisper Campaign 6:3","","",""
"4899","2026-08-19","Anchorage","Koot’s","music","Koots Karaoke","10p-2a","",""
"4900","2026-08-19","Anchorage","Loussac Luibrary","festival","Public Assistance Resource Fair","3p-5p","",""
"4901","2026-08-19","Anchorage","Mad Myrna’s","music","Karaoke 9p-12aManhattan’s Restaurant & Lounge - Seth Malone","6p-9p","",""
"4902","2026-08-19","Anchorage","7 Alehouse","music","Tyrone & Friends","7p-10p","",""
"4903","2026-08-19","Anchorage","Koot’s","comedy","Comedy Open Mic","7p-10p","",""
"4904","2026-08-19","Anchorage","Humpy’s","music","Live Music w/ Will H. Johnson","8p-11:30p","",""
"4905","2026-08-19","Barrow","Tuzzy Consortium Library","community","Storytime & Crafternoon","1p-2p","",""
"4906","2026-08-19","Big Lake","Common Ground Alaska Farm","community","Big Lake Community Farmer’s Market 1","","",""
"4907","2026-08-19","Big Lake","Susitna Brewing","music","Open Mic Night","6p-9p","",""
"4908","2026-08-19","Cooper Landing","Cooper Landing Brewing","music","Black Barrel & The Bad Men 6:3","","",""
"4909","2026-08-19","Eagle River","Homestead Lounge","music","Karaoke Night w/ KJ Smoke","8p-12a","",""
"4910","2026-08-19","Ester","Malemute Saloon & Gold Camp","music","Deja Vu, Old Timey Music 7:3","","",""
"4911","2026-08-19","Ester","Malemute Saloon & Gold Camp","music","Sunday Deck Open Jam","2p-5p","",""
"4912","2026-08-19","Ester","Fairbanks Tango","dance","Wednesday Dance Practice","6p-9p","",""
"4913","2026-08-19","Ester","Malemute Saloon & Gold Camp","music","Tara Starlight & The Forest That Never Sleeps","7p-11p","",""
"4914","2026-08-19","Fairbanks","Hoodoo Brewing","music","After Hours w/ Cousin Curtiss, Steve Brown & the Bailers, & Adele & Friends 7:3","","",""
"4915","2026-08-19","Fairbanks","The Palace Theater","music","Golden Heart Revue 8:1","","",""
"4916","2026-08-19","Fairbanks","Girdwood Brewing Company","music","Ride Bikes, Drink Beer 6:3","","",""
"4917","2026-08-19","Fairbanks","Alyeska Resort","festival","Blueberry Festival 1","","",""
"4918","2026-08-19","Fairbanks","4 Pioneer Bar","music","Open Mic Night 9p-","","",""
"4919","2026-08-19","Fairbanks","Raw Market","music","Halo w/ Posterchild, Lloyd Van Ham, & Monir","6p-?","",""
"4920","2026-08-19","Fairbanks","The Spur","music","Karaoke Night with Rocky!","8p-11p","",""
"4921","2026-08-19","Fairbanks","5 Pioneer Bar","music","Karaoke Night","9p-1a","",""
"4922","2026-08-19","Homer","Homer Council on the Arts","community","Community Jam Sessions 6:3","","",""
"4923","2026-08-19","Homer","Pier One Theater","music","Sense And Sensibility 7:3","","",""
"4924","2026-08-19","Homer","Pratt Museum","music","Guided tours of the Botanical Gardens, Homestead Garden, & Forest Trails. 1","","",""
"4925","2026-08-19","Homer","Justin Cole’s Down East Saloon","festival","Backyard Summer Concert Series & Music Festival 8:3","","",""
"4926","2026-08-19","Homer","Kharacters Alaskan Bar","music","Red Marker Resistance 1","","",""
"4927","2026-08-19","Homer","Kharacters Alaskan Bar","music","Lost Rockets 1","","",""
"4928","2026-08-19","Homer","Porcupine Theater","music","All Ages Show w/ The Pudgies, DSB, Ophelia 7:3","","",""
"4929","2026-08-19","Homer","Justin Cole’s Down East Saloon","music","Taco Tuesday's with Jim Maloney 6:3","","",""
"4930","2026-08-19","Homer","Pratt Museum","community","Storytime at the Pratt: Berry Season 10:3","","",""
"4931","2026-08-19","Homer","Justin Cole’s Down East Saloon","festival","Backyard Summer Concert Series & Music Festival","1p-1:30a","",""
"4932","2026-08-19","Homer","Pier One Theater","music","Sense And Sensibility","3p-5p","",""
"4933","2026-08-19","Homer","Kharacters Alaskan Bar","music","Chris Needham","5p-7p","",""
"4934","2026-08-19","Homer","AJ’s Old Town Steakhouse & Tavern","music","Piano Music by Erica","6p-8p","",""
"4935","2026-08-19","Homer","AJ’s Old Town Steakhouse & Tavern","music","Piano Music by Sunrise Kilcher","6p-8p","",""
"4936","2026-08-19","Homer","Alice’s Champagne Palace","music","Snacks At Midnight w/ The Pit ViperZ","9p-?","",""
"4937","2026-08-19","Homer","Alibi Bar & Café","music","Karaoke Night","9p-12:30a","",""
"4938","2026-08-19","Hope","Creekbend Co.","community","Sunday Brunch with Steve Norwoord 1","","",""
"4939","2026-08-19","Hope","Dirty Skillet","music","Spindrift","6p-10p","",""
"4940","2026-08-19","Hope","Creekbend Co.","music","Noah Rinker","7p-11p","",""
"4941","2026-08-19","Juneau","The Crystal Saloon","music","Karaoke w/ Al Boogie 8p-? 8/1","","",""
"4942","2026-08-19","Juneau","The Crystal Saloon","music","Treadwell Trax 1","","",""
"4943","2026-08-19","Juneau","Alaskan Hotel and Bar","music","RawBeats w/ Astronomar & Friends 9p-? 8/1","","",""
"4944","2026-08-19","Juneau","The Crystal Saloon","music","Jazz Jam Tuesday 8p-","","",""
"4945","2026-08-19","Juneau","Alaskan Hotel and Bar","music","Karaoke 8p-","","",""
"4946","2026-08-19","Juneau","The Crystal Saloon","music","Vinyl Afternoon's w/ Dj Roman Martinez 5p-","","",""
"4947","2026-08-19","Juneau","Best Window Blinds","music","Behind the Blinds: A Speakeasy Anniversary Party","2p-6p","",""
"4948","2026-08-19","Juneau","The Crystal Saloon","music","Cousin Curtiss & Harrison B","8p-?","",""
"4949","2026-08-19","Juneau","The Crystal Saloon","music","Open Mic Night","8p-11:30p","",""
"4950","2026-08-19","Kenai","Duck Inn Café","community","Yacht Rock Sing –Along Brunch 1","","",""
"4951","2026-08-19","Kenai","Vagabond Inn","music","Troubadour North","8p-?","",""
"4952","2026-08-19","Kenai","Skeet’s Dive Bar","music","Snacks At Midnight w/ The Pit ViperZ","9p-?","",""
"4953","2026-08-19","Ketchikan","5.3 FM KRBD","music","Ketchikan Arts & Humanities Council: Arts Report 8:2","","",""
"4954","2026-08-19","Ketchikan","Ketchikan Dock","music","Music on the Dock: DJ DJ Archieologic 1","","",""
"4955","2026-08-19","Ketchikan","Arctic Bar","music","Virgin Voyages: Brilliant Lady Land Party 1","","",""
"4956","2026-08-19","Ketchikan","Ketchikan Public Library","music","Mud on the Moon Book Launch 6:3","","",""
"4957","2026-08-19","Ketchikan","Inn at Creek Street","music","The Ukulele Group 3:4","","",""
"4958","2026-08-19","Ketchikan","Tongass Historical Museum","music","Summer Saturdays at the Museum","1p-3p","",""
"4959","2026-08-19","Ketchikan","Bush Pilots’ Lounge","music","Live Music with Sarah Short","6p-8p","",""
"4960","2026-08-19","Ketchikan","Hole in the Wall","music","Open Mic Night","6p-8p","",""
"4961","2026-08-19","Ketchikan","The Creek Street Cabaret","music","Open Mic Night w/ Joe Williams","6p-9p","",""
"4962","2026-08-19","Ketchikan","The Creek Street Cabaret","dance","Square Dance w/ Music by the Free Radicals","7p-9p","",""
"4963","2026-08-19","Ketchikan","The New York Café","music","Live Music in the Café","7p-9p","",""
"4964","2026-08-19","Ketchikan","Totem Bar","music","Open Mic Night","8p-10p","",""
"4965","2026-08-19","Ketchikan","The Creek Street Cabaret","music","Badd Dog Blues Society","8p-10p","",""
"4966","2026-08-19","Kodiak","The Rendezvous","music","Roland Roberts Band","8p-11p","",""
"4967","2026-08-19","North Pole","North Pole Alehouse","music","Retirement Home Takeover Party w/ DJ 4","","",""
"4968","2026-08-19","North Pole","North Pole Alehouse","community","Tuesday Pub Run w/ Tundra Trotters 6:1","","",""
"4969","2026-08-19","North Pole","North Pole Alehouse","music","Karaoke Thursdays with Rocky Barnette","8p-12a","",""
"4970","2026-08-19","Palmer","Downtown Palmer","music","Friday Fling Live Music Solo Steve 1","","",""
"4971","2026-08-19","Palmer","Four Corner’s Lounge","music","West Coast Sing Wednesday 7:3","","",""
"4972","2026-08-19","Palmer","Hatcher Pass Lodge","music","Collin Donley","4p-7p","",""
"4973","2026-08-19","Palmer","Fishhook Bar & Grill","music","Open Mic Night w/ Drew Sablon","6p-9p","",""
"4974","2026-08-19","Palmer","Palmer Alehouse","music","Black Barrel and the Bad Men","7p-10p","",""
"4975","2026-08-19","Palmer","Palmer Alehouse","music","Johnny Prizm","7p-10p","",""
"4976","2026-08-19","Palmer","Palmer Train Depot","music","Rhythm & Royalty Tour","7p-11:30p","",""
"4977","2026-08-19","Palmer","Four Corner’s Lounge","music","Karaoke","8p-?","",""
"4978","2026-08-19","Palmer","Four Corner’s Lounge","music","Industry Night with DJ Red","8p-?","",""
"4979","2026-08-19","Palmer","Government Peak Recreation Area","music","Veins of Gold Mountain Race","9a-?","",""
"4980","2026-08-19","Seldovia","Linwood Bar & Grill","music","Live Music w/ Jim Maloney","","",""
"4981","2026-08-19","Seward","Flamingo Lounge","music","Live Music w/ The Jephries ft. Luv Guvna 6:3","","",""
"4982","2026-08-19","Seward","Seward Senior Center","music","Seward Strings","1p-4p","",""
"4983","2026-08-19","Seward","Yukon Bar","music","Open Mic Night with Braden","8p-2a","",""
"4984","2026-08-19","Seward","Yukon Bar","music","Karaoke","9p-1a","",""
"4985","2026-08-19","Seward","Yukon Bar","music","Karaoke with Megan Killoran","9p-1a","",""
"4986","2026-08-19","Seward","Yukon Bar","music","Karaoke with Raunchy Rachel","9p-1a","",""
"4987","2026-08-19","Seward","Yukon Bar","dance","Dance Night w/ DJ Waitwat","9p-2a","",""
"4988","2026-08-19","Seward","Yukon Bar","music","King Monkey w/ Bananahands Live","9p-2a","",""
"4989","2026-08-19","Seward","Yukon Bar","music","SIXSTAR w/ The Wet Spots, BoyMom, & Filthy Mike","9p-2a","",""
"4990","2026-08-19","Sitka","Sitka Fine Arts Camp","festival","Sitka Blues Fest","3p-9p","",""
"4991","2026-08-19","Sitka","Crescent Harbor","music","Sitka Conservation Society Wilderness Cruise","5p-8p","",""
"4992","2026-08-19","Skagway","Skagway Brewing","music","Skagway Idol 7:3","","",""
"4993","2026-08-19","Skagway","Skagway Library","community","Read with a Ranger Story Time 10:3","","",""
"4994","2026-08-19","Skagway","Skagway Library","music","Music Time","3p-5p","",""
"4995","2026-08-19","Soldotna","Soldotna Library","community","Preschool Storytime 10:3","","",""
"4996","2026-08-19","Soldotna","The Orca Theater","comedy","The Killer Comedy Show Ft. Sabrina Speers 8:3","","",""
"4997","2026-08-19","Soldotna","Soldotna Library","community","Toddler Story Time 10:3","","",""
"4998","2026-08-19","Soldotna","Soldotna Library","community","Bouncing Babes Story Time 10:3","","",""
"4999","2026-08-19","Soldotna","The Goods","music","Friends of Mike Morgan Song Circle","5p-7p","",""
"5000","2026-08-19","Soldotna","The Goods","music","Karaoke w/ Edencraft","5p-8p","",""
"5001","2026-08-19","Soldotna","Soldotna Creek Park","music","Levitt Amp Music Series: Kenny Smith & The Old Wolves w/ The Copper River Band","6p-9p","",""
"5002","2026-08-19","Sterling","Lakeside Falls","festival","Taste of Aloha! A Traditional Hawaiian Luau 5:3","","",""
"5003","2026-08-19","Sterling","Naptowne Brewing Company","music","Tune Weavers","4p-8p","",""
"5004","2026-08-19","Sterling","Naptowne Brewing Company","music","Brandon Kellum","6p-9p","",""
"5005","2026-08-19","Talkeetna","Denali Brewing Company","music","Blackwater Railroad Co. 5:3","","",""
"5006","2026-08-19","Talkeetna","Boots Bison Ranch","music","Trapper Creek Bluegrass Revival","","",""
"5007","2026-08-19","Talkeetna","Mountain High Pizza Pie","music","Steve Durr","1p-2:3","",""
"5008","2026-08-19","Talkeetna","Sheldon Community Arts Hangar","community","Salmon Run Art Auction Fundraiser","3p-5p","",""
"5009","2026-08-19","Talkeetna","Talkeetna Village Park","music","Live At Five Summer Concerts: TKA Hawks","5p-7p","",""
"5010","2026-08-19","Talkeetna","Mountain High Pizza","music","Collin Donley Live","7p-10p","",""
"5011","2026-08-19","Talkeetna","Fairview Inn","music","Madeline & the Brothers Smith","9p-1a","",""
"5012","2026-08-19","Talkeetna","Fairview Inn","music","Karaoke","9p-1a","",""
"5013","2026-08-19","Valdez","Valdez Brewing","community","Saturday Market 1","","",""
"5014","2026-08-19","Wasilla","Tug Bar & Liquor- Goose Bay Inn","music","Live Music with Monster on the Mountain","","",""
"5015","2026-08-19","Wasilla","Tug Bar & Liquor- Goose Bay Inn","music","Live Music w/ Pam Santoro","","",""
"5016","2026-08-19","Wasilla","Ken’s Garden Center","community","Storytime at Ken’s 1","","",""
"5017","2026-08-19","Wasilla","Schwabenhof","music","Open Mic 7:3","","",""
"5018","2026-08-19","Wasilla","Black Birch Books","community","Sign Language Classes","5p-6p","",""
"5019","2026-08-19","Wasilla","Black Birch Books","music","Storytelling Night: Shared Scars","5p-7p","",""
"5020","2026-08-19","Wasilla","Settler’s Bay Lodge","music","Collin Donley Live","6p-?","",""
"5021","2026-08-19","Wasilla","Everett’s","music","Live Music With Drew Sablon","6p-9p","",""
"5022","2026-08-19","Wasilla","Last Frontier Brewing Company","music","Live Music w/ Sergio","6p-9p","",""
"5023","2026-08-19","Wasilla","Last Frontier Brewing Company","music","Rick Brooks Live","6p-9p","",""
"5024","2026-08-19","Wasilla","Everett’s","music","Live Music w/ Jerry Wessling","6p-9p","",""
"5025","2026-08-19","Wasilla","Schwabenhof","music","Karaoke Night","8p-11p","",""
"5026","2026-08-20","Cooper Landing","Gwin’s Lodge","music","Jesse James","6p-10p","",""
"5027","2026-08-21","Cooper Landing","Gwin’s Lodge","music","Colin Donkey","6p-10p","",""
"5028","2026-08-21","Seldovia","Linwood Bar & Grill","music","Live Music w/ Jim Maloney","","",""
"5029","2026-08-22","Kenai","Skeet’s Dive Bar","music","'26 Divorce Party","9p-?","",""
"5030","2026-08-22","Seldovia","Linwood Bar & Grill","music","Live Music w/ Jim Maloney","","",""
"5031","2026-08-24","Fairbanks","Pioneer Park","music","Gazebo Nights Concert Series: Alaska Wompus Cats","6p-7p","",""
"5032","2026-08-26","Cooper Landing","Gwin’s Lodge","music","Frank Larosi","6p-10p","",""